<?xml version="1.0" encoding="UTF-8"?>
<gpx creator="Garmin Connect" version="1.1"
  xsi:schemaLocation="http://www.topografix.com/GPX/1/1 http://www.topografix.com/GPX/11.xsd"
  xmlns:ns3="http://www.garmin.com/xmlschemas/TrackPointExtension/v1"
  xmlns="http://www.topografix.com/GPX/1/1"
  xmlns:xsi="http://www.w3.org/2001/XMLSchema-instance" xmlns:ns2="http://www.garmin.com/xmlschemas/GpxExtensions/v3">
  <metadata>
    <link href="connect.garmin.com">
      <text>Garmin Connect</text>
    </link>
    <time>2024-10-14T11:37:17.000Z</time>
  </metadata>
  <trk>
    <name>南京市 - 轻松跑</name>
    <type>running</type>
    <trkseg>
      <trkpt lat="31.98655175976455211639404296875" lon="118.7716703675687313079833984375">
        <ele>36.40000152587890625</ele>
        <time>2024-10-14T11:37:17.000Z</time>
        <extensions>
          <ns3:TrackPointExtension>
            <ns3:atemp>31.0</ns3:atemp>
            <ns3:hr>100</ns3:hr>
            <ns3:cad>0</ns3:cad>
          </ns3:TrackPointExtension>
        </extensions>
      </trkpt>
      <trkpt lat="31.98657891713082790374755859375" lon="118.7716710381209850311279296875">
        <ele>36.40000152587890625</ele>
        <time>2024-10-14T11:37:18.000Z</time>
        <extensions>
          <ns3:TrackPointExtension>
            <ns3:atemp>31.0</ns3:atemp>
            <ns3:hr>100</ns3:hr>
            <ns3:cad>0</ns3:cad>
          </ns3:TrackPointExtension>
        </extensions>
      </trkpt>
      <trkpt lat="31.98658176697790622711181640625" lon="118.7716693617403507232666015625">
        <ele>36.40000152587890625</ele>
        <time>2024-10-14T11:37:19.000Z</time>
        <extensions>
          <ns3:TrackPointExtension>
            <ns3:atemp>31.0</ns3:atemp>
            <ns3:hr>101</ns3:hr>
            <ns3:cad>0</ns3:cad>
          </ns3:TrackPointExtension>
        </extensions>
      </trkpt>
      <trkpt lat="31.98658369481563568115234375" lon="118.77166114747524261474609375">
        <ele>36.59999847412109375</ele>
        <time>2024-10-14T11:37:20.000Z</time>
        <extensions>
          <ns3:TrackPointExtension>
            <ns3:atemp>31.0</ns3:atemp>
            <ns3:hr>101</ns3:hr>
            <ns3:cad>0</ns3:cad>
          </ns3:TrackPointExtension>
        </extensions>
      </trkpt>
      <trkpt lat="31.9865808449685573577880859375" lon="118.7716542743146419525146484375">
        <ele>36.59999847412109375</ele>
        <time>2024-10-14T11:37:21.000Z</time>
        <extensions>
          <ns3:TrackPointExtension>
            <ns3:atemp>31.0</ns3:atemp>
            <ns3:hr>102</ns3:hr>
            <ns3:cad>0</ns3:cad>
          </ns3:TrackPointExtension>
        </extensions>
      </trkpt>
      <trkpt lat="31.98657623492181301116943359375" lon="118.77164865843951702117919921875">
        <ele>36.59999847412109375</ele>
        <time>2024-10-14T11:37:22.000Z</time>
        <extensions>
          <ns3:TrackPointExtension>
            <ns3:atemp>31.0</ns3:atemp>
            <ns3:hr>103</ns3:hr>
            <ns3:cad>62</ns3:cad>
          </ns3:TrackPointExtension>
        </extensions>
      </trkpt>
      <trkpt lat="31.98656952939927577972412109375" lon="118.77162653021514415740966796875">
        <ele>36.59999847412109375</ele>
        <time>2024-10-14T11:37:23.000Z</time>
        <extensions>
          <ns3:TrackPointExtension>
            <ns3:atemp>31.0</ns3:atemp>
            <ns3:hr>103</ns3:hr>
            <ns3:cad>62</ns3:cad>
          </ns3:TrackPointExtension>
        </extensions>
      </trkpt>
      <trkpt lat="31.9865617342293262481689453125" lon="118.77160641364753246307373046875">
        <ele>36.59999847412109375</ele>
        <time>2024-10-14T11:37:24.000Z</time>
        <extensions>
          <ns3:TrackPointExtension>
            <ns3:atemp>31.0</ns3:atemp>
            <ns3:hr>104</ns3:hr>
            <ns3:cad>62</ns3:cad>
          </ns3:TrackPointExtension>
        </extensions>
      </trkpt>
      <trkpt lat="31.98655243031680583953857421875" lon="118.771589063107967376708984375">
        <ele>36.59999847412109375</ele>
        <time>2024-10-14T11:37:25.000Z</time>
        <extensions>
          <ns3:TrackPointExtension>
            <ns3:atemp>31.0</ns3:atemp>
            <ns3:hr>104</ns3:hr>
            <ns3:cad>62</ns3:cad>
          </ns3:TrackPointExtension>
        </extensions>
      </trkpt>
      <trkpt lat="31.98654304258525371551513671875" lon="118.77157389186322689056396484375">
        <ele>36.59999847412109375</ele>
        <time>2024-10-14T11:37:26.000Z</time>
        <extensions>
          <ns3:TrackPointExtension>
            <ns3:atemp>31.0</ns3:atemp>
            <ns3:hr>105</ns3:hr>
            <ns3:cad>62</ns3:cad>
          </ns3:TrackPointExtension>
        </extensions>
      </trkpt>
      <trkpt lat="31.98652946390211582183837890625" lon="118.77155863679945468902587890625">
        <ele>36.59999847412109375</ele>
        <time>2024-10-14T11:37:27.000Z</time>
        <extensions>
          <ns3:TrackPointExtension>
            <ns3:atemp>31.0</ns3:atemp>
            <ns3:hr>105</ns3:hr>
            <ns3:cad>62</ns3:cad>
          </ns3:TrackPointExtension>
        </extensions>
      </trkpt>
      <trkpt lat="31.98651839978992938995361328125" lon="118.77154606394469738006591796875">
        <ele>36.40000152587890625</ele>
        <time>2024-10-14T11:37:28.000Z</time>
        <extensions>
          <ns3:TrackPointExtension>
            <ns3:atemp>31.0</ns3:atemp>
            <ns3:hr>105</ns3:hr>
            <ns3:cad>62</ns3:cad>
          </ns3:TrackPointExtension>
        </extensions>
      </trkpt>
      <trkpt lat="31.98650725185871124267578125" lon="118.7715325690805912017822265625">
        <ele>36.40000152587890625</ele>
        <time>2024-10-14T11:37:29.000Z</time>
        <extensions>
          <ns3:TrackPointExtension>
            <ns3:atemp>31.0</ns3:atemp>
            <ns3:hr>105</ns3:hr>
            <ns3:cad>64</ns3:cad>
          </ns3:TrackPointExtension>
        </extensions>
      </trkpt>
      <trkpt lat="31.98649409227073192596435546875" lon="118.77151890657842159271240234375">
        <ele>36.40000152587890625</ele>
        <time>2024-10-14T11:37:30.000Z</time>
        <extensions>
          <ns3:TrackPointExtension>
            <ns3:atemp>31.0</ns3:atemp>
            <ns3:hr>105</ns3:hr>
            <ns3:cad>64</ns3:cad>
          </ns3:TrackPointExtension>
        </extensions>
      </trkpt>
      <trkpt lat="31.98647975921630859375" lon="118.77150599844753742218017578125">
        <ele>36.40000152587890625</ele>
        <time>2024-10-14T11:37:31.000Z</time>
        <extensions>
          <ns3:TrackPointExtension>
            <ns3:atemp>31.0</ns3:atemp>
            <ns3:hr>105</ns3:hr>
            <ns3:cad>64</ns3:cad>
          </ns3:TrackPointExtension>
        </extensions>
      </trkpt>
      <trkpt lat="31.9864634983241558074951171875" lon="118.77149225212633609771728515625">
        <ele>36.40000152587890625</ele>
        <time>2024-10-14T11:37:32.000Z</time>
        <extensions>
          <ns3:TrackPointExtension>
            <ns3:atemp>31.0</ns3:atemp>
            <ns3:hr>105</ns3:hr>
            <ns3:cad>65</ns3:cad>
          </ns3:TrackPointExtension>
        </extensions>
      </trkpt>
      <trkpt lat="31.98645235039293766021728515625" lon="118.77146911807358264923095703125">
        <ele>36.40000152587890625</ele>
        <time>2024-10-14T11:37:33.000Z</time>
        <extensions>
          <ns3:TrackPointExtension>
            <ns3:atemp>31.0</ns3:atemp>
            <ns3:hr>105</ns3:hr>
            <ns3:cad>65</ns3:cad>
          </ns3:TrackPointExtension>
        </extensions>
      </trkpt>
      <trkpt lat="31.98644463904201984405517578125" lon="118.7714510969817638397216796875">
        <ele>36.40000152587890625</ele>
        <time>2024-10-14T11:37:34.000Z</time>
        <extensions>
          <ns3:TrackPointExtension>
            <ns3:atemp>31.0</ns3:atemp>
            <ns3:hr>105</ns3:hr>
            <ns3:cad>66</ns3:cad>
          </ns3:TrackPointExtension>
        </extensions>
      </trkpt>
      <trkpt lat="31.9864346645772457122802734375" lon="118.771428801119327545166015625">
        <ele>36.40000152587890625</ele>
        <time>2024-10-14T11:37:35.000Z</time>
        <extensions>
          <ns3:TrackPointExtension>
            <ns3:atemp>31.0</ns3:atemp>
            <ns3:hr>105</ns3:hr>
            <ns3:cad>66</ns3:cad>
          </ns3:TrackPointExtension>
        </extensions>
      </trkpt>
      <trkpt lat="31.9864309765398502349853515625" lon="118.77141463570296764373779296875">
        <ele>36.40000152587890625</ele>
        <time>2024-10-14T11:37:36.000Z</time>
        <extensions>
          <ns3:TrackPointExtension>
            <ns3:atemp>31.0</ns3:atemp>
            <ns3:hr>106</ns3:hr>
            <ns3:cad>66</ns3:cad>
          </ns3:TrackPointExtension>
        </extensions>
      </trkpt>
      <trkpt lat="31.9864220917224884033203125" lon="118.77139569260179996490478515625">
        <ele>36.200000762939453125</ele>
        <time>2024-10-14T11:37:37.000Z</time>
        <extensions>
          <ns3:TrackPointExtension>
            <ns3:atemp>31.0</ns3:atemp>
            <ns3:hr>106</ns3:hr>
            <ns3:cad>66</ns3:cad>
          </ns3:TrackPointExtension>
        </extensions>
      </trkpt>
      <trkpt lat="31.9864179007709026336669921875" lon="118.7713847123086452484130859375">
        <ele>36.200000762939453125</ele>
        <time>2024-10-14T11:37:38.000Z</time>
        <extensions>
          <ns3:TrackPointExtension>
            <ns3:atemp>31.0</ns3:atemp>
            <ns3:hr>107</ns3:hr>
            <ns3:cad>66</ns3:cad>
          </ns3:TrackPointExtension>
        </extensions>
      </trkpt>
      <trkpt lat="31.98640775866806507110595703125" lon="118.77137121744453907012939453125">
        <ele>36.200000762939453125</ele>
        <time>2024-10-14T11:37:39.000Z</time>
        <extensions>
          <ns3:TrackPointExtension>
            <ns3:atemp>31.0</ns3:atemp>
            <ns3:hr>107</ns3:hr>
            <ns3:cad>66</ns3:cad>
          </ns3:TrackPointExtension>
        </extensions>
      </trkpt>
      <trkpt lat="31.9863981194794178009033203125" lon="118.771353028714656829833984375">
        <ele>36.200000762939453125</ele>
        <time>2024-10-14T11:37:40.000Z</time>
        <extensions>
          <ns3:TrackPointExtension>
            <ns3:atemp>31.0</ns3:atemp>
            <ns3:hr>107</ns3:hr>
            <ns3:cad>66</ns3:cad>
          </ns3:TrackPointExtension>
        </extensions>
      </trkpt>
      <trkpt lat="31.9863883964717388153076171875" lon="118.7713371030986309051513671875">
        <ele>36.200000762939453125</ele>
        <time>2024-10-14T11:37:41.000Z</time>
        <extensions>
          <ns3:TrackPointExtension>
            <ns3:atemp>31.0</ns3:atemp>
            <ns3:hr>108</ns3:hr>
            <ns3:cad>66</ns3:cad>
          </ns3:TrackPointExtension>
        </extensions>
      </trkpt>
      <trkpt lat="31.98638160713016986846923828125" lon="118.77132310532033443450927734375">
        <ele>36.200000762939453125</ele>
        <time>2024-10-14T11:37:42.000Z</time>
        <extensions>
          <ns3:TrackPointExtension>
            <ns3:atemp>31.0</ns3:atemp>
            <ns3:hr>109</ns3:hr>
            <ns3:cad>66</ns3:cad>
          </ns3:TrackPointExtension>
        </extensions>
      </trkpt>
      <trkpt lat="31.986379511654376983642578125" lon="118.77129896543920040130615234375">
        <ele>36.200000762939453125</ele>
        <time>2024-10-14T11:37:43.000Z</time>
        <extensions>
          <ns3:TrackPointExtension>
            <ns3:atemp>31.0</ns3:atemp>
            <ns3:hr>109</ns3:hr>
            <ns3:cad>66</ns3:cad>
          </ns3:TrackPointExtension>
        </extensions>
      </trkpt>
      <trkpt lat="31.9863733090460300445556640625" lon="118.7712791003286838531494140625">
        <ele>36.200000762939453125</ele>
        <time>2024-10-14T11:37:44.000Z</time>
        <extensions>
          <ns3:TrackPointExtension>
            <ns3:atemp>31.0</ns3:atemp>
            <ns3:hr>109</ns3:hr>
            <ns3:cad>66</ns3:cad>
          </ns3:TrackPointExtension>
        </extensions>
      </trkpt>
      <trkpt lat="31.9863659329712390899658203125" lon="118.77126376144587993621826171875">
        <ele>36.200000762939453125</ele>
        <time>2024-10-14T11:37:45.000Z</time>
        <extensions>
          <ns3:TrackPointExtension>
            <ns3:atemp>30.0</ns3:atemp>
            <ns3:hr>109</ns3:hr>
            <ns3:cad>66</ns3:cad>
          </ns3:TrackPointExtension>
        </extensions>
      </trkpt>
      <trkpt lat="31.9863585568964481353759765625" lon="118.7712455727159976959228515625">
        <ele>36.200000762939453125</ele>
        <time>2024-10-14T11:37:46.000Z</time>
        <extensions>
          <ns3:TrackPointExtension>
            <ns3:atemp>31.0</ns3:atemp>
            <ns3:hr>109</ns3:hr>
            <ns3:cad>66</ns3:cad>
          </ns3:TrackPointExtension>
        </extensions>
      </trkpt>
      <trkpt lat="31.98635310865938663482666015625" lon="118.77122922800481319427490234375">
        <ele>36.200000762939453125</ele>
        <time>2024-10-14T11:37:47.000Z</time>
        <extensions>
          <ns3:TrackPointExtension>
            <ns3:atemp>31.0</ns3:atemp>
            <ns3:hr>109</ns3:hr>
            <ns3:cad>66</ns3:cad>
          </ns3:TrackPointExtension>
        </extensions>
      </trkpt>
      <trkpt lat="31.98634791187942028045654296875" lon="118.77121548168361186981201171875">
        <ele>36.200000762939453125</ele>
        <time>2024-10-14T11:37:48.000Z</time>
        <extensions>
          <ns3:TrackPointExtension>
            <ns3:atemp>31.0</ns3:atemp>
            <ns3:hr>109</ns3:hr>
            <ns3:cad>66</ns3:cad>
          </ns3:TrackPointExtension>
        </extensions>
      </trkpt>
      <trkpt lat="31.986344642937183380126953125" lon="118.771200142800807952880859375">
        <ele>36.200000762939453125</ele>
        <time>2024-10-14T11:37:49.000Z</time>
        <extensions>
          <ns3:TrackPointExtension>
            <ns3:atemp>30.0</ns3:atemp>
            <ns3:hr>108</ns3:hr>
            <ns3:cad>66</ns3:cad>
          </ns3:TrackPointExtension>
        </extensions>
      </trkpt>
      <trkpt lat="31.98634053580462932586669921875" lon="118.77118480391800403594970703125">
        <ele>36.200000762939453125</ele>
        <time>2024-10-14T11:37:50.000Z</time>
        <extensions>
          <ns3:TrackPointExtension>
            <ns3:atemp>30.0</ns3:atemp>
            <ns3:hr>108</ns3:hr>
            <ns3:cad>66</ns3:cad>
          </ns3:TrackPointExtension>
        </extensions>
      </trkpt>
      <trkpt lat="31.98633936233818531036376953125" lon="118.77116267569363117218017578125">
        <ele>36.200000762939453125</ele>
        <time>2024-10-14T11:37:51.000Z</time>
        <extensions>
          <ns3:TrackPointExtension>
            <ns3:atemp>31.0</ns3:atemp>
            <ns3:hr>108</ns3:hr>
            <ns3:cad>66</ns3:cad>
          </ns3:TrackPointExtension>
        </extensions>
      </trkpt>
      <trkpt lat="31.986335925757884979248046875" lon="118.77114138565957546234130859375">
        <ele>36.200000762939453125</ele>
        <time>2024-10-14T11:37:52.000Z</time>
        <extensions>
          <ns3:TrackPointExtension>
            <ns3:atemp>30.0</ns3:atemp>
            <ns3:hr>108</ns3:hr>
            <ns3:cad>66</ns3:cad>
          </ns3:TrackPointExtension>
        </extensions>
      </trkpt>
      <trkpt lat="31.9863293878734111785888671875" lon="118.77111657522618770599365234375">
        <ele>36.200000762939453125</ele>
        <time>2024-10-14T11:37:53.000Z</time>
        <extensions>
          <ns3:TrackPointExtension>
            <ns3:atemp>31.0</ns3:atemp>
            <ns3:hr>108</ns3:hr>
            <ns3:cad>66</ns3:cad>
          </ns3:TrackPointExtension>
        </extensions>
      </trkpt>
      <trkpt lat="31.98632419109344482421875" lon="118.7710926868021488189697265625">
        <ele>36.200000762939453125</ele>
        <time>2024-10-14T11:37:54.000Z</time>
        <extensions>
          <ns3:TrackPointExtension>
            <ns3:atemp>31.0</ns3:atemp>
            <ns3:hr>108</ns3:hr>
            <ns3:cad>66</ns3:cad>
          </ns3:TrackPointExtension>
        </extensions>
      </trkpt>
      <trkpt lat="31.98631840758025646209716796875" lon="118.7710718996822834014892578125">
        <ele>36</ele>
        <time>2024-10-14T11:37:55.000Z</time>
        <extensions>
          <ns3:TrackPointExtension>
            <ns3:atemp>30.0</ns3:atemp>
            <ns3:hr>108</ns3:hr>
            <ns3:cad>66</ns3:cad>
          </ns3:TrackPointExtension>
        </extensions>
      </trkpt>
      <trkpt lat="31.98631388135254383087158203125" lon="118.77105337567627429962158203125">
        <ele>36</ele>
        <time>2024-10-14T11:37:56.000Z</time>
        <extensions>
          <ns3:TrackPointExtension>
            <ns3:atemp>31.0</ns3:atemp>
            <ns3:hr>108</ns3:hr>
            <ns3:cad>66</ns3:cad>
          </ns3:TrackPointExtension>
        </extensions>
      </trkpt>
      <trkpt lat="31.98630969040095806121826171875" lon="118.7710387073457241058349609375">
        <ele>36</ele>
        <time>2024-10-14T11:37:57.000Z</time>
        <extensions>
          <ns3:TrackPointExtension>
            <ns3:atemp>30.0</ns3:atemp>
            <ns3:hr>108</ns3:hr>
            <ns3:cad>66</ns3:cad>
          </ns3:TrackPointExtension>
        </extensions>
      </trkpt>
      <trkpt lat="31.98630918748676776885986328125" lon="118.77102118916809558868408203125">
        <ele>36</ele>
        <time>2024-10-14T11:37:58.000Z</time>
        <extensions>
          <ns3:TrackPointExtension>
            <ns3:atemp>30.0</ns3:atemp>
            <ns3:hr>108</ns3:hr>
            <ns3:cad>66</ns3:cad>
          </ns3:TrackPointExtension>
        </extensions>
      </trkpt>
      <trkpt lat="31.9863109476864337921142578125" lon="118.77100207842886447906494140625">
        <ele>36</ele>
        <time>2024-10-14T11:37:59.000Z</time>
        <extensions>
          <ns3:TrackPointExtension>
            <ns3:atemp>31.0</ns3:atemp>
            <ns3:hr>109</ns3:hr>
            <ns3:cad>66</ns3:cad>
          </ns3:TrackPointExtension>
        </extensions>
      </trkpt>
      <trkpt lat="31.9863186590373516082763671875" lon="118.77096989192068576812744140625">
        <ele>36</ele>
        <time>2024-10-14T11:38:00.000Z</time>
        <extensions>
          <ns3:TrackPointExtension>
            <ns3:atemp>31.0</ns3:atemp>
            <ns3:hr>109</ns3:hr>
            <ns3:cad>66</ns3:cad>
          </ns3:TrackPointExtension>
        </extensions>
      </trkpt>
      <trkpt lat="31.98632712475955486297607421875" lon="118.77094357274472713470458984375">
        <ele>36</ele>
        <time>2024-10-14T11:38:01.000Z</time>
        <extensions>
          <ns3:TrackPointExtension>
            <ns3:atemp>30.0</ns3:atemp>
            <ns3:hr>108</ns3:hr>
            <ns3:cad>66</ns3:cad>
          </ns3:TrackPointExtension>
        </extensions>
      </trkpt>
      <trkpt lat="31.9863441400229930877685546875" lon="118.77091272734105587005615234375">
        <ele>36</ele>
        <time>2024-10-14T11:38:02.000Z</time>
        <extensions>
          <ns3:TrackPointExtension>
            <ns3:atemp>30.0</ns3:atemp>
            <ns3:hr>108</ns3:hr>
            <ns3:cad>66</ns3:cad>
          </ns3:TrackPointExtension>
        </extensions>
      </trkpt>
      <trkpt lat="31.98636216111481189727783203125" lon="118.77088791690766811370849609375">
        <ele>36</ele>
        <time>2024-10-14T11:38:03.000Z</time>
        <extensions>
          <ns3:TrackPointExtension>
            <ns3:atemp>30.0</ns3:atemp>
            <ns3:hr>107</ns3:hr>
            <ns3:cad>66</ns3:cad>
          </ns3:TrackPointExtension>
        </extensions>
      </trkpt>
      <trkpt lat="31.98637758381664752960205078125" lon="118.77086855471134185791015625">
        <ele>36</ele>
        <time>2024-10-14T11:38:04.000Z</time>
        <extensions>
          <ns3:TrackPointExtension>
            <ns3:atemp>31.0</ns3:atemp>
            <ns3:hr>106</ns3:hr>
            <ns3:cad>66</ns3:cad>
          </ns3:TrackPointExtension>
        </extensions>
      </trkpt>
      <trkpt lat="31.98639317415654659271240234375" lon="118.77085505984723567962646484375">
        <ele>36.200000762939453125</ele>
        <time>2024-10-14T11:38:05.000Z</time>
        <extensions>
          <ns3:TrackPointExtension>
            <ns3:atemp>30.0</ns3:atemp>
            <ns3:hr>106</ns3:hr>
            <ns3:cad>66</ns3:cad>
          </ns3:TrackPointExtension>
        </extensions>
      </trkpt>
      <trkpt lat="31.9864081777632236480712890625" lon="118.7708429060876369476318359375">
        <ele>36.200000762939453125</ele>
        <time>2024-10-14T11:38:06.000Z</time>
        <extensions>
          <ns3:TrackPointExtension>
            <ns3:atemp>30.0</ns3:atemp>
            <ns3:hr>105</ns3:hr>
            <ns3:cad>66</ns3:cad>
          </ns3:TrackPointExtension>
        </extensions>
      </trkpt>
      <trkpt lat="31.9864247739315032958984375" lon="118.77082832157611846923828125">
        <ele>36.200000762939453125</ele>
        <time>2024-10-14T11:38:07.000Z</time>
        <extensions>
          <ns3:TrackPointExtension>
            <ns3:atemp>30.0</ns3:atemp>
            <ns3:hr>105</ns3:hr>
            <ns3:cad>66</ns3:cad>
          </ns3:TrackPointExtension>
        </extensions>
      </trkpt>
      <trkpt lat="31.986439190804958343505859375" lon="118.77081717364490032196044921875">
        <ele>36.40000152587890625</ele>
        <time>2024-10-14T11:38:08.000Z</time>
        <extensions>
          <ns3:TrackPointExtension>
            <ns3:atemp>30.0</ns3:atemp>
            <ns3:hr>105</ns3:hr>
            <ns3:cad>66</ns3:cad>
          </ns3:TrackPointExtension>
        </extensions>
      </trkpt>
      <trkpt lat="31.986453272402286529541015625" lon="118.77080694772303104400634765625">
        <ele>36.40000152587890625</ele>
        <time>2024-10-14T11:38:09.000Z</time>
        <extensions>
          <ns3:TrackPointExtension>
            <ns3:atemp>30.0</ns3:atemp>
            <ns3:hr>105</ns3:hr>
            <ns3:cad>66</ns3:cad>
          </ns3:TrackPointExtension>
        </extensions>
      </trkpt>
      <trkpt lat="31.986470036208629608154296875" lon="118.77079806290566921234130859375">
        <ele>36.40000152587890625</ele>
        <time>2024-10-14T11:38:10.000Z</time>
        <extensions>
          <ns3:TrackPointExtension>
            <ns3:atemp>30.0</ns3:atemp>
            <ns3:hr>105</ns3:hr>
            <ns3:cad>66</ns3:cad>
          </ns3:TrackPointExtension>
        </extensions>
      </trkpt>
      <trkpt lat="31.98648403398692607879638671875" lon="118.7707919441163539886474609375">
        <ele>36.59999847412109375</ele>
        <time>2024-10-14T11:38:11.000Z</time>
        <extensions>
          <ns3:TrackPointExtension>
            <ns3:atemp>30.0</ns3:atemp>
            <ns3:hr>105</ns3:hr>
            <ns3:cad>66</ns3:cad>
          </ns3:TrackPointExtension>
        </extensions>
      </trkpt>
      <trkpt lat="31.986494846642017364501953125" lon="118.7707895971834659576416015625">
        <ele>36.799999237060546875</ele>
        <time>2024-10-14T11:38:12.000Z</time>
        <extensions>
          <ns3:TrackPointExtension>
            <ns3:atemp>30.0</ns3:atemp>
            <ns3:hr>105</ns3:hr>
            <ns3:cad>65</ns3:cad>
          </ns3:TrackPointExtension>
        </extensions>
      </trkpt>
      <trkpt lat="31.9865080900490283966064453125" lon="118.77078917808830738067626953125">
        <ele>36.799999237060546875</ele>
        <time>2024-10-14T11:38:13.000Z</time>
        <extensions>
          <ns3:TrackPointExtension>
            <ns3:atemp>30.0</ns3:atemp>
            <ns3:hr>106</ns3:hr>
            <ns3:cad>65</ns3:cad>
          </ns3:TrackPointExtension>
        </extensions>
      </trkpt>
      <trkpt lat="31.98651940561830997467041015625" lon="118.77078984864056110382080078125">
        <ele>36.799999237060546875</ele>
        <time>2024-10-14T11:38:14.000Z</time>
        <extensions>
          <ns3:TrackPointExtension>
            <ns3:atemp>30.0</ns3:atemp>
            <ns3:hr>106</ns3:hr>
            <ns3:cad>65</ns3:cad>
          </ns3:TrackPointExtension>
        </extensions>
      </trkpt>
      <trkpt lat="31.9865396060049533843994140625" lon="118.77078230492770671844482421875">
        <ele>36.799999237060546875</ele>
        <time>2024-10-14T11:38:15.000Z</time>
        <extensions>
          <ns3:TrackPointExtension>
            <ns3:atemp>30.0</ns3:atemp>
            <ns3:hr>107</ns3:hr>
            <ns3:cad>65</ns3:cad>
          </ns3:TrackPointExtension>
        </extensions>
      </trkpt>
      <trkpt lat="31.98656097985804080963134765625" lon="118.77077593468129634857177734375">
        <ele>37</ele>
        <time>2024-10-14T11:38:16.000Z</time>
        <extensions>
          <ns3:TrackPointExtension>
            <ns3:atemp>30.0</ns3:atemp>
            <ns3:hr>107</ns3:hr>
            <ns3:cad>65</ns3:cad>
          </ns3:TrackPointExtension>
        </extensions>
      </trkpt>
      <trkpt lat="31.986578665673732757568359375" lon="118.77077140845358371734619140625">
        <ele>37</ele>
        <time>2024-10-14T11:38:17.000Z</time>
        <extensions>
          <ns3:TrackPointExtension>
            <ns3:atemp>30.0</ns3:atemp>
            <ns3:hr>106</ns3:hr>
            <ns3:cad>65</ns3:cad>
          </ns3:TrackPointExtension>
        </extensions>
      </trkpt>
      <trkpt lat="31.98659065179526805877685546875" lon="118.770766295492649078369140625">
        <ele>37.200000762939453125</ele>
        <time>2024-10-14T11:38:18.000Z</time>
        <extensions>
          <ns3:TrackPointExtension>
            <ns3:atemp>30.0</ns3:atemp>
            <ns3:hr>106</ns3:hr>
            <ns3:cad>65</ns3:cad>
          </ns3:TrackPointExtension>
        </extensions>
      </trkpt>
      <trkpt lat="31.98660573922097682952880859375" lon="118.7707646191120147705078125">
        <ele>37.40000152587890625</ele>
        <time>2024-10-14T11:38:19.000Z</time>
        <extensions>
          <ns3:TrackPointExtension>
            <ns3:atemp>30.0</ns3:atemp>
            <ns3:hr>106</ns3:hr>
            <ns3:cad>65</ns3:cad>
          </ns3:TrackPointExtension>
        </extensions>
      </trkpt>
      <trkpt lat="31.986621581017971038818359375" lon="118.77076369710266590118408203125">
        <ele>37.40000152587890625</ele>
        <time>2024-10-14T11:38:20.000Z</time>
        <extensions>
          <ns3:TrackPointExtension>
            <ns3:atemp>30.0</ns3:atemp>
            <ns3:hr>107</ns3:hr>
            <ns3:cad>64</ns3:cad>
          </ns3:TrackPointExtension>
        </extensions>
      </trkpt>
      <trkpt lat="31.98663775809109210968017578125" lon="118.7707597576081752777099609375">
        <ele>37.59999847412109375</ele>
        <time>2024-10-14T11:38:21.000Z</time>
        <extensions>
          <ns3:TrackPointExtension>
            <ns3:atemp>30.0</ns3:atemp>
            <ns3:hr>107</ns3:hr>
            <ns3:cad>64</ns3:cad>
          </ns3:TrackPointExtension>
        </extensions>
      </trkpt>
      <trkpt lat="31.9866532646119594573974609375" lon="118.7707580812275409698486328125">
        <ele>37.59999847412109375</ele>
        <time>2024-10-14T11:38:22.000Z</time>
        <extensions>
          <ns3:TrackPointExtension>
            <ns3:atemp>30.0</ns3:atemp>
            <ns3:hr>107</ns3:hr>
            <ns3:cad>64</ns3:cad>
          </ns3:TrackPointExtension>
        </extensions>
      </trkpt>
      <trkpt lat="31.9866715371608734130859375" lon="118.7707567401230335235595703125">
        <ele>37.799999237060546875</ele>
        <time>2024-10-14T11:38:23.000Z</time>
        <extensions>
          <ns3:TrackPointExtension>
            <ns3:atemp>30.0</ns3:atemp>
            <ns3:hr>107</ns3:hr>
            <ns3:cad>65</ns3:cad>
          </ns3:TrackPointExtension>
        </extensions>
      </trkpt>
      <trkpt lat="31.98669173754751682281494140625" lon="118.77075782977044582366943359375">
        <ele>37.799999237060546875</ele>
        <time>2024-10-14T11:38:24.000Z</time>
        <extensions>
          <ns3:TrackPointExtension>
            <ns3:atemp>30.0</ns3:atemp>
            <ns3:hr>108</ns3:hr>
            <ns3:cad>65</ns3:cad>
          </ns3:TrackPointExtension>
        </extensions>
      </trkpt>
      <trkpt lat="31.98671151883900165557861328125" lon="118.77076403237879276275634765625">
        <ele>38</ele>
        <time>2024-10-14T11:38:25.000Z</time>
        <extensions>
          <ns3:TrackPointExtension>
            <ns3:atemp>30.0</ns3:atemp>
            <ns3:hr>108</ns3:hr>
            <ns3:cad>66</ns3:cad>
          </ns3:TrackPointExtension>
        </extensions>
      </trkpt>
      <trkpt lat="31.9867293722927570343017578125" lon="118.77077073790132999420166015625">
        <ele>38</ele>
        <time>2024-10-14T11:38:26.000Z</time>
        <extensions>
          <ns3:TrackPointExtension>
            <ns3:atemp>30.0</ns3:atemp>
            <ns3:hr>108</ns3:hr>
            <ns3:cad>66</ns3:cad>
          </ns3:TrackPointExtension>
        </extensions>
      </trkpt>
      <trkpt lat="31.98674730956554412841796875" lon="118.77077761106193065643310546875">
        <ele>38</ele>
        <time>2024-10-14T11:38:27.000Z</time>
        <extensions>
          <ns3:TrackPointExtension>
            <ns3:atemp>30.0</ns3:atemp>
            <ns3:hr>108</ns3:hr>
            <ns3:cad>66</ns3:cad>
          </ns3:TrackPointExtension>
        </extensions>
      </trkpt>
      <trkpt lat="31.9867639057338237762451171875" lon="118.7707855738699436187744140625">
        <ele>38</ele>
        <time>2024-10-14T11:38:28.000Z</time>
        <extensions>
          <ns3:TrackPointExtension>
            <ns3:atemp>30.0</ns3:atemp>
            <ns3:hr>108</ns3:hr>
            <ns3:cad>66</ns3:cad>
          </ns3:TrackPointExtension>
        </extensions>
      </trkpt>
      <trkpt lat="31.98678058572113513946533203125" lon="118.7707912735641002655029296875">
        <ele>38.200000762939453125</ele>
        <time>2024-10-14T11:38:29.000Z</time>
        <extensions>
          <ns3:TrackPointExtension>
            <ns3:atemp>30.0</ns3:atemp>
            <ns3:hr>106</ns3:hr>
            <ns3:cad>66</ns3:cad>
          </ns3:TrackPointExtension>
        </extensions>
      </trkpt>
      <trkpt lat="31.98679366149008274078369140625" lon="118.77078901045024394989013671875">
        <ele>38.200000762939453125</ele>
        <time>2024-10-14T11:38:30.000Z</time>
        <extensions>
          <ns3:TrackPointExtension>
            <ns3:atemp>30.0</ns3:atemp>
            <ns3:hr>107</ns3:hr>
            <ns3:cad>66</ns3:cad>
          </ns3:TrackPointExtension>
        </extensions>
      </trkpt>
      <trkpt lat="31.98679785244166851043701171875" lon="118.77078213728964328765869140625">
        <ele>38.40000152587890625</ele>
        <time>2024-10-14T11:38:31.000Z</time>
        <extensions>
          <ns3:TrackPointExtension>
            <ns3:atemp>30.0</ns3:atemp>
            <ns3:hr>107</ns3:hr>
            <ns3:cad>66</ns3:cad>
          </ns3:TrackPointExtension>
        </extensions>
      </trkpt>
      <trkpt lat="31.986801959574222564697265625" lon="118.770773671567440032958984375">
        <ele>38.59999847412109375</ele>
        <time>2024-10-14T11:38:32.000Z</time>
        <extensions>
          <ns3:TrackPointExtension>
            <ns3:atemp>30.0</ns3:atemp>
            <ns3:hr>106</ns3:hr>
            <ns3:cad>65</ns3:cad>
          </ns3:TrackPointExtension>
        </extensions>
      </trkpt>
      <trkpt lat="31.9868041388690471649169921875" lon="118.770761601626873016357421875">
        <ele>38.59999847412109375</ele>
        <time>2024-10-14T11:38:33.000Z</time>
        <extensions>
          <ns3:TrackPointExtension>
            <ns3:atemp>30.0</ns3:atemp>
            <ns3:hr>107</ns3:hr>
            <ns3:cad>65</ns3:cad>
          </ns3:TrackPointExtension>
        </extensions>
      </trkpt>
      <trkpt lat="31.98680992238223552703857421875" lon="118.7707496993243694305419921875">
        <ele>38.59999847412109375</ele>
        <time>2024-10-14T11:38:34.000Z</time>
        <extensions>
          <ns3:TrackPointExtension>
            <ns3:atemp>30.0</ns3:atemp>
            <ns3:hr>107</ns3:hr>
            <ns3:cad>65</ns3:cad>
          </ns3:TrackPointExtension>
        </extensions>
      </trkpt>
      <trkpt lat="31.98681545443832874298095703125" lon="118.77073050476610660552978515625">
        <ele>38.59999847412109375</ele>
        <time>2024-10-14T11:38:35.000Z</time>
        <extensions>
          <ns3:TrackPointExtension>
            <ns3:atemp>30.0</ns3:atemp>
            <ns3:hr>107</ns3:hr>
            <ns3:cad>65</ns3:cad>
          </ns3:TrackPointExtension>
        </extensions>
      </trkpt>
      <trkpt lat="31.98681914247572422027587890625" lon="118.77071038819849491119384765625">
        <ele>38.59999847412109375</ele>
        <time>2024-10-14T11:38:36.000Z</time>
        <extensions>
          <ns3:TrackPointExtension>
            <ns3:atemp>30.0</ns3:atemp>
            <ns3:hr>107</ns3:hr>
            <ns3:cad>65</ns3:cad>
          </ns3:TrackPointExtension>
        </extensions>
      </trkpt>
      <trkpt lat="31.98682433925569057464599609375" lon="118.7706893496215343475341796875">
        <ele>38.59999847412109375</ele>
        <time>2024-10-14T11:38:37.000Z</time>
        <extensions>
          <ns3:TrackPointExtension>
            <ns3:atemp>30.0</ns3:atemp>
            <ns3:hr>107</ns3:hr>
            <ns3:cad>65</ns3:cad>
          </ns3:TrackPointExtension>
        </extensions>
      </trkpt>
      <trkpt lat="31.98682668618857860565185546875" lon="118.7706742621958255767822265625">
        <ele>38.59999847412109375</ele>
        <time>2024-10-14T11:38:38.000Z</time>
        <extensions>
          <ns3:TrackPointExtension>
            <ns3:atemp>30.0</ns3:atemp>
            <ns3:hr>107</ns3:hr>
            <ns3:cad>65</ns3:cad>
          </ns3:TrackPointExtension>
        </extensions>
      </trkpt>
      <trkpt lat="31.9868336431682109832763671875" lon="118.77065992914140224456787109375">
        <ele>38.59999847412109375</ele>
        <time>2024-10-14T11:38:39.000Z</time>
        <extensions>
          <ns3:TrackPointExtension>
            <ns3:atemp>30.0</ns3:atemp>
            <ns3:hr>108</ns3:hr>
            <ns3:cad>65</ns3:cad>
          </ns3:TrackPointExtension>
        </extensions>
      </trkpt>
      <trkpt lat="31.9868390075862407684326171875" lon="118.770633526146411895751953125">
        <ele>38.59999847412109375</ele>
        <time>2024-10-14T11:38:40.000Z</time>
        <extensions>
          <ns3:TrackPointExtension>
            <ns3:atemp>30.0</ns3:atemp>
            <ns3:hr>108</ns3:hr>
            <ns3:cad>65</ns3:cad>
          </ns3:TrackPointExtension>
        </extensions>
      </trkpt>
      <trkpt lat="31.98684596456587314605712890625" lon="118.77061265520751476287841796875">
        <ele>38.59999847412109375</ele>
        <time>2024-10-14T11:38:41.000Z</time>
        <extensions>
          <ns3:TrackPointExtension>
            <ns3:atemp>30.0</ns3:atemp>
            <ns3:hr>108</ns3:hr>
            <ns3:cad>65</ns3:cad>
          </ns3:TrackPointExtension>
        </extensions>
      </trkpt>
      <trkpt lat="31.9868524186313152313232421875" lon="118.77059136517345905303955078125">
        <ele>38.59999847412109375</ele>
        <time>2024-10-14T11:38:42.000Z</time>
        <extensions>
          <ns3:TrackPointExtension>
            <ns3:atemp>30.0</ns3:atemp>
            <ns3:hr>108</ns3:hr>
            <ns3:cad>65</ns3:cad>
          </ns3:TrackPointExtension>
        </extensions>
      </trkpt>
      <trkpt lat="31.98685686103999614715576171875" lon="118.77056638710200786590576171875">
        <ele>38.59999847412109375</ele>
        <time>2024-10-14T11:38:43.000Z</time>
        <extensions>
          <ns3:TrackPointExtension>
            <ns3:atemp>30.0</ns3:atemp>
            <ns3:hr>108</ns3:hr>
            <ns3:cad>65</ns3:cad>
          </ns3:TrackPointExtension>
        </extensions>
      </trkpt>
      <trkpt lat="31.986857950687408447265625" lon="118.7705475278198719024658203125">
        <ele>38.59999847412109375</ele>
        <time>2024-10-14T11:38:44.000Z</time>
        <extensions>
          <ns3:TrackPointExtension>
            <ns3:atemp>30.0</ns3:atemp>
            <ns3:hr>108</ns3:hr>
            <ns3:cad>65</ns3:cad>
          </ns3:TrackPointExtension>
        </extensions>
      </trkpt>
      <trkpt lat="31.98685996234416961669921875" lon="118.77052950672805309295654296875">
        <ele>38.59999847412109375</ele>
        <time>2024-10-14T11:38:45.000Z</time>
        <extensions>
          <ns3:TrackPointExtension>
            <ns3:atemp>30.0</ns3:atemp>
            <ns3:hr>108</ns3:hr>
            <ns3:cad>64</ns3:cad>
          </ns3:TrackPointExtension>
        </extensions>
      </trkpt>
      <trkpt lat="31.98686121962964534759521484375" lon="118.77051022835075855255126953125">
        <ele>38.59999847412109375</ele>
        <time>2024-10-14T11:38:46.000Z</time>
        <extensions>
          <ns3:TrackPointExtension>
            <ns3:atemp>30.0</ns3:atemp>
            <ns3:hr>108</ns3:hr>
            <ns3:cad>64</ns3:cad>
          </ns3:TrackPointExtension>
        </extensions>
      </trkpt>
      <trkpt lat="31.9868611358106136322021484375" lon="118.77049245871603488922119140625">
        <ele>38.59999847412109375</ele>
        <time>2024-10-14T11:38:47.000Z</time>
        <extensions>
          <ns3:TrackPointExtension>
            <ns3:atemp>30.0</ns3:atemp>
            <ns3:hr>108</ns3:hr>
            <ns3:cad>63</ns3:cad>
          </ns3:TrackPointExtension>
        </extensions>
      </trkpt>
      <trkpt lat="31.98686239309608936309814453125" lon="118.77047385089099407196044921875">
        <ele>38.59999847412109375</ele>
        <time>2024-10-14T11:38:48.000Z</time>
        <extensions>
          <ns3:TrackPointExtension>
            <ns3:atemp>30.0</ns3:atemp>
            <ns3:hr>108</ns3:hr>
            <ns3:cad>63</ns3:cad>
          </ns3:TrackPointExtension>
        </extensions>
      </trkpt>
      <trkpt lat="31.98686264455318450927734375" lon="118.77045926637947559356689453125">
        <ele>38.59999847412109375</ele>
        <time>2024-10-14T11:38:49.000Z</time>
        <extensions>
          <ns3:TrackPointExtension>
            <ns3:atemp>30.0</ns3:atemp>
            <ns3:hr>110</ns3:hr>
            <ns3:cad>63</ns3:cad>
          </ns3:TrackPointExtension>
        </extensions>
      </trkpt>
      <trkpt lat="31.98686507530510425567626953125" lon="118.77044141292572021484375">
        <ele>38.59999847412109375</ele>
        <time>2024-10-14T11:38:50.000Z</time>
        <extensions>
          <ns3:TrackPointExtension>
            <ns3:atemp>30.0</ns3:atemp>
            <ns3:hr>112</ns3:hr>
            <ns3:cad>64</ns3:cad>
          </ns3:TrackPointExtension>
        </extensions>
      </trkpt>
      <trkpt lat="31.98686373420059680938720703125" lon="118.7704278342425823211669921875">
        <ele>38.59999847412109375</ele>
        <time>2024-10-14T11:38:51.000Z</time>
        <extensions>
          <ns3:TrackPointExtension>
            <ns3:atemp>30.0</ns3:atemp>
            <ns3:hr>113</ns3:hr>
            <ns3:cad>65</ns3:cad>
          </ns3:TrackPointExtension>
        </extensions>
      </trkpt>
      <trkpt lat="31.98686398565769195556640625" lon="118.7704100646078586578369140625">
        <ele>38.59999847412109375</ele>
        <time>2024-10-14T11:38:52.000Z</time>
        <extensions>
          <ns3:TrackPointExtension>
            <ns3:atemp>30.0</ns3:atemp>
            <ns3:hr>113</ns3:hr>
            <ns3:cad>65</ns3:cad>
          </ns3:TrackPointExtension>
        </extensions>
      </trkpt>
      <trkpt lat="31.9868628121912479400634765625" lon="118.7703902833163738250732421875">
        <ele>38.59999847412109375</ele>
        <time>2024-10-14T11:38:53.000Z</time>
        <extensions>
          <ns3:TrackPointExtension>
            <ns3:atemp>30.0</ns3:atemp>
            <ns3:hr>113</ns3:hr>
            <ns3:cad>65</ns3:cad>
          </ns3:TrackPointExtension>
        </extensions>
      </trkpt>
      <trkpt lat="31.98686373420059680938720703125" lon="118.770366646349430084228515625">
        <ele>38.59999847412109375</ele>
        <time>2024-10-14T11:38:54.000Z</time>
        <extensions>
          <ns3:TrackPointExtension>
            <ns3:atemp>30.0</ns3:atemp>
            <ns3:hr>113</ns3:hr>
            <ns3:cad>65</ns3:cad>
          </ns3:TrackPointExtension>
        </extensions>
      </trkpt>
      <trkpt lat="31.9868638180196285247802734375" lon="118.770345859229564666748046875">
        <ele>38.59999847412109375</ele>
        <time>2024-10-14T11:38:55.000Z</time>
        <extensions>
          <ns3:TrackPointExtension>
            <ns3:atemp>30.0</ns3:atemp>
            <ns3:hr>113</ns3:hr>
            <ns3:cad>65</ns3:cad>
          </ns3:TrackPointExtension>
        </extensions>
      </trkpt>
      <trkpt lat="31.98686356656253337860107421875" lon="118.77032540738582611083984375">
        <ele>38.799999237060546875</ele>
        <time>2024-10-14T11:38:56.000Z</time>
        <extensions>
          <ns3:TrackPointExtension>
            <ns3:atemp>30.0</ns3:atemp>
            <ns3:hr>113</ns3:hr>
            <ns3:cad>65</ns3:cad>
          </ns3:TrackPointExtension>
        </extensions>
      </trkpt>
      <trkpt lat="31.986863315105438232421875" lon="118.77030822448432445526123046875">
        <ele>38.799999237060546875</ele>
        <time>2024-10-14T11:38:57.000Z</time>
        <extensions>
          <ns3:TrackPointExtension>
            <ns3:atemp>30.0</ns3:atemp>
            <ns3:hr>113</ns3:hr>
            <ns3:cad>65</ns3:cad>
          </ns3:TrackPointExtension>
        </extensions>
      </trkpt>
      <trkpt lat="31.98686088435351848602294921875" lon="118.7702860124409198760986328125">
        <ele>38.799999237060546875</ele>
        <time>2024-10-14T11:38:58.000Z</time>
        <extensions>
          <ns3:TrackPointExtension>
            <ns3:atemp>30.0</ns3:atemp>
            <ns3:hr>114</ns3:hr>
            <ns3:cad>64</ns3:cad>
          </ns3:TrackPointExtension>
        </extensions>
      </trkpt>
      <trkpt lat="31.986858956515789031982421875" lon="118.770267069339752197265625">
        <ele>38.799999237060546875</ele>
        <time>2024-10-14T11:38:59.000Z</time>
        <extensions>
          <ns3:TrackPointExtension>
            <ns3:atemp>30.0</ns3:atemp>
            <ns3:hr>113</ns3:hr>
            <ns3:cad>64</ns3:cad>
          </ns3:TrackPointExtension>
        </extensions>
      </trkpt>
      <trkpt lat="31.9868611358106136322021484375" lon="118.7702504731714725494384765625">
        <ele>38.799999237060546875</ele>
        <time>2024-10-14T11:39:00.000Z</time>
        <extensions>
          <ns3:TrackPointExtension>
            <ns3:atemp>30.0</ns3:atemp>
            <ns3:hr>113</ns3:hr>
            <ns3:cad>64</ns3:cad>
          </ns3:TrackPointExtension>
        </extensions>
      </trkpt>
      <trkpt lat="31.98686507530510425567626953125" lon="118.770236559212207794189453125">
        <ele>38.799999237060546875</ele>
        <time>2024-10-14T11:39:01.000Z</time>
        <extensions>
          <ns3:TrackPointExtension>
            <ns3:atemp>30.0</ns3:atemp>
            <ns3:hr>113</ns3:hr>
            <ns3:cad>64</ns3:cad>
          </ns3:TrackPointExtension>
        </extensions>
      </trkpt>
      <trkpt lat="31.98687144555151462554931640625" lon="118.77022339962422847747802734375">
        <ele>39.200000762939453125</ele>
        <time>2024-10-14T11:39:02.000Z</time>
        <extensions>
          <ns3:TrackPointExtension>
            <ns3:atemp>30.0</ns3:atemp>
            <ns3:hr>113</ns3:hr>
            <ns3:cad>63</ns3:cad>
          </ns3:TrackPointExtension>
        </extensions>
      </trkpt>
      <trkpt lat="31.98688234202563762664794921875" lon="118.77021677792072296142578125">
        <ele>39.200000762939453125</ele>
        <time>2024-10-14T11:39:03.000Z</time>
        <extensions>
          <ns3:TrackPointExtension>
            <ns3:atemp>30.0</ns3:atemp>
            <ns3:hr>114</ns3:hr>
            <ns3:cad>63</ns3:cad>
          </ns3:TrackPointExtension>
        </extensions>
      </trkpt>
      <trkpt lat="31.98689483106136322021484375" lon="118.77021451480686664581298828125">
        <ele>39.200000762939453125</ele>
        <time>2024-10-14T11:39:04.000Z</time>
        <extensions>
          <ns3:TrackPointExtension>
            <ns3:atemp>30.0</ns3:atemp>
            <ns3:hr>114</ns3:hr>
            <ns3:cad>63</ns3:cad>
          </ns3:TrackPointExtension>
        </extensions>
      </trkpt>
      <trkpt lat="31.98690287768840789794921875" lon="118.77021417953073978424072265625">
        <ele>39.200000762939453125</ele>
        <time>2024-10-14T11:39:05.000Z</time>
        <extensions>
          <ns3:TrackPointExtension>
            <ns3:atemp>30.0</ns3:atemp>
            <ns3:hr>114</ns3:hr>
            <ns3:cad>63</ns3:cad>
          </ns3:TrackPointExtension>
        </extensions>
      </trkpt>
      <trkpt lat="31.98691084049642086029052734375" lon="118.77021820284426212310791015625">
        <ele>39.200000762939453125</ele>
        <time>2024-10-14T11:39:06.000Z</time>
        <extensions>
          <ns3:TrackPointExtension>
            <ns3:atemp>30.0</ns3:atemp>
            <ns3:hr>113</ns3:hr>
            <ns3:cad>63</ns3:cad>
          </ns3:TrackPointExtension>
        </extensions>
      </trkpt>
      <trkpt lat="31.986927352845668792724609375" lon="118.7702182866632938385009765625">
        <ele>39.200000762939453125</ele>
        <time>2024-10-14T11:39:07.000Z</time>
        <extensions>
          <ns3:TrackPointExtension>
            <ns3:atemp>30.0</ns3:atemp>
            <ns3:hr>113</ns3:hr>
            <ns3:cad>61</ns3:cad>
          </ns3:TrackPointExtension>
        </extensions>
      </trkpt>
      <trkpt lat="31.9869405962526798248291015625" lon="118.77021619118750095367431640625">
        <ele>39.40000152587890625</ele>
        <time>2024-10-14T11:39:08.000Z</time>
        <extensions>
          <ns3:TrackPointExtension>
            <ns3:atemp>30.0</ns3:atemp>
            <ns3:hr>113</ns3:hr>
            <ns3:cad>61</ns3:cad>
          </ns3:TrackPointExtension>
        </extensions>
      </trkpt>
      <trkpt lat="31.9869638979434967041015625" lon="118.77021485008299350738525390625">
        <ele>39.40000152587890625</ele>
        <time>2024-10-14T11:39:09.000Z</time>
        <extensions>
          <ns3:TrackPointExtension>
            <ns3:atemp>30.0</ns3:atemp>
            <ns3:hr>112</ns3:hr>
            <ns3:cad>61</ns3:cad>
          </ns3:TrackPointExtension>
        </extensions>
      </trkpt>
      <trkpt lat="31.98698124848306179046630859375" lon="118.7702099047601222991943359375">
        <ele>39.40000152587890625</ele>
        <time>2024-10-14T11:39:10.000Z</time>
        <extensions>
          <ns3:TrackPointExtension>
            <ns3:atemp>30.0</ns3:atemp>
            <ns3:hr>110</ns3:hr>
            <ns3:cad>64</ns3:cad>
          </ns3:TrackPointExtension>
        </extensions>
      </trkpt>
      <trkpt lat="31.9869959168136119842529296875" lon="118.7702015228569507598876953125">
        <ele>39.40000152587890625</ele>
        <time>2024-10-14T11:39:11.000Z</time>
        <extensions>
          <ns3:TrackPointExtension>
            <ns3:atemp>30.0</ns3:atemp>
            <ns3:hr>110</ns3:hr>
            <ns3:cad>64</ns3:cad>
          </ns3:TrackPointExtension>
        </extensions>
      </trkpt>
      <trkpt lat="31.98701192624866962432861328125" lon="118.77019875682890415191650390625">
        <ele>39.59999847412109375</ele>
        <time>2024-10-14T11:39:12.000Z</time>
        <extensions>
          <ns3:TrackPointExtension>
            <ns3:atemp>30.0</ns3:atemp>
            <ns3:hr>110</ns3:hr>
            <ns3:cad>65</ns3:cad>
          </ns3:TrackPointExtension>
        </extensions>
      </trkpt>
      <trkpt lat="31.9870267622172832489013671875" lon="118.7701971642673015594482421875">
        <ele>39.59999847412109375</ele>
        <time>2024-10-14T11:39:13.000Z</time>
        <extensions>
          <ns3:TrackPointExtension>
            <ns3:atemp>30.0</ns3:atemp>
            <ns3:hr>110</ns3:hr>
            <ns3:cad>65</ns3:cad>
          </ns3:TrackPointExtension>
        </extensions>
      </trkpt>
      <trkpt lat="31.9870405085384845733642578125" lon="118.770196326076984405517578125">
        <ele>39.59999847412109375</ele>
        <time>2024-10-14T11:39:14.000Z</time>
        <extensions>
          <ns3:TrackPointExtension>
            <ns3:atemp>30.0</ns3:atemp>
            <ns3:hr>110</ns3:hr>
            <ns3:cad>65</ns3:cad>
          </ns3:TrackPointExtension>
        </extensions>
      </trkpt>
      <trkpt lat="31.9870515726506710052490234375" lon="118.770197331905364990234375">
        <ele>39.59999847412109375</ele>
        <time>2024-10-14T11:39:15.000Z</time>
        <extensions>
          <ns3:TrackPointExtension>
            <ns3:atemp>30.0</ns3:atemp>
            <ns3:hr>111</ns3:hr>
            <ns3:cad>65</ns3:cad>
          </ns3:TrackPointExtension>
        </extensions>
      </trkpt>
      <trkpt lat="31.98706825263798236846923828125" lon="118.7702119164168834686279296875">
        <ele>39.799999237060546875</ele>
        <time>2024-10-14T11:39:16.000Z</time>
        <extensions>
          <ns3:TrackPointExtension>
            <ns3:atemp>30.0</ns3:atemp>
            <ns3:hr>111</ns3:hr>
            <ns3:cad>65</ns3:cad>
          </ns3:TrackPointExtension>
        </extensions>
      </trkpt>
      <trkpt lat="31.987082250416278839111328125" lon="118.77021015621721744537353515625">
        <ele>40</ele>
        <time>2024-10-14T11:39:17.000Z</time>
        <extensions>
          <ns3:TrackPointExtension>
            <ns3:atemp>30.0</ns3:atemp>
            <ns3:hr>111</ns3:hr>
            <ns3:cad>65</ns3:cad>
          </ns3:TrackPointExtension>
        </extensions>
      </trkpt>
      <trkpt lat="31.98710965923964977264404296875" lon="118.7702120840549468994140625">
        <ele>40</ele>
        <time>2024-10-14T11:39:18.000Z</time>
        <extensions>
          <ns3:TrackPointExtension>
            <ns3:atemp>30.0</ns3:atemp>
            <ns3:hr>112</ns3:hr>
            <ns3:cad>65</ns3:cad>
          </ns3:TrackPointExtension>
        </extensions>
      </trkpt>
      <trkpt lat="31.9871296919882297515869140625" lon="118.7702102400362491607666015625">
        <ele>40</ele>
        <time>2024-10-14T11:39:19.000Z</time>
        <extensions>
          <ns3:TrackPointExtension>
            <ns3:atemp>30.0</ns3:atemp>
            <ns3:hr>112</ns3:hr>
            <ns3:cad>65</ns3:cad>
          </ns3:TrackPointExtension>
        </extensions>
      </trkpt>
      <trkpt lat="31.987155340611934661865234375" lon="118.77020663581788539886474609375">
        <ele>40.200000762939453125</ele>
        <time>2024-10-14T11:39:20.000Z</time>
        <extensions>
          <ns3:TrackPointExtension>
            <ns3:atemp>30.0</ns3:atemp>
            <ns3:hr>113</ns3:hr>
            <ns3:cad>0</ns3:cad>
          </ns3:TrackPointExtension>
        </extensions>
      </trkpt>
      <trkpt lat="31.98717906139791011810302734375" lon="118.77020060084760189056396484375">
        <ele>40.200000762939453125</ele>
        <time>2024-10-14T11:39:21.000Z</time>
        <extensions>
          <ns3:TrackPointExtension>
            <ns3:atemp>30.0</ns3:atemp>
            <ns3:hr>114</ns3:hr>
            <ns3:cad>0</ns3:cad>
          </ns3:TrackPointExtension>
        </extensions>
      </trkpt>
      <trkpt lat="31.9872007705271244049072265625" lon="118.77019154839217662811279296875">
        <ele>40.200000762939453125</ele>
        <time>2024-10-14T11:39:22.000Z</time>
        <extensions>
          <ns3:TrackPointExtension>
            <ns3:atemp>30.0</ns3:atemp>
            <ns3:hr>114</ns3:hr>
            <ns3:cad>0</ns3:cad>
          </ns3:TrackPointExtension>
        </extensions>
      </trkpt>
      <trkpt lat="31.9872289337217807769775390625" lon="118.77018383704125881195068359375">
        <ele>40.200000762939453125</ele>
        <time>2024-10-14T11:39:23.000Z</time>
        <extensions>
          <ns3:TrackPointExtension>
            <ns3:atemp>30.0</ns3:atemp>
            <ns3:hr>114</ns3:hr>
            <ns3:cad>85</ns3:cad>
          </ns3:TrackPointExtension>
        </extensions>
      </trkpt>
      <trkpt lat="31.98725231923162937164306640625" lon="118.77017981372773647308349609375">
        <ele>40.200000762939453125</ele>
        <time>2024-10-14T11:39:24.000Z</time>
        <extensions>
          <ns3:TrackPointExtension>
            <ns3:atemp>30.0</ns3:atemp>
            <ns3:hr>113</ns3:hr>
            <ns3:cad>85</ns3:cad>
          </ns3:TrackPointExtension>
        </extensions>
      </trkpt>
      <trkpt lat="31.98727897368371486663818359375" lon="118.7701825797557830810546875">
        <ele>40.200000762939453125</ele>
        <time>2024-10-14T11:39:25.000Z</time>
        <extensions>
          <ns3:TrackPointExtension>
            <ns3:atemp>30.0</ns3:atemp>
            <ns3:hr>114</ns3:hr>
            <ns3:cad>86</ns3:cad>
          </ns3:TrackPointExtension>
        </extensions>
      </trkpt>
      <trkpt lat="31.98730194009840488433837890625" lon="118.77018459141254425048828125">
        <ele>40.200000762939453125</ele>
        <time>2024-10-14T11:39:26.000Z</time>
        <extensions>
          <ns3:TrackPointExtension>
            <ns3:atemp>30.0</ns3:atemp>
            <ns3:hr>114</ns3:hr>
            <ns3:cad>86</ns3:cad>
          </ns3:TrackPointExtension>
        </extensions>
      </trkpt>
      <trkpt lat="31.98732557706534862518310546875" lon="118.77018903382122516632080078125">
        <ele>40.200000762939453125</ele>
        <time>2024-10-14T11:39:27.000Z</time>
        <extensions>
          <ns3:TrackPointExtension>
            <ns3:atemp>30.0</ns3:atemp>
            <ns3:hr>115</ns3:hr>
            <ns3:cad>86</ns3:cad>
          </ns3:TrackPointExtension>
        </extensions>
      </trkpt>
      <trkpt lat="31.98734887875616550445556640625" lon="118.77018618397414684295654296875">
        <ele>40.200000762939453125</ele>
        <time>2024-10-14T11:39:28.000Z</time>
        <extensions>
          <ns3:TrackPointExtension>
            <ns3:atemp>30.0</ns3:atemp>
            <ns3:hr>115</ns3:hr>
            <ns3:cad>88</ns3:cad>
          </ns3:TrackPointExtension>
        </extensions>
      </trkpt>
      <trkpt lat="31.9873731024563312530517578125" lon="118.770185597240924835205078125">
        <ele>40.200000762939453125</ele>
        <time>2024-10-14T11:39:29.000Z</time>
        <extensions>
          <ns3:TrackPointExtension>
            <ns3:atemp>30.0</ns3:atemp>
            <ns3:hr>116</ns3:hr>
            <ns3:cad>88</ns3:cad>
          </ns3:TrackPointExtension>
        </extensions>
      </trkpt>
      <trkpt lat="31.9873959012329578399658203125" lon="118.77018366940319538116455078125">
        <ele>40.200000762939453125</ele>
        <time>2024-10-14T11:39:30.000Z</time>
        <extensions>
          <ns3:TrackPointExtension>
            <ns3:atemp>30.0</ns3:atemp>
            <ns3:hr>117</ns3:hr>
            <ns3:cad>88</ns3:cad>
          </ns3:TrackPointExtension>
        </extensions>
      </trkpt>
      <trkpt lat="31.98742146603763103485107421875" lon="118.77018325030803680419921875">
        <ele>40.200000762939453125</ele>
        <time>2024-10-14T11:39:31.000Z</time>
        <extensions>
          <ns3:TrackPointExtension>
            <ns3:atemp>30.0</ns3:atemp>
            <ns3:hr>118</ns3:hr>
            <ns3:cad>89</ns3:cad>
          </ns3:TrackPointExtension>
        </extensions>
      </trkpt>
      <trkpt lat="31.98744736611843109130859375" lon="118.7701817415654659271240234375">
        <ele>40.200000762939453125</ele>
        <time>2024-10-14T11:39:32.000Z</time>
        <extensions>
          <ns3:TrackPointExtension>
            <ns3:atemp>30.0</ns3:atemp>
            <ns3:hr>119</ns3:hr>
            <ns3:cad>89</ns3:cad>
          </ns3:TrackPointExtension>
        </extensions>
      </trkpt>
      <trkpt lat="31.987473852932453155517578125" lon="118.770182244479656219482421875">
        <ele>40.200000762939453125</ele>
        <time>2024-10-14T11:39:33.000Z</time>
        <extensions>
          <ns3:TrackPointExtension>
            <ns3:atemp>30.0</ns3:atemp>
            <ns3:hr>120</ns3:hr>
            <ns3:cad>89</ns3:cad>
          </ns3:TrackPointExtension>
        </extensions>
      </trkpt>
      <trkpt lat="31.9874974898993968963623046875" lon="118.77017998136579990386962890625">
        <ele>40.200000762939453125</ele>
        <time>2024-10-14T11:39:34.000Z</time>
        <extensions>
          <ns3:TrackPointExtension>
            <ns3:atemp>30.0</ns3:atemp>
            <ns3:hr>121</ns3:hr>
            <ns3:cad>88</ns3:cad>
          </ns3:TrackPointExtension>
        </extensions>
      </trkpt>
      <trkpt lat="31.9875226356089115142822265625" lon="118.77017654478549957275390625">
        <ele>40.200000762939453125</ele>
        <time>2024-10-14T11:39:35.000Z</time>
        <extensions>
          <ns3:TrackPointExtension>
            <ns3:atemp>30.0</ns3:atemp>
            <ns3:hr>122</ns3:hr>
            <ns3:cad>88</ns3:cad>
          </ns3:TrackPointExtension>
        </extensions>
      </trkpt>
      <trkpt lat="31.98754451237618923187255859375" lon="118.77017595805227756500244140625">
        <ele>40.200000762939453125</ele>
        <time>2024-10-14T11:39:36.000Z</time>
        <extensions>
          <ns3:TrackPointExtension>
            <ns3:atemp>30.0</ns3:atemp>
            <ns3:hr>123</ns3:hr>
            <ns3:cad>88</ns3:cad>
          </ns3:TrackPointExtension>
        </extensions>
      </trkpt>
      <trkpt lat="31.98756764642894268035888671875" lon="118.77017478458583354949951171875">
        <ele>40.200000762939453125</ele>
        <time>2024-10-14T11:39:37.000Z</time>
        <extensions>
          <ns3:TrackPointExtension>
            <ns3:atemp>30.0</ns3:atemp>
            <ns3:hr>123</ns3:hr>
            <ns3:cad>88</ns3:cad>
          </ns3:TrackPointExtension>
        </extensions>
      </trkpt>
      <trkpt lat="31.98759195394814014434814453125" lon="118.77017629332840442657470703125">
        <ele>40.200000762939453125</ele>
        <time>2024-10-14T11:39:38.000Z</time>
        <extensions>
          <ns3:TrackPointExtension>
            <ns3:atemp>30.0</ns3:atemp>
            <ns3:hr>124</ns3:hr>
            <ns3:cad>88</ns3:cad>
          </ns3:TrackPointExtension>
        </extensions>
      </trkpt>
      <trkpt lat="31.98761642910540103912353515625" lon="118.77017528750002384185791015625">
        <ele>40.200000762939453125</ele>
        <time>2024-10-14T11:39:39.000Z</time>
        <extensions>
          <ns3:TrackPointExtension>
            <ns3:atemp>30.0</ns3:atemp>
            <ns3:hr>125</ns3:hr>
            <ns3:cad>88</ns3:cad>
          </ns3:TrackPointExtension>
        </extensions>
      </trkpt>
      <trkpt lat="31.9876403175294399261474609375" lon="118.7701770476996898651123046875">
        <ele>40.200000762939453125</ele>
        <time>2024-10-14T11:39:40.000Z</time>
        <extensions>
          <ns3:TrackPointExtension>
            <ns3:atemp>30.0</ns3:atemp>
            <ns3:hr>125</ns3:hr>
            <ns3:cad>88</ns3:cad>
          </ns3:TrackPointExtension>
        </extensions>
      </trkpt>
      <trkpt lat="31.98766604997217655181884765625" lon="118.770175538957118988037109375">
        <ele>40.200000762939453125</ele>
        <time>2024-10-14T11:39:41.000Z</time>
        <extensions>
          <ns3:TrackPointExtension>
            <ns3:atemp>30.0</ns3:atemp>
            <ns3:hr>126</ns3:hr>
            <ns3:cad>88</ns3:cad>
          </ns3:TrackPointExtension>
        </extensions>
      </trkpt>
      <trkpt lat="31.98769069276750087738037109375" lon="118.770176209509372711181640625">
        <ele>40.200000762939453125</ele>
        <time>2024-10-14T11:39:42.000Z</time>
        <extensions>
          <ns3:TrackPointExtension>
            <ns3:atemp>30.0</ns3:atemp>
            <ns3:hr>126</ns3:hr>
            <ns3:cad>88</ns3:cad>
          </ns3:TrackPointExtension>
        </extensions>
      </trkpt>
      <trkpt lat="31.987714581191539764404296875" lon="118.7701757065951824188232421875">
        <ele>40.200000762939453125</ele>
        <time>2024-10-14T11:39:43.000Z</time>
        <extensions>
          <ns3:TrackPointExtension>
            <ns3:atemp>30.0</ns3:atemp>
            <ns3:hr>127</ns3:hr>
            <ns3:cad>88</ns3:cad>
          </ns3:TrackPointExtension>
        </extensions>
      </trkpt>
      <trkpt lat="31.987736709415912628173828125" lon="118.7701772153377532958984375">
        <ele>40.200000762939453125</ele>
        <time>2024-10-14T11:39:44.000Z</time>
        <extensions>
          <ns3:TrackPointExtension>
            <ns3:atemp>30.0</ns3:atemp>
            <ns3:hr>127</ns3:hr>
            <ns3:cad>88</ns3:cad>
          </ns3:TrackPointExtension>
        </extensions>
      </trkpt>
      <trkpt lat="31.9877620227634906768798828125" lon="118.77017495222389698028564453125">
        <ele>40.200000762939453125</ele>
        <time>2024-10-14T11:39:45.000Z</time>
        <extensions>
          <ns3:TrackPointExtension>
            <ns3:atemp>30.0</ns3:atemp>
            <ns3:hr>128</ns3:hr>
            <ns3:cad>88</ns3:cad>
          </ns3:TrackPointExtension>
        </extensions>
      </trkpt>
      <trkpt lat="31.9877873361110687255859375" lon="118.7701700069010257720947265625">
        <ele>40.40000152587890625</ele>
        <time>2024-10-14T11:39:46.000Z</time>
        <extensions>
          <ns3:TrackPointExtension>
            <ns3:atemp>30.0</ns3:atemp>
            <ns3:hr>128</ns3:hr>
            <ns3:cad>88</ns3:cad>
          </ns3:TrackPointExtension>
        </extensions>
      </trkpt>
      <trkpt lat="31.9878113083541393280029296875" lon="118.7701663188636302947998046875">
        <ele>40.40000152587890625</ele>
        <time>2024-10-14T11:39:47.000Z</time>
        <extensions>
          <ns3:TrackPointExtension>
            <ns3:atemp>30.0</ns3:atemp>
            <ns3:hr>129</ns3:hr>
            <ns3:cad>88</ns3:cad>
          </ns3:TrackPointExtension>
        </extensions>
      </trkpt>
      <trkpt lat="31.9878382980823516845703125" lon="118.77016187645494937896728515625">
        <ele>40.59999847412109375</ele>
        <time>2024-10-14T11:39:48.000Z</time>
        <extensions>
          <ns3:TrackPointExtension>
            <ns3:atemp>30.0</ns3:atemp>
            <ns3:hr>129</ns3:hr>
            <ns3:cad>88</ns3:cad>
          </ns3:TrackPointExtension>
        </extensions>
      </trkpt>
      <trkpt lat="31.98786252178251743316650390625" lon="118.7701562605798244476318359375">
        <ele>40.59999847412109375</ele>
        <time>2024-10-14T11:39:49.000Z</time>
        <extensions>
          <ns3:TrackPointExtension>
            <ns3:atemp>30.0</ns3:atemp>
            <ns3:hr>130</ns3:hr>
            <ns3:cad>88</ns3:cad>
          </ns3:TrackPointExtension>
        </extensions>
      </trkpt>
      <trkpt lat="31.98789202608168125152587890625" lon="118.77015181817114353179931640625">
        <ele>40.799999237060546875</ele>
        <time>2024-10-14T11:39:50.000Z</time>
        <extensions>
          <ns3:TrackPointExtension>
            <ns3:atemp>30.0</ns3:atemp>
            <ns3:hr>130</ns3:hr>
            <ns3:cad>88</ns3:cad>
          </ns3:TrackPointExtension>
        </extensions>
      </trkpt>
      <trkpt lat="31.98791465722024440765380859375" lon="118.7701445259153842926025390625">
        <ele>40.799999237060546875</ele>
        <time>2024-10-14T11:39:51.000Z</time>
        <extensions>
          <ns3:TrackPointExtension>
            <ns3:atemp>30.0</ns3:atemp>
            <ns3:hr>130</ns3:hr>
            <ns3:cad>88</ns3:cad>
          </ns3:TrackPointExtension>
        </extensions>
      </trkpt>
      <trkpt lat="31.98793829418718814849853515625" lon="118.77013103105127811431884765625">
        <ele>41</ele>
        <time>2024-10-14T11:39:52.000Z</time>
        <extensions>
          <ns3:TrackPointExtension>
            <ns3:atemp>30.0</ns3:atemp>
            <ns3:hr>131</ns3:hr>
            <ns3:cad>89</ns3:cad>
          </ns3:TrackPointExtension>
        </extensions>
      </trkpt>
      <trkpt lat="31.98795656673610210418701171875" lon="118.7701183743774890899658203125">
        <ele>41.200000762939453125</ele>
        <time>2024-10-14T11:39:53.000Z</time>
        <extensions>
          <ns3:TrackPointExtension>
            <ns3:atemp>30.0</ns3:atemp>
            <ns3:hr>131</ns3:hr>
            <ns3:cad>89</ns3:cad>
          </ns3:TrackPointExtension>
        </extensions>
      </trkpt>
      <trkpt lat="31.9879735819995403289794921875" lon="118.77009917981922626495361328125">
        <ele>41.200000762939453125</ele>
        <time>2024-10-14T11:39:54.000Z</time>
        <extensions>
          <ns3:TrackPointExtension>
            <ns3:atemp>30.0</ns3:atemp>
            <ns3:hr>131</ns3:hr>
            <ns3:cad>88</ns3:cad>
          </ns3:TrackPointExtension>
        </extensions>
      </trkpt>
      <trkpt lat="31.987984813749790191650390625" lon="118.77008593641221523284912109375">
        <ele>41.40000152587890625</ele>
        <time>2024-10-14T11:39:55.000Z</time>
        <extensions>
          <ns3:TrackPointExtension>
            <ns3:atemp>30.0</ns3:atemp>
            <ns3:hr>131</ns3:hr>
            <ns3:cad>88</ns3:cad>
          </ns3:TrackPointExtension>
        </extensions>
      </trkpt>
      <trkpt lat="31.98798959143459796905517578125" lon="118.77006657421588897705078125">
        <ele>41.40000152587890625</ele>
        <time>2024-10-14T11:39:56.000Z</time>
        <extensions>
          <ns3:TrackPointExtension>
            <ns3:atemp>30.0</ns3:atemp>
            <ns3:hr>131</ns3:hr>
            <ns3:cad>88</ns3:cad>
          </ns3:TrackPointExtension>
        </extensions>
      </trkpt>
      <trkpt lat="31.9879965484142303466796875" lon="118.7700536660850048065185546875">
        <ele>41.40000152587890625</ele>
        <time>2024-10-14T11:39:57.000Z</time>
        <extensions>
          <ns3:TrackPointExtension>
            <ns3:atemp>30.0</ns3:atemp>
            <ns3:hr>131</ns3:hr>
            <ns3:cad>88</ns3:cad>
          </ns3:TrackPointExtension>
        </extensions>
      </trkpt>
      <trkpt lat="31.9880010746419429779052734375" lon="118.77003832720220088958740234375">
        <ele>41.40000152587890625</ele>
        <time>2024-10-14T11:39:58.000Z</time>
        <extensions>
          <ns3:TrackPointExtension>
            <ns3:atemp>30.0</ns3:atemp>
            <ns3:hr>131</ns3:hr>
            <ns3:cad>88</ns3:cad>
          </ns3:TrackPointExtension>
        </extensions>
      </trkpt>
      <trkpt lat="31.988000571727752685546875" lon="118.7700181268155574798583984375">
        <ele>41.40000152587890625</ele>
        <time>2024-10-14T11:39:59.000Z</time>
        <extensions>
          <ns3:TrackPointExtension>
            <ns3:atemp>30.0</ns3:atemp>
            <ns3:hr>131</ns3:hr>
            <ns3:cad>88</ns3:cad>
          </ns3:TrackPointExtension>
        </extensions>
      </trkpt>
      <trkpt lat="31.9879997335374355316162109375" lon="118.76998887397348880767822265625">
        <ele>41.40000152587890625</ele>
        <time>2024-10-14T11:40:00.000Z</time>
        <extensions>
          <ns3:TrackPointExtension>
            <ns3:atemp>30.0</ns3:atemp>
            <ns3:hr>131</ns3:hr>
            <ns3:cad>88</ns3:cad>
          </ns3:TrackPointExtension>
        </extensions>
      </trkpt>
      <trkpt lat="31.98799797333776950836181640625" lon="118.76995618455111980438232421875">
        <ele>41.40000152587890625</ele>
        <time>2024-10-14T11:40:01.000Z</time>
        <extensions>
          <ns3:TrackPointExtension>
            <ns3:atemp>30.0</ns3:atemp>
            <ns3:hr>131</ns3:hr>
            <ns3:cad>88</ns3:cad>
          </ns3:TrackPointExtension>
        </extensions>
      </trkpt>
      <trkpt lat="31.98799512349069118499755859375" lon="118.76992785371840000152587890625">
        <ele>41.40000152587890625</ele>
        <time>2024-10-14T11:40:02.000Z</time>
        <extensions>
          <ns3:TrackPointExtension>
            <ns3:atemp>30.0</ns3:atemp>
            <ns3:hr>131</ns3:hr>
            <ns3:cad>87</ns3:cad>
          </ns3:TrackPointExtension>
        </extensions>
      </trkpt>
      <trkpt lat="31.9879911839962005615234375" lon="118.76989315263926982879638671875">
        <ele>41.40000152587890625</ele>
        <time>2024-10-14T11:40:03.000Z</time>
        <extensions>
          <ns3:TrackPointExtension>
            <ns3:atemp>30.0</ns3:atemp>
            <ns3:hr>131</ns3:hr>
            <ns3:cad>87</ns3:cad>
          </ns3:TrackPointExtension>
        </extensions>
      </trkpt>
      <trkpt lat="31.9879911839962005615234375" lon="118.76986180432140827178955078125">
        <ele>41.40000152587890625</ele>
        <time>2024-10-14T11:40:04.000Z</time>
        <extensions>
          <ns3:TrackPointExtension>
            <ns3:atemp>30.0</ns3:atemp>
            <ns3:hr>131</ns3:hr>
            <ns3:cad>87</ns3:cad>
          </ns3:TrackPointExtension>
        </extensions>
      </trkpt>
      <trkpt lat="31.9879906810820102691650390625" lon="118.76983246766030788421630859375">
        <ele>41.40000152587890625</ele>
        <time>2024-10-14T11:40:05.000Z</time>
        <extensions>
          <ns3:TrackPointExtension>
            <ns3:atemp>30.0</ns3:atemp>
            <ns3:hr>132</ns3:hr>
            <ns3:cad>88</ns3:cad>
          </ns3:TrackPointExtension>
        </extensions>
      </trkpt>
      <trkpt lat="31.9879913516342639923095703125" lon="118.7698085792362689971923828125">
        <ele>41.40000152587890625</ele>
        <time>2024-10-14T11:40:06.000Z</time>
        <extensions>
          <ns3:TrackPointExtension>
            <ns3:atemp>30.0</ns3:atemp>
            <ns3:hr>132</ns3:hr>
            <ns3:cad>88</ns3:cad>
          </ns3:TrackPointExtension>
        </extensions>
      </trkpt>
      <trkpt lat="31.9879990629851818084716796875" lon="118.76977714709937572479248046875">
        <ele>41.200000762939453125</ele>
        <time>2024-10-14T11:40:07.000Z</time>
        <extensions>
          <ns3:TrackPointExtension>
            <ns3:atemp>30.0</ns3:atemp>
            <ns3:hr>132</ns3:hr>
            <ns3:cad>88</ns3:cad>
          </ns3:TrackPointExtension>
        </extensions>
      </trkpt>
      <trkpt lat="31.9880094565451145172119140625" lon="118.76974814571440219879150390625">
        <ele>41.200000762939453125</ele>
        <time>2024-10-14T11:40:08.000Z</time>
        <extensions>
          <ns3:TrackPointExtension>
            <ns3:atemp>30.0</ns3:atemp>
            <ns3:hr>132</ns3:hr>
            <ns3:cad>87</ns3:cad>
          </ns3:TrackPointExtension>
        </extensions>
      </trkpt>
      <trkpt lat="31.98802538216114044189453125" lon="118.7697193957865238189697265625">
        <ele>41.200000762939453125</ele>
        <time>2024-10-14T11:40:09.000Z</time>
        <extensions>
          <ns3:TrackPointExtension>
            <ns3:atemp>30.0</ns3:atemp>
            <ns3:hr>132</ns3:hr>
            <ns3:cad>87</ns3:cad>
          </ns3:TrackPointExtension>
        </extensions>
      </trkpt>
      <trkpt lat="31.98804658837616443634033203125" lon="118.76970556564629077911376953125">
        <ele>41.200000762939453125</ele>
        <time>2024-10-14T11:40:10.000Z</time>
        <extensions>
          <ns3:TrackPointExtension>
            <ns3:atemp>30.0</ns3:atemp>
            <ns3:hr>132</ns3:hr>
            <ns3:cad>87</ns3:cad>
          </ns3:TrackPointExtension>
        </extensions>
      </trkpt>
      <trkpt lat="31.98807022534310817718505859375" lon="118.76970405690371990203857421875">
        <ele>41</ele>
        <time>2024-10-14T11:40:11.000Z</time>
        <extensions>
          <ns3:TrackPointExtension>
            <ns3:atemp>30.0</ns3:atemp>
            <ns3:hr>132</ns3:hr>
            <ns3:cad>88</ns3:cad>
          </ns3:TrackPointExtension>
        </extensions>
      </trkpt>
      <trkpt lat="31.988093443214893341064453125" lon="118.769703470170497894287109375">
        <ele>41</ele>
        <time>2024-10-14T11:40:12.000Z</time>
        <extensions>
          <ns3:TrackPointExtension>
            <ns3:atemp>30.0</ns3:atemp>
            <ns3:hr>132</ns3:hr>
            <ns3:cad>88</ns3:cad>
          </ns3:TrackPointExtension>
        </extensions>
      </trkpt>
      <trkpt lat="31.9881140626966953277587890625" lon="118.76969584263861179351806640625">
        <ele>41</ele>
        <time>2024-10-14T11:40:13.000Z</time>
        <extensions>
          <ns3:TrackPointExtension>
            <ns3:atemp>30.0</ns3:atemp>
            <ns3:hr>132</ns3:hr>
            <ns3:cad>88</ns3:cad>
          </ns3:TrackPointExtension>
        </extensions>
      </trkpt>
      <trkpt lat="31.98813711293041706085205078125" lon="118.76968570053577423095703125">
        <ele>41</ele>
        <time>2024-10-14T11:40:14.000Z</time>
        <extensions>
          <ns3:TrackPointExtension>
            <ns3:atemp>30.0</ns3:atemp>
            <ns3:hr>133</ns3:hr>
            <ns3:cad>88</ns3:cad>
          </ns3:TrackPointExtension>
        </extensions>
      </trkpt>
      <trkpt lat="31.98816007934510707855224609375" lon="118.7696828506886959075927734375">
        <ele>41</ele>
        <time>2024-10-14T11:40:15.000Z</time>
        <extensions>
          <ns3:TrackPointExtension>
            <ns3:atemp>30.0</ns3:atemp>
            <ns3:hr>133</ns3:hr>
            <ns3:cad>88</ns3:cad>
          </ns3:TrackPointExtension>
        </extensions>
      </trkpt>
      <trkpt lat="31.9881869852542877197265625" lon="118.7696717865765094757080078125">
        <ele>41</ele>
        <time>2024-10-14T11:40:16.000Z</time>
        <extensions>
          <ns3:TrackPointExtension>
            <ns3:atemp>30.0</ns3:atemp>
            <ns3:hr>134</ns3:hr>
            <ns3:cad>87</ns3:cad>
          </ns3:TrackPointExtension>
        </extensions>
      </trkpt>
      <trkpt lat="31.98820777237415313720703125" lon="118.76965845935046672821044921875">
        <ele>41.200000762939453125</ele>
        <time>2024-10-14T11:40:17.000Z</time>
        <extensions>
          <ns3:TrackPointExtension>
            <ns3:atemp>30.0</ns3:atemp>
            <ns3:hr>134</ns3:hr>
            <ns3:cad>87</ns3:cad>
          </ns3:TrackPointExtension>
        </extensions>
      </trkpt>
      <trkpt lat="31.98823031969368457794189453125" lon="118.76964504830539226531982421875">
        <ele>41.200000762939453125</ele>
        <time>2024-10-14T11:40:18.000Z</time>
        <extensions>
          <ns3:TrackPointExtension>
            <ns3:atemp>30.0</ns3:atemp>
            <ns3:hr>135</ns3:hr>
            <ns3:cad>86</ns3:cad>
          </ns3:TrackPointExtension>
        </extensions>
      </trkpt>
      <trkpt lat="31.9882515259087085723876953125" lon="118.7696322239935398101806640625">
        <ele>41.200000762939453125</ele>
        <time>2024-10-14T11:40:19.000Z</time>
        <extensions>
          <ns3:TrackPointExtension>
            <ns3:atemp>30.0</ns3:atemp>
            <ns3:hr>136</ns3:hr>
            <ns3:cad>86</ns3:cad>
          </ns3:TrackPointExtension>
        </extensions>
      </trkpt>
      <trkpt lat="31.9882746599614620208740234375" lon="118.7696268595755100250244140625">
        <ele>41.200000762939453125</ele>
        <time>2024-10-14T11:40:20.000Z</time>
        <extensions>
          <ns3:TrackPointExtension>
            <ns3:atemp>30.0</ns3:atemp>
            <ns3:hr>136</ns3:hr>
            <ns3:cad>86</ns3:cad>
          </ns3:TrackPointExtension>
        </extensions>
      </trkpt>
      <trkpt lat="31.9882934354245662689208984375" lon="118.76962023787200450897216796875">
        <ele>41.200000762939453125</ele>
        <time>2024-10-14T11:40:21.000Z</time>
        <extensions>
          <ns3:TrackPointExtension>
            <ns3:atemp>30.0</ns3:atemp>
            <ns3:hr>137</ns3:hr>
            <ns3:cad>87</ns3:cad>
          </ns3:TrackPointExtension>
        </extensions>
      </trkpt>
      <trkpt lat="31.98831229470670223236083984375" lon="118.76961403526365756988525390625">
        <ele>41.200000762939453125</ele>
        <time>2024-10-14T11:40:22.000Z</time>
        <extensions>
          <ns3:TrackPointExtension>
            <ns3:atemp>30.0</ns3:atemp>
            <ns3:hr>137</ns3:hr>
            <ns3:cad>87</ns3:cad>
          </ns3:TrackPointExtension>
        </extensions>
      </trkpt>
      <trkpt lat="31.98833542875945568084716796875" lon="118.76961118541657924652099609375">
        <ele>41.200000762939453125</ele>
        <time>2024-10-14T11:40:23.000Z</time>
        <extensions>
          <ns3:TrackPointExtension>
            <ns3:atemp>30.0</ns3:atemp>
            <ns3:hr>138</ns3:hr>
            <ns3:cad>88</ns3:cad>
          </ns3:TrackPointExtension>
        </extensions>
      </trkpt>
      <trkpt lat="31.98835688643157482147216796875" lon="118.7696097604930400848388671875">
        <ele>41.200000762939453125</ele>
        <time>2024-10-14T11:40:24.000Z</time>
        <extensions>
          <ns3:TrackPointExtension>
            <ns3:atemp>30.0</ns3:atemp>
            <ns3:hr>138</ns3:hr>
            <ns3:cad>88</ns3:cad>
          </ns3:TrackPointExtension>
        </extensions>
      </trkpt>
      <trkpt lat="31.98838169686496257781982421875" lon="118.7696104310452938079833984375">
        <ele>41.40000152587890625</ele>
        <time>2024-10-14T11:40:25.000Z</time>
        <extensions>
          <ns3:TrackPointExtension>
            <ns3:atemp>30.0</ns3:atemp>
            <ns3:hr>138</ns3:hr>
            <ns3:cad>88</ns3:cad>
          </ns3:TrackPointExtension>
        </extensions>
      </trkpt>
      <trkpt lat="31.98840382508933544158935546875" lon="118.76961420290172100067138671875">
        <ele>41.40000152587890625</ele>
        <time>2024-10-14T11:40:26.000Z</time>
        <extensions>
          <ns3:TrackPointExtension>
            <ns3:atemp>30.0</ns3:atemp>
            <ns3:hr>139</ns3:hr>
            <ns3:cad>88</ns3:cad>
          </ns3:TrackPointExtension>
        </extensions>
      </trkpt>
      <trkpt lat="31.988426707684993743896484375" lon="118.7696204893290996551513671875">
        <ele>41.59999847412109375</ele>
        <time>2024-10-14T11:40:27.000Z</time>
        <extensions>
          <ns3:TrackPointExtension>
            <ns3:atemp>30.0</ns3:atemp>
            <ns3:hr>140</ns3:hr>
            <ns3:cad>88</ns3:cad>
          </ns3:TrackPointExtension>
        </extensions>
      </trkpt>
      <trkpt lat="31.98844992555677890777587890625" lon="118.76962677575647830963134765625">
        <ele>41.59999847412109375</ele>
        <time>2024-10-14T11:40:28.000Z</time>
        <extensions>
          <ns3:TrackPointExtension>
            <ns3:atemp>30.0</ns3:atemp>
            <ns3:hr>140</ns3:hr>
            <ns3:cad>88</ns3:cad>
          </ns3:TrackPointExtension>
        </extensions>
      </trkpt>
      <trkpt lat="31.98847507126629352569580078125" lon="118.76963297836482524871826171875">
        <ele>41.59999847412109375</ele>
        <time>2024-10-14T11:40:29.000Z</time>
        <extensions>
          <ns3:TrackPointExtension>
            <ns3:atemp>29.0</ns3:atemp>
            <ns3:hr>141</ns3:hr>
            <ns3:cad>88</ns3:cad>
          </ns3:TrackPointExtension>
        </extensions>
      </trkpt>
      <trkpt lat="31.9885036535561084747314453125" lon="118.76964303664863109588623046875">
        <ele>41.59999847412109375</ele>
        <time>2024-10-14T11:40:30.000Z</time>
        <extensions>
          <ns3:TrackPointExtension>
            <ns3:atemp>29.0</ns3:atemp>
            <ns3:hr>142</ns3:hr>
            <ns3:cad>88</ns3:cad>
          </ns3:TrackPointExtension>
        </extensions>
      </trkpt>
      <trkpt lat="31.9885289669036865234375" lon="118.76964957453310489654541015625">
        <ele>41.799999237060546875</ele>
        <time>2024-10-14T11:40:31.000Z</time>
        <extensions>
          <ns3:TrackPointExtension>
            <ns3:atemp>30.0</ns3:atemp>
            <ns3:hr>142</ns3:hr>
            <ns3:cad>87</ns3:cad>
          </ns3:TrackPointExtension>
        </extensions>
      </trkpt>
      <trkpt lat="31.98855604045093059539794921875" lon="118.7696610577404499053955078125">
        <ele>41.799999237060546875</ele>
        <time>2024-10-14T11:40:32.000Z</time>
        <extensions>
          <ns3:TrackPointExtension>
            <ns3:atemp>30.0</ns3:atemp>
            <ns3:hr>143</ns3:hr>
            <ns3:cad>87</ns3:cad>
          </ns3:TrackPointExtension>
        </extensions>
      </trkpt>
      <trkpt lat="31.98857967741787433624267578125" lon="118.76966818235814571380615234375">
        <ele>41.799999237060546875</ele>
        <time>2024-10-14T11:40:33.000Z</time>
        <extensions>
          <ns3:TrackPointExtension>
            <ns3:atemp>29.0</ns3:atemp>
            <ns3:hr>143</ns3:hr>
            <ns3:cad>87</ns3:cad>
          </ns3:TrackPointExtension>
        </extensions>
      </trkpt>
      <trkpt lat="31.98860499076545238494873046875" lon="118.76967974938452243804931640625">
        <ele>42</ele>
        <time>2024-10-14T11:40:34.000Z</time>
        <extensions>
          <ns3:TrackPointExtension>
            <ns3:atemp>29.0</ns3:atemp>
            <ns3:hr>144</ns3:hr>
            <ns3:cad>88</ns3:cad>
          </ns3:TrackPointExtension>
        </extensions>
      </trkpt>
      <trkpt lat="31.98862544260919094085693359375" lon="118.76968628726899623870849609375">
        <ele>42</ele>
        <time>2024-10-14T11:40:35.000Z</time>
        <extensions>
          <ns3:TrackPointExtension>
            <ns3:atemp>29.0</ns3:atemp>
            <ns3:hr>145</ns3:hr>
            <ns3:cad>88</ns3:cad>
          </ns3:TrackPointExtension>
        </extensions>
      </trkpt>
      <trkpt lat="31.98864757083356380462646484375" lon="118.76969567500054836273193359375">
        <ele>42</ele>
        <time>2024-10-14T11:40:36.000Z</time>
        <extensions>
          <ns3:TrackPointExtension>
            <ns3:atemp>29.0</ns3:atemp>
            <ns3:hr>145</ns3:hr>
            <ns3:cad>88</ns3:cad>
          </ns3:TrackPointExtension>
        </extensions>
      </trkpt>
      <trkpt lat="31.988665424287319183349609375" lon="118.76970045268535614013671875">
        <ele>42</ele>
        <time>2024-10-14T11:40:37.000Z</time>
        <extensions>
          <ns3:TrackPointExtension>
            <ns3:atemp>30.0</ns3:atemp>
            <ns3:hr>146</ns3:hr>
            <ns3:cad>88</ns3:cad>
          </ns3:TrackPointExtension>
        </extensions>
      </trkpt>
      <trkpt lat="31.98868453502655029296875" lon="118.76971059478819370269775390625">
        <ele>42.200000762939453125</ele>
        <time>2024-10-14T11:40:38.000Z</time>
        <extensions>
          <ns3:TrackPointExtension>
            <ns3:atemp>29.0</ns3:atemp>
            <ns3:hr>146</ns3:hr>
            <ns3:cad>88</ns3:cad>
          </ns3:TrackPointExtension>
        </extensions>
      </trkpt>
      <trkpt lat="31.98870054446160793304443359375" lon="118.76971780322492122650146484375">
        <ele>42.200000762939453125</ele>
        <time>2024-10-14T11:40:39.000Z</time>
        <extensions>
          <ns3:TrackPointExtension>
            <ns3:atemp>29.0</ns3:atemp>
            <ns3:hr>147</ns3:hr>
            <ns3:cad>88</ns3:cad>
          </ns3:TrackPointExtension>
        </extensions>
      </trkpt>
      <trkpt lat="31.9887138716876506805419921875" lon="118.76972534693777561187744140625">
        <ele>42.59999847412109375</ele>
        <time>2024-10-14T11:40:40.000Z</time>
        <extensions>
          <ns3:TrackPointExtension>
            <ns3:atemp>29.0</ns3:atemp>
            <ns3:hr>147</ns3:hr>
            <ns3:cad>88</ns3:cad>
          </ns3:TrackPointExtension>
        </extensions>
      </trkpt>
      <trkpt lat="31.9887296296656131744384765625" lon="118.76973305828869342803955078125">
        <ele>42.59999847412109375</ele>
        <time>2024-10-14T11:40:41.000Z</time>
        <extensions>
          <ns3:TrackPointExtension>
            <ns3:atemp>29.0</ns3:atemp>
            <ns3:hr>148</ns3:hr>
            <ns3:cad>87</ns3:cad>
          </ns3:TrackPointExtension>
        </extensions>
      </trkpt>
      <trkpt lat="31.9887457229197025299072265625" lon="118.76973842270672321319580078125">
        <ele>43</ele>
        <time>2024-10-14T11:40:42.000Z</time>
        <extensions>
          <ns3:TrackPointExtension>
            <ns3:atemp>29.0</ns3:atemp>
            <ns3:hr>148</ns3:hr>
            <ns3:cad>86</ns3:cad>
          </ns3:TrackPointExtension>
        </extensions>
      </trkpt>
      <trkpt lat="31.9887638278305530548095703125" lon="118.76973926089704036712646484375">
        <ele>43.200000762939453125</ele>
        <time>2024-10-14T11:40:43.000Z</time>
        <extensions>
          <ns3:TrackPointExtension>
            <ns3:atemp>29.0</ns3:atemp>
            <ns3:hr>148</ns3:hr>
            <ns3:cad>86</ns3:cad>
          </ns3:TrackPointExtension>
        </extensions>
      </trkpt>
      <trkpt lat="31.98878101073205471038818359375" lon="118.76974093727767467498779296875">
        <ele>43.799999237060546875</ele>
        <time>2024-10-14T11:40:44.000Z</time>
        <extensions>
          <ns3:TrackPointExtension>
            <ns3:atemp>29.0</ns3:atemp>
            <ns3:hr>149</ns3:hr>
            <ns3:cad>85</ns3:cad>
          </ns3:TrackPointExtension>
        </extensions>
      </trkpt>
      <trkpt lat="31.98880464769899845123291015625" lon="118.76974043436348438262939453125">
        <ele>43.799999237060546875</ele>
        <time>2024-10-14T11:40:45.000Z</time>
        <extensions>
          <ns3:TrackPointExtension>
            <ns3:atemp>29.0</ns3:atemp>
            <ns3:hr>149</ns3:hr>
            <ns3:cad>85</ns3:cad>
          </ns3:TrackPointExtension>
        </extensions>
      </trkpt>
      <trkpt lat="31.988827697932720184326171875" lon="118.769739009439945220947265625">
        <ele>44</ele>
        <time>2024-10-14T11:40:46.000Z</time>
        <extensions>
          <ns3:TrackPointExtension>
            <ns3:atemp>29.0</ns3:atemp>
            <ns3:hr>150</ns3:hr>
            <ns3:cad>85</ns3:cad>
          </ns3:TrackPointExtension>
        </extensions>
      </trkpt>
      <trkpt lat="31.9888523407280445098876953125" lon="118.76973993144929409027099609375">
        <ele>44.200000762939453125</ele>
        <time>2024-10-14T11:40:47.000Z</time>
        <extensions>
          <ns3:TrackPointExtension>
            <ns3:atemp>29.0</ns3:atemp>
            <ns3:hr>150</ns3:hr>
            <ns3:cad>85</ns3:cad>
          </ns3:TrackPointExtension>
        </extensions>
      </trkpt>
      <trkpt lat="31.9888761453330516815185546875" lon="118.76974563114345073699951171875">
        <ele>44.200000762939453125</ele>
        <time>2024-10-14T11:40:48.000Z</time>
        <extensions>
          <ns3:TrackPointExtension>
            <ns3:atemp>29.0</ns3:atemp>
            <ns3:hr>150</ns3:hr>
            <ns3:cad>85</ns3:cad>
          </ns3:TrackPointExtension>
        </extensions>
      </trkpt>
      <trkpt lat="31.988899447023868560791015625" lon="118.76975334249436855316162109375">
        <ele>44.200000762939453125</ele>
        <time>2024-10-14T11:40:49.000Z</time>
        <extensions>
          <ns3:TrackPointExtension>
            <ns3:atemp>29.0</ns3:atemp>
            <ns3:hr>151</ns3:hr>
            <ns3:cad>86</ns3:cad>
          </ns3:TrackPointExtension>
        </extensions>
      </trkpt>
      <trkpt lat="31.98892056941986083984375" lon="118.76976214349269866943359375">
        <ele>44.200000762939453125</ele>
        <time>2024-10-14T11:40:50.000Z</time>
        <extensions>
          <ns3:TrackPointExtension>
            <ns3:atemp>29.0</ns3:atemp>
            <ns3:hr>151</ns3:hr>
            <ns3:cad>86</ns3:cad>
          </ns3:TrackPointExtension>
        </extensions>
      </trkpt>
      <trkpt lat="31.988941691815853118896484375" lon="118.76977077685296535491943359375">
        <ele>44.200000762939453125</ele>
        <time>2024-10-14T11:40:51.000Z</time>
        <extensions>
          <ns3:TrackPointExtension>
            <ns3:atemp>29.0</ns3:atemp>
            <ns3:hr>151</ns3:hr>
            <ns3:cad>87</ns3:cad>
          </ns3:TrackPointExtension>
        </extensions>
      </trkpt>
      <trkpt lat="31.98896390385925769805908203125" lon="118.76978033222258090972900390625">
        <ele>44.200000762939453125</ele>
        <time>2024-10-14T11:40:52.000Z</time>
        <extensions>
          <ns3:TrackPointExtension>
            <ns3:atemp>29.0</ns3:atemp>
            <ns3:hr>151</ns3:hr>
            <ns3:cad>88</ns3:cad>
          </ns3:TrackPointExtension>
        </extensions>
      </trkpt>
      <trkpt lat="31.9889841042459011077880859375" lon="118.76978904940187931060791015625">
        <ele>44.200000762939453125</ele>
        <time>2024-10-14T11:40:53.000Z</time>
        <extensions>
          <ns3:TrackPointExtension>
            <ns3:atemp>29.0</ns3:atemp>
            <ns3:hr>151</ns3:hr>
            <ns3:cad>88</ns3:cad>
          </ns3:TrackPointExtension>
        </extensions>
      </trkpt>
      <trkpt lat="31.98900531046092510223388671875" lon="118.76980145461857318878173828125">
        <ele>44.40000152587890625</ele>
        <time>2024-10-14T11:40:54.000Z</time>
        <extensions>
          <ns3:TrackPointExtension>
            <ns3:atemp>29.0</ns3:atemp>
            <ns3:hr>152</ns3:hr>
            <ns3:cad>88</ns3:cad>
          </ns3:TrackPointExtension>
        </extensions>
      </trkpt>
      <trkpt lat="31.98902509175240993499755859375" lon="118.76980950124561786651611328125">
        <ele>44.40000152587890625</ele>
        <time>2024-10-14T11:40:55.000Z</time>
        <extensions>
          <ns3:TrackPointExtension>
            <ns3:atemp>29.0</ns3:atemp>
            <ns3:hr>152</ns3:hr>
            <ns3:cad>88</ns3:cad>
          </ns3:TrackPointExtension>
        </extensions>
      </trkpt>
      <trkpt lat="31.98904462158679962158203125" lon="118.76981587149202823638916015625">
        <ele>44.799999237060546875</ele>
        <time>2024-10-14T11:40:56.000Z</time>
        <extensions>
          <ns3:TrackPointExtension>
            <ns3:atemp>29.0</ns3:atemp>
            <ns3:hr>152</ns3:hr>
            <ns3:cad>87</ns3:cad>
          </ns3:TrackPointExtension>
        </extensions>
      </trkpt>
      <trkpt lat="31.98906582780182361602783203125" lon="118.76981939189136028289794921875">
        <ele>45</ele>
        <time>2024-10-14T11:40:57.000Z</time>
        <extensions>
          <ns3:TrackPointExtension>
            <ns3:atemp>29.0</ns3:atemp>
            <ns3:hr>153</ns3:hr>
            <ns3:cad>87</ns3:cad>
          </ns3:TrackPointExtension>
        </extensions>
      </trkpt>
      <trkpt lat="31.9890907220542430877685546875" lon="118.769821487367153167724609375">
        <ele>45.200000762939453125</ele>
        <time>2024-10-14T11:40:58.000Z</time>
        <extensions>
          <ns3:TrackPointExtension>
            <ns3:atemp>29.0</ns3:atemp>
            <ns3:hr>153</ns3:hr>
            <ns3:cad>87</ns3:cad>
          </ns3:TrackPointExtension>
        </extensions>
      </trkpt>
      <trkpt lat="31.9891175441443920135498046875" lon="118.76982073299586772918701171875">
        <ele>45.200000762939453125</ele>
        <time>2024-10-14T11:40:59.000Z</time>
        <extensions>
          <ns3:TrackPointExtension>
            <ns3:atemp>29.0</ns3:atemp>
            <ns3:hr>153</ns3:hr>
            <ns3:cad>88</ns3:cad>
          </ns3:TrackPointExtension>
        </extensions>
      </trkpt>
      <trkpt lat="31.98914210312068462371826171875" lon="118.769815452396869659423828125">
        <ele>45.200000762939453125</ele>
        <time>2024-10-14T11:41:00.000Z</time>
        <extensions>
          <ns3:TrackPointExtension>
            <ns3:atemp>29.0</ns3:atemp>
            <ns3:hr>153</ns3:hr>
            <ns3:cad>88</ns3:cad>
          </ns3:TrackPointExtension>
        </extensions>
      </trkpt>
      <trkpt lat="31.98916674591600894927978515625" lon="118.7698095850646495819091796875">
        <ele>45.200000762939453125</ele>
        <time>2024-10-14T11:41:01.000Z</time>
        <extensions>
          <ns3:TrackPointExtension>
            <ns3:atemp>29.0</ns3:atemp>
            <ns3:hr>154</ns3:hr>
            <ns3:cad>88</ns3:cad>
          </ns3:TrackPointExtension>
        </extensions>
      </trkpt>
      <trkpt lat="31.98919155634939670562744140625" lon="118.76980237662792205810546875">
        <ele>45.200000762939453125</ele>
        <time>2024-10-14T11:41:02.000Z</time>
        <extensions>
          <ns3:TrackPointExtension>
            <ns3:atemp>29.0</ns3:atemp>
            <ns3:hr>154</ns3:hr>
            <ns3:cad>88</ns3:cad>
          </ns3:TrackPointExtension>
        </extensions>
      </trkpt>
      <trkpt lat="31.98921469040215015411376953125" lon="118.76979692839086055755615234375">
        <ele>45</ele>
        <time>2024-10-14T11:41:03.000Z</time>
        <extensions>
          <ns3:TrackPointExtension>
            <ns3:atemp>29.0</ns3:atemp>
            <ns3:hr>154</ns3:hr>
            <ns3:cad>88</ns3:cad>
          </ns3:TrackPointExtension>
        </extensions>
      </trkpt>
      <trkpt lat="31.9892422668635845184326171875" lon="118.7697914801537990570068359375">
        <ele>44.799999237060546875</ele>
        <time>2024-10-14T11:41:04.000Z</time>
        <extensions>
          <ns3:TrackPointExtension>
            <ns3:atemp>29.0</ns3:atemp>
            <ns3:hr>155</ns3:hr>
            <ns3:cad>89</ns3:cad>
          </ns3:TrackPointExtension>
        </extensions>
      </trkpt>
      <trkpt lat="31.98926665820181369781494140625" lon="118.769781924784183502197265625">
        <ele>44.59999847412109375</ele>
        <time>2024-10-14T11:41:05.000Z</time>
        <extensions>
          <ns3:TrackPointExtension>
            <ns3:atemp>29.0</ns3:atemp>
            <ns3:hr>155</ns3:hr>
            <ns3:cad>89</ns3:cad>
          </ns3:TrackPointExtension>
        </extensions>
      </trkpt>
      <trkpt lat="31.98929482139647006988525390625" lon="118.76977630890905857086181640625">
        <ele>44.40000152587890625</ele>
        <time>2024-10-14T11:41:06.000Z</time>
        <extensions>
          <ns3:TrackPointExtension>
            <ns3:atemp>29.0</ns3:atemp>
            <ns3:hr>155</ns3:hr>
            <ns3:cad>89</ns3:cad>
          </ns3:TrackPointExtension>
        </extensions>
      </trkpt>
      <trkpt lat="31.9893284328281879425048828125" lon="118.76976273022592067718505859375">
        <ele>44.40000152587890625</ele>
        <time>2024-10-14T11:41:07.000Z</time>
        <extensions>
          <ns3:TrackPointExtension>
            <ns3:atemp>29.0</ns3:atemp>
            <ns3:hr>155</ns3:hr>
            <ns3:cad>90</ns3:cad>
          </ns3:TrackPointExtension>
        </extensions>
      </trkpt>
      <trkpt lat="31.98936338536441326141357421875" lon="118.7697569467127323150634765625">
        <ele>44.200000762939453125</ele>
        <time>2024-10-14T11:41:08.000Z</time>
        <extensions>
          <ns3:TrackPointExtension>
            <ns3:atemp>29.0</ns3:atemp>
            <ns3:hr>155</ns3:hr>
            <ns3:cad>90</ns3:cad>
          </ns3:TrackPointExtension>
        </extensions>
      </trkpt>
      <trkpt lat="31.98939171619713306427001953125" lon="118.769754432141780853271484375">
        <ele>44.200000762939453125</ele>
        <time>2024-10-14T11:41:09.000Z</time>
        <extensions>
          <ns3:TrackPointExtension>
            <ns3:atemp>29.0</ns3:atemp>
            <ns3:hr>155</ns3:hr>
            <ns3:cad>90</ns3:cad>
          </ns3:TrackPointExtension>
        </extensions>
      </trkpt>
      <trkpt lat="31.98941602371633052825927734375" lon="118.76976340077817440032958984375">
        <ele>44</ele>
        <time>2024-10-14T11:41:10.000Z</time>
        <extensions>
          <ns3:TrackPointExtension>
            <ns3:atemp>29.0</ns3:atemp>
            <ns3:hr>156</ns3:hr>
            <ns3:cad>90</ns3:cad>
          </ns3:TrackPointExtension>
        </extensions>
      </trkpt>
      <trkpt lat="31.98944024741649627685546875" lon="118.769780583679676055908203125">
        <ele>44</ele>
        <time>2024-10-14T11:41:11.000Z</time>
        <extensions>
          <ns3:TrackPointExtension>
            <ns3:atemp>29.0</ns3:atemp>
            <ns3:hr>156</ns3:hr>
            <ns3:cad>90</ns3:cad>
          </ns3:TrackPointExtension>
        </extensions>
      </trkpt>
      <trkpt lat="31.98946438729763031005859375" lon="118.7698001973330974578857421875">
        <ele>44</ele>
        <time>2024-10-14T11:41:12.000Z</time>
        <extensions>
          <ns3:TrackPointExtension>
            <ns3:atemp>29.0</ns3:atemp>
            <ns3:hr>156</ns3:hr>
            <ns3:cad>90</ns3:cad>
          </ns3:TrackPointExtension>
        </extensions>
      </trkpt>
      <trkpt lat="31.9894860126078128814697265625" lon="118.76981670968234539031982421875">
        <ele>44</ele>
        <time>2024-10-14T11:41:13.000Z</time>
        <extensions>
          <ns3:TrackPointExtension>
            <ns3:atemp>29.0</ns3:atemp>
            <ns3:hr>156</ns3:hr>
            <ns3:cad>90</ns3:cad>
          </ns3:TrackPointExtension>
        </extensions>
      </trkpt>
      <trkpt lat="31.9895093142986297607421875" lon="118.7698303721845149993896484375">
        <ele>44</ele>
        <time>2024-10-14T11:41:14.000Z</time>
        <extensions>
          <ns3:TrackPointExtension>
            <ns3:atemp>29.0</ns3:atemp>
            <ns3:hr>156</ns3:hr>
            <ns3:cad>89</ns3:cad>
          </ns3:TrackPointExtension>
        </extensions>
      </trkpt>
      <trkpt lat="31.98953487910330295562744140625" lon="118.76983934082090854644775390625">
        <ele>44.200000762939453125</ele>
        <time>2024-10-14T11:41:15.000Z</time>
        <extensions>
          <ns3:TrackPointExtension>
            <ns3:atemp>29.0</ns3:atemp>
            <ns3:hr>157</ns3:hr>
            <ns3:cad>89</ns3:cad>
          </ns3:TrackPointExtension>
        </extensions>
      </trkpt>
      <trkpt lat="31.989561282098293304443359375" lon="118.76984395086765289306640625">
        <ele>44.40000152587890625</ele>
        <time>2024-10-14T11:41:16.000Z</time>
        <extensions>
          <ns3:TrackPointExtension>
            <ns3:atemp>29.0</ns3:atemp>
            <ns3:hr>157</ns3:hr>
            <ns3:cad>89</ns3:cad>
          </ns3:TrackPointExtension>
        </extensions>
      </trkpt>
      <trkpt lat="31.98958533816039562225341796875" lon="118.7698459625244140625">
        <ele>44.59999847412109375</ele>
        <time>2024-10-14T11:41:17.000Z</time>
        <extensions>
          <ns3:TrackPointExtension>
            <ns3:atemp>29.0</ns3:atemp>
            <ns3:hr>157</ns3:hr>
            <ns3:cad>89</ns3:cad>
          </ns3:TrackPointExtension>
        </extensions>
      </trkpt>
      <trkpt lat="31.98960796929895877838134765625" lon="118.769840933382511138916015625">
        <ele>44.59999847412109375</ele>
        <time>2024-10-14T11:41:18.000Z</time>
        <extensions>
          <ns3:TrackPointExtension>
            <ns3:atemp>29.0</ns3:atemp>
            <ns3:hr>157</ns3:hr>
            <ns3:cad>89</ns3:cad>
          </ns3:TrackPointExtension>
        </extensions>
      </trkpt>
      <trkpt lat="31.989629007875919342041015625" lon="118.76983456313610076904296875">
        <ele>44.799999237060546875</ele>
        <time>2024-10-14T11:41:19.000Z</time>
        <extensions>
          <ns3:TrackPointExtension>
            <ns3:atemp>29.0</ns3:atemp>
            <ns3:hr>157</ns3:hr>
            <ns3:cad>88</ns3:cad>
          </ns3:TrackPointExtension>
        </extensions>
      </trkpt>
      <trkpt lat="31.98965088464319705963134765625" lon="118.7698258459568023681640625">
        <ele>44.799999237060546875</ele>
        <time>2024-10-14T11:41:20.000Z</time>
        <extensions>
          <ns3:TrackPointExtension>
            <ns3:atemp>29.0</ns3:atemp>
            <ns3:hr>157</ns3:hr>
            <ns3:cad>88</ns3:cad>
          </ns3:TrackPointExtension>
        </extensions>
      </trkpt>
      <trkpt lat="31.98967318050563335418701171875" lon="118.76981637440621852874755859375">
        <ele>44.799999237060546875</ele>
        <time>2024-10-14T11:41:21.000Z</time>
        <extensions>
          <ns3:TrackPointExtension>
            <ns3:atemp>29.0</ns3:atemp>
            <ns3:hr>157</ns3:hr>
            <ns3:cad>88</ns3:cad>
          </ns3:TrackPointExtension>
        </extensions>
      </trkpt>
      <trkpt lat="31.9896955601871013641357421875" lon="118.7698065675795078277587890625">
        <ele>44.799999237060546875</ele>
        <time>2024-10-14T11:41:22.000Z</time>
        <extensions>
          <ns3:TrackPointExtension>
            <ns3:atemp>29.0</ns3:atemp>
            <ns3:hr>157</ns3:hr>
            <ns3:cad>88</ns3:cad>
          </ns3:TrackPointExtension>
        </extensions>
      </trkpt>
      <trkpt lat="31.98971651494503021240234375" lon="118.76979508437216281890869140625">
        <ele>44.799999237060546875</ele>
        <time>2024-10-14T11:41:23.000Z</time>
        <extensions>
          <ns3:TrackPointExtension>
            <ns3:atemp>29.0</ns3:atemp>
            <ns3:hr>157</ns3:hr>
            <ns3:cad>88</ns3:cad>
          </ns3:TrackPointExtension>
        </extensions>
      </trkpt>
      <trkpt lat="31.989743672311305999755859375" lon="118.76978435553610324859619140625">
        <ele>44.799999237060546875</ele>
        <time>2024-10-14T11:41:24.000Z</time>
        <extensions>
          <ns3:TrackPointExtension>
            <ns3:atemp>29.0</ns3:atemp>
            <ns3:hr>157</ns3:hr>
            <ns3:cad>88</ns3:cad>
          </ns3:TrackPointExtension>
        </extensions>
      </trkpt>
      <trkpt lat="31.98977007530629634857177734375" lon="118.76977245323359966278076171875">
        <ele>44.59999847412109375</ele>
        <time>2024-10-14T11:41:25.000Z</time>
        <extensions>
          <ns3:TrackPointExtension>
            <ns3:atemp>29.0</ns3:atemp>
            <ns3:hr>157</ns3:hr>
            <ns3:cad>88</ns3:cad>
          </ns3:TrackPointExtension>
        </extensions>
      </trkpt>
      <trkpt lat="31.9898005016148090362548828125" lon="118.7697601318359375">
        <ele>44.40000152587890625</ele>
        <time>2024-10-14T11:41:26.000Z</time>
        <extensions>
          <ns3:TrackPointExtension>
            <ns3:atemp>29.0</ns3:atemp>
            <ns3:hr>158</ns3:hr>
            <ns3:cad>88</ns3:cad>
          </ns3:TrackPointExtension>
        </extensions>
      </trkpt>
      <trkpt lat="31.98982791043817996978759765625" lon="118.76975133083760738372802734375">
        <ele>44.200000762939453125</ele>
        <time>2024-10-14T11:41:27.000Z</time>
        <extensions>
          <ns3:TrackPointExtension>
            <ns3:atemp>29.0</ns3:atemp>
            <ns3:hr>158</ns3:hr>
            <ns3:cad>89</ns3:cad>
          </ns3:TrackPointExtension>
        </extensions>
      </trkpt>
      <trkpt lat="31.989856660366058349609375" lon="118.7697452120482921600341796875">
        <ele>44</ele>
        <time>2024-10-14T11:41:28.000Z</time>
        <extensions>
          <ns3:TrackPointExtension>
            <ns3:atemp>29.0</ns3:atemp>
            <ns3:hr>158</ns3:hr>
            <ns3:cad>89</ns3:cad>
          </ns3:TrackPointExtension>
        </extensions>
      </trkpt>
      <trkpt lat="31.98988239280879497528076171875" lon="118.76973574049770832061767578125">
        <ele>44</ele>
        <time>2024-10-14T11:41:29.000Z</time>
        <extensions>
          <ns3:TrackPointExtension>
            <ns3:atemp>29.0</ns3:atemp>
            <ns3:hr>158</ns3:hr>
            <ns3:cad>89</ns3:cad>
          </ns3:TrackPointExtension>
        </extensions>
      </trkpt>
      <trkpt lat="31.989908628165721893310546875" lon="118.7697247602045536041259765625">
        <ele>43.799999237060546875</ele>
        <time>2024-10-14T11:41:30.000Z</time>
        <extensions>
          <ns3:TrackPointExtension>
            <ns3:atemp>29.0</ns3:atemp>
            <ns3:hr>158</ns3:hr>
            <ns3:cad>89</ns3:cad>
          </ns3:TrackPointExtension>
        </extensions>
      </trkpt>
      <trkpt lat="31.9899349473416805267333984375" lon="118.76971595920622348785400390625">
        <ele>43.799999237060546875</ele>
        <time>2024-10-14T11:41:31.000Z</time>
        <extensions>
          <ns3:TrackPointExtension>
            <ns3:atemp>29.0</ns3:atemp>
            <ns3:hr>158</ns3:hr>
            <ns3:cad>89</ns3:cad>
          </ns3:TrackPointExtension>
        </extensions>
      </trkpt>
      <trkpt lat="31.9899599254131317138671875" lon="118.7697033025324344635009765625">
        <ele>43.799999237060546875</ele>
        <time>2024-10-14T11:41:32.000Z</time>
        <extensions>
          <ns3:TrackPointExtension>
            <ns3:atemp>29.0</ns3:atemp>
            <ns3:hr>158</ns3:hr>
            <ns3:cad>89</ns3:cad>
          </ns3:TrackPointExtension>
        </extensions>
      </trkpt>
      <trkpt lat="31.9899838976562023162841796875" lon="118.769687712192535400390625">
        <ele>43.799999237060546875</ele>
        <time>2024-10-14T11:41:33.000Z</time>
        <extensions>
          <ns3:TrackPointExtension>
            <ns3:atemp>29.0</ns3:atemp>
            <ns3:hr>158</ns3:hr>
            <ns3:cad>89</ns3:cad>
          </ns3:TrackPointExtension>
        </extensions>
      </trkpt>
      <trkpt lat="31.99000619351863861083984375" lon="118.7696654163300991058349609375">
        <ele>43.59999847412109375</ele>
        <time>2024-10-14T11:41:34.000Z</time>
        <extensions>
          <ns3:TrackPointExtension>
            <ns3:atemp>29.0</ns3:atemp>
            <ns3:hr>158</ns3:hr>
            <ns3:cad>89</ns3:cad>
          </ns3:TrackPointExtension>
        </extensions>
      </trkpt>
      <trkpt lat="31.9900251366198062896728515625" lon="118.76964387483894824981689453125">
        <ele>43.40000152587890625</ele>
        <time>2024-10-14T11:41:35.000Z</time>
        <extensions>
          <ns3:TrackPointExtension>
            <ns3:atemp>29.0</ns3:atemp>
            <ns3:hr>158</ns3:hr>
            <ns3:cad>89</ns3:cad>
          </ns3:TrackPointExtension>
        </extensions>
      </trkpt>
      <trkpt lat="31.990048103034496307373046875" lon="118.76963448710739612579345703125">
        <ele>43.40000152587890625</ele>
        <time>2024-10-14T11:41:36.000Z</time>
        <extensions>
          <ns3:TrackPointExtension>
            <ns3:atemp>29.0</ns3:atemp>
            <ns3:hr>158</ns3:hr>
            <ns3:cad>90</ns3:cad>
          </ns3:TrackPointExtension>
        </extensions>
      </trkpt>
      <trkpt lat="31.990067549049854278564453125" lon="118.76963205635547637939453125">
        <ele>43</ele>
        <time>2024-10-14T11:41:37.000Z</time>
        <extensions>
          <ns3:TrackPointExtension>
            <ns3:atemp>29.0</ns3:atemp>
            <ns3:hr>158</ns3:hr>
            <ns3:cad>90</ns3:cad>
          </ns3:TrackPointExtension>
        </extensions>
      </trkpt>
      <trkpt lat="31.99009202420711517333984375" lon="118.76963113434612751007080078125">
        <ele>42.799999237060546875</ele>
        <time>2024-10-14T11:41:38.000Z</time>
        <extensions>
          <ns3:TrackPointExtension>
            <ns3:atemp>29.0</ns3:atemp>
            <ns3:hr>158</ns3:hr>
            <ns3:cad>90</ns3:cad>
          </ns3:TrackPointExtension>
        </extensions>
      </trkpt>
      <trkpt lat="31.9901156611740589141845703125" lon="118.76963331364095211029052734375">
        <ele>42.59999847412109375</ele>
        <time>2024-10-14T11:41:39.000Z</time>
        <extensions>
          <ns3:TrackPointExtension>
            <ns3:atemp>29.0</ns3:atemp>
            <ns3:hr>158</ns3:hr>
            <ns3:cad>89</ns3:cad>
          </ns3:TrackPointExtension>
        </extensions>
      </trkpt>
      <trkpt lat="31.9901421479880809783935546875" lon="118.769631721079349517822265625">
        <ele>42.59999847412109375</ele>
        <time>2024-10-14T11:41:40.000Z</time>
        <extensions>
          <ns3:TrackPointExtension>
            <ns3:atemp>29.0</ns3:atemp>
            <ns3:hr>158</ns3:hr>
            <ns3:cad>89</ns3:cad>
          </ns3:TrackPointExtension>
        </extensions>
      </trkpt>
      <trkpt lat="31.9901649467647075653076171875" lon="118.769631050527095794677734375">
        <ele>42.59999847412109375</ele>
        <time>2024-10-14T11:41:41.000Z</time>
        <extensions>
          <ns3:TrackPointExtension>
            <ns3:atemp>29.0</ns3:atemp>
            <ns3:hr>159</ns3:hr>
            <ns3:cad>89</ns3:cad>
          </ns3:TrackPointExtension>
        </extensions>
      </trkpt>
      <trkpt lat="31.99019386433064937591552734375" lon="118.7696268595755100250244140625">
        <ele>42.59999847412109375</ele>
        <time>2024-10-14T11:41:42.000Z</time>
        <extensions>
          <ns3:TrackPointExtension>
            <ns3:atemp>29.0</ns3:atemp>
            <ns3:hr>159</ns3:hr>
            <ns3:cad>89</ns3:cad>
          </ns3:TrackPointExtension>
        </extensions>
      </trkpt>
      <trkpt lat="31.99022303335368633270263671875" lon="118.7696295417845249176025390625">
        <ele>42.59999847412109375</ele>
        <time>2024-10-14T11:41:43.000Z</time>
        <extensions>
          <ns3:TrackPointExtension>
            <ns3:atemp>29.0</ns3:atemp>
            <ns3:hr>159</ns3:hr>
            <ns3:cad>89</ns3:cad>
          </ns3:TrackPointExtension>
        </extensions>
      </trkpt>
      <trkpt lat="31.99025220237672328948974609375" lon="118.76963046379387378692626953125">
        <ele>42.59999847412109375</ele>
        <time>2024-10-14T11:41:44.000Z</time>
        <extensions>
          <ns3:TrackPointExtension>
            <ns3:atemp>29.0</ns3:atemp>
            <ns3:hr>159</ns3:hr>
            <ns3:cad>89</ns3:cad>
          </ns3:TrackPointExtension>
        </extensions>
      </trkpt>
      <trkpt lat="31.9902779348194599151611328125" lon="118.76963331364095211029052734375">
        <ele>42.59999847412109375</ele>
        <time>2024-10-14T11:41:45.000Z</time>
        <extensions>
          <ns3:TrackPointExtension>
            <ns3:atemp>29.0</ns3:atemp>
            <ns3:hr>158</ns3:hr>
            <ns3:cad>89</ns3:cad>
          </ns3:TrackPointExtension>
        </extensions>
      </trkpt>
      <trkpt lat="31.99030484072864055633544921875" lon="118.769629038870334625244140625">
        <ele>42.59999847412109375</ele>
        <time>2024-10-14T11:41:46.000Z</time>
        <extensions>
          <ns3:TrackPointExtension>
            <ns3:atemp>29.0</ns3:atemp>
            <ns3:hr>158</ns3:hr>
            <ns3:cad>89</ns3:cad>
          </ns3:TrackPointExtension>
        </extensions>
      </trkpt>
      <trkpt lat="31.9903322495520114898681640625" lon="118.76962811686098575592041015625">
        <ele>42.59999847412109375</ele>
        <time>2024-10-14T11:41:47.000Z</time>
        <extensions>
          <ns3:TrackPointExtension>
            <ns3:atemp>29.0</ns3:atemp>
            <ns3:hr>158</ns3:hr>
            <ns3:cad>88</ns3:cad>
          </ns3:TrackPointExtension>
        </extensions>
      </trkpt>
      <trkpt lat="31.99035529978573322296142578125" lon="118.76962610520422458648681640625">
        <ele>42.799999237060546875</ele>
        <time>2024-10-14T11:41:48.000Z</time>
        <extensions>
          <ns3:TrackPointExtension>
            <ns3:atemp>29.0</ns3:atemp>
            <ns3:hr>158</ns3:hr>
            <ns3:cad>88</ns3:cad>
          </ns3:TrackPointExtension>
        </extensions>
      </trkpt>
      <trkpt lat="31.9903822056949138641357421875" lon="118.76962442882359027862548828125">
        <ele>42.799999237060546875</ele>
        <time>2024-10-14T11:41:49.000Z</time>
        <extensions>
          <ns3:TrackPointExtension>
            <ns3:atemp>29.0</ns3:atemp>
            <ns3:hr>158</ns3:hr>
            <ns3:cad>88</ns3:cad>
          </ns3:TrackPointExtension>
        </extensions>
      </trkpt>
      <trkpt lat="31.9904066808521747589111328125" lon="118.76962174661457538604736328125">
        <ele>42.799999237060546875</ele>
        <time>2024-10-14T11:41:50.000Z</time>
        <extensions>
          <ns3:TrackPointExtension>
            <ns3:atemp>29.0</ns3:atemp>
            <ns3:hr>158</ns3:hr>
            <ns3:cad>88</ns3:cad>
          </ns3:TrackPointExtension>
        </extensions>
      </trkpt>
      <trkpt lat="31.99043132364749908447265625" lon="118.76961671747267246246337890625">
        <ele>42.799999237060546875</ele>
        <time>2024-10-14T11:41:51.000Z</time>
        <extensions>
          <ns3:TrackPointExtension>
            <ns3:atemp>29.0</ns3:atemp>
            <ns3:hr>158</ns3:hr>
            <ns3:cad>88</ns3:cad>
          </ns3:TrackPointExtension>
        </extensions>
      </trkpt>
      <trkpt lat="31.99045680463314056396484375" lon="118.7696127779781818389892578125">
        <ele>42.799999237060546875</ele>
        <time>2024-10-14T11:41:52.000Z</time>
        <extensions>
          <ns3:TrackPointExtension>
            <ns3:atemp>29.0</ns3:atemp>
            <ns3:hr>158</ns3:hr>
            <ns3:cad>88</ns3:cad>
          </ns3:TrackPointExtension>
        </extensions>
      </trkpt>
      <trkpt lat="31.99048354290425777435302734375" lon="118.76960925757884979248046875">
        <ele>42.799999237060546875</ele>
        <time>2024-10-14T11:41:53.000Z</time>
        <extensions>
          <ns3:TrackPointExtension>
            <ns3:atemp>29.0</ns3:atemp>
            <ns3:hr>158</ns3:hr>
            <ns3:cad>88</ns3:cad>
          </ns3:TrackPointExtension>
        </extensions>
      </trkpt>
      <trkpt lat="31.990505419671535491943359375" lon="118.76961185596883296966552734375">
        <ele>42.799999237060546875</ele>
        <time>2024-10-14T11:41:54.000Z</time>
        <extensions>
          <ns3:TrackPointExtension>
            <ns3:atemp>29.0</ns3:atemp>
            <ns3:hr>158</ns3:hr>
            <ns3:cad>88</ns3:cad>
          </ns3:TrackPointExtension>
        </extensions>
      </trkpt>
      <trkpt lat="31.99052914045751094818115234375" lon="118.76962602138519287109375">
        <ele>42.799999237060546875</ele>
        <time>2024-10-14T11:41:55.000Z</time>
        <extensions>
          <ns3:TrackPointExtension>
            <ns3:atemp>29.0</ns3:atemp>
            <ns3:hr>158</ns3:hr>
            <ns3:cad>88</ns3:cad>
          </ns3:TrackPointExtension>
        </extensions>
      </trkpt>
      <trkpt lat="31.9905500113964080810546875" lon="118.76963666640222072601318359375">
        <ele>42.799999237060546875</ele>
        <time>2024-10-14T11:41:56.000Z</time>
        <extensions>
          <ns3:TrackPointExtension>
            <ns3:atemp>29.0</ns3:atemp>
            <ns3:hr>158</ns3:hr>
            <ns3:cad>88</ns3:cad>
          </ns3:TrackPointExtension>
        </extensions>
      </trkpt>
      <trkpt lat="31.99057440273463726043701171875" lon="118.76965560950338840484619140625">
        <ele>43</ele>
        <time>2024-10-14T11:41:57.000Z</time>
        <extensions>
          <ns3:TrackPointExtension>
            <ns3:atemp>29.0</ns3:atemp>
            <ns3:hr>158</ns3:hr>
            <ns3:cad>88</ns3:cad>
          </ns3:TrackPointExtension>
        </extensions>
      </trkpt>
      <trkpt lat="31.9905984587967395782470703125" lon="118.7696729600429534912109375">
        <ele>43</ele>
        <time>2024-10-14T11:41:58.000Z</time>
        <extensions>
          <ns3:TrackPointExtension>
            <ns3:atemp>29.0</ns3:atemp>
            <ns3:hr>158</ns3:hr>
            <ns3:cad>88</ns3:cad>
          </ns3:TrackPointExtension>
        </extensions>
      </trkpt>
      <trkpt lat="31.9906197488307952880859375" lon="118.76969450153410434722900390625">
        <ele>43</ele>
        <time>2024-10-14T11:41:59.000Z</time>
        <extensions>
          <ns3:TrackPointExtension>
            <ns3:atemp>29.0</ns3:atemp>
            <ns3:hr>159</ns3:hr>
            <ns3:cad>88</ns3:cad>
          </ns3:TrackPointExtension>
        </extensions>
      </trkpt>
      <trkpt lat="31.99063408188521862030029296875" lon="118.769710846245288848876953125">
        <ele>42.799999237060546875</ele>
        <time>2024-10-14T11:42:00.000Z</time>
        <extensions>
          <ns3:TrackPointExtension>
            <ns3:atemp>29.0</ns3:atemp>
            <ns3:hr>159</ns3:hr>
            <ns3:cad>88</ns3:cad>
          </ns3:TrackPointExtension>
        </extensions>
      </trkpt>
      <trkpt lat="31.99064983986318111419677734375" lon="118.7697354890406131744384765625">
        <ele>42.799999237060546875</ele>
        <time>2024-10-14T11:42:01.000Z</time>
        <extensions>
          <ns3:TrackPointExtension>
            <ns3:atemp>29.0</ns3:atemp>
            <ns3:hr>159</ns3:hr>
            <ns3:cad>88</ns3:cad>
          </ns3:TrackPointExtension>
        </extensions>
      </trkpt>
      <trkpt lat="31.9906598143279552459716796875" lon="118.7697616405785083770751953125">
        <ele>42.799999237060546875</ele>
        <time>2024-10-14T11:42:02.000Z</time>
        <extensions>
          <ns3:TrackPointExtension>
            <ns3:atemp>29.0</ns3:atemp>
            <ns3:hr>159</ns3:hr>
            <ns3:cad>88</ns3:cad>
          </ns3:TrackPointExtension>
        </extensions>
      </trkpt>
      <trkpt lat="31.99066207744181156158447265625" lon="118.76979340799152851104736328125">
        <ele>42.799999237060546875</ele>
        <time>2024-10-14T11:42:03.000Z</time>
        <extensions>
          <ns3:TrackPointExtension>
            <ns3:atemp>29.0</ns3:atemp>
            <ns3:hr>159</ns3:hr>
            <ns3:cad>88</ns3:cad>
          </ns3:TrackPointExtension>
        </extensions>
      </trkpt>
      <trkpt lat="31.9906624965369701385498046875" lon="118.7698243372142314910888671875">
        <ele>42.799999237060546875</ele>
        <time>2024-10-14T11:42:04.000Z</time>
        <extensions>
          <ns3:TrackPointExtension>
            <ns3:atemp>29.0</ns3:atemp>
            <ns3:hr>159</ns3:hr>
            <ns3:cad>88</ns3:cad>
          </ns3:TrackPointExtension>
        </extensions>
      </trkpt>
      <trkpt lat="31.99066107161343097686767578125" lon="118.76985174603760242462158203125">
        <ele>42.799999237060546875</ele>
        <time>2024-10-14T11:42:05.000Z</time>
        <extensions>
          <ns3:TrackPointExtension>
            <ns3:atemp>29.0</ns3:atemp>
            <ns3:hr>159</ns3:hr>
            <ns3:cad>88</ns3:cad>
          </ns3:TrackPointExtension>
        </extensions>
      </trkpt>
      <trkpt lat="31.9906578026711940765380859375" lon="118.76987772993743419647216796875">
        <ele>42.59999847412109375</ele>
        <time>2024-10-14T11:42:06.000Z</time>
        <extensions>
          <ns3:TrackPointExtension>
            <ns3:atemp>29.0</ns3:atemp>
            <ns3:hr>160</ns3:hr>
            <ns3:cad>89</ns3:cad>
          </ns3:TrackPointExtension>
        </extensions>
      </trkpt>
      <trkpt lat="31.99065419845283031463623046875" lon="118.7699105031788349151611328125">
        <ele>42.59999847412109375</ele>
        <time>2024-10-14T11:42:07.000Z</time>
        <extensions>
          <ns3:TrackPointExtension>
            <ns3:atemp>29.0</ns3:atemp>
            <ns3:hr>160</ns3:hr>
            <ns3:cad>90</ns3:cad>
          </ns3:TrackPointExtension>
        </extensions>
      </trkpt>
      <trkpt lat="31.9906514324247837066650390625" lon="118.769942857325077056884765625">
        <ele>42.40000152587890625</ele>
        <time>2024-10-14T11:42:08.000Z</time>
        <extensions>
          <ns3:TrackPointExtension>
            <ns3:atemp>29.0</ns3:atemp>
            <ns3:hr>160</ns3:hr>
            <ns3:cad>90</ns3:cad>
          </ns3:TrackPointExtension>
        </extensions>
      </trkpt>
      <trkpt lat="31.9906477443873882293701171875" lon="118.76997881568968296051025390625">
        <ele>42.40000152587890625</ele>
        <time>2024-10-14T11:42:09.000Z</time>
        <extensions>
          <ns3:TrackPointExtension>
            <ns3:atemp>29.0</ns3:atemp>
            <ns3:hr>160</ns3:hr>
            <ns3:cad>90</ns3:cad>
          </ns3:TrackPointExtension>
        </extensions>
      </trkpt>
      <trkpt lat="31.99064145796000957489013671875" lon="118.77001267857849597930908203125">
        <ele>42.200000762939453125</ele>
        <time>2024-10-14T11:42:10.000Z</time>
        <extensions>
          <ns3:TrackPointExtension>
            <ns3:atemp>29.0</ns3:atemp>
            <ns3:hr>160</ns3:hr>
            <ns3:cad>89</ns3:cad>
          </ns3:TrackPointExtension>
        </extensions>
      </trkpt>
      <trkpt lat="31.990635506808757781982421875" lon="118.7700419314205646514892578125">
        <ele>42</ele>
        <time>2024-10-14T11:42:11.000Z</time>
        <extensions>
          <ns3:TrackPointExtension>
            <ns3:atemp>29.0</ns3:atemp>
            <ns3:hr>160</ns3:hr>
            <ns3:cad>89</ns3:cad>
          </ns3:TrackPointExtension>
        </extensions>
      </trkpt>
      <trkpt lat="31.99062938801944255828857421875" lon="118.77006900496780872344970703125">
        <ele>42</ele>
        <time>2024-10-14T11:42:12.000Z</time>
        <extensions>
          <ns3:TrackPointExtension>
            <ns3:atemp>29.0</ns3:atemp>
            <ns3:hr>160</ns3:hr>
            <ns3:cad>89</ns3:cad>
          </ns3:TrackPointExtension>
        </extensions>
      </trkpt>
      <trkpt lat="31.99062385596334934234619140625" lon="118.77010001800954341888427734375">
        <ele>41.799999237060546875</ele>
        <time>2024-10-14T11:42:13.000Z</time>
        <extensions>
          <ns3:TrackPointExtension>
            <ns3:atemp>29.0</ns3:atemp>
            <ns3:hr>160</ns3:hr>
            <ns3:cad>89</ns3:cad>
          </ns3:TrackPointExtension>
        </extensions>
      </trkpt>
      <trkpt lat="31.9906158931553363800048828125" lon="118.77012692391872406005859375">
        <ele>41.799999237060546875</ele>
        <time>2024-10-14T11:42:14.000Z</time>
        <extensions>
          <ns3:TrackPointExtension>
            <ns3:atemp>29.0</ns3:atemp>
            <ns3:hr>160</ns3:hr>
            <ns3:cad>90</ns3:cad>
          </ns3:TrackPointExtension>
        </extensions>
      </trkpt>
      <trkpt lat="31.99060910381376743316650390625" lon="118.77015869133174419403076171875">
        <ele>41.59999847412109375</ele>
        <time>2024-10-14T11:42:15.000Z</time>
        <extensions>
          <ns3:TrackPointExtension>
            <ns3:atemp>29.0</ns3:atemp>
            <ns3:hr>160</ns3:hr>
            <ns3:cad>90</ns3:cad>
          </ns3:TrackPointExtension>
        </extensions>
      </trkpt>
      <trkpt lat="31.99060072191059589385986328125" lon="118.77019263803958892822265625">
        <ele>41.59999847412109375</ele>
        <time>2024-10-14T11:42:16.000Z</time>
        <extensions>
          <ns3:TrackPointExtension>
            <ns3:atemp>29.0</ns3:atemp>
            <ns3:hr>160</ns3:hr>
            <ns3:cad>90</ns3:cad>
          </ns3:TrackPointExtension>
        </extensions>
      </trkpt>
      <trkpt lat="31.9905930943787097930908203125" lon="118.7702201306819915771484375">
        <ele>41.40000152587890625</ele>
        <time>2024-10-14T11:42:17.000Z</time>
        <extensions>
          <ns3:TrackPointExtension>
            <ns3:atemp>29.0</ns3:atemp>
            <ns3:hr>159</ns3:hr>
            <ns3:cad>89</ns3:cad>
          </ns3:TrackPointExtension>
        </extensions>
      </trkpt>
      <trkpt lat="31.99058764614164829254150390625" lon="118.77025743015110492706298828125">
        <ele>41.200000762939453125</ele>
        <time>2024-10-14T11:42:18.000Z</time>
        <extensions>
          <ns3:TrackPointExtension>
            <ns3:atemp>29.0</ns3:atemp>
            <ns3:hr>159</ns3:hr>
            <ns3:cad>89</ns3:cad>
          </ns3:TrackPointExtension>
        </extensions>
      </trkpt>
      <trkpt lat="31.99058479629456996917724609375" lon="118.770296238362789154052734375">
        <ele>41.200000762939453125</ele>
        <time>2024-10-14T11:42:19.000Z</time>
        <extensions>
          <ns3:TrackPointExtension>
            <ns3:atemp>29.0</ns3:atemp>
            <ns3:hr>159</ns3:hr>
            <ns3:cad>89</ns3:cad>
          </ns3:TrackPointExtension>
        </extensions>
      </trkpt>
      <trkpt lat="31.99058261699974536895751953125" lon="118.77033345401287078857421875">
        <ele>41</ele>
        <time>2024-10-14T11:42:20.000Z</time>
        <extensions>
          <ns3:TrackPointExtension>
            <ns3:atemp>29.0</ns3:atemp>
            <ns3:hr>159</ns3:hr>
            <ns3:cad>89</ns3:cad>
          </ns3:TrackPointExtension>
        </extensions>
      </trkpt>
      <trkpt lat="31.990578509867191314697265625" lon="118.77036471851170063018798828125">
        <ele>41</ele>
        <time>2024-10-14T11:42:21.000Z</time>
        <extensions>
          <ns3:TrackPointExtension>
            <ns3:atemp>29.0</ns3:atemp>
            <ns3:hr>159</ns3:hr>
            <ns3:cad>89</ns3:cad>
          </ns3:TrackPointExtension>
        </extensions>
      </trkpt>
      <trkpt lat="31.990574486553668975830078125" lon="118.7703936360776424407958984375">
        <ele>40.799999237060546875</ele>
        <time>2024-10-14T11:42:22.000Z</time>
        <extensions>
          <ns3:TrackPointExtension>
            <ns3:atemp>29.0</ns3:atemp>
            <ns3:hr>159</ns3:hr>
            <ns3:cad>90</ns3:cad>
          </ns3:TrackPointExtension>
        </extensions>
      </trkpt>
      <trkpt lat="31.990570463240146636962890625" lon="118.77042456530034542083740234375">
        <ele>40.59999847412109375</ele>
        <time>2024-10-14T11:42:23.000Z</time>
        <extensions>
          <ns3:TrackPointExtension>
            <ns3:atemp>29.0</ns3:atemp>
            <ns3:hr>160</ns3:hr>
            <ns3:cad>90</ns3:cad>
          </ns3:TrackPointExtension>
        </extensions>
      </trkpt>
      <trkpt lat="31.99056451208889484405517578125" lon="118.77045557834208011627197265625">
        <ele>40.59999847412109375</ele>
        <time>2024-10-14T11:42:24.000Z</time>
        <extensions>
          <ns3:TrackPointExtension>
            <ns3:atemp>29.0</ns3:atemp>
            <ns3:hr>160</ns3:hr>
            <ns3:cad>90</ns3:cad>
          </ns3:TrackPointExtension>
        </extensions>
      </trkpt>
      <trkpt lat="31.99055730365216732025146484375" lon="118.7704888544976711273193359375">
        <ele>40.40000152587890625</ele>
        <time>2024-10-14T11:42:25.000Z</time>
        <extensions>
          <ns3:TrackPointExtension>
            <ns3:atemp>29.0</ns3:atemp>
            <ns3:hr>159</ns3:hr>
            <ns3:cad>89</ns3:cad>
          </ns3:TrackPointExtension>
        </extensions>
      </trkpt>
      <trkpt lat="31.9905474968254566192626953125" lon="118.7705233879387378692626953125">
        <ele>40.200000762939453125</ele>
        <time>2024-10-14T11:42:26.000Z</time>
        <extensions>
          <ns3:TrackPointExtension>
            <ns3:atemp>29.0</ns3:atemp>
            <ns3:hr>159</ns3:hr>
            <ns3:cad>89</ns3:cad>
          </ns3:TrackPointExtension>
        </extensions>
      </trkpt>
      <trkpt lat="31.99053861200809478759765625" lon="118.77055741846561431884765625">
        <ele>40</ele>
        <time>2024-10-14T11:42:27.000Z</time>
        <extensions>
          <ns3:TrackPointExtension>
            <ns3:atemp>28.0</ns3:atemp>
            <ns3:hr>158</ns3:hr>
            <ns3:cad>89</ns3:cad>
          </ns3:TrackPointExtension>
        </extensions>
      </trkpt>
      <trkpt lat="31.99052947573363780975341796875" lon="118.770591281354427337646484375">
        <ele>39.799999237060546875</ele>
        <time>2024-10-14T11:42:28.000Z</time>
        <extensions>
          <ns3:TrackPointExtension>
            <ns3:atemp>28.0</ns3:atemp>
            <ns3:hr>158</ns3:hr>
            <ns3:cad>89</ns3:cad>
          </ns3:TrackPointExtension>
        </extensions>
      </trkpt>
      <trkpt lat="31.99052117764949798583984375" lon="118.7706253118813037872314453125">
        <ele>39.799999237060546875</ele>
        <time>2024-10-14T11:42:29.000Z</time>
        <extensions>
          <ns3:TrackPointExtension>
            <ns3:atemp>29.0</ns3:atemp>
            <ns3:hr>158</ns3:hr>
            <ns3:cad>91</ns3:cad>
          </ns3:TrackPointExtension>
        </extensions>
      </trkpt>
      <trkpt lat="31.99051204137504100799560546875" lon="118.77065523527562618255615234375">
        <ele>39.59999847412109375</ele>
        <time>2024-10-14T11:42:30.000Z</time>
        <extensions>
          <ns3:TrackPointExtension>
            <ns3:atemp>29.0</ns3:atemp>
            <ns3:hr>158</ns3:hr>
            <ns3:cad>91</ns3:cad>
          </ns3:TrackPointExtension>
        </extensions>
      </trkpt>
      <trkpt lat="31.9905045814812183380126953125" lon="118.77068708650767803192138671875">
        <ele>39.59999847412109375</ele>
        <time>2024-10-14T11:42:31.000Z</time>
        <extensions>
          <ns3:TrackPointExtension>
            <ns3:atemp>29.0</ns3:atemp>
            <ns3:hr>158</ns3:hr>
            <ns3:cad>92</ns3:cad>
          </ns3:TrackPointExtension>
        </extensions>
      </trkpt>
      <trkpt lat="31.9904963672161102294921875" lon="118.7707136571407318115234375">
        <ele>39.40000152587890625</ele>
        <time>2024-10-14T11:42:32.000Z</time>
        <extensions>
          <ns3:TrackPointExtension>
            <ns3:atemp>29.0</ns3:atemp>
            <ns3:hr>158</ns3:hr>
            <ns3:cad>92</ns3:cad>
          </ns3:TrackPointExtension>
        </extensions>
      </trkpt>
      <trkpt lat="31.99049167335033416748046875" lon="118.77074324525892734527587890625">
        <ele>39.200000762939453125</ele>
        <time>2024-10-14T11:42:33.000Z</time>
        <extensions>
          <ns3:TrackPointExtension>
            <ns3:atemp>28.0</ns3:atemp>
            <ns3:hr>158</ns3:hr>
            <ns3:cad>92</ns3:cad>
          </ns3:TrackPointExtension>
        </extensions>
      </trkpt>
      <trkpt lat="31.99048672802746295928955078125" lon="118.77077006734907627105712890625">
        <ele>39.200000762939453125</ele>
        <time>2024-10-14T11:42:34.000Z</time>
        <extensions>
          <ns3:TrackPointExtension>
            <ns3:atemp>28.0</ns3:atemp>
            <ns3:hr>159</ns3:hr>
            <ns3:cad>93</ns3:cad>
          </ns3:TrackPointExtension>
        </extensions>
      </trkpt>
      <trkpt lat="31.99048371054232120513916015625" lon="118.77080284059047698974609375">
        <ele>39</ele>
        <time>2024-10-14T11:42:35.000Z</time>
        <extensions>
          <ns3:TrackPointExtension>
            <ns3:atemp>28.0</ns3:atemp>
            <ns3:hr>159</ns3:hr>
            <ns3:cad>93</ns3:cad>
          </ns3:TrackPointExtension>
        </extensions>
      </trkpt>
      <trkpt lat="31.9904794357717037200927734375" lon="118.77083645202219486236572265625">
        <ele>38.799999237060546875</ele>
        <time>2024-10-14T11:42:36.000Z</time>
        <extensions>
          <ns3:TrackPointExtension>
            <ns3:atemp>29.0</ns3:atemp>
            <ns3:hr>159</ns3:hr>
            <ns3:cad>93</ns3:cad>
          </ns3:TrackPointExtension>
        </extensions>
      </trkpt>
      <trkpt lat="31.9904780946671962738037109375" lon="118.77087400294840335845947265625">
        <ele>38.799999237060546875</ele>
        <time>2024-10-14T11:42:37.000Z</time>
        <extensions>
          <ns3:TrackPointExtension>
            <ns3:atemp>28.0</ns3:atemp>
            <ns3:hr>159</ns3:hr>
            <ns3:cad>93</ns3:cad>
          </ns3:TrackPointExtension>
        </extensions>
      </trkpt>
      <trkpt lat="31.99047231115400791168212890625" lon="118.7709094583988189697265625">
        <ele>38.59999847412109375</ele>
        <time>2024-10-14T11:42:38.000Z</time>
        <extensions>
          <ns3:TrackPointExtension>
            <ns3:atemp>28.0</ns3:atemp>
            <ns3:hr>159</ns3:hr>
            <ns3:cad>93</ns3:cad>
          </ns3:TrackPointExtension>
        </extensions>
      </trkpt>
      <trkpt lat="31.99046744965016841888427734375" lon="118.7709455005824565887451171875">
        <ele>38.59999847412109375</ele>
        <time>2024-10-14T11:42:39.000Z</time>
        <extensions>
          <ns3:TrackPointExtension>
            <ns3:atemp>28.0</ns3:atemp>
            <ns3:hr>159</ns3:hr>
            <ns3:cad>93</ns3:cad>
          </ns3:TrackPointExtension>
        </extensions>
      </trkpt>
      <trkpt lat="31.9904616661369800567626953125" lon="118.77097718417644500732421875">
        <ele>38.40000152587890625</ele>
        <time>2024-10-14T11:42:40.000Z</time>
        <extensions>
          <ns3:TrackPointExtension>
            <ns3:atemp>28.0</ns3:atemp>
            <ns3:hr>159</ns3:hr>
            <ns3:cad>93</ns3:cad>
          </ns3:TrackPointExtension>
        </extensions>
      </trkpt>
      <trkpt lat="31.99045621789991855621337890625" lon="118.77100861631333827972412109375">
        <ele>38.200000762939453125</ele>
        <time>2024-10-14T11:42:41.000Z</time>
        <extensions>
          <ns3:TrackPointExtension>
            <ns3:atemp>28.0</ns3:atemp>
            <ns3:hr>159</ns3:hr>
            <ns3:cad>93</ns3:cad>
          </ns3:TrackPointExtension>
        </extensions>
      </trkpt>
      <trkpt lat="31.99044900946319103240966796875" lon="118.771041892468929290771484375">
        <ele>38.200000762939453125</ele>
        <time>2024-10-14T11:42:42.000Z</time>
        <extensions>
          <ns3:TrackPointExtension>
            <ns3:atemp>28.0</ns3:atemp>
            <ns3:hr>159</ns3:hr>
            <ns3:cad>93</ns3:cad>
          </ns3:TrackPointExtension>
        </extensions>
      </trkpt>
      <trkpt lat="31.9904418848454952239990234375" lon="118.77107449807226657867431640625">
        <ele>38</ele>
        <time>2024-10-14T11:42:43.000Z</time>
        <extensions>
          <ns3:TrackPointExtension>
            <ns3:atemp>28.0</ns3:atemp>
            <ns3:hr>159</ns3:hr>
            <ns3:cad>93</ns3:cad>
          </ns3:TrackPointExtension>
        </extensions>
      </trkpt>
      <trkpt lat="31.99043509550392627716064453125" lon="118.7711079418659210205078125">
        <ele>38</ele>
        <time>2024-10-14T11:42:44.000Z</time>
        <extensions>
          <ns3:TrackPointExtension>
            <ns3:atemp>28.0</ns3:atemp>
            <ns3:hr>159</ns3:hr>
            <ns3:cad>92</ns3:cad>
          </ns3:TrackPointExtension>
        </extensions>
      </trkpt>
      <trkpt lat="31.9904264621436595916748046875" lon="118.77113836817443370819091796875">
        <ele>37.799999237060546875</ele>
        <time>2024-10-14T11:42:45.000Z</time>
        <extensions>
          <ns3:TrackPointExtension>
            <ns3:atemp>28.0</ns3:atemp>
            <ns3:hr>159</ns3:hr>
            <ns3:cad>92</ns3:cad>
          </ns3:TrackPointExtension>
        </extensions>
      </trkpt>
      <trkpt lat="31.9904190860688686370849609375" lon="118.77117164433002471923828125">
        <ele>37.59999847412109375</ele>
        <time>2024-10-14T11:42:46.000Z</time>
        <extensions>
          <ns3:TrackPointExtension>
            <ns3:atemp>28.0</ns3:atemp>
            <ns3:hr>159</ns3:hr>
            <ns3:cad>92</ns3:cad>
          </ns3:TrackPointExtension>
        </extensions>
      </trkpt>
      <trkpt lat="31.99041296727955341339111328125" lon="118.771200813353061676025390625">
        <ele>37.40000152587890625</ele>
        <time>2024-10-14T11:42:47.000Z</time>
        <extensions>
          <ns3:TrackPointExtension>
            <ns3:atemp>28.0</ns3:atemp>
            <ns3:hr>159</ns3:hr>
            <ns3:cad>94</ns3:cad>
          </ns3:TrackPointExtension>
        </extensions>
      </trkpt>
      <trkpt lat="31.99040777049958705902099609375" lon="118.77123140729963779449462890625">
        <ele>37.200000762939453125</ele>
        <time>2024-10-14T11:42:48.000Z</time>
        <extensions>
          <ns3:TrackPointExtension>
            <ns3:atemp>28.0</ns3:atemp>
            <ns3:hr>160</ns3:hr>
            <ns3:cad>94</ns3:cad>
          </ns3:TrackPointExtension>
        </extensions>
      </trkpt>
      <trkpt lat="31.9904016517102718353271484375" lon="118.77126141451299190521240234375">
        <ele>37.200000762939453125</ele>
        <time>2024-10-14T11:42:49.000Z</time>
        <extensions>
          <ns3:TrackPointExtension>
            <ns3:atemp>28.0</ns3:atemp>
            <ns3:hr>160</ns3:hr>
            <ns3:cad>93</ns3:cad>
          </ns3:TrackPointExtension>
        </extensions>
      </trkpt>
      <trkpt lat="31.9903962872922420501708984375" lon="118.7712975405156612396240234375">
        <ele>37</ele>
        <time>2024-10-14T11:42:50.000Z</time>
        <extensions>
          <ns3:TrackPointExtension>
            <ns3:atemp>28.0</ns3:atemp>
            <ns3:hr>160</ns3:hr>
            <ns3:cad>93</ns3:cad>
          </ns3:TrackPointExtension>
        </extensions>
      </trkpt>
      <trkpt lat="31.99039041996002197265625" lon="118.77133299596607685089111328125">
        <ele>37</ele>
        <time>2024-10-14T11:42:51.000Z</time>
        <extensions>
          <ns3:TrackPointExtension>
            <ns3:atemp>28.0</ns3:atemp>
            <ns3:hr>160</ns3:hr>
            <ns3:cad>93</ns3:cad>
          </ns3:TrackPointExtension>
        </extensions>
      </trkpt>
      <trkpt lat="31.9903858937323093414306640625" lon="118.7713676132261753082275390625">
        <ele>36.799999237060546875</ele>
        <time>2024-10-14T11:42:52.000Z</time>
        <extensions>
          <ns3:TrackPointExtension>
            <ns3:atemp>28.0</ns3:atemp>
            <ns3:hr>160</ns3:hr>
            <ns3:cad>93</ns3:cad>
          </ns3:TrackPointExtension>
        </extensions>
      </trkpt>
      <trkpt lat="31.99037994258105754852294921875" lon="118.7713991291821002960205078125">
        <ele>36.799999237060546875</ele>
        <time>2024-10-14T11:42:53.000Z</time>
        <extensions>
          <ns3:TrackPointExtension>
            <ns3:atemp>28.0</ns3:atemp>
            <ns3:hr>160</ns3:hr>
            <ns3:cad>93</ns3:cad>
          </ns3:TrackPointExtension>
        </extensions>
      </trkpt>
      <trkpt lat="31.99037860147655010223388671875" lon="118.77143290825188159942626953125">
        <ele>36.59999847412109375</ele>
        <time>2024-10-14T11:42:54.000Z</time>
        <extensions>
          <ns3:TrackPointExtension>
            <ns3:atemp>28.0</ns3:atemp>
            <ns3:hr>160</ns3:hr>
            <ns3:cad>93</ns3:cad>
          </ns3:TrackPointExtension>
        </extensions>
      </trkpt>
      <trkpt lat="31.99037675745785236358642578125" lon="118.77146207727491855621337890625">
        <ele>36.40000152587890625</ele>
        <time>2024-10-14T11:42:55.000Z</time>
        <extensions>
          <ns3:TrackPointExtension>
            <ns3:atemp>28.0</ns3:atemp>
            <ns3:hr>160</ns3:hr>
            <ns3:cad>93</ns3:cad>
          </ns3:TrackPointExtension>
        </extensions>
      </trkpt>
      <trkpt lat="31.99037675745785236358642578125" lon="118.7714956887066364288330078125">
        <ele>36.40000152587890625</ele>
        <time>2024-10-14T11:42:56.000Z</time>
        <extensions>
          <ns3:TrackPointExtension>
            <ns3:atemp>28.0</ns3:atemp>
            <ns3:hr>160</ns3:hr>
            <ns3:cad>93</ns3:cad>
          </ns3:TrackPointExtension>
        </extensions>
      </trkpt>
      <trkpt lat="31.99037340469658374786376953125" lon="118.771527707576751708984375">
        <ele>36.200000762939453125</ele>
        <time>2024-10-14T11:42:57.000Z</time>
        <extensions>
          <ns3:TrackPointExtension>
            <ns3:atemp>28.0</ns3:atemp>
            <ns3:hr>160</ns3:hr>
            <ns3:cad>93</ns3:cad>
          </ns3:TrackPointExtension>
        </extensions>
      </trkpt>
      <trkpt lat="31.99036686681210994720458984375" lon="118.77155763097107410430908203125">
        <ele>36.200000762939453125</ele>
        <time>2024-10-14T11:42:58.000Z</time>
        <extensions>
          <ns3:TrackPointExtension>
            <ns3:atemp>28.0</ns3:atemp>
            <ns3:hr>160</ns3:hr>
            <ns3:cad>93</ns3:cad>
          </ns3:TrackPointExtension>
        </extensions>
      </trkpt>
      <trkpt lat="31.99035865254700183868408203125" lon="118.7715880572795867919921875">
        <ele>36.200000762939453125</ele>
        <time>2024-10-14T11:42:59.000Z</time>
        <extensions>
          <ns3:TrackPointExtension>
            <ns3:atemp>28.0</ns3:atemp>
            <ns3:hr>160</ns3:hr>
            <ns3:cad>93</ns3:cad>
          </ns3:TrackPointExtension>
        </extensions>
      </trkpt>
      <trkpt lat="31.99034993536770343780517578125" lon="118.7716204114258289337158203125">
        <ele>35.799999237060546875</ele>
        <time>2024-10-14T11:43:00.000Z</time>
        <extensions>
          <ns3:TrackPointExtension>
            <ns3:atemp>28.0</ns3:atemp>
            <ns3:hr>160</ns3:hr>
            <ns3:cad>93</ns3:cad>
          </ns3:TrackPointExtension>
        </extensions>
      </trkpt>
      <trkpt lat="31.99034339748322963714599609375" lon="118.77164999954402446746826171875">
        <ele>35.799999237060546875</ele>
        <time>2024-10-14T11:43:01.000Z</time>
        <extensions>
          <ns3:TrackPointExtension>
            <ns3:atemp>28.0</ns3:atemp>
            <ns3:hr>160</ns3:hr>
            <ns3:cad>92</ns3:cad>
          </ns3:TrackPointExtension>
        </extensions>
      </trkpt>
      <trkpt lat="31.99033744633197784423828125" lon="118.77168034203350543975830078125">
        <ele>35.799999237060546875</ele>
        <time>2024-10-14T11:43:02.000Z</time>
        <extensions>
          <ns3:TrackPointExtension>
            <ns3:atemp>28.0</ns3:atemp>
            <ns3:hr>160</ns3:hr>
            <ns3:cad>92</ns3:cad>
          </ns3:TrackPointExtension>
        </extensions>
      </trkpt>
      <trkpt lat="31.99033233337104320526123046875" lon="118.77171479165554046630859375">
        <ele>35.59999847412109375</ele>
        <time>2024-10-14T11:43:03.000Z</time>
        <extensions>
          <ns3:TrackPointExtension>
            <ns3:atemp>28.0</ns3:atemp>
            <ns3:hr>160</ns3:hr>
            <ns3:cad>93</ns3:cad>
          </ns3:TrackPointExtension>
        </extensions>
      </trkpt>
      <trkpt lat="31.990327723324298858642578125" lon="118.7717451341450214385986328125">
        <ele>35.59999847412109375</ele>
        <time>2024-10-14T11:43:04.000Z</time>
        <extensions>
          <ns3:TrackPointExtension>
            <ns3:atemp>28.0</ns3:atemp>
            <ns3:hr>160</ns3:hr>
            <ns3:cad>93</ns3:cad>
          </ns3:TrackPointExtension>
        </extensions>
      </trkpt>
      <trkpt lat="31.99032361619174480438232421875" lon="118.771777488291263580322265625">
        <ele>35.40000152587890625</ele>
        <time>2024-10-14T11:43:05.000Z</time>
        <extensions>
          <ns3:TrackPointExtension>
            <ns3:atemp>28.0</ns3:atemp>
            <ns3:hr>160</ns3:hr>
            <ns3:cad>93</ns3:cad>
          </ns3:TrackPointExtension>
        </extensions>
      </trkpt>
      <trkpt lat="31.9903193414211273193359375" lon="118.771807663142681121826171875">
        <ele>35.200000762939453125</ele>
        <time>2024-10-14T11:43:06.000Z</time>
        <extensions>
          <ns3:TrackPointExtension>
            <ns3:atemp>28.0</ns3:atemp>
            <ns3:hr>160</ns3:hr>
            <ns3:cad>93</ns3:cad>
          </ns3:TrackPointExtension>
        </extensions>
      </trkpt>
      <trkpt lat="31.99031523428857326507568359375" lon="118.77184228040277957916259765625">
        <ele>35.200000762939453125</ele>
        <time>2024-10-14T11:43:07.000Z</time>
        <extensions>
          <ns3:TrackPointExtension>
            <ns3:atemp>28.0</ns3:atemp>
            <ns3:hr>160</ns3:hr>
            <ns3:cad>93</ns3:cad>
          </ns3:TrackPointExtension>
        </extensions>
      </trkpt>
      <trkpt lat="31.99031221680343151092529296875" lon="118.771872706711292266845703125">
        <ele>35</ele>
        <time>2024-10-14T11:43:08.000Z</time>
        <extensions>
          <ns3:TrackPointExtension>
            <ns3:atemp>28.0</ns3:atemp>
            <ns3:hr>160</ns3:hr>
            <ns3:cad>93</ns3:cad>
          </ns3:TrackPointExtension>
        </extensions>
      </trkpt>
      <trkpt lat="31.99031087569892406463623046875" lon="118.77190715633332729339599609375">
        <ele>35</ele>
        <time>2024-10-14T11:43:09.000Z</time>
        <extensions>
          <ns3:TrackPointExtension>
            <ns3:atemp>28.0</ns3:atemp>
            <ns3:hr>160</ns3:hr>
            <ns3:cad>93</ns3:cad>
          </ns3:TrackPointExtension>
        </extensions>
      </trkpt>
      <trkpt lat="31.99030953459441661834716796875" lon="118.771938420832157135009765625">
        <ele>34.799999237060546875</ele>
        <time>2024-10-14T11:43:10.000Z</time>
        <extensions>
          <ns3:TrackPointExtension>
            <ns3:atemp>28.0</ns3:atemp>
            <ns3:hr>160</ns3:hr>
            <ns3:cad>93</ns3:cad>
          </ns3:TrackPointExtension>
        </extensions>
      </trkpt>
      <trkpt lat="31.9903099536895751953125" lon="118.7719690985977649688720703125">
        <ele>34.59999847412109375</ele>
        <time>2024-10-14T11:43:11.000Z</time>
        <extensions>
          <ns3:TrackPointExtension>
            <ns3:atemp>28.0</ns3:atemp>
            <ns3:hr>160</ns3:hr>
            <ns3:cad>93</ns3:cad>
          </ns3:TrackPointExtension>
        </extensions>
      </trkpt>
      <trkpt lat="31.99030802585184574127197265625" lon="118.77200220711529254913330078125">
        <ele>34.59999847412109375</ele>
        <time>2024-10-14T11:43:12.000Z</time>
        <extensions>
          <ns3:TrackPointExtension>
            <ns3:atemp>28.0</ns3:atemp>
            <ns3:hr>160</ns3:hr>
            <ns3:cad>93</ns3:cad>
          </ns3:TrackPointExtension>
        </extensions>
      </trkpt>
      <trkpt lat="31.9903067685663700103759765625" lon="118.7720385007560253143310546875">
        <ele>34.40000152587890625</ele>
        <time>2024-10-14T11:43:13.000Z</time>
        <extensions>
          <ns3:TrackPointExtension>
            <ns3:atemp>28.0</ns3:atemp>
            <ns3:hr>160</ns3:hr>
            <ns3:cad>93</ns3:cad>
          </ns3:TrackPointExtension>
        </extensions>
      </trkpt>
      <trkpt lat="31.99030651710927486419677734375" lon="118.772071190178394317626953125">
        <ele>34.200000762939453125</ele>
        <time>2024-10-14T11:43:14.000Z</time>
        <extensions>
          <ns3:TrackPointExtension>
            <ns3:atemp>28.0</ns3:atemp>
            <ns3:hr>160</ns3:hr>
            <ns3:cad>93</ns3:cad>
          </ns3:TrackPointExtension>
        </extensions>
      </trkpt>
      <trkpt lat="31.99030500836670398712158203125" lon="118.77210865728557109832763671875">
        <ele>34.200000762939453125</ele>
        <time>2024-10-14T11:43:15.000Z</time>
        <extensions>
          <ns3:TrackPointExtension>
            <ns3:atemp>28.0</ns3:atemp>
            <ns3:hr>160</ns3:hr>
            <ns3:cad>92</ns3:cad>
          </ns3:TrackPointExtension>
        </extensions>
      </trkpt>
      <trkpt lat="31.99030333198606967926025390625" lon="118.77214134670794010162353515625">
        <ele>34.200000762939453125</ele>
        <time>2024-10-14T11:43:16.000Z</time>
        <extensions>
          <ns3:TrackPointExtension>
            <ns3:atemp>28.0</ns3:atemp>
            <ns3:hr>160</ns3:hr>
            <ns3:cad>92</ns3:cad>
          </ns3:TrackPointExtension>
        </extensions>
      </trkpt>
      <trkpt lat="31.99030123651027679443359375" lon="118.772177807986736297607421875">
        <ele>34</ele>
        <time>2024-10-14T11:43:17.000Z</time>
        <extensions>
          <ns3:TrackPointExtension>
            <ns3:atemp>28.0</ns3:atemp>
            <ns3:hr>160</ns3:hr>
            <ns3:cad>92</ns3:cad>
          </ns3:TrackPointExtension>
        </extensions>
      </trkpt>
      <trkpt lat="31.990299560129642486572265625" lon="118.77221259288489818572998046875">
        <ele>33.799999237060546875</ele>
        <time>2024-10-14T11:43:18.000Z</time>
        <extensions>
          <ns3:TrackPointExtension>
            <ns3:atemp>28.0</ns3:atemp>
            <ns3:hr>160</ns3:hr>
            <ns3:cad>91</ns3:cad>
          </ns3:TrackPointExtension>
        </extensions>
      </trkpt>
      <trkpt lat="31.9902983866631984710693359375" lon="118.77225047908723354339599609375">
        <ele>33.799999237060546875</ele>
        <time>2024-10-14T11:43:19.000Z</time>
        <extensions>
          <ns3:TrackPointExtension>
            <ns3:atemp>28.0</ns3:atemp>
            <ns3:hr>160</ns3:hr>
            <ns3:cad>91</ns3:cad>
          </ns3:TrackPointExtension>
        </extensions>
      </trkpt>
      <trkpt lat="31.9902980513870716094970703125" lon="118.77227847464382648468017578125">
        <ele>33.40000152587890625</ele>
        <time>2024-10-14T11:43:20.000Z</time>
        <extensions>
          <ns3:TrackPointExtension>
            <ns3:atemp>28.0</ns3:atemp>
            <ns3:hr>160</ns3:hr>
            <ns3:cad>90</ns3:cad>
          </ns3:TrackPointExtension>
        </extensions>
      </trkpt>
      <trkpt lat="31.990298219025135040283203125" lon="118.77231250517070293426513671875">
        <ele>33.40000152587890625</ele>
        <time>2024-10-14T11:43:21.000Z</time>
        <extensions>
          <ns3:TrackPointExtension>
            <ns3:atemp>28.0</ns3:atemp>
            <ns3:hr>160</ns3:hr>
            <ns3:cad>90</ns3:cad>
          </ns3:TrackPointExtension>
        </extensions>
      </trkpt>
      <trkpt lat="31.99029989540576934814453125" lon="118.77234620042145252227783203125">
        <ele>33.40000152587890625</ele>
        <time>2024-10-14T11:43:22.000Z</time>
        <extensions>
          <ns3:TrackPointExtension>
            <ns3:atemp>28.0</ns3:atemp>
            <ns3:hr>160</ns3:hr>
            <ns3:cad>90</ns3:cad>
          </ns3:TrackPointExtension>
        </extensions>
      </trkpt>
      <trkpt lat="31.99029989540576934814453125" lon="118.7723788060247898101806640625">
        <ele>33.200000762939453125</ele>
        <time>2024-10-14T11:43:23.000Z</time>
        <extensions>
          <ns3:TrackPointExtension>
            <ns3:atemp>28.0</ns3:atemp>
            <ns3:hr>160</ns3:hr>
            <ns3:cad>90</ns3:cad>
          </ns3:TrackPointExtension>
        </extensions>
      </trkpt>
      <trkpt lat="31.99030081741511821746826171875" lon="118.77241350710391998291015625">
        <ele>33.200000762939453125</ele>
        <time>2024-10-14T11:43:24.000Z</time>
        <extensions>
          <ns3:TrackPointExtension>
            <ns3:atemp>28.0</ns3:atemp>
            <ns3:hr>160</ns3:hr>
            <ns3:cad>90</ns3:cad>
          </ns3:TrackPointExtension>
        </extensions>
      </trkpt>
      <trkpt lat="31.99030282907187938690185546875" lon="118.77245080657303333282470703125">
        <ele>33</ele>
        <time>2024-10-14T11:43:25.000Z</time>
        <extensions>
          <ns3:TrackPointExtension>
            <ns3:atemp>28.0</ns3:atemp>
            <ns3:hr>160</ns3:hr>
            <ns3:cad>90</ns3:cad>
          </ns3:TrackPointExtension>
        </extensions>
      </trkpt>
      <trkpt lat="31.990303583443164825439453125" lon="118.772486262023448944091796875">
        <ele>32.799999237060546875</ele>
        <time>2024-10-14T11:43:26.000Z</time>
        <extensions>
          <ns3:TrackPointExtension>
            <ns3:atemp>28.0</ns3:atemp>
            <ns3:hr>160</ns3:hr>
            <ns3:cad>90</ns3:cad>
          </ns3:TrackPointExtension>
        </extensions>
      </trkpt>
      <trkpt lat="31.99030433781445026397705078125" lon="118.7725174427032470703125">
        <ele>32.799999237060546875</ele>
        <time>2024-10-14T11:43:27.000Z</time>
        <extensions>
          <ns3:TrackPointExtension>
            <ns3:atemp>28.0</ns3:atemp>
            <ns3:hr>160</ns3:hr>
            <ns3:cad>90</ns3:cad>
          </ns3:TrackPointExtension>
        </extensions>
      </trkpt>
      <trkpt lat="31.9903054274618625640869140625" lon="118.772547282278537750244140625">
        <ele>32.59999847412109375</ele>
        <time>2024-10-14T11:43:28.000Z</time>
        <extensions>
          <ns3:TrackPointExtension>
            <ns3:atemp>28.0</ns3:atemp>
            <ns3:hr>160</ns3:hr>
            <ns3:cad>89</ns3:cad>
          </ns3:TrackPointExtension>
        </extensions>
      </trkpt>
      <trkpt lat="31.99030584655702114105224609375" lon="118.77257687039673328399658203125">
        <ele>32.59999847412109375</ele>
        <time>2024-10-14T11:43:29.000Z</time>
        <extensions>
          <ns3:TrackPointExtension>
            <ns3:atemp>28.0</ns3:atemp>
            <ns3:hr>160</ns3:hr>
            <ns3:cad>89</ns3:cad>
          </ns3:TrackPointExtension>
        </extensions>
      </trkpt>
      <trkpt lat="31.9903097860515117645263671875" lon="118.77260670997202396392822265625">
        <ele>32.40000152587890625</ele>
        <time>2024-10-14T11:43:30.000Z</time>
        <extensions>
          <ns3:TrackPointExtension>
            <ns3:atemp>28.0</ns3:atemp>
            <ns3:hr>160</ns3:hr>
            <ns3:cad>89</ns3:cad>
          </ns3:TrackPointExtension>
        </extensions>
      </trkpt>
      <trkpt lat="31.9903158210217952728271484375" lon="118.7726386450231075286865234375">
        <ele>32.40000152587890625</ele>
        <time>2024-10-14T11:43:31.000Z</time>
        <extensions>
          <ns3:TrackPointExtension>
            <ns3:atemp>28.0</ns3:atemp>
            <ns3:hr>160</ns3:hr>
            <ns3:cad>89</ns3:cad>
          </ns3:TrackPointExtension>
        </extensions>
      </trkpt>
      <trkpt lat="31.9903208501636981964111328125" lon="118.7726725079119205474853515625">
        <ele>32.200000762939453125</ele>
        <time>2024-10-14T11:43:32.000Z</time>
        <extensions>
          <ns3:TrackPointExtension>
            <ns3:atemp>28.0</ns3:atemp>
            <ns3:hr>160</ns3:hr>
            <ns3:cad>88</ns3:cad>
          </ns3:TrackPointExtension>
        </extensions>
      </trkpt>
      <trkpt lat="31.9903272204101085662841796875" lon="118.7727046944200992584228515625">
        <ele>32.200000762939453125</ele>
        <time>2024-10-14T11:43:33.000Z</time>
        <extensions>
          <ns3:TrackPointExtension>
            <ns3:atemp>28.0</ns3:atemp>
            <ns3:hr>160</ns3:hr>
            <ns3:cad>89</ns3:cad>
          </ns3:TrackPointExtension>
        </extensions>
      </trkpt>
      <trkpt lat="31.99032939970493316650390625" lon="118.7727368809282779693603515625">
        <ele>32</ele>
        <time>2024-10-14T11:43:34.000Z</time>
        <extensions>
          <ns3:TrackPointExtension>
            <ns3:atemp>28.0</ns3:atemp>
            <ns3:hr>160</ns3:hr>
            <ns3:cad>89</ns3:cad>
          </ns3:TrackPointExtension>
        </extensions>
      </trkpt>
      <trkpt lat="31.99032931588590145111083984375" lon="118.7727683968842029571533203125">
        <ele>31.799999237060546875</ele>
        <time>2024-10-14T11:43:35.000Z</time>
        <extensions>
          <ns3:TrackPointExtension>
            <ns3:atemp>28.0</ns3:atemp>
            <ns3:hr>160</ns3:hr>
            <ns3:cad>90</ns3:cad>
          </ns3:TrackPointExtension>
        </extensions>
      </trkpt>
      <trkpt lat="31.99033032171428203582763671875" lon="118.7728022597730159759521484375">
        <ele>31.6000003814697265625</ele>
        <time>2024-10-14T11:43:36.000Z</time>
        <extensions>
          <ns3:TrackPointExtension>
            <ns3:atemp>28.0</ns3:atemp>
            <ns3:hr>159</ns3:hr>
            <ns3:cad>90</ns3:cad>
          </ns3:TrackPointExtension>
        </extensions>
      </trkpt>
      <trkpt lat="31.990329734981060028076171875" lon="118.77283394336700439453125">
        <ele>31.3999996185302734375</ele>
        <time>2024-10-14T11:43:37.000Z</time>
        <extensions>
          <ns3:TrackPointExtension>
            <ns3:atemp>28.0</ns3:atemp>
            <ns3:hr>159</ns3:hr>
            <ns3:cad>90</ns3:cad>
          </ns3:TrackPointExtension>
        </extensions>
      </trkpt>
      <trkpt lat="31.99033115990459918975830078125" lon="118.77286654897034168243408203125">
        <ele>31.3999996185302734375</ele>
        <time>2024-10-14T11:43:38.000Z</time>
        <extensions>
          <ns3:TrackPointExtension>
            <ns3:atemp>28.0</ns3:atemp>
            <ns3:hr>159</ns3:hr>
            <ns3:cad>90</ns3:cad>
          </ns3:TrackPointExtension>
        </extensions>
      </trkpt>
      <trkpt lat="31.99033333919942378997802734375" lon="118.77289823256433010101318359375">
        <ele>31.3999996185302734375</ele>
        <time>2024-10-14T11:43:39.000Z</time>
        <extensions>
          <ns3:TrackPointExtension>
            <ns3:atemp>28.0</ns3:atemp>
            <ns3:hr>160</ns3:hr>
            <ns3:cad>90</ns3:cad>
          </ns3:TrackPointExtension>
        </extensions>
      </trkpt>
      <trkpt lat="31.9903359375894069671630859375" lon="118.77293209545314311981201171875">
        <ele>31.200000762939453125</ele>
        <time>2024-10-14T11:43:40.000Z</time>
        <extensions>
          <ns3:TrackPointExtension>
            <ns3:atemp>28.0</ns3:atemp>
            <ns3:hr>160</ns3:hr>
            <ns3:cad>90</ns3:cad>
          </ns3:TrackPointExtension>
        </extensions>
      </trkpt>
      <trkpt lat="31.99034037999808788299560546875" lon="118.77296109683811664581298828125">
        <ele>31</ele>
        <time>2024-10-14T11:43:41.000Z</time>
        <extensions>
          <ns3:TrackPointExtension>
            <ns3:atemp>28.0</ns3:atemp>
            <ns3:hr>160</ns3:hr>
            <ns3:cad>90</ns3:cad>
          </ns3:TrackPointExtension>
        </extensions>
      </trkpt>
      <trkpt lat="31.99034507386386394500732421875" lon="118.77299152314662933349609375">
        <ele>30.799999237060546875</ele>
        <time>2024-10-14T11:43:42.000Z</time>
        <extensions>
          <ns3:TrackPointExtension>
            <ns3:atemp>28.0</ns3:atemp>
            <ns3:hr>160</ns3:hr>
            <ns3:cad>90</ns3:cad>
          </ns3:TrackPointExtension>
        </extensions>
      </trkpt>
      <trkpt lat="31.990349851548671722412109375" lon="118.77301909960806369781494140625">
        <ele>30.799999237060546875</ele>
        <time>2024-10-14T11:43:43.000Z</time>
        <extensions>
          <ns3:TrackPointExtension>
            <ns3:atemp>28.0</ns3:atemp>
            <ns3:hr>160</ns3:hr>
            <ns3:cad>89</ns3:cad>
          </ns3:TrackPointExtension>
        </extensions>
      </trkpt>
      <trkpt lat="31.9903542101383209228515625" lon="118.77305262722074985504150390625">
        <ele>30.6000003814697265625</ele>
        <time>2024-10-14T11:43:44.000Z</time>
        <extensions>
          <ns3:TrackPointExtension>
            <ns3:atemp>28.0</ns3:atemp>
            <ns3:hr>160</ns3:hr>
            <ns3:cad>89</ns3:cad>
          </ns3:TrackPointExtension>
        </extensions>
      </trkpt>
      <trkpt lat="31.9903577305376529693603515625" lon="118.7730848975479602813720703125">
        <ele>30.6000003814697265625</ele>
        <time>2024-10-14T11:43:45.000Z</time>
        <extensions>
          <ns3:TrackPointExtension>
            <ns3:atemp>28.0</ns3:atemp>
            <ns3:hr>160</ns3:hr>
            <ns3:cad>89</ns3:cad>
          </ns3:TrackPointExtension>
        </extensions>
      </trkpt>
      <trkpt lat="31.9903610832989215850830078125" lon="118.77311700023710727691650390625">
        <ele>30.3999996185302734375</ele>
        <time>2024-10-14T11:43:46.000Z</time>
        <extensions>
          <ns3:TrackPointExtension>
            <ns3:atemp>28.0</ns3:atemp>
            <ns3:hr>160</ns3:hr>
            <ns3:cad>89</ns3:cad>
          </ns3:TrackPointExtension>
        </extensions>
      </trkpt>
      <trkpt lat="31.990365274250507354736328125" lon="118.77314868383109569549560546875">
        <ele>30.3999996185302734375</ele>
        <time>2024-10-14T11:43:47.000Z</time>
        <extensions>
          <ns3:TrackPointExtension>
            <ns3:atemp>28.0</ns3:atemp>
            <ns3:hr>160</ns3:hr>
            <ns3:cad>89</ns3:cad>
          </ns3:TrackPointExtension>
        </extensions>
      </trkpt>
      <trkpt lat="31.99037172831594944000244140625" lon="118.7731784395873546600341796875">
        <ele>30.200000762939453125</ele>
        <time>2024-10-14T11:43:48.000Z</time>
        <extensions>
          <ns3:TrackPointExtension>
            <ns3:atemp>28.0</ns3:atemp>
            <ns3:hr>160</ns3:hr>
            <ns3:cad>89</ns3:cad>
          </ns3:TrackPointExtension>
        </extensions>
      </trkpt>
      <trkpt lat="31.99037709273397922515869140625" lon="118.773210458457469940185546875">
        <ele>30</ele>
        <time>2024-10-14T11:43:49.000Z</time>
        <extensions>
          <ns3:TrackPointExtension>
            <ns3:atemp>28.0</ns3:atemp>
            <ns3:hr>160</ns3:hr>
            <ns3:cad>89</ns3:cad>
          </ns3:TrackPointExtension>
        </extensions>
      </trkpt>
      <trkpt lat="31.99038379825651645660400390625" lon="118.77324323169887065887451171875">
        <ele>30</ele>
        <time>2024-10-14T11:43:50.000Z</time>
        <extensions>
          <ns3:TrackPointExtension>
            <ns3:atemp>28.0</ns3:atemp>
            <ns3:hr>159</ns3:hr>
            <ns3:cad>89</ns3:cad>
          </ns3:TrackPointExtension>
        </extensions>
      </trkpt>
      <trkpt lat="31.9903895817697048187255859375" lon="118.77327449619770050048828125">
        <ele>30</ele>
        <time>2024-10-14T11:43:51.000Z</time>
        <extensions>
          <ns3:TrackPointExtension>
            <ns3:atemp>28.0</ns3:atemp>
            <ns3:hr>159</ns3:hr>
            <ns3:cad>89</ns3:cad>
          </ns3:TrackPointExtension>
        </extensions>
      </trkpt>
      <trkpt lat="31.99039603583514690399169921875" lon="118.773304335772991180419921875">
        <ele>29.799999237060546875</ele>
        <time>2024-10-14T11:43:52.000Z</time>
        <extensions>
          <ns3:TrackPointExtension>
            <ns3:atemp>28.0</ns3:atemp>
            <ns3:hr>159</ns3:hr>
            <ns3:cad>90</ns3:cad>
          </ns3:TrackPointExtension>
        </extensions>
      </trkpt>
      <trkpt lat="31.990401484072208404541015625" lon="118.77333861775696277618408203125">
        <ele>29.6000003814697265625</ele>
        <time>2024-10-14T11:43:53.000Z</time>
        <extensions>
          <ns3:TrackPointExtension>
            <ns3:atemp>28.0</ns3:atemp>
            <ns3:hr>159</ns3:hr>
            <ns3:cad>90</ns3:cad>
          </ns3:TrackPointExtension>
        </extensions>
      </trkpt>
      <trkpt lat="31.9904086925089359283447265625" lon="118.77337348647415637969970703125">
        <ele>29.3999996185302734375</ele>
        <time>2024-10-14T11:43:54.000Z</time>
        <extensions>
          <ns3:TrackPointExtension>
            <ns3:atemp>28.0</ns3:atemp>
            <ns3:hr>159</ns3:hr>
            <ns3:cad>90</ns3:cad>
          </ns3:TrackPointExtension>
        </extensions>
      </trkpt>
      <trkpt lat="31.99041296727955341339111328125" lon="118.7734067626297473907470703125">
        <ele>29.3999996185302734375</ele>
        <time>2024-10-14T11:43:55.000Z</time>
        <extensions>
          <ns3:TrackPointExtension>
            <ns3:atemp>28.0</ns3:atemp>
            <ns3:hr>159</ns3:hr>
            <ns3:cad>90</ns3:cad>
          </ns3:TrackPointExtension>
        </extensions>
      </trkpt>
      <trkpt lat="31.99041523039340972900390625" lon="118.77343945205211639404296875">
        <ele>29.200000762939453125</ele>
        <time>2024-10-14T11:43:56.000Z</time>
        <extensions>
          <ns3:TrackPointExtension>
            <ns3:atemp>28.0</ns3:atemp>
            <ns3:hr>159</ns3:hr>
            <ns3:cad>90</ns3:cad>
          </ns3:TrackPointExtension>
        </extensions>
      </trkpt>
      <trkpt lat="31.9904164038598537445068359375" lon="118.77347272820770740509033203125">
        <ele>29.200000762939453125</ele>
        <time>2024-10-14T11:43:57.000Z</time>
        <extensions>
          <ns3:TrackPointExtension>
            <ns3:atemp>28.0</ns3:atemp>
            <ns3:hr>159</ns3:hr>
            <ns3:cad>90</ns3:cad>
          </ns3:TrackPointExtension>
        </extensions>
      </trkpt>
      <trkpt lat="31.9904184155166149139404296875" lon="118.773507513105869293212890625">
        <ele>29.200000762939453125</ele>
        <time>2024-10-14T11:43:58.000Z</time>
        <extensions>
          <ns3:TrackPointExtension>
            <ns3:atemp>28.0</ns3:atemp>
            <ns3:hr>159</ns3:hr>
            <ns3:cad>90</ns3:cad>
          </ns3:TrackPointExtension>
        </extensions>
      </trkpt>
      <trkpt lat="31.990420259535312652587890625" lon="118.77354263328015804290771484375">
        <ele>28.799999237060546875</ele>
        <time>2024-10-14T11:43:59.000Z</time>
        <extensions>
          <ns3:TrackPointExtension>
            <ns3:atemp>28.0</ns3:atemp>
            <ns3:hr>159</ns3:hr>
            <ns3:cad>90</ns3:cad>
          </ns3:TrackPointExtension>
        </extensions>
      </trkpt>
      <trkpt lat="31.9904244504868984222412109375" lon="118.7735755741596221923828125">
        <ele>28.6000003814697265625</ele>
        <time>2024-10-14T11:44:00.000Z</time>
        <extensions>
          <ns3:TrackPointExtension>
            <ns3:atemp>28.0</ns3:atemp>
            <ns3:hr>158</ns3:hr>
            <ns3:cad>90</ns3:cad>
          </ns3:TrackPointExtension>
        </extensions>
      </trkpt>
      <trkpt lat="31.99042805470526218414306640625" lon="118.7736112810671329498291015625">
        <ele>28.3999996185302734375</ele>
        <time>2024-10-14T11:44:01.000Z</time>
        <extensions>
          <ns3:TrackPointExtension>
            <ns3:atemp>28.0</ns3:atemp>
            <ns3:hr>158</ns3:hr>
            <ns3:cad>90</ns3:cad>
          </ns3:TrackPointExtension>
        </extensions>
      </trkpt>
      <trkpt lat="31.9904338382184505462646484375" lon="118.7736426293849945068359375">
        <ele>28.3999996185302734375</ele>
        <time>2024-10-14T11:44:02.000Z</time>
        <extensions>
          <ns3:TrackPointExtension>
            <ns3:atemp>28.0</ns3:atemp>
            <ns3:hr>158</ns3:hr>
            <ns3:cad>89</ns3:cad>
          </ns3:TrackPointExtension>
        </extensions>
      </trkpt>
      <trkpt lat="31.99043710716068744659423828125" lon="118.773676492273807525634765625">
        <ele>28.200000762939453125</ele>
        <time>2024-10-14T11:44:03.000Z</time>
        <extensions>
          <ns3:TrackPointExtension>
            <ns3:atemp>28.0</ns3:atemp>
            <ns3:hr>159</ns3:hr>
            <ns3:cad>89</ns3:cad>
          </ns3:TrackPointExtension>
        </extensions>
      </trkpt>
      <trkpt lat="31.99044129811227321624755859375" lon="118.77370976842939853668212890625">
        <ele>28</ele>
        <time>2024-10-14T11:44:04.000Z</time>
        <extensions>
          <ns3:TrackPointExtension>
            <ns3:atemp>28.0</ns3:atemp>
            <ns3:hr>159</ns3:hr>
            <ns3:cad>89</ns3:cad>
          </ns3:TrackPointExtension>
        </extensions>
      </trkpt>
      <trkpt lat="31.9904445670545101165771484375" lon="118.773740194737911224365234375">
        <ele>28</ele>
        <time>2024-10-14T11:44:05.000Z</time>
        <extensions>
          <ns3:TrackPointExtension>
            <ns3:atemp>28.0</ns3:atemp>
            <ns3:hr>159</ns3:hr>
            <ns3:cad>89</ns3:cad>
          </ns3:TrackPointExtension>
        </extensions>
      </trkpt>
      <trkpt lat="31.9904489256441593170166015625" lon="118.7737748958170413970947265625">
        <ele>27.799999237060546875</ele>
        <time>2024-10-14T11:44:06.000Z</time>
        <extensions>
          <ns3:TrackPointExtension>
            <ns3:atemp>28.0</ns3:atemp>
            <ns3:hr>160</ns3:hr>
            <ns3:cad>89</ns3:cad>
          </ns3:TrackPointExtension>
        </extensions>
      </trkpt>
      <trkpt lat="31.99045286513864994049072265625" lon="118.77380381338298320770263671875">
        <ele>27.6000003814697265625</ele>
        <time>2024-10-14T11:44:07.000Z</time>
        <extensions>
          <ns3:TrackPointExtension>
            <ns3:atemp>28.0</ns3:atemp>
            <ns3:hr>160</ns3:hr>
            <ns3:cad>90</ns3:cad>
          </ns3:TrackPointExtension>
        </extensions>
      </trkpt>
      <trkpt lat="31.99045722372829914093017578125" lon="118.77383549697697162628173828125">
        <ele>27.6000003814697265625</ele>
        <time>2024-10-14T11:44:08.000Z</time>
        <extensions>
          <ns3:TrackPointExtension>
            <ns3:atemp>28.0</ns3:atemp>
            <ns3:hr>160</ns3:hr>
            <ns3:cad>90</ns3:cad>
          </ns3:TrackPointExtension>
        </extensions>
      </trkpt>
      <trkpt lat="31.9904623366892337799072265625" lon="118.773862905800342559814453125">
        <ele>27.6000003814697265625</ele>
        <time>2024-10-14T11:44:09.000Z</time>
        <extensions>
          <ns3:TrackPointExtension>
            <ns3:atemp>28.0</ns3:atemp>
            <ns3:hr>160</ns3:hr>
            <ns3:cad>90</ns3:cad>
          </ns3:TrackPointExtension>
        </extensions>
      </trkpt>
      <trkpt lat="31.99046610854566097259521484375" lon="118.77389702014625072479248046875">
        <ele>27.3999996185302734375</ele>
        <time>2024-10-14T11:44:10.000Z</time>
        <extensions>
          <ns3:TrackPointExtension>
            <ns3:atemp>28.0</ns3:atemp>
            <ns3:hr>160</ns3:hr>
            <ns3:cad>90</ns3:cad>
          </ns3:TrackPointExtension>
        </extensions>
      </trkpt>
      <trkpt lat="31.99046962894499301910400390625" lon="118.77392870374023914337158203125">
        <ele>27.3999996185302734375</ele>
        <time>2024-10-14T11:44:11.000Z</time>
        <extensions>
          <ns3:TrackPointExtension>
            <ns3:atemp>28.0</ns3:atemp>
            <ns3:hr>160</ns3:hr>
            <ns3:cad>90</ns3:cad>
          </ns3:TrackPointExtension>
        </extensions>
      </trkpt>
      <trkpt lat="31.99047314934432506561279296875" lon="118.77396189607679843902587890625">
        <ele>27.3999996185302734375</ele>
        <time>2024-10-14T11:44:12.000Z</time>
        <extensions>
          <ns3:TrackPointExtension>
            <ns3:atemp>28.0</ns3:atemp>
            <ns3:hr>160</ns3:hr>
            <ns3:cad>89</ns3:cad>
          </ns3:TrackPointExtension>
        </extensions>
      </trkpt>
      <trkpt lat="31.99047884903848171234130859375" lon="118.77399324439465999603271484375">
        <ele>27.200000762939453125</ele>
        <time>2024-10-14T11:44:13.000Z</time>
        <extensions>
          <ns3:TrackPointExtension>
            <ns3:atemp>28.0</ns3:atemp>
            <ns3:hr>160</ns3:hr>
            <ns3:cad>89</ns3:cad>
          </ns3:TrackPointExtension>
        </extensions>
      </trkpt>
      <trkpt lat="31.99048220179975032806396484375" lon="118.7740286998450756072998046875">
        <ele>27.200000762939453125</ele>
        <time>2024-10-14T11:44:14.000Z</time>
        <extensions>
          <ns3:TrackPointExtension>
            <ns3:atemp>28.0</ns3:atemp>
            <ns3:hr>160</ns3:hr>
            <ns3:cad>89</ns3:cad>
          </ns3:TrackPointExtension>
        </extensions>
      </trkpt>
      <trkpt lat="31.9904858060181140899658203125" lon="118.77406029962003231048583984375">
        <ele>27.200000762939453125</ele>
        <time>2024-10-14T11:44:15.000Z</time>
        <extensions>
          <ns3:TrackPointExtension>
            <ns3:atemp>28.0</ns3:atemp>
            <ns3:hr>160</ns3:hr>
            <ns3:cad>89</ns3:cad>
          </ns3:TrackPointExtension>
        </extensions>
      </trkpt>
      <trkpt lat="31.99048697948455810546875" lon="118.77409483306109905242919921875">
        <ele>27</ele>
        <time>2024-10-14T11:44:16.000Z</time>
        <extensions>
          <ns3:TrackPointExtension>
            <ns3:atemp>28.0</ns3:atemp>
            <ns3:hr>160</ns3:hr>
            <ns3:cad>89</ns3:cad>
          </ns3:TrackPointExtension>
        </extensions>
      </trkpt>
      <trkpt lat="31.990488655865192413330078125" lon="118.77412467263638973236083984375">
        <ele>27</ele>
        <time>2024-10-14T11:44:17.000Z</time>
        <extensions>
          <ns3:TrackPointExtension>
            <ns3:atemp>28.0</ns3:atemp>
            <ns3:hr>160</ns3:hr>
            <ns3:cad>89</ns3:cad>
          </ns3:TrackPointExtension>
        </extensions>
      </trkpt>
      <trkpt lat="31.99049226008355617523193359375" lon="118.774156272411346435546875">
        <ele>27</ele>
        <time>2024-10-14T11:44:18.000Z</time>
        <extensions>
          <ns3:TrackPointExtension>
            <ns3:atemp>28.0</ns3:atemp>
            <ns3:hr>160</ns3:hr>
            <ns3:cad>89</ns3:cad>
          </ns3:TrackPointExtension>
        </extensions>
      </trkpt>
      <trkpt lat="31.9904955290257930755615234375" lon="118.77418644726276397705078125">
        <ele>26.799999237060546875</ele>
        <time>2024-10-14T11:44:19.000Z</time>
        <extensions>
          <ns3:TrackPointExtension>
            <ns3:atemp>28.0</ns3:atemp>
            <ns3:hr>160</ns3:hr>
            <ns3:cad>90</ns3:cad>
          </ns3:TrackPointExtension>
        </extensions>
      </trkpt>
      <trkpt lat="31.9904995523393154144287109375" lon="118.774220310151576995849609375">
        <ele>26.799999237060546875</ele>
        <time>2024-10-14T11:44:20.000Z</time>
        <extensions>
          <ns3:TrackPointExtension>
            <ns3:atemp>28.0</ns3:atemp>
            <ns3:hr>160</ns3:hr>
            <ns3:cad>90</ns3:cad>
          </ns3:TrackPointExtension>
        </extensions>
      </trkpt>
      <trkpt lat="31.99050131253898143768310546875" lon="118.7742503173649311065673828125">
        <ele>26.6000003814697265625</ele>
        <time>2024-10-14T11:44:21.000Z</time>
        <extensions>
          <ns3:TrackPointExtension>
            <ns3:atemp>28.0</ns3:atemp>
            <ns3:hr>160</ns3:hr>
            <ns3:cad>90</ns3:cad>
          </ns3:TrackPointExtension>
        </extensions>
      </trkpt>
      <trkpt lat="31.9905039109289646148681640625" lon="118.77428476698696613311767578125">
        <ele>26.3999996185302734375</ele>
        <time>2024-10-14T11:44:22.000Z</time>
        <extensions>
          <ns3:TrackPointExtension>
            <ns3:atemp>28.0</ns3:atemp>
            <ns3:hr>160</ns3:hr>
            <ns3:cad>90</ns3:cad>
          </ns3:TrackPointExtension>
        </extensions>
      </trkpt>
      <trkpt lat="31.99050508439540863037109375" lon="118.7743153609335422515869140625">
        <ele>26.3999996185302734375</ele>
        <time>2024-10-14T11:44:23.000Z</time>
        <extensions>
          <ns3:TrackPointExtension>
            <ns3:atemp>28.0</ns3:atemp>
            <ns3:hr>160</ns3:hr>
            <ns3:cad>90</ns3:cad>
          </ns3:TrackPointExtension>
        </extensions>
      </trkpt>
      <trkpt lat="31.99050701223313808441162109375" lon="118.77434737980365753173828125">
        <ele>26.3999996185302734375</ele>
        <time>2024-10-14T11:44:24.000Z</time>
        <extensions>
          <ns3:TrackPointExtension>
            <ns3:atemp>28.0</ns3:atemp>
            <ns3:hr>160</ns3:hr>
            <ns3:cad>90</ns3:cad>
          </ns3:TrackPointExtension>
        </extensions>
      </trkpt>
      <trkpt lat="31.99051019735634326934814453125" lon="118.77437889575958251953125">
        <ele>26.200000762939453125</ele>
        <time>2024-10-14T11:44:25.000Z</time>
        <extensions>
          <ns3:TrackPointExtension>
            <ns3:atemp>28.0</ns3:atemp>
            <ns3:hr>160</ns3:hr>
            <ns3:cad>90</ns3:cad>
          </ns3:TrackPointExtension>
        </extensions>
      </trkpt>
      <trkpt lat="31.9905143044888973236083984375" lon="118.77441301010549068450927734375">
        <ele>26.200000762939453125</ele>
        <time>2024-10-14T11:44:26.000Z</time>
        <extensions>
          <ns3:TrackPointExtension>
            <ns3:atemp>28.0</ns3:atemp>
            <ns3:hr>160</ns3:hr>
            <ns3:cad>89</ns3:cad>
          </ns3:TrackPointExtension>
        </extensions>
      </trkpt>
      <trkpt lat="31.99051924981176853179931640625" lon="118.77444620244204998016357421875">
        <ele>26.200000762939453125</ele>
        <time>2024-10-14T11:44:27.000Z</time>
        <extensions>
          <ns3:TrackPointExtension>
            <ns3:atemp>28.0</ns3:atemp>
            <ns3:hr>160</ns3:hr>
            <ns3:cad>89</ns3:cad>
          </ns3:TrackPointExtension>
        </extensions>
      </trkpt>
      <trkpt lat="31.9905243627727031707763671875" lon="118.77447822131216526031494140625">
        <ele>26</ele>
        <time>2024-10-14T11:44:28.000Z</time>
        <extensions>
          <ns3:TrackPointExtension>
            <ns3:atemp>28.0</ns3:atemp>
            <ns3:hr>160</ns3:hr>
            <ns3:cad>90</ns3:cad>
          </ns3:TrackPointExtension>
        </extensions>
      </trkpt>
      <trkpt lat="31.990529559552669525146484375" lon="118.774507306516170501708984375">
        <ele>26</ele>
        <time>2024-10-14T11:44:29.000Z</time>
        <extensions>
          <ns3:TrackPointExtension>
            <ns3:atemp>28.0</ns3:atemp>
            <ns3:hr>160</ns3:hr>
            <ns3:cad>90</ns3:cad>
          </ns3:TrackPointExtension>
        </extensions>
      </trkpt>
      <trkpt lat="31.9905354268848896026611328125" lon="118.77453940920531749725341796875">
        <ele>25.799999237060546875</ele>
        <time>2024-10-14T11:44:30.000Z</time>
        <extensions>
          <ns3:TrackPointExtension>
            <ns3:atemp>28.0</ns3:atemp>
            <ns3:hr>160</ns3:hr>
            <ns3:cad>90</ns3:cad>
          </ns3:TrackPointExtension>
        </extensions>
      </trkpt>
      <trkpt lat="31.99054129421710968017578125" lon="118.77456757239997386932373046875">
        <ele>25.799999237060546875</ele>
        <time>2024-10-14T11:44:31.000Z</time>
        <extensions>
          <ns3:TrackPointExtension>
            <ns3:atemp>28.0</ns3:atemp>
            <ns3:hr>160</ns3:hr>
            <ns3:cad>90</ns3:cad>
          </ns3:TrackPointExtension>
        </extensions>
      </trkpt>
      <trkpt lat="31.990544982254505157470703125" lon="118.774602524936199188232421875">
        <ele>25.799999237060546875</ele>
        <time>2024-10-14T11:44:32.000Z</time>
        <extensions>
          <ns3:TrackPointExtension>
            <ns3:atemp>28.0</ns3:atemp>
            <ns3:hr>160</ns3:hr>
            <ns3:cad>90</ns3:cad>
          </ns3:TrackPointExtension>
        </extensions>
      </trkpt>
      <trkpt lat="31.99054825119674205780029296875" lon="118.7746332027018070220947265625">
        <ele>25.6000003814697265625</ele>
        <time>2024-10-14T11:44:33.000Z</time>
        <extensions>
          <ns3:TrackPointExtension>
            <ns3:atemp>28.0</ns3:atemp>
            <ns3:hr>160</ns3:hr>
            <ns3:cad>90</ns3:cad>
          </ns3:TrackPointExtension>
        </extensions>
      </trkpt>
      <trkpt lat="31.99055143631994724273681640625" lon="118.77466564066708087921142578125">
        <ele>25.6000003814697265625</ele>
        <time>2024-10-14T11:44:34.000Z</time>
        <extensions>
          <ns3:TrackPointExtension>
            <ns3:atemp>28.0</ns3:atemp>
            <ns3:hr>160</ns3:hr>
            <ns3:cad>90</ns3:cad>
          </ns3:TrackPointExtension>
        </extensions>
      </trkpt>
      <trkpt lat="31.99055411852896213531494140625" lon="118.77469799481332302093505859375">
        <ele>25.6000003814697265625</ele>
        <time>2024-10-14T11:44:35.000Z</time>
        <extensions>
          <ns3:TrackPointExtension>
            <ns3:atemp>28.0</ns3:atemp>
            <ns3:hr>160</ns3:hr>
            <ns3:cad>90</ns3:cad>
          </ns3:TrackPointExtension>
        </extensions>
      </trkpt>
      <trkpt lat="31.9905578903853893280029296875" lon="118.77473487518727779388427734375">
        <ele>25.6000003814697265625</ele>
        <time>2024-10-14T11:44:36.000Z</time>
        <extensions>
          <ns3:TrackPointExtension>
            <ns3:atemp>28.0</ns3:atemp>
            <ns3:hr>159</ns3:hr>
            <ns3:cad>90</ns3:cad>
          </ns3:TrackPointExtension>
        </extensions>
      </trkpt>
      <trkpt lat="31.9905615784227848052978515625" lon="118.77476848661899566650390625">
        <ele>25.6000003814697265625</ele>
        <time>2024-10-14T11:44:37.000Z</time>
        <extensions>
          <ns3:TrackPointExtension>
            <ns3:atemp>28.0</ns3:atemp>
            <ns3:hr>159</ns3:hr>
            <ns3:cad>90</ns3:cad>
          </ns3:TrackPointExtension>
        </extensions>
      </trkpt>
      <trkpt lat="31.9905672781169414520263671875" lon="118.77480243332684040069580078125">
        <ele>25.3999996185302734375</ele>
        <time>2024-10-14T11:44:38.000Z</time>
        <extensions>
          <ns3:TrackPointExtension>
            <ns3:atemp>27.0</ns3:atemp>
            <ns3:hr>160</ns3:hr>
            <ns3:cad>90</ns3:cad>
          </ns3:TrackPointExtension>
        </extensions>
      </trkpt>
      <trkpt lat="31.990571804344654083251953125" lon="118.77483512274920940399169921875">
        <ele>25.3999996185302734375</ele>
        <time>2024-10-14T11:44:39.000Z</time>
        <extensions>
          <ns3:TrackPointExtension>
            <ns3:atemp>28.0</ns3:atemp>
            <ns3:hr>160</ns3:hr>
            <ns3:cad>90</ns3:cad>
          </ns3:TrackPointExtension>
        </extensions>
      </trkpt>
      <trkpt lat="31.99057616293430328369140625" lon="118.7748689018189907073974609375">
        <ele>25.3999996185302734375</ele>
        <time>2024-10-14T11:44:40.000Z</time>
        <extensions>
          <ns3:TrackPointExtension>
            <ns3:atemp>28.0</ns3:atemp>
            <ns3:hr>160</ns3:hr>
            <ns3:cad>91</ns3:cad>
          </ns3:TrackPointExtension>
        </extensions>
      </trkpt>
      <trkpt lat="31.990578509867191314697265625" lon="118.77490418963134288787841796875">
        <ele>25.3999996185302734375</ele>
        <time>2024-10-14T11:44:41.000Z</time>
        <extensions>
          <ns3:TrackPointExtension>
            <ns3:atemp>28.0</ns3:atemp>
            <ns3:hr>160</ns3:hr>
            <ns3:cad>91</ns3:cad>
          </ns3:TrackPointExtension>
        </extensions>
      </trkpt>
      <trkpt lat="31.99057993479073047637939453125" lon="118.77493872307240962982177734375">
        <ele>25.3999996185302734375</ele>
        <time>2024-10-14T11:44:42.000Z</time>
        <extensions>
          <ns3:TrackPointExtension>
            <ns3:atemp>28.0</ns3:atemp>
            <ns3:hr>160</ns3:hr>
            <ns3:cad>90</ns3:cad>
          </ns3:TrackPointExtension>
        </extensions>
      </trkpt>
      <trkpt lat="31.99058027006685733795166015625" lon="118.77496956847608089447021484375">
        <ele>25.200000762939453125</ele>
        <time>2024-10-14T11:44:43.000Z</time>
        <extensions>
          <ns3:TrackPointExtension>
            <ns3:atemp>28.0</ns3:atemp>
            <ns3:hr>160</ns3:hr>
            <ns3:cad>90</ns3:cad>
          </ns3:TrackPointExtension>
        </extensions>
      </trkpt>
      <trkpt lat="31.9905827008187770843505859375" lon="118.77500242553651332855224609375">
        <ele>25.200000762939453125</ele>
        <time>2024-10-14T11:44:44.000Z</time>
        <extensions>
          <ns3:TrackPointExtension>
            <ns3:atemp>28.0</ns3:atemp>
            <ns3:hr>160</ns3:hr>
            <ns3:cad>90</ns3:cad>
          </ns3:TrackPointExtension>
        </extensions>
      </trkpt>
      <trkpt lat="31.99058462865650653839111328125" lon="118.77503444440662860870361328125">
        <ele>25.200000762939453125</ele>
        <time>2024-10-14T11:44:45.000Z</time>
        <extensions>
          <ns3:TrackPointExtension>
            <ns3:atemp>27.0</ns3:atemp>
            <ns3:hr>160</ns3:hr>
            <ns3:cad>90</ns3:cad>
          </ns3:TrackPointExtension>
        </extensions>
      </trkpt>
      <trkpt lat="31.990586221218109130859375" lon="118.77506755292415618896484375">
        <ele>25.200000762939453125</ele>
        <time>2024-10-14T11:44:46.000Z</time>
        <extensions>
          <ns3:TrackPointExtension>
            <ns3:atemp>28.0</ns3:atemp>
            <ns3:hr>161</ns3:hr>
            <ns3:cad>90</ns3:cad>
          </ns3:TrackPointExtension>
        </extensions>
      </trkpt>
      <trkpt lat="31.99058865197002887725830078125" lon="118.77509663812816143035888671875">
        <ele>25</ele>
        <time>2024-10-14T11:44:47.000Z</time>
        <extensions>
          <ns3:TrackPointExtension>
            <ns3:atemp>27.0</ns3:atemp>
            <ns3:hr>161</ns3:hr>
            <ns3:cad>92</ns3:cad>
          </ns3:TrackPointExtension>
        </extensions>
      </trkpt>
      <trkpt lat="31.990591920912265777587890625" lon="118.77512865699827671051025390625">
        <ele>25</ele>
        <time>2024-10-14T11:44:48.000Z</time>
        <extensions>
          <ns3:TrackPointExtension>
            <ns3:atemp>27.0</ns3:atemp>
            <ns3:hr>161</ns3:hr>
            <ns3:cad>92</ns3:cad>
          </ns3:TrackPointExtension>
        </extensions>
      </trkpt>
      <trkpt lat="31.99059250764548778533935546875" lon="118.7751622684299945831298828125">
        <ele>25</ele>
        <time>2024-10-14T11:44:49.000Z</time>
        <extensions>
          <ns3:TrackPointExtension>
            <ns3:atemp>28.0</ns3:atemp>
            <ns3:hr>162</ns3:hr>
            <ns3:cad>92</ns3:cad>
          </ns3:TrackPointExtension>
        </extensions>
      </trkpt>
      <trkpt lat="31.9905956089496612548828125" lon="118.77519839443266391754150390625">
        <ele>25</ele>
        <time>2024-10-14T11:44:50.000Z</time>
        <extensions>
          <ns3:TrackPointExtension>
            <ns3:atemp>27.0</ns3:atemp>
            <ns3:hr>162</ns3:hr>
            <ns3:cad>92</ns3:cad>
          </ns3:TrackPointExtension>
        </extensions>
      </trkpt>
      <trkpt lat="31.990597285330295562744140625" lon="118.77522856928408145904541015625">
        <ele>25</ele>
        <time>2024-10-14T11:44:51.000Z</time>
        <extensions>
          <ns3:TrackPointExtension>
            <ns3:atemp>27.0</ns3:atemp>
            <ns3:hr>162</ns3:hr>
            <ns3:cad>92</ns3:cad>
          </ns3:TrackPointExtension>
        </extensions>
      </trkpt>
      <trkpt lat="31.9906018115580081939697265625" lon="118.77526192925870418548583984375">
        <ele>24.799999237060546875</ele>
        <time>2024-10-14T11:44:52.000Z</time>
        <extensions>
          <ns3:TrackPointExtension>
            <ns3:atemp>27.0</ns3:atemp>
            <ns3:hr>162</ns3:hr>
            <ns3:cad>92</ns3:cad>
          </ns3:TrackPointExtension>
        </extensions>
      </trkpt>
      <trkpt lat="31.99060440994799137115478515625" lon="118.7752933613955974578857421875">
        <ele>24.799999237060546875</ele>
        <time>2024-10-14T11:44:53.000Z</time>
        <extensions>
          <ns3:TrackPointExtension>
            <ns3:atemp>27.0</ns3:atemp>
            <ns3:hr>162</ns3:hr>
            <ns3:cad>92</ns3:cad>
          </ns3:TrackPointExtension>
        </extensions>
      </trkpt>
      <trkpt lat="31.99060776270925998687744140625" lon="118.775324709713459014892578125">
        <ele>24.799999237060546875</ele>
        <time>2024-10-14T11:44:54.000Z</time>
        <extensions>
          <ns3:TrackPointExtension>
            <ns3:atemp>27.0</ns3:atemp>
            <ns3:hr>162</ns3:hr>
            <ns3:cad>92</ns3:cad>
          </ns3:TrackPointExtension>
        </extensions>
      </trkpt>
      <trkpt lat="31.99061329476535320281982421875" lon="118.775354884564876556396484375">
        <ele>24.799999237060546875</ele>
        <time>2024-10-14T11:44:55.000Z</time>
        <extensions>
          <ns3:TrackPointExtension>
            <ns3:atemp>27.0</ns3:atemp>
            <ns3:hr>163</ns3:hr>
            <ns3:cad>92</ns3:cad>
          </ns3:TrackPointExtension>
        </extensions>
      </trkpt>
      <trkpt lat="31.990621089935302734375" lon="118.77538547851145267486572265625">
        <ele>24.6000003814697265625</ele>
        <time>2024-10-14T11:44:56.000Z</time>
        <extensions>
          <ns3:TrackPointExtension>
            <ns3:atemp>27.0</ns3:atemp>
            <ns3:hr>163</ns3:hr>
            <ns3:cad>92</ns3:cad>
          </ns3:TrackPointExtension>
        </extensions>
      </trkpt>
      <trkpt lat="31.990627460181713104248046875" lon="118.77542353235185146331787109375">
        <ele>24.6000003814697265625</ele>
        <time>2024-10-14T11:44:57.000Z</time>
        <extensions>
          <ns3:TrackPointExtension>
            <ns3:atemp>27.0</ns3:atemp>
            <ns3:hr>163</ns3:hr>
            <ns3:cad>92</ns3:cad>
          </ns3:TrackPointExtension>
        </extensions>
      </trkpt>
      <trkpt lat="31.99063793756067752838134765625" lon="118.7754620052874088287353515625">
        <ele>24.6000003814697265625</ele>
        <time>2024-10-14T11:44:58.000Z</time>
        <extensions>
          <ns3:TrackPointExtension>
            <ns3:atemp>27.0</ns3:atemp>
            <ns3:hr>163</ns3:hr>
            <ns3:cad>92</ns3:cad>
          </ns3:TrackPointExtension>
        </extensions>
      </trkpt>
      <trkpt lat="31.99064590036869049072265625" lon="118.77549964003264904022216796875">
        <ele>24.6000003814697265625</ele>
        <time>2024-10-14T11:44:59.000Z</time>
        <extensions>
          <ns3:TrackPointExtension>
            <ns3:atemp>27.0</ns3:atemp>
            <ns3:hr>164</ns3:hr>
            <ns3:cad>92</ns3:cad>
          </ns3:TrackPointExtension>
        </extensions>
      </trkpt>
      <trkpt lat="31.9906537793576717376708984375" lon="118.77553232945501804351806640625">
        <ele>24.6000003814697265625</ele>
        <time>2024-10-14T11:45:00.000Z</time>
        <extensions>
          <ns3:TrackPointExtension>
            <ns3:atemp>28.0</ns3:atemp>
            <ns3:hr>164</ns3:hr>
            <ns3:cad>92</ns3:cad>
          </ns3:TrackPointExtension>
        </extensions>
      </trkpt>
      <trkpt lat="31.99065956287086009979248046875" lon="118.77556635998189449310302734375">
        <ele>24.6000003814697265625</ele>
        <time>2024-10-14T11:45:01.000Z</time>
        <extensions>
          <ns3:TrackPointExtension>
            <ns3:atemp>27.0</ns3:atemp>
            <ns3:hr>164</ns3:hr>
            <ns3:cad>92</ns3:cad>
          </ns3:TrackPointExtension>
        </extensions>
      </trkpt>
      <trkpt lat="31.990664005279541015625" lon="118.77560072578489780426025390625">
        <ele>24.3999996185302734375</ele>
        <time>2024-10-14T11:45:02.000Z</time>
        <extensions>
          <ns3:TrackPointExtension>
            <ns3:atemp>27.0</ns3:atemp>
            <ns3:hr>164</ns3:hr>
            <ns3:cad>92</ns3:cad>
          </ns3:TrackPointExtension>
        </extensions>
      </trkpt>
      <trkpt lat="31.99066928587853908538818359375" lon="118.775634504854679107666015625">
        <ele>24.3999996185302734375</ele>
        <time>2024-10-14T11:45:03.000Z</time>
        <extensions>
          <ns3:TrackPointExtension>
            <ns3:atemp>27.0</ns3:atemp>
            <ns3:hr>164</ns3:hr>
            <ns3:cad>92</ns3:cad>
          </ns3:TrackPointExtension>
        </extensions>
      </trkpt>
      <trkpt lat="31.99067431502044200897216796875" lon="118.7756658531725406646728515625">
        <ele>24.3999996185302734375</ele>
        <time>2024-10-14T11:45:04.000Z</time>
        <extensions>
          <ns3:TrackPointExtension>
            <ns3:atemp>27.0</ns3:atemp>
            <ns3:hr>164</ns3:hr>
            <ns3:cad>92</ns3:cad>
          </ns3:TrackPointExtension>
        </extensions>
      </trkpt>
      <trkpt lat="31.99067967943847179412841796875" lon="118.7756977044045925140380859375">
        <ele>24.3999996185302734375</ele>
        <time>2024-10-14T11:45:05.000Z</time>
        <extensions>
          <ns3:TrackPointExtension>
            <ns3:atemp>27.0</ns3:atemp>
            <ns3:hr>165</ns3:hr>
            <ns3:cad>92</ns3:cad>
          </ns3:TrackPointExtension>
        </extensions>
      </trkpt>
      <trkpt lat="31.9906852953135967254638671875" lon="118.7757248617708683013916015625">
        <ele>24.3999996185302734375</ele>
        <time>2024-10-14T11:45:06.000Z</time>
        <extensions>
          <ns3:TrackPointExtension>
            <ns3:atemp>27.0</ns3:atemp>
            <ns3:hr>165</ns3:hr>
            <ns3:cad>92</ns3:cad>
          </ns3:TrackPointExtension>
        </extensions>
      </trkpt>
      <trkpt lat="31.9906894862651824951171875" lon="118.7757508456707000732421875">
        <ele>24.3999996185302734375</ele>
        <time>2024-10-14T11:45:07.000Z</time>
        <extensions>
          <ns3:TrackPointExtension>
            <ns3:atemp>27.0</ns3:atemp>
            <ns3:hr>165</ns3:hr>
            <ns3:cad>92</ns3:cad>
          </ns3:TrackPointExtension>
        </extensions>
      </trkpt>
      <trkpt lat="31.99069309048354625701904296875" lon="118.77577758394181728363037109375">
        <ele>24.6000003814697265625</ele>
        <time>2024-10-14T11:45:08.000Z</time>
        <extensions>
          <ns3:TrackPointExtension>
            <ns3:atemp>27.0</ns3:atemp>
            <ns3:hr>165</ns3:hr>
            <ns3:cad>91</ns3:cad>
          </ns3:TrackPointExtension>
        </extensions>
      </trkpt>
      <trkpt lat="31.9906950183212757110595703125" lon="118.7758046574890613555908203125">
        <ele>24.6000003814697265625</ele>
        <time>2024-10-14T11:45:09.000Z</time>
        <extensions>
          <ns3:TrackPointExtension>
            <ns3:atemp>27.0</ns3:atemp>
            <ns3:hr>165</ns3:hr>
            <ns3:cad>91</ns3:cad>
          </ns3:TrackPointExtension>
        </extensions>
      </trkpt>
      <trkpt lat="31.99069610796868801116943359375" lon="118.77582770772278308868408203125">
        <ele>24.6000003814697265625</ele>
        <time>2024-10-14T11:45:10.000Z</time>
        <extensions>
          <ns3:TrackPointExtension>
            <ns3:atemp>27.0</ns3:atemp>
            <ns3:hr>165</ns3:hr>
            <ns3:cad>90</ns3:cad>
          </ns3:TrackPointExtension>
        </extensions>
      </trkpt>
      <trkpt lat="31.99069644324481487274169921875" lon="118.77585251815617084503173828125">
        <ele>24.799999237060546875</ele>
        <time>2024-10-14T11:45:11.000Z</time>
        <extensions>
          <ns3:TrackPointExtension>
            <ns3:atemp>27.0</ns3:atemp>
            <ns3:hr>165</ns3:hr>
            <ns3:cad>90</ns3:cad>
          </ns3:TrackPointExtension>
        </extensions>
      </trkpt>
      <trkpt lat="31.9906963594257831573486328125" lon="118.7758851237595081329345703125">
        <ele>24.799999237060546875</ele>
        <time>2024-10-14T11:45:12.000Z</time>
        <extensions>
          <ns3:TrackPointExtension>
            <ns3:atemp>27.0</ns3:atemp>
            <ns3:hr>165</ns3:hr>
            <ns3:cad>90</ns3:cad>
          </ns3:TrackPointExtension>
        </extensions>
      </trkpt>
      <trkpt lat="31.9906920008361339569091796875" lon="118.775930218398571014404296875">
        <ele>24.799999237060546875</ele>
        <time>2024-10-14T11:45:13.000Z</time>
        <extensions>
          <ns3:TrackPointExtension>
            <ns3:atemp>27.0</ns3:atemp>
            <ns3:hr>166</ns3:hr>
            <ns3:cad>88</ns3:cad>
          </ns3:TrackPointExtension>
        </extensions>
      </trkpt>
      <trkpt lat="31.99069107882678508758544921875" lon="118.7759635783731937408447265625">
        <ele>24.799999237060546875</ele>
        <time>2024-10-14T11:45:14.000Z</time>
        <extensions>
          <ns3:TrackPointExtension>
            <ns3:atemp>27.0</ns3:atemp>
            <ns3:hr>166</ns3:hr>
            <ns3:cad>89</ns3:cad>
          </ns3:TrackPointExtension>
        </extensions>
      </trkpt>
      <trkpt lat="31.99069342575967311859130859375" lon="118.7760121934115886688232421875">
        <ele>24.799999237060546875</ele>
        <time>2024-10-14T11:45:15.000Z</time>
        <extensions>
          <ns3:TrackPointExtension>
            <ns3:atemp>27.0</ns3:atemp>
            <ns3:hr>166</ns3:hr>
            <ns3:cad>89</ns3:cad>
          </ns3:TrackPointExtension>
        </extensions>
      </trkpt>
      <trkpt lat="31.99069845490157604217529296875" lon="118.77604513429105281829833984375">
        <ele>24.799999237060546875</ele>
        <time>2024-10-14T11:45:16.000Z</time>
        <extensions>
          <ns3:TrackPointExtension>
            <ns3:atemp>27.0</ns3:atemp>
            <ns3:hr>166</ns3:hr>
            <ns3:cad>89</ns3:cad>
          </ns3:TrackPointExtension>
        </extensions>
      </trkpt>
      <trkpt lat="31.990695856511592864990234375" lon="118.77609022893011569976806640625">
        <ele>24.799999237060546875</ele>
        <time>2024-10-14T11:45:17.000Z</time>
        <extensions>
          <ns3:TrackPointExtension>
            <ns3:atemp>27.0</ns3:atemp>
            <ns3:hr>166</ns3:hr>
            <ns3:cad>90</ns3:cad>
          </ns3:TrackPointExtension>
        </extensions>
      </trkpt>
      <trkpt lat="31.99069124646484851837158203125" lon="118.7761235050857067108154296875">
        <ele>24.6000003814697265625</ele>
        <time>2024-10-14T11:45:18.000Z</time>
        <extensions>
          <ns3:TrackPointExtension>
            <ns3:atemp>27.0</ns3:atemp>
            <ns3:hr>166</ns3:hr>
            <ns3:cad>90</ns3:cad>
          </ns3:TrackPointExtension>
        </extensions>
      </trkpt>
      <trkpt lat="31.99068118818104267120361328125" lon="118.776158206164836883544921875">
        <ele>24.6000003814697265625</ele>
        <time>2024-10-14T11:45:19.000Z</time>
        <extensions>
          <ns3:TrackPointExtension>
            <ns3:atemp>27.0</ns3:atemp>
            <ns3:hr>166</ns3:hr>
            <ns3:cad>90</ns3:cad>
          </ns3:TrackPointExtension>
        </extensions>
      </trkpt>
      <trkpt lat="31.99067481793463230133056640625" lon="118.776183016598224639892578125">
        <ele>24.6000003814697265625</ele>
        <time>2024-10-14T11:45:20.000Z</time>
        <extensions>
          <ns3:TrackPointExtension>
            <ns3:atemp>27.0</ns3:atemp>
            <ns3:hr>166</ns3:hr>
            <ns3:cad>90</ns3:cad>
          </ns3:TrackPointExtension>
        </extensions>
      </trkpt>
      <trkpt lat="31.99067766778171062469482421875" lon="118.7762126885354518890380859375">
        <ele>24.6000003814697265625</ele>
        <time>2024-10-14T11:45:21.000Z</time>
        <extensions>
          <ns3:TrackPointExtension>
            <ns3:atemp>27.0</ns3:atemp>
            <ns3:hr>167</ns3:hr>
            <ns3:cad>90</ns3:cad>
          </ns3:TrackPointExtension>
        </extensions>
      </trkpt>
      <trkpt lat="31.9906829483807086944580078125" lon="118.7762374989688396453857421875">
        <ele>24.6000003814697265625</ele>
        <time>2024-10-14T11:45:22.000Z</time>
        <extensions>
          <ns3:TrackPointExtension>
            <ns3:atemp>27.0</ns3:atemp>
            <ns3:hr>167</ns3:hr>
            <ns3:cad>90</ns3:cad>
          </ns3:TrackPointExtension>
        </extensions>
      </trkpt>
      <trkpt lat="31.99069149792194366455078125" lon="118.7762706913053989410400390625">
        <ele>24.6000003814697265625</ele>
        <time>2024-10-14T11:45:23.000Z</time>
        <extensions>
          <ns3:TrackPointExtension>
            <ns3:atemp>27.0</ns3:atemp>
            <ns3:hr>167</ns3:hr>
            <ns3:cad>90</ns3:cad>
          </ns3:TrackPointExtension>
        </extensions>
      </trkpt>
      <trkpt lat="31.9906987063586711883544921875" lon="118.77629474736750125885009765625">
        <ele>24.6000003814697265625</ele>
        <time>2024-10-14T11:45:24.000Z</time>
        <extensions>
          <ns3:TrackPointExtension>
            <ns3:atemp>27.0</ns3:atemp>
            <ns3:hr>167</ns3:hr>
            <ns3:cad>89</ns3:cad>
          </ns3:TrackPointExtension>
        </extensions>
      </trkpt>
      <trkpt lat="31.99070566333830356597900390625" lon="118.77632617950439453125">
        <ele>24.799999237060546875</ele>
        <time>2024-10-14T11:45:25.000Z</time>
        <extensions>
          <ns3:TrackPointExtension>
            <ns3:atemp>27.0</ns3:atemp>
            <ns3:hr>167</ns3:hr>
            <ns3:cad>89</ns3:cad>
          </ns3:TrackPointExtension>
        </extensions>
      </trkpt>
      <trkpt lat="31.99071002192795276641845703125" lon="118.77635912038385868072509765625">
        <ele>24.799999237060546875</ele>
        <time>2024-10-14T11:45:26.000Z</time>
        <extensions>
          <ns3:TrackPointExtension>
            <ns3:atemp>27.0</ns3:atemp>
            <ns3:hr>167</ns3:hr>
            <ns3:cad>89</ns3:cad>
          </ns3:TrackPointExtension>
        </extensions>
      </trkpt>
      <trkpt lat="31.990708597004413604736328125" lon="118.77639063633978366851806640625">
        <ele>24.799999237060546875</ele>
        <time>2024-10-14T11:45:27.000Z</time>
        <extensions>
          <ns3:TrackPointExtension>
            <ns3:atemp>27.0</ns3:atemp>
            <ns3:hr>167</ns3:hr>
            <ns3:cad>88</ns3:cad>
          </ns3:TrackPointExtension>
        </extensions>
      </trkpt>
      <trkpt lat="31.9907044060528278350830078125" lon="118.7764172069728374481201171875">
        <ele>24.799999237060546875</ele>
        <time>2024-10-14T11:45:28.000Z</time>
        <extensions>
          <ns3:TrackPointExtension>
            <ns3:atemp>27.0</ns3:atemp>
            <ns3:hr>167</ns3:hr>
            <ns3:cad>88</ns3:cad>
          </ns3:TrackPointExtension>
        </extensions>
      </trkpt>
      <trkpt lat="31.99070231057703495025634765625" lon="118.77644880674779415130615234375">
        <ele>25</ele>
        <time>2024-10-14T11:45:29.000Z</time>
        <extensions>
          <ns3:TrackPointExtension>
            <ns3:atemp>27.0</ns3:atemp>
            <ns3:hr>167</ns3:hr>
            <ns3:cad>89</ns3:cad>
          </ns3:TrackPointExtension>
        </extensions>
      </trkpt>
      <trkpt lat="31.990703903138637542724609375" lon="118.77647479064762592315673828125">
        <ele>25</ele>
        <time>2024-10-14T11:45:30.000Z</time>
        <extensions>
          <ns3:TrackPointExtension>
            <ns3:atemp>27.0</ns3:atemp>
            <ns3:hr>167</ns3:hr>
            <ns3:cad>89</ns3:cad>
          </ns3:TrackPointExtension>
        </extensions>
      </trkpt>
      <trkpt lat="31.9907044060528278350830078125" lon="118.776505887508392333984375">
        <ele>25</ele>
        <time>2024-10-14T11:45:31.000Z</time>
        <extensions>
          <ns3:TrackPointExtension>
            <ns3:atemp>27.0</ns3:atemp>
            <ns3:hr>167</ns3:hr>
            <ns3:cad>89</ns3:cad>
          </ns3:TrackPointExtension>
        </extensions>
      </trkpt>
      <trkpt lat="31.990703232586383819580078125" lon="118.77653547562658786773681640625">
        <ele>25</ele>
        <time>2024-10-14T11:45:32.000Z</time>
        <extensions>
          <ns3:TrackPointExtension>
            <ns3:atemp>27.0</ns3:atemp>
            <ns3:hr>167</ns3:hr>
            <ns3:cad>89</ns3:cad>
          </ns3:TrackPointExtension>
        </extensions>
      </trkpt>
      <trkpt lat="31.99070197530090808868408203125" lon="118.77657084725797176361083984375">
        <ele>25.200000762939453125</ele>
        <time>2024-10-14T11:45:33.000Z</time>
        <extensions>
          <ns3:TrackPointExtension>
            <ns3:atemp>27.0</ns3:atemp>
            <ns3:hr>167</ns3:hr>
            <ns3:cad>89</ns3:cad>
          </ns3:TrackPointExtension>
        </extensions>
      </trkpt>
      <trkpt lat="31.99070222675800323486328125" lon="118.77660035155713558197021484375">
        <ele>25.200000762939453125</ele>
        <time>2024-10-14T11:45:34.000Z</time>
        <extensions>
          <ns3:TrackPointExtension>
            <ns3:atemp>27.0</ns3:atemp>
            <ns3:hr>167</ns3:hr>
            <ns3:cad>89</ns3:cad>
          </ns3:TrackPointExtension>
        </extensions>
      </trkpt>
      <trkpt lat="31.9907044060528278350830078125" lon="118.7766304425895214080810546875">
        <ele>25.200000762939453125</ele>
        <time>2024-10-14T11:45:35.000Z</time>
        <extensions>
          <ns3:TrackPointExtension>
            <ns3:atemp>27.0</ns3:atemp>
            <ns3:hr>167</ns3:hr>
            <ns3:cad>89</ns3:cad>
          </ns3:TrackPointExtension>
        </extensions>
      </trkpt>
      <trkpt lat="31.9907044060528278350830078125" lon="118.776659108698368072509765625">
        <ele>25.200000762939453125</ele>
        <time>2024-10-14T11:45:36.000Z</time>
        <extensions>
          <ns3:TrackPointExtension>
            <ns3:atemp>27.0</ns3:atemp>
            <ns3:hr>167</ns3:hr>
            <ns3:cad>89</ns3:cad>
          </ns3:TrackPointExtension>
        </extensions>
      </trkpt>
      <trkpt lat="31.99070490896701812744140625" lon="118.77669054083526134490966796875">
        <ele>25.200000762939453125</ele>
        <time>2024-10-14T11:45:37.000Z</time>
        <extensions>
          <ns3:TrackPointExtension>
            <ns3:atemp>27.0</ns3:atemp>
            <ns3:hr>167</ns3:hr>
            <ns3:cad>89</ns3:cad>
          </ns3:TrackPointExtension>
        </extensions>
      </trkpt>
      <trkpt lat="31.99070398695766925811767578125" lon="118.7767166085541248321533203125">
        <ele>25.200000762939453125</ele>
        <time>2024-10-14T11:45:38.000Z</time>
        <extensions>
          <ns3:TrackPointExtension>
            <ns3:atemp>27.0</ns3:atemp>
            <ns3:hr>167</ns3:hr>
            <ns3:cad>89</ns3:cad>
          </ns3:TrackPointExtension>
        </extensions>
      </trkpt>
      <trkpt lat="31.99070348404347896575927734375" lon="118.7767477892339229583740234375">
        <ele>25.200000762939453125</ele>
        <time>2024-10-14T11:45:39.000Z</time>
        <extensions>
          <ns3:TrackPointExtension>
            <ns3:atemp>27.0</ns3:atemp>
            <ns3:hr>167</ns3:hr>
            <ns3:cad>89</ns3:cad>
          </ns3:TrackPointExtension>
        </extensions>
      </trkpt>
      <trkpt lat="31.9907034002244472503662109375" lon="118.77677352167665958404541015625">
        <ele>25.3999996185302734375</ele>
        <time>2024-10-14T11:45:40.000Z</time>
        <extensions>
          <ns3:TrackPointExtension>
            <ns3:atemp>27.0</ns3:atemp>
            <ns3:hr>167</ns3:hr>
            <ns3:cad>89</ns3:cad>
          </ns3:TrackPointExtension>
        </extensions>
      </trkpt>
      <trkpt lat="31.99070398695766925811767578125" lon="118.77680419944226741790771484375">
        <ele>25.3999996185302734375</ele>
        <time>2024-10-14T11:45:41.000Z</time>
        <extensions>
          <ns3:TrackPointExtension>
            <ns3:atemp>27.0</ns3:atemp>
            <ns3:hr>167</ns3:hr>
            <ns3:cad>89</ns3:cad>
          </ns3:TrackPointExtension>
        </extensions>
      </trkpt>
      <trkpt lat="31.99070130474865436553955078125" lon="118.7768339551985263824462890625">
        <ele>25.3999996185302734375</ele>
        <time>2024-10-14T11:45:42.000Z</time>
        <extensions>
          <ns3:TrackPointExtension>
            <ns3:atemp>27.0</ns3:atemp>
            <ns3:hr>167</ns3:hr>
            <ns3:cad>89</ns3:cad>
          </ns3:TrackPointExtension>
        </extensions>
      </trkpt>
      <trkpt lat="31.99070113711059093475341796875" lon="118.77686505205929279327392578125">
        <ele>25.3999996185302734375</ele>
        <time>2024-10-14T11:45:43.000Z</time>
        <extensions>
          <ns3:TrackPointExtension>
            <ns3:atemp>27.0</ns3:atemp>
            <ns3:hr>167</ns3:hr>
            <ns3:cad>90</ns3:cad>
          </ns3:TrackPointExtension>
        </extensions>
      </trkpt>
      <trkpt lat="31.99070298112928867340087890625" lon="118.77689690329134464263916015625">
        <ele>25.3999996185302734375</ele>
        <time>2024-10-14T11:45:44.000Z</time>
        <extensions>
          <ns3:TrackPointExtension>
            <ns3:atemp>27.0</ns3:atemp>
            <ns3:hr>167</ns3:hr>
            <ns3:cad>90</ns3:cad>
          </ns3:TrackPointExtension>
        </extensions>
      </trkpt>
      <trkpt lat="31.99070666916668415069580078125" lon="118.77693261019885540008544921875">
        <ele>25.6000003814697265625</ele>
        <time>2024-10-14T11:45:45.000Z</time>
        <extensions>
          <ns3:TrackPointExtension>
            <ns3:atemp>27.0</ns3:atemp>
            <ns3:hr>168</ns3:hr>
            <ns3:cad>90</ns3:cad>
          </ns3:TrackPointExtension>
        </extensions>
      </trkpt>
      <trkpt lat="31.99070616625249385833740234375" lon="118.77696312032639980316162109375">
        <ele>25.6000003814697265625</ele>
        <time>2024-10-14T11:45:46.000Z</time>
        <extensions>
          <ns3:TrackPointExtension>
            <ns3:atemp>27.0</ns3:atemp>
            <ns3:hr>168</ns3:hr>
            <ns3:cad>89</ns3:cad>
          </ns3:TrackPointExtension>
        </extensions>
      </trkpt>
      <trkpt lat="31.99070968665182590484619140625" lon="118.7769942171871662139892578125">
        <ele>25.6000003814697265625</ele>
        <time>2024-10-14T11:45:47.000Z</time>
        <extensions>
          <ns3:TrackPointExtension>
            <ns3:atemp>27.0</ns3:atemp>
            <ns3:hr>168</ns3:hr>
            <ns3:cad>89</ns3:cad>
          </ns3:TrackPointExtension>
        </extensions>
      </trkpt>
      <trkpt lat="31.99071018956601619720458984375" lon="118.77702464349567890167236328125">
        <ele>25.6000003814697265625</ele>
        <time>2024-10-14T11:45:48.000Z</time>
        <extensions>
          <ns3:TrackPointExtension>
            <ns3:atemp>27.0</ns3:atemp>
            <ns3:hr>168</ns3:hr>
            <ns3:cad>89</ns3:cad>
          </ns3:TrackPointExtension>
        </extensions>
      </trkpt>
      <trkpt lat="31.99071035720407962799072265625" lon="118.77705683000385761260986328125">
        <ele>25.6000003814697265625</ele>
        <time>2024-10-14T11:45:49.000Z</time>
        <extensions>
          <ns3:TrackPointExtension>
            <ns3:atemp>27.0</ns3:atemp>
            <ns3:hr>168</ns3:hr>
            <ns3:cad>90</ns3:cad>
          </ns3:TrackPointExtension>
        </extensions>
      </trkpt>
      <trkpt lat="31.99071069248020648956298828125" lon="118.77708457410335540771484375">
        <ele>25.6000003814697265625</ele>
        <time>2024-10-14T11:45:50.000Z</time>
        <extensions>
          <ns3:TrackPointExtension>
            <ns3:atemp>27.0</ns3:atemp>
            <ns3:hr>168</ns3:hr>
            <ns3:cad>90</ns3:cad>
          </ns3:TrackPointExtension>
        </extensions>
      </trkpt>
      <trkpt lat="31.99071186594665050506591796875" lon="118.7771179340779781341552734375">
        <ele>25.6000003814697265625</ele>
        <time>2024-10-14T11:45:51.000Z</time>
        <extensions>
          <ns3:TrackPointExtension>
            <ns3:atemp>27.0</ns3:atemp>
            <ns3:hr>168</ns3:hr>
            <ns3:cad>90</ns3:cad>
          </ns3:TrackPointExtension>
        </extensions>
      </trkpt>
      <trkpt lat="31.99071236886084079742431640625" lon="118.77715171314775943756103515625">
        <ele>25.6000003814697265625</ele>
        <time>2024-10-14T11:45:52.000Z</time>
        <extensions>
          <ns3:TrackPointExtension>
            <ns3:atemp>27.0</ns3:atemp>
            <ns3:hr>168</ns3:hr>
            <ns3:cad>90</ns3:cad>
          </ns3:TrackPointExtension>
        </extensions>
      </trkpt>
      <trkpt lat="31.990711949765682220458984375" lon="118.77718490548431873321533203125">
        <ele>25.6000003814697265625</ele>
        <time>2024-10-14T11:45:53.000Z</time>
        <extensions>
          <ns3:TrackPointExtension>
            <ns3:atemp>27.0</ns3:atemp>
            <ns3:hr>168</ns3:hr>
            <ns3:cad>90</ns3:cad>
          </ns3:TrackPointExtension>
        </extensions>
      </trkpt>
      <trkpt lat="31.9907111115753650665283203125" lon="118.7772134877741336822509765625">
        <ele>25.6000003814697265625</ele>
        <time>2024-10-14T11:45:54.000Z</time>
        <extensions>
          <ns3:TrackPointExtension>
            <ns3:atemp>27.0</ns3:atemp>
            <ns3:hr>168</ns3:hr>
            <ns3:cad>90</ns3:cad>
          </ns3:TrackPointExtension>
        </extensions>
      </trkpt>
      <trkpt lat="31.9907131232321262359619140625" lon="118.777244500815868377685546875">
        <ele>25.799999237060546875</ele>
        <time>2024-10-14T11:45:55.000Z</time>
        <extensions>
          <ns3:TrackPointExtension>
            <ns3:atemp>27.0</ns3:atemp>
            <ns3:hr>168</ns3:hr>
            <ns3:cad>90</ns3:cad>
          </ns3:TrackPointExtension>
        </extensions>
      </trkpt>
      <trkpt lat="31.99071387760341167449951171875" lon="118.77727543003857135772705078125">
        <ele>25.799999237060546875</ele>
        <time>2024-10-14T11:45:56.000Z</time>
        <extensions>
          <ns3:TrackPointExtension>
            <ns3:atemp>27.0</ns3:atemp>
            <ns3:hr>168</ns3:hr>
            <ns3:cad>90</ns3:cad>
          </ns3:TrackPointExtension>
        </extensions>
      </trkpt>
      <trkpt lat="31.99071370996534824371337890625" lon="118.77731122076511383056640625">
        <ele>25.799999237060546875</ele>
        <time>2024-10-14T11:45:57.000Z</time>
        <extensions>
          <ns3:TrackPointExtension>
            <ns3:atemp>27.0</ns3:atemp>
            <ns3:hr>168</ns3:hr>
            <ns3:cad>90</ns3:cad>
          </ns3:TrackPointExtension>
        </extensions>
      </trkpt>
      <trkpt lat="31.990715302526950836181640625" lon="118.77733611501753330230712890625">
        <ele>25.799999237060546875</ele>
        <time>2024-10-14T11:45:58.000Z</time>
        <extensions>
          <ns3:TrackPointExtension>
            <ns3:atemp>27.0</ns3:atemp>
            <ns3:hr>168</ns3:hr>
            <ns3:cad>90</ns3:cad>
          </ns3:TrackPointExtension>
        </extensions>
      </trkpt>
      <trkpt lat="31.9907188229262828826904296875" lon="118.77736754715442657470703125">
        <ele>25.799999237060546875</ele>
        <time>2024-10-14T11:45:59.000Z</time>
        <extensions>
          <ns3:TrackPointExtension>
            <ns3:atemp>27.0</ns3:atemp>
            <ns3:hr>168</ns3:hr>
            <ns3:cad>90</ns3:cad>
          </ns3:TrackPointExtension>
        </extensions>
      </trkpt>
      <trkpt lat="31.990720331668853759765625" lon="118.7773950397968292236328125">
        <ele>25.799999237060546875</ele>
        <time>2024-10-14T11:46:00.000Z</time>
        <extensions>
          <ns3:TrackPointExtension>
            <ns3:atemp>27.0</ns3:atemp>
            <ns3:hr>168</ns3:hr>
            <ns3:cad>90</ns3:cad>
          </ns3:TrackPointExtension>
        </extensions>
      </trkpt>
      <trkpt lat="31.990719996392726898193359375" lon="118.77742798067629337310791015625">
        <ele>25.799999237060546875</ele>
        <time>2024-10-14T11:46:01.000Z</time>
        <extensions>
          <ns3:TrackPointExtension>
            <ns3:atemp>27.0</ns3:atemp>
            <ns3:hr>168</ns3:hr>
            <ns3:cad>90</ns3:cad>
          </ns3:TrackPointExtension>
        </extensions>
      </trkpt>
      <trkpt lat="31.990720331668853759765625" lon="118.777457736432552337646484375">
        <ele>26</ele>
        <time>2024-10-14T11:46:02.000Z</time>
        <extensions>
          <ns3:TrackPointExtension>
            <ns3:atemp>27.0</ns3:atemp>
            <ns3:hr>168</ns3:hr>
            <ns3:cad>90</ns3:cad>
          </ns3:TrackPointExtension>
        </extensions>
      </trkpt>
      <trkpt lat="31.9907189905643463134765625" lon="118.777487576007843017578125">
        <ele>26</ele>
        <time>2024-10-14T11:46:03.000Z</time>
        <extensions>
          <ns3:TrackPointExtension>
            <ns3:atemp>27.0</ns3:atemp>
            <ns3:hr>168</ns3:hr>
            <ns3:cad>90</ns3:cad>
          </ns3:TrackPointExtension>
        </extensions>
      </trkpt>
      <trkpt lat="31.99071723036468029022216796875" lon="118.7775152362883090972900390625">
        <ele>26</ele>
        <time>2024-10-14T11:46:04.000Z</time>
        <extensions>
          <ns3:TrackPointExtension>
            <ns3:atemp>27.0</ns3:atemp>
            <ns3:hr>168</ns3:hr>
            <ns3:cad>90</ns3:cad>
          </ns3:TrackPointExtension>
        </extensions>
      </trkpt>
      <trkpt lat="31.9907171465456485748291015625" lon="118.7775484286248683929443359375">
        <ele>26</ele>
        <time>2024-10-14T11:46:05.000Z</time>
        <extensions>
          <ns3:TrackPointExtension>
            <ns3:atemp>27.0</ns3:atemp>
            <ns3:hr>168</ns3:hr>
            <ns3:cad>90</ns3:cad>
          </ns3:TrackPointExtension>
        </extensions>
      </trkpt>
      <trkpt lat="31.99072225950658321380615234375" lon="118.77757944166660308837890625">
        <ele>26</ele>
        <time>2024-10-14T11:46:06.000Z</time>
        <extensions>
          <ns3:TrackPointExtension>
            <ns3:atemp>27.0</ns3:atemp>
            <ns3:hr>168</ns3:hr>
            <ns3:cad>89</ns3:cad>
          </ns3:TrackPointExtension>
        </extensions>
      </trkpt>
      <trkpt lat="31.99072779156267642974853515625" lon="118.77761162817478179931640625">
        <ele>26</ele>
        <time>2024-10-14T11:46:07.000Z</time>
        <extensions>
          <ns3:TrackPointExtension>
            <ns3:atemp>27.0</ns3:atemp>
            <ns3:hr>168</ns3:hr>
            <ns3:cad>89</ns3:cad>
          </ns3:TrackPointExtension>
        </extensions>
      </trkpt>
      <trkpt lat="31.99073365889489650726318359375" lon="118.77764004282653331756591796875">
        <ele>26</ele>
        <time>2024-10-14T11:46:08.000Z</time>
        <extensions>
          <ns3:TrackPointExtension>
            <ns3:atemp>27.0</ns3:atemp>
            <ns3:hr>168</ns3:hr>
            <ns3:cad>89</ns3:cad>
          </ns3:TrackPointExtension>
        </extensions>
      </trkpt>
      <trkpt lat="31.9907377660274505615234375" lon="118.77767759375274181365966796875">
        <ele>26</ele>
        <time>2024-10-14T11:46:09.000Z</time>
        <extensions>
          <ns3:TrackPointExtension>
            <ns3:atemp>27.0</ns3:atemp>
            <ns3:hr>168</ns3:hr>
            <ns3:cad>89</ns3:cad>
          </ns3:TrackPointExtension>
        </extensions>
      </trkpt>
      <trkpt lat="31.9907386042177677154541015625" lon="118.77770843915641307830810546875">
        <ele>26</ele>
        <time>2024-10-14T11:46:10.000Z</time>
        <extensions>
          <ns3:TrackPointExtension>
            <ns3:atemp>27.0</ns3:atemp>
            <ns3:hr>168</ns3:hr>
            <ns3:cad>89</ns3:cad>
          </ns3:TrackPointExtension>
        </extensions>
      </trkpt>
      <trkpt lat="31.99073784984648227691650390625" lon="118.77773894928395748138427734375">
        <ele>26.200000762939453125</ele>
        <time>2024-10-14T11:46:11.000Z</time>
        <extensions>
          <ns3:TrackPointExtension>
            <ns3:atemp>27.0</ns3:atemp>
            <ns3:hr>168</ns3:hr>
            <ns3:cad>89</ns3:cad>
          </ns3:TrackPointExtension>
        </extensions>
      </trkpt>
      <trkpt lat="31.9907375983893871307373046875" lon="118.7777653522789478302001953125">
        <ele>26.200000762939453125</ele>
        <time>2024-10-14T11:46:12.000Z</time>
        <extensions>
          <ns3:TrackPointExtension>
            <ns3:atemp>27.0</ns3:atemp>
            <ns3:hr>168</ns3:hr>
            <ns3:cad>89</ns3:cad>
          </ns3:TrackPointExtension>
        </extensions>
      </trkpt>
      <trkpt lat="31.99073734693229198455810546875" lon="118.7777965329587459564208984375">
        <ele>26.200000762939453125</ele>
        <time>2024-10-14T11:46:13.000Z</time>
        <extensions>
          <ns3:TrackPointExtension>
            <ns3:atemp>27.0</ns3:atemp>
            <ns3:hr>168</ns3:hr>
            <ns3:cad>89</ns3:cad>
          </ns3:TrackPointExtension>
        </extensions>
      </trkpt>
      <trkpt lat="31.99073734693229198455810546875" lon="118.77782109193503856658935546875">
        <ele>26.200000762939453125</ele>
        <time>2024-10-14T11:46:14.000Z</time>
        <extensions>
          <ns3:TrackPointExtension>
            <ns3:atemp>27.0</ns3:atemp>
            <ns3:hr>168</ns3:hr>
            <ns3:cad>89</ns3:cad>
          </ns3:TrackPointExtension>
        </extensions>
      </trkpt>
      <trkpt lat="31.9907386042177677154541015625" lon="118.7778498418629169464111328125">
        <ele>26.200000762939453125</ele>
        <time>2024-10-14T11:46:15.000Z</time>
        <extensions>
          <ns3:TrackPointExtension>
            <ns3:atemp>27.0</ns3:atemp>
            <ns3:hr>169</ns3:hr>
            <ns3:cad>89</ns3:cad>
          </ns3:TrackPointExtension>
        </extensions>
      </trkpt>
      <trkpt lat="31.990738771855831146240234375" lon="118.77787607721984386444091796875">
        <ele>26.200000762939453125</ele>
        <time>2024-10-14T11:46:16.000Z</time>
        <extensions>
          <ns3:TrackPointExtension>
            <ns3:atemp>27.0</ns3:atemp>
            <ns3:hr>169</ns3:hr>
            <ns3:cad>89</ns3:cad>
          </ns3:TrackPointExtension>
        </extensions>
      </trkpt>
      <trkpt lat="31.99073852039873600006103515625" lon="118.77790533006191253662109375">
        <ele>26.200000762939453125</ele>
        <time>2024-10-14T11:46:17.000Z</time>
        <extensions>
          <ns3:TrackPointExtension>
            <ns3:atemp>27.0</ns3:atemp>
            <ns3:hr>169</ns3:hr>
            <ns3:cad>89</ns3:cad>
          </ns3:TrackPointExtension>
        </extensions>
      </trkpt>
      <trkpt lat="31.9907355867326259613037109375" lon="118.77793139778077602386474609375">
        <ele>26.3999996185302734375</ele>
        <time>2024-10-14T11:46:18.000Z</time>
        <extensions>
          <ns3:TrackPointExtension>
            <ns3:atemp>27.0</ns3:atemp>
            <ns3:hr>169</ns3:hr>
            <ns3:cad>89</ns3:cad>
          </ns3:TrackPointExtension>
        </extensions>
      </trkpt>
      <trkpt lat="31.990736089646816253662109375" lon="118.77796031534671783447265625">
        <ele>26.3999996185302734375</ele>
        <time>2024-10-14T11:46:19.000Z</time>
        <extensions>
          <ns3:TrackPointExtension>
            <ns3:atemp>27.0</ns3:atemp>
            <ns3:hr>169</ns3:hr>
            <ns3:cad>89</ns3:cad>
          </ns3:TrackPointExtension>
        </extensions>
      </trkpt>
      <trkpt lat="31.990734077990055084228515625" lon="118.77798755653202533721923828125">
        <ele>26.6000003814697265625</ele>
        <time>2024-10-14T11:46:20.000Z</time>
        <extensions>
          <ns3:TrackPointExtension>
            <ns3:atemp>27.0</ns3:atemp>
            <ns3:hr>169</ns3:hr>
            <ns3:cad>89</ns3:cad>
          </ns3:TrackPointExtension>
        </extensions>
      </trkpt>
      <trkpt lat="31.99073365889489650726318359375" lon="118.77801437862217426300048828125">
        <ele>26.6000003814697265625</ele>
        <time>2024-10-14T11:46:21.000Z</time>
        <extensions>
          <ns3:TrackPointExtension>
            <ns3:atemp>27.0</ns3:atemp>
            <ns3:hr>169</ns3:hr>
            <ns3:cad>89</ns3:cad>
          </ns3:TrackPointExtension>
        </extensions>
      </trkpt>
      <trkpt lat="31.990733407437801361083984375" lon="118.7780409492552280426025390625">
        <ele>26.6000003814697265625</ele>
        <time>2024-10-14T11:46:22.000Z</time>
        <extensions>
          <ns3:TrackPointExtension>
            <ns3:atemp>27.0</ns3:atemp>
            <ns3:hr>169</ns3:hr>
            <ns3:cad>89</ns3:cad>
          </ns3:TrackPointExtension>
        </extensions>
      </trkpt>
      <trkpt lat="31.9907349161803722381591796875" lon="118.7780684418976306915283203125">
        <ele>26.6000003814697265625</ele>
        <time>2024-10-14T11:46:23.000Z</time>
        <extensions>
          <ns3:TrackPointExtension>
            <ns3:atemp>27.0</ns3:atemp>
            <ns3:hr>169</ns3:hr>
            <ns3:cad>89</ns3:cad>
          </ns3:TrackPointExtension>
        </extensions>
      </trkpt>
      <trkpt lat="31.990738101303577423095703125" lon="118.77809870056807994842529296875">
        <ele>26.6000003814697265625</ele>
        <time>2024-10-14T11:46:24.000Z</time>
        <extensions>
          <ns3:TrackPointExtension>
            <ns3:atemp>27.0</ns3:atemp>
            <ns3:hr>169</ns3:hr>
            <ns3:cad>89</ns3:cad>
          </ns3:TrackPointExtension>
        </extensions>
      </trkpt>
      <trkpt lat="31.99074153788387775421142578125" lon="118.77812652848660945892333984375">
        <ele>26.6000003814697265625</ele>
        <time>2024-10-14T11:46:25.000Z</time>
        <extensions>
          <ns3:TrackPointExtension>
            <ns3:atemp>27.0</ns3:atemp>
            <ns3:hr>169</ns3:hr>
            <ns3:cad>88</ns3:cad>
          </ns3:TrackPointExtension>
        </extensions>
      </trkpt>
      <trkpt lat="31.9907436333596706390380859375" lon="118.778154440224170684814453125">
        <ele>26.6000003814697265625</ele>
        <time>2024-10-14T11:46:26.000Z</time>
        <extensions>
          <ns3:TrackPointExtension>
            <ns3:atemp>27.0</ns3:atemp>
            <ns3:hr>169</ns3:hr>
            <ns3:cad>88</ns3:cad>
          </ns3:TrackPointExtension>
        </extensions>
      </trkpt>
      <trkpt lat="31.9907431304454803466796875" lon="118.7781862914562225341796875">
        <ele>26.6000003814697265625</ele>
        <time>2024-10-14T11:46:27.000Z</time>
        <extensions>
          <ns3:TrackPointExtension>
            <ns3:atemp>27.0</ns3:atemp>
            <ns3:hr>169</ns3:hr>
            <ns3:cad>88</ns3:cad>
          </ns3:TrackPointExtension>
        </extensions>
      </trkpt>
      <trkpt lat="31.9907422922551631927490234375" lon="118.77821722067892551422119140625">
        <ele>26.799999237060546875</ele>
        <time>2024-10-14T11:46:28.000Z</time>
        <extensions>
          <ns3:TrackPointExtension>
            <ns3:atemp>27.0</ns3:atemp>
            <ns3:hr>169</ns3:hr>
            <ns3:cad>88</ns3:cad>
          </ns3:TrackPointExtension>
        </extensions>
      </trkpt>
      <trkpt lat="31.9907436333596706390380859375" lon="118.7782447971403598785400390625">
        <ele>26.799999237060546875</ele>
        <time>2024-10-14T11:46:29.000Z</time>
        <extensions>
          <ns3:TrackPointExtension>
            <ns3:atemp>27.0</ns3:atemp>
            <ns3:hr>169</ns3:hr>
            <ns3:cad>89</ns3:cad>
          </ns3:TrackPointExtension>
        </extensions>
      </trkpt>
      <trkpt lat="31.990742124617099761962890625" lon="118.77827413380146026611328125">
        <ele>26.799999237060546875</ele>
        <time>2024-10-14T11:46:30.000Z</time>
        <extensions>
          <ns3:TrackPointExtension>
            <ns3:atemp>27.0</ns3:atemp>
            <ns3:hr>169</ns3:hr>
            <ns3:cad>89</ns3:cad>
          </ns3:TrackPointExtension>
        </extensions>
      </trkpt>
      <trkpt lat="31.99074271135032176971435546875" lon="118.7783048115670680999755859375">
        <ele>26.799999237060546875</ele>
        <time>2024-10-14T11:46:31.000Z</time>
        <extensions>
          <ns3:TrackPointExtension>
            <ns3:atemp>27.0</ns3:atemp>
            <ns3:hr>169</ns3:hr>
            <ns3:cad>89</ns3:cad>
          </ns3:TrackPointExtension>
        </extensions>
      </trkpt>
      <trkpt lat="31.99074338190257549285888671875" lon="118.77833783626556396484375">
        <ele>26.799999237060546875</ele>
        <time>2024-10-14T11:46:32.000Z</time>
        <extensions>
          <ns3:TrackPointExtension>
            <ns3:atemp>27.0</ns3:atemp>
            <ns3:hr>169</ns3:hr>
            <ns3:cad>89</ns3:cad>
          </ns3:TrackPointExtension>
        </extensions>
      </trkpt>
      <trkpt lat="31.99074371717870235443115234375" lon="118.77836893312633037567138671875">
        <ele>26.799999237060546875</ele>
        <time>2024-10-14T11:46:33.000Z</time>
        <extensions>
          <ns3:TrackPointExtension>
            <ns3:atemp>27.0</ns3:atemp>
            <ns3:hr>169</ns3:hr>
            <ns3:cad>89</ns3:cad>
          </ns3:TrackPointExtension>
        </extensions>
      </trkpt>
      <trkpt lat="31.99074287898838520050048828125" lon="118.77839910797774791717529296875">
        <ele>26.799999237060546875</ele>
        <time>2024-10-14T11:46:34.000Z</time>
        <extensions>
          <ns3:TrackPointExtension>
            <ns3:atemp>27.0</ns3:atemp>
            <ns3:hr>169</ns3:hr>
            <ns3:cad>89</ns3:cad>
          </ns3:TrackPointExtension>
        </extensions>
      </trkpt>
      <trkpt lat="31.9907426275312900543212890625" lon="118.778426684439182281494140625">
        <ele>26.799999237060546875</ele>
        <time>2024-10-14T11:46:35.000Z</time>
        <extensions>
          <ns3:TrackPointExtension>
            <ns3:atemp>27.0</ns3:atemp>
            <ns3:hr>169</ns3:hr>
            <ns3:cad>89</ns3:cad>
          </ns3:TrackPointExtension>
        </extensions>
      </trkpt>
      <trkpt lat="31.9907436333596706390380859375" lon="118.7784576974809169769287109375">
        <ele>27</ele>
        <time>2024-10-14T11:46:36.000Z</time>
        <extensions>
          <ns3:TrackPointExtension>
            <ns3:atemp>27.0</ns3:atemp>
            <ns3:hr>169</ns3:hr>
            <ns3:cad>88</ns3:cad>
          </ns3:TrackPointExtension>
        </extensions>
      </trkpt>
      <trkpt lat="31.99074338190257549285888671875" lon="118.7784821726381778717041015625">
        <ele>27</ele>
        <time>2024-10-14T11:46:37.000Z</time>
        <extensions>
          <ns3:TrackPointExtension>
            <ns3:atemp>27.0</ns3:atemp>
            <ns3:hr>169</ns3:hr>
            <ns3:cad>88</ns3:cad>
          </ns3:TrackPointExtension>
        </extensions>
      </trkpt>
      <trkpt lat="31.99074438773095607757568359375" lon="118.77851075492799282073974609375">
        <ele>27</ele>
        <time>2024-10-14T11:46:38.000Z</time>
        <extensions>
          <ns3:TrackPointExtension>
            <ns3:atemp>27.0</ns3:atemp>
            <ns3:hr>169</ns3:hr>
            <ns3:cad>88</ns3:cad>
          </ns3:TrackPointExtension>
        </extensions>
      </trkpt>
      <trkpt lat="31.990746147930622100830078125" lon="118.77853657118976116180419921875">
        <ele>27</ele>
        <time>2024-10-14T11:46:39.000Z</time>
        <extensions>
          <ns3:TrackPointExtension>
            <ns3:atemp>27.0</ns3:atemp>
            <ns3:hr>169</ns3:hr>
            <ns3:cad>88</ns3:cad>
          </ns3:TrackPointExtension>
        </extensions>
      </trkpt>
      <trkpt lat="31.99075042270123958587646484375" lon="118.7785676680505275726318359375">
        <ele>27</ele>
        <time>2024-10-14T11:46:40.000Z</time>
        <extensions>
          <ns3:TrackPointExtension>
            <ns3:atemp>27.0</ns3:atemp>
            <ns3:hr>169</ns3:hr>
            <ns3:cad>88</ns3:cad>
          </ns3:TrackPointExtension>
        </extensions>
      </trkpt>
      <trkpt lat="31.9907580502331256866455078125" lon="118.778598010540008544921875">
        <ele>27</ele>
        <time>2024-10-14T11:46:41.000Z</time>
        <extensions>
          <ns3:TrackPointExtension>
            <ns3:atemp>27.0</ns3:atemp>
            <ns3:hr>169</ns3:hr>
            <ns3:cad>89</ns3:cad>
          </ns3:TrackPointExtension>
        </extensions>
      </trkpt>
      <trkpt lat="31.99076903052628040313720703125" lon="118.77863095141947269439697265625">
        <ele>27.200000762939453125</ele>
        <time>2024-10-14T11:46:42.000Z</time>
        <extensions>
          <ns3:TrackPointExtension>
            <ns3:atemp>27.0</ns3:atemp>
            <ns3:hr>169</ns3:hr>
            <ns3:cad>89</ns3:cad>
          </ns3:TrackPointExtension>
        </extensions>
      </trkpt>
      <trkpt lat="31.99077959172427654266357421875" lon="118.7786605395376682281494140625">
        <ele>27.200000762939453125</ele>
        <time>2024-10-14T11:46:43.000Z</time>
        <extensions>
          <ns3:TrackPointExtension>
            <ns3:atemp>27.0</ns3:atemp>
            <ns3:hr>169</ns3:hr>
            <ns3:cad>89</ns3:cad>
          </ns3:TrackPointExtension>
        </extensions>
      </trkpt>
      <trkpt lat="31.9907895661890506744384765625" lon="118.778690882027149200439453125">
        <ele>27.200000762939453125</ele>
        <time>2024-10-14T11:46:44.000Z</time>
        <extensions>
          <ns3:TrackPointExtension>
            <ns3:atemp>27.0</ns3:atemp>
            <ns3:hr>169</ns3:hr>
            <ns3:cad>89</ns3:cad>
          </ns3:TrackPointExtension>
        </extensions>
      </trkpt>
      <trkpt lat="31.9907992891967296600341796875" lon="118.77871803939342498779296875">
        <ele>27.200000762939453125</ele>
        <time>2024-10-14T11:46:45.000Z</time>
        <extensions>
          <ns3:TrackPointExtension>
            <ns3:atemp>27.0</ns3:atemp>
            <ns3:hr>169</ns3:hr>
            <ns3:cad>88</ns3:cad>
          </ns3:TrackPointExtension>
        </extensions>
      </trkpt>
      <trkpt lat="31.99080473743379116058349609375" lon="118.77874729223549365997314453125">
        <ele>27.200000762939453125</ele>
        <time>2024-10-14T11:46:46.000Z</time>
        <extensions>
          <ns3:TrackPointExtension>
            <ns3:atemp>27.0</ns3:atemp>
            <ns3:hr>169</ns3:hr>
            <ns3:cad>88</ns3:cad>
          </ns3:TrackPointExtension>
        </extensions>
      </trkpt>
      <trkpt lat="31.990809850394725799560546875" lon="118.778776042163372039794921875">
        <ele>27.200000762939453125</ele>
        <time>2024-10-14T11:46:47.000Z</time>
        <extensions>
          <ns3:TrackPointExtension>
            <ns3:atemp>27.0</ns3:atemp>
            <ns3:hr>169</ns3:hr>
            <ns3:cad>88</ns3:cad>
          </ns3:TrackPointExtension>
        </extensions>
      </trkpt>
      <trkpt lat="31.99081278406083583831787109375" lon="118.7788077257573604583740234375">
        <ele>27.200000762939453125</ele>
        <time>2024-10-14T11:46:48.000Z</time>
        <extensions>
          <ns3:TrackPointExtension>
            <ns3:atemp>27.0</ns3:atemp>
            <ns3:hr>169</ns3:hr>
            <ns3:cad>88</ns3:cad>
          </ns3:TrackPointExtension>
        </extensions>
      </trkpt>
      <trkpt lat="31.99081513099372386932373046875" lon="118.77883899025619029998779296875">
        <ele>27.200000762939453125</ele>
        <time>2024-10-14T11:46:49.000Z</time>
        <extensions>
          <ns3:TrackPointExtension>
            <ns3:atemp>27.0</ns3:atemp>
            <ns3:hr>169</ns3:hr>
            <ns3:cad>89</ns3:cad>
          </ns3:TrackPointExtension>
        </extensions>
      </trkpt>
      <trkpt lat="31.99081580154597759246826171875" lon="118.7788680754601955413818359375">
        <ele>27.200000762939453125</ele>
        <time>2024-10-14T11:46:50.000Z</time>
        <extensions>
          <ns3:TrackPointExtension>
            <ns3:atemp>27.0</ns3:atemp>
            <ns3:hr>169</ns3:hr>
            <ns3:cad>89</ns3:cad>
          </ns3:TrackPointExtension>
        </extensions>
      </trkpt>
      <trkpt lat="31.990818567574024200439453125" lon="118.7788945622742176055908203125">
        <ele>27.3999996185302734375</ele>
        <time>2024-10-14T11:46:51.000Z</time>
        <extensions>
          <ns3:TrackPointExtension>
            <ns3:atemp>27.0</ns3:atemp>
            <ns3:hr>169</ns3:hr>
            <ns3:cad>89</ns3:cad>
          </ns3:TrackPointExtension>
        </extensions>
      </trkpt>
      <trkpt lat="31.99082150124013423919677734375" lon="118.77892364747822284698486328125">
        <ele>27.3999996185302734375</ele>
        <time>2024-10-14T11:46:52.000Z</time>
        <extensions>
          <ns3:TrackPointExtension>
            <ns3:atemp>27.0</ns3:atemp>
            <ns3:hr>169</ns3:hr>
            <ns3:cad>89</ns3:cad>
          </ns3:TrackPointExtension>
        </extensions>
      </trkpt>
      <trkpt lat="31.99082351289689540863037109375" lon="118.77895114012062549591064453125">
        <ele>27.3999996185302734375</ele>
        <time>2024-10-14T11:46:53.000Z</time>
        <extensions>
          <ns3:TrackPointExtension>
            <ns3:atemp>27.0</ns3:atemp>
            <ns3:hr>169</ns3:hr>
            <ns3:cad>89</ns3:cad>
          </ns3:TrackPointExtension>
        </extensions>
      </trkpt>
      <trkpt lat="31.99082468636333942413330078125" lon="118.7789783813059329986572265625">
        <ele>27.6000003814697265625</ele>
        <time>2024-10-14T11:46:54.000Z</time>
        <extensions>
          <ns3:TrackPointExtension>
            <ns3:atemp>27.0</ns3:atemp>
            <ns3:hr>169</ns3:hr>
            <ns3:cad>88</ns3:cad>
          </ns3:TrackPointExtension>
        </extensions>
      </trkpt>
      <trkpt lat="31.99082552455365657806396484375" lon="118.7790082208812236785888671875">
        <ele>27.6000003814697265625</ele>
        <time>2024-10-14T11:46:55.000Z</time>
        <extensions>
          <ns3:TrackPointExtension>
            <ns3:atemp>27.0</ns3:atemp>
            <ns3:hr>169</ns3:hr>
            <ns3:cad>88</ns3:cad>
          </ns3:TrackPointExtension>
        </extensions>
      </trkpt>
      <trkpt lat="31.99082585982978343963623046875" lon="118.779037557542324066162109375">
        <ele>27.6000003814697265625</ele>
        <time>2024-10-14T11:46:56.000Z</time>
        <extensions>
          <ns3:TrackPointExtension>
            <ns3:atemp>27.0</ns3:atemp>
            <ns3:hr>169</ns3:hr>
            <ns3:cad>88</ns3:cad>
          </ns3:TrackPointExtension>
        </extensions>
      </trkpt>
      <trkpt lat="31.99082653038203716278076171875" lon="118.77906613983213901519775390625">
        <ele>27.6000003814697265625</ele>
        <time>2024-10-14T11:46:57.000Z</time>
        <extensions>
          <ns3:TrackPointExtension>
            <ns3:atemp>27.0</ns3:atemp>
            <ns3:hr>169</ns3:hr>
            <ns3:cad>89</ns3:cad>
          </ns3:TrackPointExtension>
        </extensions>
      </trkpt>
      <trkpt lat="31.99082837440073490142822265625" lon="118.7790982425212860107421875">
        <ele>27.6000003814697265625</ele>
        <time>2024-10-14T11:46:58.000Z</time>
        <extensions>
          <ns3:TrackPointExtension>
            <ns3:atemp>27.0</ns3:atemp>
            <ns3:hr>169</ns3:hr>
            <ns3:cad>89</ns3:cad>
          </ns3:TrackPointExtension>
        </extensions>
      </trkpt>
      <trkpt lat="31.9908308051526546478271484375" lon="118.779132105410099029541015625">
        <ele>27.799999237060546875</ele>
        <time>2024-10-14T11:46:59.000Z</time>
        <extensions>
          <ns3:TrackPointExtension>
            <ns3:atemp>27.0</ns3:atemp>
            <ns3:hr>169</ns3:hr>
            <ns3:cad>89</ns3:cad>
          </ns3:TrackPointExtension>
        </extensions>
      </trkpt>
      <trkpt lat="31.99083365499973297119140625" lon="118.77915934659540653228759765625">
        <ele>27.799999237060546875</ele>
        <time>2024-10-14T11:47:00.000Z</time>
        <extensions>
          <ns3:TrackPointExtension>
            <ns3:atemp>27.0</ns3:atemp>
            <ns3:hr>169</ns3:hr>
            <ns3:cad>89</ns3:cad>
          </ns3:TrackPointExtension>
        </extensions>
      </trkpt>
      <trkpt lat="31.99083491228520870208740234375" lon="118.7791879288852214813232421875">
        <ele>27.799999237060546875</ele>
        <time>2024-10-14T11:47:01.000Z</time>
        <extensions>
          <ns3:TrackPointExtension>
            <ns3:atemp>27.0</ns3:atemp>
            <ns3:hr>169</ns3:hr>
            <ns3:cad>90</ns3:cad>
          </ns3:TrackPointExtension>
        </extensions>
      </trkpt>
      <trkpt lat="31.990835331380367279052734375" lon="118.7792177684605121612548828125">
        <ele>28</ele>
        <time>2024-10-14T11:47:02.000Z</time>
        <extensions>
          <ns3:TrackPointExtension>
            <ns3:atemp>27.0</ns3:atemp>
            <ns3:hr>169</ns3:hr>
            <ns3:cad>90</ns3:cad>
          </ns3:TrackPointExtension>
        </extensions>
      </trkpt>
      <trkpt lat="31.99083407409489154815673828125" lon="118.77924953587353229522705078125">
        <ele>28</ele>
        <time>2024-10-14T11:47:03.000Z</time>
        <extensions>
          <ns3:TrackPointExtension>
            <ns3:atemp>27.0</ns3:atemp>
            <ns3:hr>169</ns3:hr>
            <ns3:cad>89</ns3:cad>
          </ns3:TrackPointExtension>
        </extensions>
      </trkpt>
      <trkpt lat="31.990833319723606109619140625" lon="118.77928264439105987548828125">
        <ele>28</ele>
        <time>2024-10-14T11:47:04.000Z</time>
        <extensions>
          <ns3:TrackPointExtension>
            <ns3:atemp>27.0</ns3:atemp>
            <ns3:hr>170</ns3:hr>
            <ns3:cad>89</ns3:cad>
          </ns3:TrackPointExtension>
        </extensions>
      </trkpt>
      <trkpt lat="31.99083273299038410186767578125" lon="118.7793139927089214324951171875">
        <ele>28.200000762939453125</ele>
        <time>2024-10-14T11:47:05.000Z</time>
        <extensions>
          <ns3:TrackPointExtension>
            <ns3:atemp>27.0</ns3:atemp>
            <ns3:hr>170</ns3:hr>
            <ns3:cad>89</ns3:cad>
          </ns3:TrackPointExtension>
        </extensions>
      </trkpt>
      <trkpt lat="31.9908318109810352325439453125" lon="118.77934391610324382781982421875">
        <ele>28.200000762939453125</ele>
        <time>2024-10-14T11:47:06.000Z</time>
        <extensions>
          <ns3:TrackPointExtension>
            <ns3:atemp>27.0</ns3:atemp>
            <ns3:hr>169</ns3:hr>
            <ns3:cad>89</ns3:cad>
          </ns3:TrackPointExtension>
        </extensions>
      </trkpt>
      <trkpt lat="31.9908308051526546478271484375" lon="118.7793726660311222076416015625">
        <ele>28.200000762939453125</ele>
        <time>2024-10-14T11:47:07.000Z</time>
        <extensions>
          <ns3:TrackPointExtension>
            <ns3:atemp>27.0</ns3:atemp>
            <ns3:hr>169</ns3:hr>
            <ns3:cad>89</ns3:cad>
          </ns3:TrackPointExtension>
        </extensions>
      </trkpt>
      <trkpt lat="31.990830637514591217041015625" lon="118.77939756028354167938232421875">
        <ele>28.3999996185302734375</ele>
        <time>2024-10-14T11:47:08.000Z</time>
        <extensions>
          <ns3:TrackPointExtension>
            <ns3:atemp>27.0</ns3:atemp>
            <ns3:hr>169</ns3:hr>
            <ns3:cad>89</ns3:cad>
          </ns3:TrackPointExtension>
        </extensions>
      </trkpt>
      <trkpt lat="31.99083021841943264007568359375" lon="118.7794259749352931976318359375">
        <ele>28.3999996185302734375</ele>
        <time>2024-10-14T11:47:09.000Z</time>
        <extensions>
          <ns3:TrackPointExtension>
            <ns3:atemp>27.0</ns3:atemp>
            <ns3:hr>169</ns3:hr>
            <ns3:cad>89</ns3:cad>
          </ns3:TrackPointExtension>
        </extensions>
      </trkpt>
      <trkpt lat="31.9908301346004009246826171875" lon="118.7794538028538227081298828125">
        <ele>28.3999996185302734375</ele>
        <time>2024-10-14T11:47:10.000Z</time>
        <extensions>
          <ns3:TrackPointExtension>
            <ns3:atemp>27.0</ns3:atemp>
            <ns3:hr>169</ns3:hr>
            <ns3:cad>89</ns3:cad>
          </ns3:TrackPointExtension>
        </extensions>
      </trkpt>
      <trkpt lat="31.99083097279071807861328125" lon="118.77948020584881305694580078125">
        <ele>28.6000003814697265625</ele>
        <time>2024-10-14T11:47:11.000Z</time>
        <extensions>
          <ns3:TrackPointExtension>
            <ns3:atemp>27.0</ns3:atemp>
            <ns3:hr>169</ns3:hr>
            <ns3:cad>89</ns3:cad>
          </ns3:TrackPointExtension>
        </extensions>
      </trkpt>
      <trkpt lat="31.9908321462571620941162109375" lon="118.77950669266283512115478515625">
        <ele>28.6000003814697265625</ele>
        <time>2024-10-14T11:47:12.000Z</time>
        <extensions>
          <ns3:TrackPointExtension>
            <ns3:atemp>27.0</ns3:atemp>
            <ns3:hr>169</ns3:hr>
            <ns3:cad>88</ns3:cad>
          </ns3:TrackPointExtension>
        </extensions>
      </trkpt>
      <trkpt lat="31.99083223007619380950927734375" lon="118.77953485585749149322509765625">
        <ele>28.6000003814697265625</ele>
        <time>2024-10-14T11:47:13.000Z</time>
        <extensions>
          <ns3:TrackPointExtension>
            <ns3:atemp>27.0</ns3:atemp>
            <ns3:hr>169</ns3:hr>
            <ns3:cad>88</ns3:cad>
          </ns3:TrackPointExtension>
        </extensions>
      </trkpt>
      <trkpt lat="31.990835331380367279052734375" lon="118.77956234849989414215087890625">
        <ele>28.799999237060546875</ele>
        <time>2024-10-14T11:47:14.000Z</time>
        <extensions>
          <ns3:TrackPointExtension>
            <ns3:atemp>27.0</ns3:atemp>
            <ns3:hr>169</ns3:hr>
            <ns3:cad>88</ns3:cad>
          </ns3:TrackPointExtension>
        </extensions>
      </trkpt>
      <trkpt lat="31.990838013589382171630859375" lon="118.77959235571324825286865234375">
        <ele>28.799999237060546875</ele>
        <time>2024-10-14T11:47:15.000Z</time>
        <extensions>
          <ns3:TrackPointExtension>
            <ns3:atemp>27.0</ns3:atemp>
            <ns3:hr>169</ns3:hr>
            <ns3:cad>89</ns3:cad>
          </ns3:TrackPointExtension>
        </extensions>
      </trkpt>
      <trkpt lat="31.9908415339887142181396484375" lon="118.7796194292604923248291015625">
        <ele>28.799999237060546875</ele>
        <time>2024-10-14T11:47:16.000Z</time>
        <extensions>
          <ns3:TrackPointExtension>
            <ns3:atemp>27.0</ns3:atemp>
            <ns3:hr>169</ns3:hr>
            <ns3:cad>89</ns3:cad>
          </ns3:TrackPointExtension>
        </extensions>
      </trkpt>
      <trkpt lat="31.99084362946450710296630859375" lon="118.77964952029287815093994140625">
        <ele>29</ele>
        <time>2024-10-14T11:47:17.000Z</time>
        <extensions>
          <ns3:TrackPointExtension>
            <ns3:atemp>27.0</ns3:atemp>
            <ns3:hr>169</ns3:hr>
            <ns3:cad>89</ns3:cad>
          </ns3:TrackPointExtension>
        </extensions>
      </trkpt>
      <trkpt lat="31.99084530584514141082763671875" lon="118.77967516891658306121826171875">
        <ele>29</ele>
        <time>2024-10-14T11:47:18.000Z</time>
        <extensions>
          <ns3:TrackPointExtension>
            <ns3:atemp>27.0</ns3:atemp>
            <ns3:hr>169</ns3:hr>
            <ns3:cad>89</ns3:cad>
          </ns3:TrackPointExtension>
        </extensions>
      </trkpt>
      <trkpt lat="31.9908468984067440032958984375" lon="118.7797045893967151641845703125">
        <ele>29</ele>
        <time>2024-10-14T11:47:19.000Z</time>
        <extensions>
          <ns3:TrackPointExtension>
            <ns3:atemp>27.0</ns3:atemp>
            <ns3:hr>169</ns3:hr>
            <ns3:cad>89</ns3:cad>
          </ns3:TrackPointExtension>
        </extensions>
      </trkpt>
      <trkpt lat="31.99084832333028316497802734375" lon="118.77973116002976894378662109375">
        <ele>29</ele>
        <time>2024-10-14T11:47:20.000Z</time>
        <extensions>
          <ns3:TrackPointExtension>
            <ns3:atemp>27.0</ns3:atemp>
            <ns3:hr>169</ns3:hr>
            <ns3:cad>89</ns3:cad>
          </ns3:TrackPointExtension>
        </extensions>
      </trkpt>
      <trkpt lat="31.99084916152060031890869140625" lon="118.77976301126182079315185546875">
        <ele>29.200000762939453125</ele>
        <time>2024-10-14T11:47:21.000Z</time>
        <extensions>
          <ns3:TrackPointExtension>
            <ns3:atemp>27.0</ns3:atemp>
            <ns3:hr>170</ns3:hr>
            <ns3:cad>89</ns3:cad>
          </ns3:TrackPointExtension>
        </extensions>
      </trkpt>
      <trkpt lat="31.99085050262510776519775390625" lon="118.77979268319904804229736328125">
        <ele>29.200000762939453125</ele>
        <time>2024-10-14T11:47:22.000Z</time>
        <extensions>
          <ns3:TrackPointExtension>
            <ns3:atemp>27.0</ns3:atemp>
            <ns3:hr>170</ns3:hr>
            <ns3:cad>89</ns3:cad>
          </ns3:TrackPointExtension>
        </extensions>
      </trkpt>
      <trkpt lat="31.9908529333770275115966796875" lon="118.77982486970722675323486328125">
        <ele>29.200000762939453125</ele>
        <time>2024-10-14T11:47:23.000Z</time>
        <extensions>
          <ns3:TrackPointExtension>
            <ns3:atemp>27.0</ns3:atemp>
            <ns3:hr>170</ns3:hr>
            <ns3:cad>88</ns3:cad>
          </ns3:TrackPointExtension>
        </extensions>
      </trkpt>
      <trkpt lat="31.99085335247218608856201171875" lon="118.77985035069286823272705078125">
        <ele>29.200000762939453125</ele>
        <time>2024-10-14T11:47:24.000Z</time>
        <extensions>
          <ns3:TrackPointExtension>
            <ns3:atemp>27.0</ns3:atemp>
            <ns3:hr>170</ns3:hr>
            <ns3:cad>88</ns3:cad>
          </ns3:TrackPointExtension>
        </extensions>
      </trkpt>
      <trkpt lat="31.9908505864441394805908203125" lon="118.77987951971590518951416015625">
        <ele>29.3999996185302734375</ele>
        <time>2024-10-14T11:47:25.000Z</time>
        <extensions>
          <ns3:TrackPointExtension>
            <ns3:atemp>27.0</ns3:atemp>
            <ns3:hr>170</ns3:hr>
            <ns3:cad>88</ns3:cad>
          </ns3:TrackPointExtension>
        </extensions>
      </trkpt>
      <trkpt lat="31.99084983207285404205322265625" lon="118.77990500070154666900634765625">
        <ele>29.3999996185302734375</ele>
        <time>2024-10-14T11:47:26.000Z</time>
        <extensions>
          <ns3:TrackPointExtension>
            <ns3:atemp>27.0</ns3:atemp>
            <ns3:hr>170</ns3:hr>
            <ns3:cad>89</ns3:cad>
          </ns3:TrackPointExtension>
        </extensions>
      </trkpt>
      <trkpt lat="31.99084815569221973419189453125" lon="118.7799362652003765106201171875">
        <ele>29.6000003814697265625</ele>
        <time>2024-10-14T11:47:27.000Z</time>
        <extensions>
          <ns3:TrackPointExtension>
            <ns3:atemp>27.0</ns3:atemp>
            <ns3:hr>170</ns3:hr>
            <ns3:cad>89</ns3:cad>
          </ns3:TrackPointExtension>
        </extensions>
      </trkpt>
      <trkpt lat="31.9908472336828708648681640625" lon="118.77996124327182769775390625">
        <ele>29.6000003814697265625</ele>
        <time>2024-10-14T11:47:28.000Z</time>
        <extensions>
          <ns3:TrackPointExtension>
            <ns3:atemp>27.0</ns3:atemp>
            <ns3:hr>170</ns3:hr>
            <ns3:cad>88</ns3:cad>
          </ns3:TrackPointExtension>
        </extensions>
      </trkpt>
      <trkpt lat="31.9908463954925537109375" lon="118.7799949385225772857666015625">
        <ele>29.6000003814697265625</ele>
        <time>2024-10-14T11:47:29.000Z</time>
        <extensions>
          <ns3:TrackPointExtension>
            <ns3:atemp>27.0</ns3:atemp>
            <ns3:hr>170</ns3:hr>
            <ns3:cad>88</ns3:cad>
          </ns3:TrackPointExtension>
        </extensions>
      </trkpt>
      <trkpt lat="31.990848071873188018798828125" lon="118.78002184443175792694091796875">
        <ele>29.799999237060546875</ele>
        <time>2024-10-14T11:47:30.000Z</time>
        <extensions>
          <ns3:TrackPointExtension>
            <ns3:atemp>27.0</ns3:atemp>
            <ns3:hr>170</ns3:hr>
            <ns3:cad>88</ns3:cad>
          </ns3:TrackPointExtension>
        </extensions>
      </trkpt>
      <trkpt lat="31.99084798805415630340576171875" lon="118.78005738370120525360107421875">
        <ele>29.799999237060546875</ele>
        <time>2024-10-14T11:47:31.000Z</time>
        <extensions>
          <ns3:TrackPointExtension>
            <ns3:atemp>27.0</ns3:atemp>
            <ns3:hr>170</ns3:hr>
            <ns3:cad>88</ns3:cad>
          </ns3:TrackPointExtension>
        </extensions>
      </trkpt>
      <trkpt lat="31.990848742425441741943359375" lon="118.78008454106748104095458984375">
        <ele>29.799999237060546875</ele>
        <time>2024-10-14T11:47:32.000Z</time>
        <extensions>
          <ns3:TrackPointExtension>
            <ns3:atemp>27.0</ns3:atemp>
            <ns3:hr>171</ns3:hr>
            <ns3:cad>88</ns3:cad>
          </ns3:TrackPointExtension>
        </extensions>
      </trkpt>
      <trkpt lat="31.9908495806157588958740234375" lon="118.7801186554133892059326171875">
        <ele>29.799999237060546875</ele>
        <time>2024-10-14T11:47:33.000Z</time>
        <extensions>
          <ns3:TrackPointExtension>
            <ns3:atemp>27.0</ns3:atemp>
            <ns3:hr>171</ns3:hr>
            <ns3:cad>88</ns3:cad>
          </ns3:TrackPointExtension>
        </extensions>
      </trkpt>
      <trkpt lat="31.990849077701568603515625" lon="118.7801443040370941162109375">
        <ele>29.799999237060546875</ele>
        <time>2024-10-14T11:47:34.000Z</time>
        <extensions>
          <ns3:TrackPointExtension>
            <ns3:atemp>27.0</ns3:atemp>
            <ns3:hr>171</ns3:hr>
            <ns3:cad>88</ns3:cad>
          </ns3:TrackPointExtension>
        </extensions>
      </trkpt>
      <trkpt lat="31.990850083529949188232421875" lon="118.7801739759743213653564453125">
        <ele>29.799999237060546875</ele>
        <time>2024-10-14T11:47:35.000Z</time>
        <extensions>
          <ns3:TrackPointExtension>
            <ns3:atemp>27.0</ns3:atemp>
            <ns3:hr>171</ns3:hr>
            <ns3:cad>88</ns3:cad>
          </ns3:TrackPointExtension>
        </extensions>
      </trkpt>
      <trkpt lat="31.99085134081542491912841796875" lon="118.78019920550286769866943359375">
        <ele>29.799999237060546875</ele>
        <time>2024-10-14T11:47:36.000Z</time>
        <extensions>
          <ns3:TrackPointExtension>
            <ns3:atemp>27.0</ns3:atemp>
            <ns3:hr>171</ns3:hr>
            <ns3:cad>88</ns3:cad>
          </ns3:TrackPointExtension>
        </extensions>
      </trkpt>
      <trkpt lat="31.9908529333770275115966796875" lon="118.78023206256330013275146484375">
        <ele>29.799999237060546875</ele>
        <time>2024-10-14T11:47:37.000Z</time>
        <extensions>
          <ns3:TrackPointExtension>
            <ns3:atemp>27.0</ns3:atemp>
            <ns3:hr>172</ns3:hr>
            <ns3:cad>89</ns3:cad>
          </ns3:TrackPointExtension>
        </extensions>
      </trkpt>
      <trkpt lat="31.9908569566905498504638671875" lon="118.78026056103408336639404296875">
        <ele>29.799999237060546875</ele>
        <time>2024-10-14T11:47:38.000Z</time>
        <extensions>
          <ns3:TrackPointExtension>
            <ns3:atemp>27.0</ns3:atemp>
            <ns3:hr>172</ns3:hr>
            <ns3:cad>89</ns3:cad>
          </ns3:TrackPointExtension>
        </extensions>
      </trkpt>
      <trkpt lat="31.990859471261501312255859375" lon="118.78029492683708667755126953125">
        <ele>29.799999237060546875</ele>
        <time>2024-10-14T11:47:39.000Z</time>
        <extensions>
          <ns3:TrackPointExtension>
            <ns3:atemp>27.0</ns3:atemp>
            <ns3:hr>172</ns3:hr>
            <ns3:cad>89</ns3:cad>
          </ns3:TrackPointExtension>
        </extensions>
      </trkpt>
      <trkpt lat="31.99086190201342105865478515625" lon="118.780323006212711334228515625">
        <ele>29.6000003814697265625</ele>
        <time>2024-10-14T11:47:40.000Z</time>
        <extensions>
          <ns3:TrackPointExtension>
            <ns3:atemp>27.0</ns3:atemp>
            <ns3:hr>172</ns3:hr>
            <ns3:cad>89</ns3:cad>
          </ns3:TrackPointExtension>
        </extensions>
      </trkpt>
      <trkpt lat="31.9908626563847064971923828125" lon="118.7803535163402557373046875">
        <ele>29.6000003814697265625</ele>
        <time>2024-10-14T11:47:41.000Z</time>
        <extensions>
          <ns3:TrackPointExtension>
            <ns3:atemp>27.0</ns3:atemp>
            <ns3:hr>172</ns3:hr>
            <ns3:cad>89</ns3:cad>
          </ns3:TrackPointExtension>
        </extensions>
      </trkpt>
      <trkpt lat="31.99086609296500682830810546875" lon="118.7803795002400875091552734375">
        <ele>29.6000003814697265625</ele>
        <time>2024-10-14T11:47:42.000Z</time>
        <extensions>
          <ns3:TrackPointExtension>
            <ns3:atemp>27.0</ns3:atemp>
            <ns3:hr>172</ns3:hr>
            <ns3:cad>89</ns3:cad>
          </ns3:TrackPointExtension>
        </extensions>
      </trkpt>
      <trkpt lat="31.99086877517402172088623046875" lon="118.78041110001504421234130859375">
        <ele>29.6000003814697265625</ele>
        <time>2024-10-14T11:47:43.000Z</time>
        <extensions>
          <ns3:TrackPointExtension>
            <ns3:atemp>27.0</ns3:atemp>
            <ns3:hr>172</ns3:hr>
            <ns3:cad>90</ns3:cad>
          </ns3:TrackPointExtension>
        </extensions>
      </trkpt>
      <trkpt lat="31.99087430723011493682861328125" lon="118.7804385088384151458740234375">
        <ele>29.3999996185302734375</ele>
        <time>2024-10-14T11:47:44.000Z</time>
        <extensions>
          <ns3:TrackPointExtension>
            <ns3:atemp>27.0</ns3:atemp>
            <ns3:hr>172</ns3:hr>
            <ns3:cad>90</ns3:cad>
          </ns3:TrackPointExtension>
        </extensions>
      </trkpt>
      <trkpt lat="31.99087816290557384490966796875" lon="118.7804720364511013031005859375">
        <ele>29.3999996185302734375</ele>
        <time>2024-10-14T11:47:45.000Z</time>
        <extensions>
          <ns3:TrackPointExtension>
            <ns3:atemp>27.0</ns3:atemp>
            <ns3:hr>172</ns3:hr>
            <ns3:cad>90</ns3:cad>
          </ns3:TrackPointExtension>
        </extensions>
      </trkpt>
      <trkpt lat="31.990881264209747314453125" lon="118.78049978055059909820556640625">
        <ele>29.3999996185302734375</ele>
        <time>2024-10-14T11:47:46.000Z</time>
        <extensions>
          <ns3:TrackPointExtension>
            <ns3:atemp>27.0</ns3:atemp>
            <ns3:hr>172</ns3:hr>
            <ns3:cad>90</ns3:cad>
          </ns3:TrackPointExtension>
        </extensions>
      </trkpt>
      <trkpt lat="31.99087983928620815277099609375" lon="118.78053347580134868621826171875">
        <ele>29.200000762939453125</ele>
        <time>2024-10-14T11:47:47.000Z</time>
        <extensions>
          <ns3:TrackPointExtension>
            <ns3:atemp>27.0</ns3:atemp>
            <ns3:hr>172</ns3:hr>
            <ns3:cad>90</ns3:cad>
          </ns3:TrackPointExtension>
        </extensions>
      </trkpt>
      <trkpt lat="31.990878246724605560302734375" lon="118.78055979497730731964111328125">
        <ele>29.200000762939453125</ele>
        <time>2024-10-14T11:47:48.000Z</time>
        <extensions>
          <ns3:TrackPointExtension>
            <ns3:atemp>27.0</ns3:atemp>
            <ns3:hr>172</ns3:hr>
            <ns3:cad>90</ns3:cad>
          </ns3:TrackPointExtension>
        </extensions>
      </trkpt>
      <trkpt lat="31.99087631888687610626220703125" lon="118.78059164620935916900634765625">
        <ele>29</ele>
        <time>2024-10-14T11:47:49.000Z</time>
        <extensions>
          <ns3:TrackPointExtension>
            <ns3:atemp>27.0</ns3:atemp>
            <ns3:hr>172</ns3:hr>
            <ns3:cad>90</ns3:cad>
          </ns3:TrackPointExtension>
        </extensions>
      </trkpt>
      <trkpt lat="31.990874893963336944580078125" lon="118.7806215696036815643310546875">
        <ele>28.799999237060546875</ele>
        <time>2024-10-14T11:47:50.000Z</time>
        <extensions>
          <ns3:TrackPointExtension>
            <ns3:atemp>27.0</ns3:atemp>
            <ns3:hr>172</ns3:hr>
            <ns3:cad>89</ns3:cad>
          </ns3:TrackPointExtension>
        </extensions>
      </trkpt>
      <trkpt lat="31.990873552858829498291015625" lon="118.78065484575927257537841796875">
        <ele>28.799999237060546875</ele>
        <time>2024-10-14T11:47:51.000Z</time>
        <extensions>
          <ns3:TrackPointExtension>
            <ns3:atemp>27.0</ns3:atemp>
            <ns3:hr>171</ns3:hr>
            <ns3:cad>89</ns3:cad>
          </ns3:TrackPointExtension>
        </extensions>
      </trkpt>
      <trkpt lat="31.9908737204968929290771484375" lon="118.7806861102581024169921875">
        <ele>28.799999237060546875</ele>
        <time>2024-10-14T11:47:52.000Z</time>
        <extensions>
          <ns3:TrackPointExtension>
            <ns3:atemp>27.0</ns3:atemp>
            <ns3:hr>171</ns3:hr>
            <ns3:cad>89</ns3:cad>
          </ns3:TrackPointExtension>
        </extensions>
      </trkpt>
      <trkpt lat="31.99087447486817836761474609375" lon="118.78071921877562999725341796875">
        <ele>28.799999237060546875</ele>
        <time>2024-10-14T11:47:53.000Z</time>
        <extensions>
          <ns3:TrackPointExtension>
            <ns3:atemp>27.0</ns3:atemp>
            <ns3:hr>171</ns3:hr>
            <ns3:cad>89</ns3:cad>
          </ns3:TrackPointExtension>
        </extensions>
      </trkpt>
      <trkpt lat="31.99087430723011493682861328125" lon="118.78074687905609607696533203125">
        <ele>28.799999237060546875</ele>
        <time>2024-10-14T11:47:54.000Z</time>
        <extensions>
          <ns3:TrackPointExtension>
            <ns3:atemp>27.0</ns3:atemp>
            <ns3:hr>172</ns3:hr>
            <ns3:cad>89</ns3:cad>
          </ns3:TrackPointExtension>
        </extensions>
      </trkpt>
      <trkpt lat="31.9908753968775272369384765625" lon="118.780779652297496795654296875">
        <ele>28.6000003814697265625</ele>
        <time>2024-10-14T11:47:55.000Z</time>
        <extensions>
          <ns3:TrackPointExtension>
            <ns3:atemp>27.0</ns3:atemp>
            <ns3:hr>172</ns3:hr>
            <ns3:cad>89</ns3:cad>
          </ns3:TrackPointExtension>
        </extensions>
      </trkpt>
      <trkpt lat="31.990877576172351837158203125" lon="118.78080739639699459075927734375">
        <ele>28.6000003814697265625</ele>
        <time>2024-10-14T11:47:56.000Z</time>
        <extensions>
          <ns3:TrackPointExtension>
            <ns3:atemp>26.0</ns3:atemp>
            <ns3:hr>172</ns3:hr>
            <ns3:cad>89</ns3:cad>
          </ns3:TrackPointExtension>
        </extensions>
      </trkpt>
      <trkpt lat="31.990880258381366729736328125" lon="118.78084360621869564056396484375">
        <ele>28.6000003814697265625</ele>
        <time>2024-10-14T11:47:57.000Z</time>
        <extensions>
          <ns3:TrackPointExtension>
            <ns3:atemp>27.0</ns3:atemp>
            <ns3:hr>172</ns3:hr>
            <ns3:cad>90</ns3:cad>
          </ns3:TrackPointExtension>
        </extensions>
      </trkpt>
      <trkpt lat="31.99088335968554019927978515625" lon="118.780874870717525482177734375">
        <ele>28.3999996185302734375</ele>
        <time>2024-10-14T11:47:58.000Z</time>
        <extensions>
          <ns3:TrackPointExtension>
            <ns3:atemp>27.0</ns3:atemp>
            <ns3:hr>171</ns3:hr>
            <ns3:cad>90</ns3:cad>
          </ns3:TrackPointExtension>
        </extensions>
      </trkpt>
      <trkpt lat="31.9908861257135868072509765625" lon="118.7809122540056705474853515625">
        <ele>28.3999996185302734375</ele>
        <time>2024-10-14T11:47:59.000Z</time>
        <extensions>
          <ns3:TrackPointExtension>
            <ns3:atemp>27.0</ns3:atemp>
            <ns3:hr>171</ns3:hr>
            <ns3:cad>90</ns3:cad>
          </ns3:TrackPointExtension>
        </extensions>
      </trkpt>
      <trkpt lat="31.9908888079226016998291015625" lon="118.780944608151912689208984375">
        <ele>28.200000762939453125</ele>
        <time>2024-10-14T11:48:00.000Z</time>
        <extensions>
          <ns3:TrackPointExtension>
            <ns3:atemp>27.0</ns3:atemp>
            <ns3:hr>171</ns3:hr>
            <ns3:cad>90</ns3:cad>
          </ns3:TrackPointExtension>
        </extensions>
      </trkpt>
      <trkpt lat="31.9908904843032360076904296875" lon="118.78098090179264545440673828125">
        <ele>28.200000762939453125</ele>
        <time>2024-10-14T11:48:01.000Z</time>
        <extensions>
          <ns3:TrackPointExtension>
            <ns3:atemp>27.0</ns3:atemp>
            <ns3:hr>171</ns3:hr>
            <ns3:cad>92</ns3:cad>
          </ns3:TrackPointExtension>
        </extensions>
      </trkpt>
      <trkpt lat="31.99089140631258487701416015625" lon="118.78101057372987270355224609375">
        <ele>28.200000762939453125</ele>
        <time>2024-10-14T11:48:02.000Z</time>
        <extensions>
          <ns3:TrackPointExtension>
            <ns3:atemp>27.0</ns3:atemp>
            <ns3:hr>170</ns3:hr>
            <ns3:cad>92</ns3:cad>
          </ns3:TrackPointExtension>
        </extensions>
      </trkpt>
      <trkpt lat="31.99089132249355316162109375" lon="118.78104862757027149200439453125">
        <ele>28</ele>
        <time>2024-10-14T11:48:03.000Z</time>
        <extensions>
          <ns3:TrackPointExtension>
            <ns3:atemp>27.0</ns3:atemp>
            <ns3:hr>170</ns3:hr>
            <ns3:cad>92</ns3:cad>
          </ns3:TrackPointExtension>
        </extensions>
      </trkpt>
      <trkpt lat="31.99089400470256805419921875" lon="118.78108014352619647979736328125">
        <ele>28</ele>
        <time>2024-10-14T11:48:04.000Z</time>
        <extensions>
          <ns3:TrackPointExtension>
            <ns3:atemp>27.0</ns3:atemp>
            <ns3:hr>170</ns3:hr>
            <ns3:cad>92</ns3:cad>
          </ns3:TrackPointExtension>
        </extensions>
      </trkpt>
      <trkpt lat="31.99089526198804378509521484375" lon="118.7811152637004852294921875">
        <ele>27.799999237060546875</ele>
        <time>2024-10-14T11:48:05.000Z</time>
        <extensions>
          <ns3:TrackPointExtension>
            <ns3:atemp>27.0</ns3:atemp>
            <ns3:hr>170</ns3:hr>
            <ns3:cad>92</ns3:cad>
          </ns3:TrackPointExtension>
        </extensions>
      </trkpt>
      <trkpt lat="31.9908985309302806854248046875" lon="118.78114267252385616302490234375">
        <ele>27.799999237060546875</ele>
        <time>2024-10-14T11:48:06.000Z</time>
        <extensions>
          <ns3:TrackPointExtension>
            <ns3:atemp>27.0</ns3:atemp>
            <ns3:hr>170</ns3:hr>
            <ns3:cad>92</ns3:cad>
          </ns3:TrackPointExtension>
        </extensions>
      </trkpt>
      <trkpt lat="31.99090179987251758575439453125" lon="118.781176619231700897216796875">
        <ele>27.6000003814697265625</ele>
        <time>2024-10-14T11:48:07.000Z</time>
        <extensions>
          <ns3:TrackPointExtension>
            <ns3:atemp>27.0</ns3:atemp>
            <ns3:hr>170</ns3:hr>
            <ns3:cad>92</ns3:cad>
          </ns3:TrackPointExtension>
        </extensions>
      </trkpt>
      <trkpt lat="31.990904398262500762939453125" lon="118.781205117702484130859375">
        <ele>27.6000003814697265625</ele>
        <time>2024-10-14T11:48:08.000Z</time>
        <extensions>
          <ns3:TrackPointExtension>
            <ns3:atemp>27.0</ns3:atemp>
            <ns3:hr>170</ns3:hr>
            <ns3:cad>90</ns3:cad>
          </ns3:TrackPointExtension>
        </extensions>
      </trkpt>
      <trkpt lat="31.990904398262500762939453125" lon="118.7812371365725994110107421875">
        <ele>27.6000003814697265625</ele>
        <time>2024-10-14T11:48:09.000Z</time>
        <extensions>
          <ns3:TrackPointExtension>
            <ns3:atemp>27.0</ns3:atemp>
            <ns3:hr>170</ns3:hr>
            <ns3:cad>90</ns3:cad>
          </ns3:TrackPointExtension>
        </extensions>
      </trkpt>
      <trkpt lat="31.99090364389121532440185546875" lon="118.7812673114240169525146484375">
        <ele>27.6000003814697265625</ele>
        <time>2024-10-14T11:48:10.000Z</time>
        <extensions>
          <ns3:TrackPointExtension>
            <ns3:atemp>27.0</ns3:atemp>
            <ns3:hr>170</ns3:hr>
            <ns3:cad>90</ns3:cad>
          </ns3:TrackPointExtension>
        </extensions>
      </trkpt>
      <trkpt lat="31.99090397916734218597412109375" lon="118.78129639662802219390869140625">
        <ele>27.3999996185302734375</ele>
        <time>2024-10-14T11:48:11.000Z</time>
        <extensions>
          <ns3:TrackPointExtension>
            <ns3:atemp>27.0</ns3:atemp>
            <ns3:hr>170</ns3:hr>
            <ns3:cad>90</ns3:cad>
          </ns3:TrackPointExtension>
        </extensions>
      </trkpt>
      <trkpt lat="31.99090532027184963226318359375" lon="118.7813246436417102813720703125">
        <ele>27.3999996185302734375</ele>
        <time>2024-10-14T11:48:12.000Z</time>
        <extensions>
          <ns3:TrackPointExtension>
            <ns3:atemp>27.0</ns3:atemp>
            <ns3:hr>170</ns3:hr>
            <ns3:cad>90</ns3:cad>
          </ns3:TrackPointExtension>
        </extensions>
      </trkpt>
      <trkpt lat="31.99090682901442050933837890625" lon="118.7813564948737621307373046875">
        <ele>27.3999996185302734375</ele>
        <time>2024-10-14T11:48:13.000Z</time>
        <extensions>
          <ns3:TrackPointExtension>
            <ns3:atemp>27.0</ns3:atemp>
            <ns3:hr>170</ns3:hr>
            <ns3:cad>90</ns3:cad>
          </ns3:TrackPointExtension>
        </extensions>
      </trkpt>
      <trkpt lat="31.99090741574764251708984375" lon="118.78138708882033824920654296875">
        <ele>27.3999996185302734375</ele>
        <time>2024-10-14T11:48:14.000Z</time>
        <extensions>
          <ns3:TrackPointExtension>
            <ns3:atemp>27.0</ns3:atemp>
            <ns3:hr>170</ns3:hr>
            <ns3:cad>92</ns3:cad>
          </ns3:TrackPointExtension>
        </extensions>
      </trkpt>
      <trkpt lat="31.9909062422811985015869140625" lon="118.78142044879496097564697265625">
        <ele>27.200000762939453125</ele>
        <time>2024-10-14T11:48:15.000Z</time>
        <extensions>
          <ns3:TrackPointExtension>
            <ns3:atemp>27.0</ns3:atemp>
            <ns3:hr>170</ns3:hr>
            <ns3:cad>92</ns3:cad>
          </ns3:TrackPointExtension>
        </extensions>
      </trkpt>
      <trkpt lat="31.99090431444346904754638671875" lon="118.7814550660550594329833984375">
        <ele>27.200000762939453125</ele>
        <time>2024-10-14T11:48:16.000Z</time>
        <extensions>
          <ns3:TrackPointExtension>
            <ns3:atemp>27.0</ns3:atemp>
            <ns3:hr>170</ns3:hr>
            <ns3:cad>92</ns3:cad>
          </ns3:TrackPointExtension>
        </extensions>
      </trkpt>
      <trkpt lat="31.99090196751058101654052734375" lon="118.781489096581935882568359375">
        <ele>27.200000762939453125</ele>
        <time>2024-10-14T11:48:17.000Z</time>
        <extensions>
          <ns3:TrackPointExtension>
            <ns3:atemp>27.0</ns3:atemp>
            <ns3:hr>170</ns3:hr>
            <ns3:cad>92</ns3:cad>
          </ns3:TrackPointExtension>
        </extensions>
      </trkpt>
      <trkpt lat="31.9908998720347881317138671875" lon="118.7815237976610660552978515625">
        <ele>27.200000762939453125</ele>
        <time>2024-10-14T11:48:18.000Z</time>
        <extensions>
          <ns3:TrackPointExtension>
            <ns3:atemp>27.0</ns3:atemp>
            <ns3:hr>170</ns3:hr>
            <ns3:cad>92</ns3:cad>
          </ns3:TrackPointExtension>
        </extensions>
      </trkpt>
      <trkpt lat="31.99089936912059783935546875" lon="118.78155648708343505859375">
        <ele>27.200000762939453125</ele>
        <time>2024-10-14T11:48:19.000Z</time>
        <extensions>
          <ns3:TrackPointExtension>
            <ns3:atemp>27.0</ns3:atemp>
            <ns3:hr>170</ns3:hr>
            <ns3:cad>92</ns3:cad>
          </ns3:TrackPointExtension>
        </extensions>
      </trkpt>
      <trkpt lat="31.99089911766350269317626953125" lon="118.7815868295729160308837890625">
        <ele>27.200000762939453125</ele>
        <time>2024-10-14T11:48:20.000Z</time>
        <extensions>
          <ns3:TrackPointExtension>
            <ns3:atemp>26.0</ns3:atemp>
            <ns3:hr>170</ns3:hr>
            <ns3:cad>92</ns3:cad>
          </ns3:TrackPointExtension>
        </extensions>
      </trkpt>
      <trkpt lat="31.99090247042477130889892578125" lon="118.78161792643368244171142578125">
        <ele>27.200000762939453125</ele>
        <time>2024-10-14T11:48:21.000Z</time>
        <extensions>
          <ns3:TrackPointExtension>
            <ns3:atemp>27.0</ns3:atemp>
            <ns3:hr>170</ns3:hr>
            <ns3:cad>92</ns3:cad>
          </ns3:TrackPointExtension>
        </extensions>
      </trkpt>
      <trkpt lat="31.9909045659005641937255859375" lon="118.78164743073284626007080078125">
        <ele>27.200000762939453125</ele>
        <time>2024-10-14T11:48:22.000Z</time>
        <extensions>
          <ns3:TrackPointExtension>
            <ns3:atemp>27.0</ns3:atemp>
            <ns3:hr>170</ns3:hr>
            <ns3:cad>92</ns3:cad>
          </ns3:TrackPointExtension>
        </extensions>
      </trkpt>
      <trkpt lat="31.99090699665248394012451171875" lon="118.78168053925037384033203125">
        <ele>27</ele>
        <time>2024-10-14T11:48:23.000Z</time>
        <extensions>
          <ns3:TrackPointExtension>
            <ns3:atemp>27.0</ns3:atemp>
            <ns3:hr>169</ns3:hr>
            <ns3:cad>92</ns3:cad>
          </ns3:TrackPointExtension>
        </extensions>
      </trkpt>
      <trkpt lat="31.99090884067118167877197265625" lon="118.78171314485371112823486328125">
        <ele>27</ele>
        <time>2024-10-14T11:48:24.000Z</time>
        <extensions>
          <ns3:TrackPointExtension>
            <ns3:atemp>27.0</ns3:atemp>
            <ns3:hr>169</ns3:hr>
            <ns3:cad>92</ns3:cad>
          </ns3:TrackPointExtension>
        </extensions>
      </trkpt>
      <trkpt lat="31.99091118760406970977783203125" lon="118.78174491226673126220703125">
        <ele>27</ele>
        <time>2024-10-14T11:48:25.000Z</time>
        <extensions>
          <ns3:TrackPointExtension>
            <ns3:atemp>27.0</ns3:atemp>
            <ns3:hr>169</ns3:hr>
            <ns3:cad>92</ns3:cad>
          </ns3:TrackPointExtension>
        </extensions>
      </trkpt>
      <trkpt lat="31.99091219343245029449462890625" lon="118.78177843987941741943359375">
        <ele>27</ele>
        <time>2024-10-14T11:48:26.000Z</time>
        <extensions>
          <ns3:TrackPointExtension>
            <ns3:atemp>27.0</ns3:atemp>
            <ns3:hr>170</ns3:hr>
            <ns3:cad>92</ns3:cad>
          </ns3:TrackPointExtension>
        </extensions>
      </trkpt>
      <trkpt lat="31.9909112714231014251708984375" lon="118.78181221894919872283935546875">
        <ele>26.799999237060546875</ele>
        <time>2024-10-14T11:48:27.000Z</time>
        <extensions>
          <ns3:TrackPointExtension>
            <ns3:atemp>27.0</ns3:atemp>
            <ns3:hr>170</ns3:hr>
            <ns3:cad>91</ns3:cad>
          </ns3:TrackPointExtension>
        </extensions>
      </trkpt>
      <trkpt lat="31.99090900830924510955810546875" lon="118.78184775821864604949951171875">
        <ele>26.799999237060546875</ele>
        <time>2024-10-14T11:48:28.000Z</time>
        <extensions>
          <ns3:TrackPointExtension>
            <ns3:atemp>27.0</ns3:atemp>
            <ns3:hr>170</ns3:hr>
            <ns3:cad>90</ns3:cad>
          </ns3:TrackPointExtension>
        </extensions>
      </trkpt>
      <trkpt lat="31.99090263806283473968505859375" lon="118.7818768434226512908935546875">
        <ele>26.799999237060546875</ele>
        <time>2024-10-14T11:48:29.000Z</time>
        <extensions>
          <ns3:TrackPointExtension>
            <ns3:atemp>27.0</ns3:atemp>
            <ns3:hr>170</ns3:hr>
            <ns3:cad>90</ns3:cad>
          </ns3:TrackPointExtension>
        </extensions>
      </trkpt>
      <trkpt lat="31.9908898137509822845458984375" lon="118.7819086946547031402587890625">
        <ele>26.6000003814697265625</ele>
        <time>2024-10-14T11:48:30.000Z</time>
        <extensions>
          <ns3:TrackPointExtension>
            <ns3:atemp>27.0</ns3:atemp>
            <ns3:hr>170</ns3:hr>
            <ns3:cad>91</ns3:cad>
          </ns3:TrackPointExtension>
        </extensions>
      </trkpt>
      <trkpt lat="31.99087548069655895233154296875" lon="118.78193811513483524322509765625">
        <ele>26.3999996185302734375</ele>
        <time>2024-10-14T11:48:31.000Z</time>
        <extensions>
          <ns3:TrackPointExtension>
            <ns3:atemp>27.0</ns3:atemp>
            <ns3:hr>170</ns3:hr>
            <ns3:cad>91</ns3:cad>
          </ns3:TrackPointExtension>
        </extensions>
      </trkpt>
      <trkpt lat="31.99085955508053302764892578125" lon="118.78196828998625278472900390625">
        <ele>26.3999996185302734375</ele>
        <time>2024-10-14T11:48:32.000Z</time>
        <extensions>
          <ns3:TrackPointExtension>
            <ns3:atemp>27.0</ns3:atemp>
            <ns3:hr>169</ns3:hr>
            <ns3:cad>91</ns3:cad>
          </ns3:TrackPointExtension>
        </extensions>
      </trkpt>
      <trkpt lat="31.9908448867499828338623046875" lon="118.78198890946805477142333984375">
        <ele>26.3999996185302734375</ele>
        <time>2024-10-14T11:48:33.000Z</time>
        <extensions>
          <ns3:TrackPointExtension>
            <ns3:atemp>27.0</ns3:atemp>
            <ns3:hr>169</ns3:hr>
            <ns3:cad>91</ns3:cad>
          </ns3:TrackPointExtension>
        </extensions>
      </trkpt>
      <trkpt lat="31.99082770384848117828369140625" lon="118.78201154060661792755126953125">
        <ele>26.3999996185302734375</ele>
        <time>2024-10-14T11:48:34.000Z</time>
        <extensions>
          <ns3:TrackPointExtension>
            <ns3:atemp>26.0</ns3:atemp>
            <ns3:hr>169</ns3:hr>
            <ns3:cad>90</ns3:cad>
          </ns3:TrackPointExtension>
        </extensions>
      </trkpt>
      <trkpt lat="31.99081077240407466888427734375" lon="118.782030902802944183349609375">
        <ele>26.200000762939453125</ele>
        <time>2024-10-14T11:48:35.000Z</time>
        <extensions>
          <ns3:TrackPointExtension>
            <ns3:atemp>27.0</ns3:atemp>
            <ns3:hr>169</ns3:hr>
            <ns3:cad>90</ns3:cad>
          </ns3:TrackPointExtension>
        </extensions>
      </trkpt>
      <trkpt lat="31.99079182930290699005126953125" lon="118.78205328248441219329833984375">
        <ele>26.200000762939453125</ele>
        <time>2024-10-14T11:48:36.000Z</time>
        <extensions>
          <ns3:TrackPointExtension>
            <ns3:atemp>27.0</ns3:atemp>
            <ns3:hr>169</ns3:hr>
            <ns3:cad>90</ns3:cad>
          </ns3:TrackPointExtension>
        </extensions>
      </trkpt>
      <trkpt lat="31.9907726347446441650390625" lon="118.78207373432815074920654296875">
        <ele>26</ele>
        <time>2024-10-14T11:48:37.000Z</time>
        <extensions>
          <ns3:TrackPointExtension>
            <ns3:atemp>27.0</ns3:atemp>
            <ns3:hr>169</ns3:hr>
            <ns3:cad>89</ns3:cad>
          </ns3:TrackPointExtension>
        </extensions>
      </trkpt>
      <trkpt lat="31.99075209908187389373779296875" lon="118.7820971198379993438720703125">
        <ele>26</ele>
        <time>2024-10-14T11:48:38.000Z</time>
        <extensions>
          <ns3:TrackPointExtension>
            <ns3:atemp>27.0</ns3:atemp>
            <ns3:hr>169</ns3:hr>
            <ns3:cad>89</ns3:cad>
          </ns3:TrackPointExtension>
        </extensions>
      </trkpt>
      <trkpt lat="31.99073198251426219940185546875" lon="118.782118074595928192138671875">
        <ele>26</ele>
        <time>2024-10-14T11:48:39.000Z</time>
        <extensions>
          <ns3:TrackPointExtension>
            <ns3:atemp>27.0</ns3:atemp>
            <ns3:hr>169</ns3:hr>
            <ns3:cad>90</ns3:cad>
          </ns3:TrackPointExtension>
        </extensions>
      </trkpt>
      <trkpt lat="31.990709602832794189453125" lon="118.78214146010577678680419921875">
        <ele>25.799999237060546875</ele>
        <time>2024-10-14T11:48:40.000Z</time>
        <extensions>
          <ns3:TrackPointExtension>
            <ns3:atemp>26.0</ns3:atemp>
            <ns3:hr>169</ns3:hr>
            <ns3:cad>90</ns3:cad>
          </ns3:TrackPointExtension>
        </extensions>
      </trkpt>
      <trkpt lat="31.990687809884548187255859375" lon="118.78216308541595935821533203125">
        <ele>25.799999237060546875</ele>
        <time>2024-10-14T11:48:41.000Z</time>
        <extensions>
          <ns3:TrackPointExtension>
            <ns3:atemp>27.0</ns3:atemp>
            <ns3:hr>169</ns3:hr>
            <ns3:cad>91</ns3:cad>
          </ns3:TrackPointExtension>
        </extensions>
      </trkpt>
      <trkpt lat="31.990665011107921600341796875" lon="118.78218638710677623748779296875">
        <ele>25.799999237060546875</ele>
        <time>2024-10-14T11:48:42.000Z</time>
        <extensions>
          <ns3:TrackPointExtension>
            <ns3:atemp>26.0</ns3:atemp>
            <ns3:hr>169</ns3:hr>
            <ns3:cad>91</ns3:cad>
          </ns3:TrackPointExtension>
        </extensions>
      </trkpt>
      <trkpt lat="31.99064263142645359039306640625" lon="118.78220415674149990081787109375">
        <ele>25.6000003814697265625</ele>
        <time>2024-10-14T11:48:43.000Z</time>
        <extensions>
          <ns3:TrackPointExtension>
            <ns3:atemp>27.0</ns3:atemp>
            <ns3:hr>169</ns3:hr>
            <ns3:cad>92</ns3:cad>
          </ns3:TrackPointExtension>
        </extensions>
      </trkpt>
      <trkpt lat="31.9906189106404781341552734375" lon="118.7822215072810649871826171875">
        <ele>25.6000003814697265625</ele>
        <time>2024-10-14T11:48:44.000Z</time>
        <extensions>
          <ns3:TrackPointExtension>
            <ns3:atemp>26.0</ns3:atemp>
            <ns3:hr>169</ns3:hr>
            <ns3:cad>92</ns3:cad>
          </ns3:TrackPointExtension>
        </extensions>
      </trkpt>
      <trkpt lat="31.99059803970158100128173828125" lon="118.78223885782063007354736328125">
        <ele>25.6000003814697265625</ele>
        <time>2024-10-14T11:48:45.000Z</time>
        <extensions>
          <ns3:TrackPointExtension>
            <ns3:atemp>27.0</ns3:atemp>
            <ns3:hr>169</ns3:hr>
            <ns3:cad>92</ns3:cad>
          </ns3:TrackPointExtension>
        </extensions>
      </trkpt>
      <trkpt lat="31.99057540856301784515380859375" lon="118.78225780092179775238037109375">
        <ele>25.3999996185302734375</ele>
        <time>2024-10-14T11:48:46.000Z</time>
        <extensions>
          <ns3:TrackPointExtension>
            <ns3:atemp>27.0</ns3:atemp>
            <ns3:hr>169</ns3:hr>
            <ns3:cad>92</ns3:cad>
          </ns3:TrackPointExtension>
        </extensions>
      </trkpt>
      <trkpt lat="31.9905518554151058197021484375" lon="118.78227590583264827728271484375">
        <ele>25.3999996185302734375</ele>
        <time>2024-10-14T11:48:47.000Z</time>
        <extensions>
          <ns3:TrackPointExtension>
            <ns3:atemp>27.0</ns3:atemp>
            <ns3:hr>169</ns3:hr>
            <ns3:cad>92</ns3:cad>
          </ns3:TrackPointExtension>
        </extensions>
      </trkpt>
      <trkpt lat="31.99052796699106693267822265625" lon="118.782293759286403656005859375">
        <ele>25.3999996185302734375</ele>
        <time>2024-10-14T11:48:48.000Z</time>
        <extensions>
          <ns3:TrackPointExtension>
            <ns3:atemp>27.0</ns3:atemp>
            <ns3:hr>169</ns3:hr>
            <ns3:cad>92</ns3:cad>
          </ns3:TrackPointExtension>
        </extensions>
      </trkpt>
      <trkpt lat="31.99050466530025005340576171875" lon="118.7823106907308101654052734375">
        <ele>25.200000762939453125</ele>
        <time>2024-10-14T11:48:49.000Z</time>
        <extensions>
          <ns3:TrackPointExtension>
            <ns3:atemp>27.0</ns3:atemp>
            <ns3:hr>169</ns3:hr>
            <ns3:cad>92</ns3:cad>
          </ns3:TrackPointExtension>
        </extensions>
      </trkpt>
      <trkpt lat="31.990479938685894012451171875" lon="118.78232695162296295166015625">
        <ele>25.200000762939453125</ele>
        <time>2024-10-14T11:48:50.000Z</time>
        <extensions>
          <ns3:TrackPointExtension>
            <ns3:atemp>27.0</ns3:atemp>
            <ns3:hr>169</ns3:hr>
            <ns3:cad>92</ns3:cad>
          </ns3:TrackPointExtension>
        </extensions>
      </trkpt>
      <trkpt lat="31.99045688845217227935791015625" lon="118.782344050705432891845703125">
        <ele>25.200000762939453125</ele>
        <time>2024-10-14T11:48:51.000Z</time>
        <extensions>
          <ns3:TrackPointExtension>
            <ns3:atemp>27.0</ns3:atemp>
            <ns3:hr>169</ns3:hr>
            <ns3:cad>92</ns3:cad>
          </ns3:TrackPointExtension>
        </extensions>
      </trkpt>
      <trkpt lat="31.99043744243681430816650390625" lon="118.78236073069274425506591796875">
        <ele>25.200000762939453125</ele>
        <time>2024-10-14T11:48:52.000Z</time>
        <extensions>
          <ns3:TrackPointExtension>
            <ns3:atemp>26.0</ns3:atemp>
            <ns3:hr>169</ns3:hr>
            <ns3:cad>92</ns3:cad>
          </ns3:TrackPointExtension>
        </extensions>
      </trkpt>
      <trkpt lat="31.99041548185050487518310546875" lon="118.7823787517845630645751953125">
        <ele>25</ele>
        <time>2024-10-14T11:48:53.000Z</time>
        <extensions>
          <ns3:TrackPointExtension>
            <ns3:atemp>27.0</ns3:atemp>
            <ns3:hr>169</ns3:hr>
            <ns3:cad>92</ns3:cad>
          </ns3:TrackPointExtension>
        </extensions>
      </trkpt>
      <trkpt lat="31.99039938859641551971435546875" lon="118.78239668905735015869140625">
        <ele>25</ele>
        <time>2024-10-14T11:48:54.000Z</time>
        <extensions>
          <ns3:TrackPointExtension>
            <ns3:atemp>27.0</ns3:atemp>
            <ns3:hr>169</ns3:hr>
            <ns3:cad>92</ns3:cad>
          </ns3:TrackPointExtension>
        </extensions>
      </trkpt>
      <trkpt lat="31.9903785176575183868408203125" lon="118.78241621889173984527587890625">
        <ele>25</ele>
        <time>2024-10-14T11:48:55.000Z</time>
        <extensions>
          <ns3:TrackPointExtension>
            <ns3:atemp>27.0</ns3:atemp>
            <ns3:hr>169</ns3:hr>
            <ns3:cad>92</ns3:cad>
          </ns3:TrackPointExtension>
        </extensions>
      </trkpt>
      <trkpt lat="31.9903597421944141387939453125" lon="118.78243432380259037017822265625">
        <ele>25</ele>
        <time>2024-10-14T11:48:56.000Z</time>
        <extensions>
          <ns3:TrackPointExtension>
            <ns3:atemp>27.0</ns3:atemp>
            <ns3:hr>169</ns3:hr>
            <ns3:cad>92</ns3:cad>
          </ns3:TrackPointExtension>
        </extensions>
      </trkpt>
      <trkpt lat="31.9903381168842315673828125" lon="118.78245770931243896484375">
        <ele>24.799999237060546875</ele>
        <time>2024-10-14T11:48:57.000Z</time>
        <extensions>
          <ns3:TrackPointExtension>
            <ns3:atemp>27.0</ns3:atemp>
            <ns3:hr>169</ns3:hr>
            <ns3:cad>92</ns3:cad>
          </ns3:TrackPointExtension>
        </extensions>
      </trkpt>
      <trkpt lat="31.99031640775501728057861328125" lon="118.78247740678489208221435546875">
        <ele>24.799999237060546875</ele>
        <time>2024-10-14T11:48:58.000Z</time>
        <extensions>
          <ns3:TrackPointExtension>
            <ns3:atemp>27.0</ns3:atemp>
            <ns3:hr>169</ns3:hr>
            <ns3:cad>92</ns3:cad>
          </ns3:TrackPointExtension>
        </extensions>
      </trkpt>
      <trkpt lat="31.99029193259775638580322265625" lon="118.78249987028539180755615234375">
        <ele>24.799999237060546875</ele>
        <time>2024-10-14T11:48:59.000Z</time>
        <extensions>
          <ns3:TrackPointExtension>
            <ns3:atemp>27.0</ns3:atemp>
            <ns3:hr>169</ns3:hr>
            <ns3:cad>90</ns3:cad>
          </ns3:TrackPointExtension>
        </extensions>
      </trkpt>
      <trkpt lat="31.99027131311595439910888671875" lon="118.7825202383100986480712890625">
        <ele>24.799999237060546875</ele>
        <time>2024-10-14T11:49:00.000Z</time>
        <extensions>
          <ns3:TrackPointExtension>
            <ns3:atemp>27.0</ns3:atemp>
            <ns3:hr>169</ns3:hr>
            <ns3:cad>90</ns3:cad>
          </ns3:TrackPointExtension>
        </extensions>
      </trkpt>
      <trkpt lat="31.99024717323482036590576171875" lon="118.78254261799156665802001953125">
        <ele>24.6000003814697265625</ele>
        <time>2024-10-14T11:49:01.000Z</time>
        <extensions>
          <ns3:TrackPointExtension>
            <ns3:atemp>27.0</ns3:atemp>
            <ns3:hr>169</ns3:hr>
            <ns3:cad>90</ns3:cad>
          </ns3:TrackPointExtension>
        </extensions>
      </trkpt>
      <trkpt lat="31.99022605083882808685302734375" lon="118.782561309635639190673828125">
        <ele>24.6000003814697265625</ele>
        <time>2024-10-14T11:49:02.000Z</time>
        <extensions>
          <ns3:TrackPointExtension>
            <ns3:atemp>27.0</ns3:atemp>
            <ns3:hr>169</ns3:hr>
            <ns3:cad>90</ns3:cad>
          </ns3:TrackPointExtension>
        </extensions>
      </trkpt>
      <trkpt lat="31.9902021624147891998291015625" lon="118.78258042037487030029296875">
        <ele>24.6000003814697265625</ele>
        <time>2024-10-14T11:49:03.000Z</time>
        <extensions>
          <ns3:TrackPointExtension>
            <ns3:atemp>27.0</ns3:atemp>
            <ns3:hr>169</ns3:hr>
            <ns3:cad>90</ns3:cad>
          </ns3:TrackPointExtension>
        </extensions>
      </trkpt>
      <trkpt lat="31.99018280021846294403076171875" lon="118.7825986929237842559814453125">
        <ele>24.6000003814697265625</ele>
        <time>2024-10-14T11:49:04.000Z</time>
        <extensions>
          <ns3:TrackPointExtension>
            <ns3:atemp>27.0</ns3:atemp>
            <ns3:hr>169</ns3:hr>
            <ns3:cad>90</ns3:cad>
          </ns3:TrackPointExtension>
        </extensions>
      </trkpt>
      <trkpt lat="31.99016301892697811126708984375" lon="118.78261922858655452728271484375">
        <ele>24.6000003814697265625</ele>
        <time>2024-10-14T11:49:05.000Z</time>
        <extensions>
          <ns3:TrackPointExtension>
            <ns3:atemp>27.0</ns3:atemp>
            <ns3:hr>169</ns3:hr>
            <ns3:cad>90</ns3:cad>
          </ns3:TrackPointExtension>
        </extensions>
      </trkpt>
      <trkpt lat="31.99014474637806415557861328125" lon="118.7826359085738658905029296875">
        <ele>24.6000003814697265625</ele>
        <time>2024-10-14T11:49:06.000Z</time>
        <extensions>
          <ns3:TrackPointExtension>
            <ns3:atemp>27.0</ns3:atemp>
            <ns3:hr>169</ns3:hr>
            <ns3:cad>92</ns3:cad>
          </ns3:TrackPointExtension>
        </extensions>
      </trkpt>
      <trkpt lat="31.990123875439167022705078125" lon="118.78266080282628536224365234375">
        <ele>24.3999996185302734375</ele>
        <time>2024-10-14T11:49:07.000Z</time>
        <extensions>
          <ns3:TrackPointExtension>
            <ns3:atemp>27.0</ns3:atemp>
            <ns3:hr>169</ns3:hr>
            <ns3:cad>92</ns3:cad>
          </ns3:TrackPointExtension>
        </extensions>
      </trkpt>
      <trkpt lat="31.9901079498231410980224609375" lon="118.78268477506935596466064453125">
        <ele>24.3999996185302734375</ele>
        <time>2024-10-14T11:49:08.000Z</time>
        <extensions>
          <ns3:TrackPointExtension>
            <ns3:atemp>27.0</ns3:atemp>
            <ns3:hr>169</ns3:hr>
            <ns3:cad>92</ns3:cad>
          </ns3:TrackPointExtension>
        </extensions>
      </trkpt>
      <trkpt lat="31.99008372612297534942626953125" lon="118.782708831131458282470703125">
        <ele>24.3999996185302734375</ele>
        <time>2024-10-14T11:49:09.000Z</time>
        <extensions>
          <ns3:TrackPointExtension>
            <ns3:atemp>27.0</ns3:atemp>
            <ns3:hr>169</ns3:hr>
            <ns3:cad>92</ns3:cad>
          </ns3:TrackPointExtension>
        </extensions>
      </trkpt>
      <trkpt lat="31.99006126262247562408447265625" lon="118.78273288719356060028076171875">
        <ele>24.200000762939453125</ele>
        <time>2024-10-14T11:49:10.000Z</time>
        <extensions>
          <ns3:TrackPointExtension>
            <ns3:atemp>27.0</ns3:atemp>
            <ns3:hr>169</ns3:hr>
            <ns3:cad>91</ns3:cad>
          </ns3:TrackPointExtension>
        </extensions>
      </trkpt>
      <trkpt lat="31.99003779329359531402587890625" lon="118.78275903873145580291748046875">
        <ele>24.200000762939453125</ele>
        <time>2024-10-14T11:49:11.000Z</time>
        <extensions>
          <ns3:TrackPointExtension>
            <ns3:atemp>27.0</ns3:atemp>
            <ns3:hr>169</ns3:hr>
            <ns3:cad>91</ns3:cad>
          </ns3:TrackPointExtension>
        </extensions>
      </trkpt>
      <trkpt lat="31.99001231230795383453369140625" lon="118.78277982585132122039794921875">
        <ele>24.200000762939453125</ele>
        <time>2024-10-14T11:49:12.000Z</time>
        <extensions>
          <ns3:TrackPointExtension>
            <ns3:atemp>27.0</ns3:atemp>
            <ns3:hr>169</ns3:hr>
            <ns3:cad>91</ns3:cad>
          </ns3:TrackPointExtension>
        </extensions>
      </trkpt>
      <trkpt lat="31.98998716659843921661376953125" lon="118.78280078060925006866455078125">
        <ele>24</ele>
        <time>2024-10-14T11:49:13.000Z</time>
        <extensions>
          <ns3:TrackPointExtension>
            <ns3:atemp>27.0</ns3:atemp>
            <ns3:hr>169</ns3:hr>
            <ns3:cad>92</ns3:cad>
          </ns3:TrackPointExtension>
        </extensions>
      </trkpt>
      <trkpt lat="31.98996386490762233734130859375" lon="118.78281779587268829345703125">
        <ele>24</ele>
        <time>2024-10-14T11:49:14.000Z</time>
        <extensions>
          <ns3:TrackPointExtension>
            <ns3:atemp>26.0</ns3:atemp>
            <ns3:hr>169</ns3:hr>
            <ns3:cad>92</ns3:cad>
          </ns3:TrackPointExtension>
        </extensions>
      </trkpt>
      <trkpt lat="31.98993821628391742706298828125" lon="118.78283631987869739532470703125">
        <ele>24</ele>
        <time>2024-10-14T11:49:15.000Z</time>
        <extensions>
          <ns3:TrackPointExtension>
            <ns3:atemp>27.0</ns3:atemp>
            <ns3:hr>169</ns3:hr>
            <ns3:cad>92</ns3:cad>
          </ns3:TrackPointExtension>
        </extensions>
      </trkpt>
      <trkpt lat="31.989915333688259124755859375" lon="118.78285341896116733551025390625">
        <ele>24</ele>
        <time>2024-10-14T11:49:16.000Z</time>
        <extensions>
          <ns3:TrackPointExtension>
            <ns3:atemp>27.0</ns3:atemp>
            <ns3:hr>169</ns3:hr>
            <ns3:cad>92</ns3:cad>
          </ns3:TrackPointExtension>
        </extensions>
      </trkpt>
      <trkpt lat="31.98989211581647396087646484375" lon="118.7828719429671764373779296875">
        <ele>23.799999237060546875</ele>
        <time>2024-10-14T11:49:17.000Z</time>
        <extensions>
          <ns3:TrackPointExtension>
            <ns3:atemp>27.0</ns3:atemp>
            <ns3:hr>169</ns3:hr>
            <ns3:cad>93</ns3:cad>
          </ns3:TrackPointExtension>
        </extensions>
      </trkpt>
      <trkpt lat="31.98987183161079883575439453125" lon="118.782888539135456085205078125">
        <ele>23.799999237060546875</ele>
        <time>2024-10-14T11:49:18.000Z</time>
        <extensions>
          <ns3:TrackPointExtension>
            <ns3:atemp>27.0</ns3:atemp>
            <ns3:hr>169</ns3:hr>
            <ns3:cad>93</ns3:cad>
          </ns3:TrackPointExtension>
        </extensions>
      </trkpt>
      <trkpt lat="31.9898528046905994415283203125" lon="118.782906644046306610107421875">
        <ele>23.799999237060546875</ele>
        <time>2024-10-14T11:49:19.000Z</time>
        <extensions>
          <ns3:TrackPointExtension>
            <ns3:atemp>27.0</ns3:atemp>
            <ns3:hr>169</ns3:hr>
            <ns3:cad>93</ns3:cad>
          </ns3:TrackPointExtension>
        </extensions>
      </trkpt>
      <trkpt lat="31.98983159847557544708251953125" lon="118.7829265929758548736572265625">
        <ele>23.6000003814697265625</ele>
        <time>2024-10-14T11:49:20.000Z</time>
        <extensions>
          <ns3:TrackPointExtension>
            <ns3:atemp>27.0</ns3:atemp>
            <ns3:hr>169</ns3:hr>
            <ns3:cad>93</ns3:cad>
          </ns3:TrackPointExtension>
        </extensions>
      </trkpt>
      <trkpt lat="31.98981039226055145263671875" lon="118.7829473800957202911376953125">
        <ele>23.6000003814697265625</ele>
        <time>2024-10-14T11:49:21.000Z</time>
        <extensions>
          <ns3:TrackPointExtension>
            <ns3:atemp>27.0</ns3:atemp>
            <ns3:hr>169</ns3:hr>
            <ns3:cad>93</ns3:cad>
          </ns3:TrackPointExtension>
        </extensions>
      </trkpt>
      <trkpt lat="31.989785917103290557861328125" lon="118.78296657465398311614990234375">
        <ele>23.6000003814697265625</ele>
        <time>2024-10-14T11:49:22.000Z</time>
        <extensions>
          <ns3:TrackPointExtension>
            <ns3:atemp>27.0</ns3:atemp>
            <ns3:hr>170</ns3:hr>
            <ns3:cad>93</ns3:cad>
          </ns3:TrackPointExtension>
        </extensions>
      </trkpt>
      <trkpt lat="31.9897636212408542633056640625" lon="118.78298803232610225677490234375">
        <ele>23.6000003814697265625</ele>
        <time>2024-10-14T11:49:23.000Z</time>
        <extensions>
          <ns3:TrackPointExtension>
            <ns3:atemp>27.0</ns3:atemp>
            <ns3:hr>170</ns3:hr>
            <ns3:cad>93</ns3:cad>
          </ns3:TrackPointExtension>
        </extensions>
      </trkpt>
      <trkpt lat="31.98973855935037136077880859375" lon="118.783005885779857635498046875">
        <ele>23.3999996185302734375</ele>
        <time>2024-10-14T11:49:24.000Z</time>
        <extensions>
          <ns3:TrackPointExtension>
            <ns3:atemp>27.0</ns3:atemp>
            <ns3:hr>170</ns3:hr>
            <ns3:cad>93</ns3:cad>
          </ns3:TrackPointExtension>
        </extensions>
      </trkpt>
      <trkpt lat="31.98971190489828586578369140625" lon="118.7830204702913761138916015625">
        <ele>23.3999996185302734375</ele>
        <time>2024-10-14T11:49:25.000Z</time>
        <extensions>
          <ns3:TrackPointExtension>
            <ns3:atemp>27.0</ns3:atemp>
            <ns3:hr>170</ns3:hr>
            <ns3:cad>93</ns3:cad>
          </ns3:TrackPointExtension>
        </extensions>
      </trkpt>
      <trkpt lat="31.98968826793134212493896484375" lon="118.7830368988215923309326171875">
        <ele>23.3999996185302734375</ele>
        <time>2024-10-14T11:49:26.000Z</time>
        <extensions>
          <ns3:TrackPointExtension>
            <ns3:atemp>27.0</ns3:atemp>
            <ns3:hr>170</ns3:hr>
            <ns3:cad>92</ns3:cad>
          </ns3:TrackPointExtension>
        </extensions>
      </trkpt>
      <trkpt lat="31.98966764844954013824462890625" lon="118.78305173479020595550537109375">
        <ele>23.3999996185302734375</ele>
        <time>2024-10-14T11:49:27.000Z</time>
        <extensions>
          <ns3:TrackPointExtension>
            <ns3:atemp>27.0</ns3:atemp>
            <ns3:hr>170</ns3:hr>
            <ns3:cad>92</ns3:cad>
          </ns3:TrackPointExtension>
        </extensions>
      </trkpt>
      <trkpt lat="31.9896461069583892822265625" lon="118.7830677442252635955810546875">
        <ele>23.200000762939453125</ele>
        <time>2024-10-14T11:49:28.000Z</time>
        <extensions>
          <ns3:TrackPointExtension>
            <ns3:atemp>26.0</ns3:atemp>
            <ns3:hr>170</ns3:hr>
            <ns3:cad>92</ns3:cad>
          </ns3:TrackPointExtension>
        </extensions>
      </trkpt>
      <trkpt lat="31.98962490074336528778076171875" lon="118.7830831669270992279052734375">
        <ele>23.200000762939453125</ele>
        <time>2024-10-14T11:49:29.000Z</time>
        <extensions>
          <ns3:TrackPointExtension>
            <ns3:atemp>27.0</ns3:atemp>
            <ns3:hr>170</ns3:hr>
            <ns3:cad>92</ns3:cad>
          </ns3:TrackPointExtension>
        </extensions>
      </trkpt>
      <trkpt lat="31.9895986653864383697509765625" lon="118.78310185857117176055908203125">
        <ele>23.200000762939453125</ele>
        <time>2024-10-14T11:49:30.000Z</time>
        <extensions>
          <ns3:TrackPointExtension>
            <ns3:atemp>27.0</ns3:atemp>
            <ns3:hr>170</ns3:hr>
            <ns3:cad>92</ns3:cad>
          </ns3:TrackPointExtension>
        </extensions>
      </trkpt>
      <trkpt lat="31.9895728491246700286865234375" lon="118.78312130458652973175048828125">
        <ele>23.200000762939453125</ele>
        <time>2024-10-14T11:49:31.000Z</time>
        <extensions>
          <ns3:TrackPointExtension>
            <ns3:atemp>27.0</ns3:atemp>
            <ns3:hr>170</ns3:hr>
            <ns3:cad>92</ns3:cad>
          </ns3:TrackPointExtension>
        </extensions>
      </trkpt>
      <trkpt lat="31.98954753577709197998046875" lon="118.7831415049731731414794921875">
        <ele>23</ele>
        <time>2024-10-14T11:49:32.000Z</time>
        <extensions>
          <ns3:TrackPointExtension>
            <ns3:atemp>27.0</ns3:atemp>
            <ns3:hr>170</ns3:hr>
            <ns3:cad>92</ns3:cad>
          </ns3:TrackPointExtension>
        </extensions>
      </trkpt>
      <trkpt lat="31.989525072276592254638671875" lon="118.7831612862646579742431640625">
        <ele>23</ele>
        <time>2024-10-14T11:49:33.000Z</time>
        <extensions>
          <ns3:TrackPointExtension>
            <ns3:atemp>26.0</ns3:atemp>
            <ns3:hr>170</ns3:hr>
            <ns3:cad>92</ns3:cad>
          </ns3:TrackPointExtension>
        </extensions>
      </trkpt>
      <trkpt lat="31.9895027764141559600830078125" lon="118.7831834144890308380126953125">
        <ele>23</ele>
        <time>2024-10-14T11:49:34.000Z</time>
        <extensions>
          <ns3:TrackPointExtension>
            <ns3:atemp>27.0</ns3:atemp>
            <ns3:hr>170</ns3:hr>
            <ns3:cad>92</ns3:cad>
          </ns3:TrackPointExtension>
        </extensions>
      </trkpt>
      <trkpt lat="31.98948291130363941192626953125" lon="118.783204369246959686279296875">
        <ele>23</ele>
        <time>2024-10-14T11:49:35.000Z</time>
        <extensions>
          <ns3:TrackPointExtension>
            <ns3:atemp>27.0</ns3:atemp>
            <ns3:hr>170</ns3:hr>
            <ns3:cad>93</ns3:cad>
          </ns3:TrackPointExtension>
        </extensions>
      </trkpt>
      <trkpt lat="31.9894632138311862945556640625" lon="118.78322809003293514251708984375">
        <ele>23</ele>
        <time>2024-10-14T11:49:36.000Z</time>
        <extensions>
          <ns3:TrackPointExtension>
            <ns3:atemp>26.0</ns3:atemp>
            <ns3:hr>170</ns3:hr>
            <ns3:cad>93</ns3:cad>
          </ns3:TrackPointExtension>
        </extensions>
      </trkpt>
      <trkpt lat="31.9894394092261791229248046875" lon="118.783251978456974029541015625">
        <ele>22.799999237060546875</ele>
        <time>2024-10-14T11:49:37.000Z</time>
        <extensions>
          <ns3:TrackPointExtension>
            <ns3:atemp>26.0</ns3:atemp>
            <ns3:hr>170</ns3:hr>
            <ns3:cad>93</ns3:cad>
          </ns3:TrackPointExtension>
        </extensions>
      </trkpt>
      <trkpt lat="31.9894172810018062591552734375" lon="118.78327385522425174713134765625">
        <ele>22.799999237060546875</ele>
        <time>2024-10-14T11:49:38.000Z</time>
        <extensions>
          <ns3:TrackPointExtension>
            <ns3:atemp>27.0</ns3:atemp>
            <ns3:hr>170</ns3:hr>
            <ns3:cad>93</ns3:cad>
          </ns3:TrackPointExtension>
        </extensions>
      </trkpt>
      <trkpt lat="31.98939573951065540313720703125" lon="118.7832940556108951568603515625">
        <ele>22.6000003814697265625</ele>
        <time>2024-10-14T11:49:39.000Z</time>
        <extensions>
          <ns3:TrackPointExtension>
            <ns3:atemp>27.0</ns3:atemp>
            <ns3:hr>170</ns3:hr>
            <ns3:cad>93</ns3:cad>
          </ns3:TrackPointExtension>
        </extensions>
      </trkpt>
      <trkpt lat="31.98937696404755115509033203125" lon="118.78331157378852367401123046875">
        <ele>22.6000003814697265625</ele>
        <time>2024-10-14T11:49:40.000Z</time>
        <extensions>
          <ns3:TrackPointExtension>
            <ns3:atemp>27.0</ns3:atemp>
            <ns3:hr>170</ns3:hr>
            <ns3:cad>93</ns3:cad>
          </ns3:TrackPointExtension>
        </extensions>
      </trkpt>
      <trkpt lat="31.989350058138370513916015625" lon="118.78333085216581821441650390625">
        <ele>22.6000003814697265625</ele>
        <time>2024-10-14T11:49:41.000Z</time>
        <extensions>
          <ns3:TrackPointExtension>
            <ns3:atemp>26.0</ns3:atemp>
            <ns3:hr>170</ns3:hr>
            <ns3:cad>93</ns3:cad>
          </ns3:TrackPointExtension>
        </extensions>
      </trkpt>
      <trkpt lat="31.98932331986725330352783203125" lon="118.783345520496368408203125">
        <ele>22.3999996185302734375</ele>
        <time>2024-10-14T11:49:42.000Z</time>
        <extensions>
          <ns3:TrackPointExtension>
            <ns3:atemp>27.0</ns3:atemp>
            <ns3:hr>170</ns3:hr>
            <ns3:cad>93</ns3:cad>
          </ns3:TrackPointExtension>
        </extensions>
      </trkpt>
      <trkpt lat="31.9892979227006435394287109375" lon="118.78336069174110889434814453125">
        <ele>22.3999996185302734375</ele>
        <time>2024-10-14T11:49:43.000Z</time>
        <extensions>
          <ns3:TrackPointExtension>
            <ns3:atemp>27.0</ns3:atemp>
            <ns3:hr>170</ns3:hr>
            <ns3:cad>93</ns3:cad>
          </ns3:TrackPointExtension>
        </extensions>
      </trkpt>
      <trkpt lat="31.98927529156208038330078125" lon="118.783380053937435150146484375">
        <ele>22.3999996185302734375</ele>
        <time>2024-10-14T11:49:44.000Z</time>
        <extensions>
          <ns3:TrackPointExtension>
            <ns3:atemp>27.0</ns3:atemp>
            <ns3:hr>170</ns3:hr>
            <ns3:cad>93</ns3:cad>
          </ns3:TrackPointExtension>
        </extensions>
      </trkpt>
      <trkpt lat="31.989249475300312042236328125" lon="118.78339639864861965179443359375">
        <ele>22.3999996185302734375</ele>
        <time>2024-10-14T11:49:45.000Z</time>
        <extensions>
          <ns3:TrackPointExtension>
            <ns3:atemp>27.0</ns3:atemp>
            <ns3:hr>170</ns3:hr>
            <ns3:cad>91</ns3:cad>
          </ns3:TrackPointExtension>
        </extensions>
      </trkpt>
      <trkpt lat="31.98922290466725826263427734375" lon="118.7834124080836772918701171875">
        <ele>22.3999996185302734375</ele>
        <time>2024-10-14T11:49:46.000Z</time>
        <extensions>
          <ns3:TrackPointExtension>
            <ns3:atemp>27.0</ns3:atemp>
            <ns3:hr>170</ns3:hr>
            <ns3:cad>91</ns3:cad>
          </ns3:TrackPointExtension>
        </extensions>
      </trkpt>
      <trkpt lat="31.98919625021517276763916015625" lon="118.783429004251956939697265625">
        <ele>22.200000762939453125</ele>
        <time>2024-10-14T11:49:47.000Z</time>
        <extensions>
          <ns3:TrackPointExtension>
            <ns3:atemp>26.0</ns3:atemp>
            <ns3:hr>170</ns3:hr>
            <ns3:cad>91</ns3:cad>
          </ns3:TrackPointExtension>
        </extensions>
      </trkpt>
      <trkpt lat="31.989170350134372711181640625" lon="118.78344467841088771820068359375">
        <ele>22.200000762939453125</ele>
        <time>2024-10-14T11:49:48.000Z</time>
        <extensions>
          <ns3:TrackPointExtension>
            <ns3:atemp>27.0</ns3:atemp>
            <ns3:hr>170</ns3:hr>
            <ns3:cad>93</ns3:cad>
          </ns3:TrackPointExtension>
        </extensions>
      </trkpt>
      <trkpt lat="31.9891416840255260467529296875" lon="118.78346445970237255096435546875">
        <ele>22</ele>
        <time>2024-10-14T11:49:49.000Z</time>
        <extensions>
          <ns3:TrackPointExtension>
            <ns3:atemp>27.0</ns3:atemp>
            <ns3:hr>170</ns3:hr>
            <ns3:cad>93</ns3:cad>
          </ns3:TrackPointExtension>
        </extensions>
      </trkpt>
      <trkpt lat="31.9891125150024890899658203125" lon="118.783482648432254791259765625">
        <ele>22</ele>
        <time>2024-10-14T11:49:50.000Z</time>
        <extensions>
          <ns3:TrackPointExtension>
            <ns3:atemp>27.0</ns3:atemp>
            <ns3:hr>170</ns3:hr>
            <ns3:cad>93</ns3:cad>
          </ns3:TrackPointExtension>
        </extensions>
      </trkpt>
      <trkpt lat="31.98908217251300811767578125" lon="118.78350167535245418548583984375">
        <ele>22</ele>
        <time>2024-10-14T11:49:51.000Z</time>
        <extensions>
          <ns3:TrackPointExtension>
            <ns3:atemp>27.0</ns3:atemp>
            <ns3:hr>170</ns3:hr>
            <ns3:cad>93</ns3:cad>
          </ns3:TrackPointExtension>
        </extensions>
      </trkpt>
      <trkpt lat="31.98905560187995433807373046875" lon="118.78351843915879726409912109375">
        <ele>22</ele>
        <time>2024-10-14T11:49:52.000Z</time>
        <extensions>
          <ns3:TrackPointExtension>
            <ns3:atemp>27.0</ns3:atemp>
            <ns3:hr>170</ns3:hr>
            <ns3:cad>93</ns3:cad>
          </ns3:TrackPointExtension>
        </extensions>
      </trkpt>
      <trkpt lat="31.9890300370752811431884765625" lon="118.78353436477482318878173828125">
        <ele>22</ele>
        <time>2024-10-14T11:49:53.000Z</time>
        <extensions>
          <ns3:TrackPointExtension>
            <ns3:atemp>27.0</ns3:atemp>
            <ns3:hr>170</ns3:hr>
            <ns3:cad>92</ns3:cad>
          </ns3:TrackPointExtension>
        </extensions>
      </trkpt>
      <trkpt lat="31.98900497518479824066162109375" lon="118.78355029039084911346435546875">
        <ele>21.799999237060546875</ele>
        <time>2024-10-14T11:49:54.000Z</time>
        <extensions>
          <ns3:TrackPointExtension>
            <ns3:atemp>27.0</ns3:atemp>
            <ns3:hr>170</ns3:hr>
            <ns3:cad>92</ns3:cad>
          </ns3:TrackPointExtension>
        </extensions>
      </trkpt>
      <trkpt lat="31.98897882364690303802490234375" lon="118.78356588073074817657470703125">
        <ele>21.799999237060546875</ele>
        <time>2024-10-14T11:49:55.000Z</time>
        <extensions>
          <ns3:TrackPointExtension>
            <ns3:atemp>27.0</ns3:atemp>
            <ns3:hr>170</ns3:hr>
            <ns3:cad>92</ns3:cad>
          </ns3:TrackPointExtension>
        </extensions>
      </trkpt>
      <trkpt lat="31.98895585723221302032470703125" lon="118.783581890165805816650390625">
        <ele>21.799999237060546875</ele>
        <time>2024-10-14T11:49:56.000Z</time>
        <extensions>
          <ns3:TrackPointExtension>
            <ns3:atemp>26.0</ns3:atemp>
            <ns3:hr>170</ns3:hr>
            <ns3:cad>92</ns3:cad>
          </ns3:TrackPointExtension>
        </extensions>
      </trkpt>
      <trkpt lat="31.988931633532047271728515625" lon="118.783597983419895172119140625">
        <ele>21.6000003814697265625</ele>
        <time>2024-10-14T11:49:57.000Z</time>
        <extensions>
          <ns3:TrackPointExtension>
            <ns3:atemp>27.0</ns3:atemp>
            <ns3:hr>170</ns3:hr>
            <ns3:cad>91</ns3:cad>
          </ns3:TrackPointExtension>
        </extensions>
      </trkpt>
      <trkpt lat="31.9889096729457378387451171875" lon="118.78361382521688938140869140625">
        <ele>21.6000003814697265625</ele>
        <time>2024-10-14T11:49:58.000Z</time>
        <extensions>
          <ns3:TrackPointExtension>
            <ns3:atemp>27.0</ns3:atemp>
            <ns3:hr>170</ns3:hr>
            <ns3:cad>91</ns3:cad>
          </ns3:TrackPointExtension>
        </extensions>
      </trkpt>
      <trkpt lat="31.9888862036168575286865234375" lon="118.7836306728422641754150390625">
        <ele>21.6000003814697265625</ele>
        <time>2024-10-14T11:49:59.000Z</time>
        <extensions>
          <ns3:TrackPointExtension>
            <ns3:atemp>27.0</ns3:atemp>
            <ns3:hr>171</ns3:hr>
            <ns3:cad>91</ns3:cad>
          </ns3:TrackPointExtension>
        </extensions>
      </trkpt>
      <trkpt lat="31.98886231519281864166259765625" lon="118.78364634700119495391845703125">
        <ele>21.6000003814697265625</ele>
        <time>2024-10-14T11:50:00.000Z</time>
        <extensions>
          <ns3:TrackPointExtension>
            <ns3:atemp>27.0</ns3:atemp>
            <ns3:hr>171</ns3:hr>
            <ns3:cad>91</ns3:cad>
          </ns3:TrackPointExtension>
        </extensions>
      </trkpt>
      <trkpt lat="31.98883716948330402374267578125" lon="118.78366244025528430938720703125">
        <ele>21.3999996185302734375</ele>
        <time>2024-10-14T11:50:01.000Z</time>
        <extensions>
          <ns3:TrackPointExtension>
            <ns3:atemp>27.0</ns3:atemp>
            <ns3:hr>171</ns3:hr>
            <ns3:cad>90</ns3:cad>
          </ns3:TrackPointExtension>
        </extensions>
      </trkpt>
      <trkpt lat="31.98880992829799652099609375" lon="118.7836786173284053802490234375">
        <ele>21.3999996185302734375</ele>
        <time>2024-10-14T11:50:02.000Z</time>
        <extensions>
          <ns3:TrackPointExtension>
            <ns3:atemp>26.0</ns3:atemp>
            <ns3:hr>171</ns3:hr>
            <ns3:cad>90</ns3:cad>
          </ns3:TrackPointExtension>
        </extensions>
      </trkpt>
      <trkpt lat="31.988788805902004241943359375" lon="118.783693201839923858642578125">
        <ele>21.3999996185302734375</ele>
        <time>2024-10-14T11:50:03.000Z</time>
        <extensions>
          <ns3:TrackPointExtension>
            <ns3:atemp>27.0</ns3:atemp>
            <ns3:hr>170</ns3:hr>
            <ns3:cad>91</ns3:cad>
          </ns3:TrackPointExtension>
        </extensions>
      </trkpt>
      <trkpt lat="31.98876139707863330841064453125" lon="118.7837108038365840911865234375">
        <ele>21.3999996185302734375</ele>
        <time>2024-10-14T11:50:04.000Z</time>
        <extensions>
          <ns3:TrackPointExtension>
            <ns3:atemp>27.0</ns3:atemp>
            <ns3:hr>170</ns3:hr>
            <ns3:cad>91</ns3:cad>
          </ns3:TrackPointExtension>
        </extensions>
      </trkpt>
      <trkpt lat="31.98873616755008697509765625" lon="118.78372480161488056182861328125">
        <ele>21.3999996185302734375</ele>
        <time>2024-10-14T11:50:05.000Z</time>
        <extensions>
          <ns3:TrackPointExtension>
            <ns3:atemp>26.0</ns3:atemp>
            <ns3:hr>170</ns3:hr>
            <ns3:cad>91</ns3:cad>
          </ns3:TrackPointExtension>
        </extensions>
      </trkpt>
      <trkpt lat="31.9887075014412403106689453125" lon="118.7837423197925090789794921875">
        <ele>21.200000762939453125</ele>
        <time>2024-10-14T11:50:06.000Z</time>
        <extensions>
          <ns3:TrackPointExtension>
            <ns3:atemp>27.0</ns3:atemp>
            <ns3:hr>170</ns3:hr>
            <ns3:cad>92</ns3:cad>
          </ns3:TrackPointExtension>
        </extensions>
      </trkpt>
      <trkpt lat="31.98868243955075740814208984375" lon="118.78375581465661525726318359375">
        <ele>21.200000762939453125</ele>
        <time>2024-10-14T11:50:07.000Z</time>
        <extensions>
          <ns3:TrackPointExtension>
            <ns3:atemp>27.0</ns3:atemp>
            <ns3:hr>170</ns3:hr>
            <ns3:cad>92</ns3:cad>
          </ns3:TrackPointExtension>
        </extensions>
      </trkpt>
      <trkpt lat="31.988653354346752166748046875" lon="118.783772997558116912841796875">
        <ele>21.200000762939453125</ele>
        <time>2024-10-14T11:50:08.000Z</time>
        <extensions>
          <ns3:TrackPointExtension>
            <ns3:atemp>27.0</ns3:atemp>
            <ns3:hr>170</ns3:hr>
            <ns3:cad>92</ns3:cad>
          </ns3:TrackPointExtension>
        </extensions>
      </trkpt>
      <trkpt lat="31.98862778954207897186279296875" lon="118.78378615714609622955322265625">
        <ele>21</ele>
        <time>2024-10-14T11:50:09.000Z</time>
        <extensions>
          <ns3:TrackPointExtension>
            <ns3:atemp>27.0</ns3:atemp>
            <ns3:hr>170</ns3:hr>
            <ns3:cad>92</ns3:cad>
          </ns3:TrackPointExtension>
        </extensions>
      </trkpt>
      <trkpt lat="31.988603733479976654052734375" lon="118.78379973582923412322998046875">
        <ele>21</ele>
        <time>2024-10-14T11:50:10.000Z</time>
        <extensions>
          <ns3:TrackPointExtension>
            <ns3:atemp>26.0</ns3:atemp>
            <ns3:hr>170</ns3:hr>
            <ns3:cad>92</ns3:cad>
          </ns3:TrackPointExtension>
        </extensions>
      </trkpt>
      <trkpt lat="31.98858269490301609039306640625" lon="118.78381314687430858612060546875">
        <ele>21</ele>
        <time>2024-10-14T11:50:11.000Z</time>
        <extensions>
          <ns3:TrackPointExtension>
            <ns3:atemp>27.0</ns3:atemp>
            <ns3:hr>170</ns3:hr>
            <ns3:cad>92</ns3:cad>
          </ns3:TrackPointExtension>
        </extensions>
      </trkpt>
      <trkpt lat="31.98855637572705745697021484375" lon="118.783828318119049072265625">
        <ele>21</ele>
        <time>2024-10-14T11:50:12.000Z</time>
        <extensions>
          <ns3:TrackPointExtension>
            <ns3:atemp>27.0</ns3:atemp>
            <ns3:hr>170</ns3:hr>
            <ns3:cad>91</ns3:cad>
          </ns3:TrackPointExtension>
        </extensions>
      </trkpt>
      <trkpt lat="31.9885358400642871856689453125" lon="118.78384080715477466583251953125">
        <ele>21</ele>
        <time>2024-10-14T11:50:13.000Z</time>
        <extensions>
          <ns3:TrackPointExtension>
            <ns3:atemp>27.0</ns3:atemp>
            <ns3:hr>170</ns3:hr>
            <ns3:cad>91</ns3:cad>
          </ns3:TrackPointExtension>
        </extensions>
      </trkpt>
      <trkpt lat="31.9885106943547725677490234375" lon="118.78385472111403942108154296875">
        <ele>20.799999237060546875</ele>
        <time>2024-10-14T11:50:14.000Z</time>
        <extensions>
          <ns3:TrackPointExtension>
            <ns3:atemp>27.0</ns3:atemp>
            <ns3:hr>170</ns3:hr>
            <ns3:cad>91</ns3:cad>
          </ns3:TrackPointExtension>
        </extensions>
      </trkpt>
      <trkpt lat="31.988487727940082550048828125" lon="118.78386628814041614532470703125">
        <ele>20.799999237060546875</ele>
        <time>2024-10-14T11:50:15.000Z</time>
        <extensions>
          <ns3:TrackPointExtension>
            <ns3:atemp>27.0</ns3:atemp>
            <ns3:hr>171</ns3:hr>
            <ns3:cad>91</ns3:cad>
          </ns3:TrackPointExtension>
        </extensions>
      </trkpt>
      <trkpt lat="31.9884614087641239166259765625" lon="118.7838821299374103546142578125">
        <ele>20.799999237060546875</ele>
        <time>2024-10-14T11:50:16.000Z</time>
        <extensions>
          <ns3:TrackPointExtension>
            <ns3:atemp>26.0</ns3:atemp>
            <ns3:hr>171</ns3:hr>
            <ns3:cad>91</ns3:cad>
          </ns3:TrackPointExtension>
        </extensions>
      </trkpt>
      <trkpt lat="31.98843835853040218353271484375" lon="118.78389411605894565582275390625">
        <ele>20.6000003814697265625</ele>
        <time>2024-10-14T11:50:17.000Z</time>
        <extensions>
          <ns3:TrackPointExtension>
            <ns3:atemp>27.0</ns3:atemp>
            <ns3:hr>171</ns3:hr>
            <ns3:cad>90</ns3:cad>
          </ns3:TrackPointExtension>
        </extensions>
      </trkpt>
      <trkpt lat="31.98841094970703125" lon="118.7839114665985107421875">
        <ele>20.6000003814697265625</ele>
        <time>2024-10-14T11:50:18.000Z</time>
        <extensions>
          <ns3:TrackPointExtension>
            <ns3:atemp>27.0</ns3:atemp>
            <ns3:hr>171</ns3:hr>
            <ns3:cad>90</ns3:cad>
          </ns3:TrackPointExtension>
        </extensions>
      </trkpt>
      <trkpt lat="31.9883849658071994781494140625" lon="118.7839243747293949127197265625">
        <ele>20.6000003814697265625</ele>
        <time>2024-10-14T11:50:19.000Z</time>
        <extensions>
          <ns3:TrackPointExtension>
            <ns3:atemp>27.0</ns3:atemp>
            <ns3:hr>171</ns3:hr>
            <ns3:cad>90</ns3:cad>
          </ns3:TrackPointExtension>
        </extensions>
      </trkpt>
      <trkpt lat="31.988355629146099090576171875" lon="118.78393971361219882965087890625">
        <ele>20.6000003814697265625</ele>
        <time>2024-10-14T11:50:20.000Z</time>
        <extensions>
          <ns3:TrackPointExtension>
            <ns3:atemp>26.0</ns3:atemp>
            <ns3:hr>172</ns3:hr>
            <ns3:cad>90</ns3:cad>
          </ns3:TrackPointExtension>
        </extensions>
      </trkpt>
      <trkpt lat="31.98832989670336246490478515625" lon="118.783954717218875885009765625">
        <ele>20.6000003814697265625</ele>
        <time>2024-10-14T11:50:21.000Z</time>
        <extensions>
          <ns3:TrackPointExtension>
            <ns3:atemp>27.0</ns3:atemp>
            <ns3:hr>172</ns3:hr>
            <ns3:cad>91</ns3:cad>
          </ns3:TrackPointExtension>
        </extensions>
      </trkpt>
      <trkpt lat="31.98830123059451580047607421875" lon="118.78396988846361637115478515625">
        <ele>20.3999996185302734375</ele>
        <time>2024-10-14T11:50:22.000Z</time>
        <extensions>
          <ns3:TrackPointExtension>
            <ns3:atemp>26.0</ns3:atemp>
            <ns3:hr>172</ns3:hr>
            <ns3:cad>91</ns3:cad>
          </ns3:TrackPointExtension>
        </extensions>
      </trkpt>
      <trkpt lat="31.98827608488500118255615234375" lon="118.7839825451374053955078125">
        <ele>20.3999996185302734375</ele>
        <time>2024-10-14T11:50:23.000Z</time>
        <extensions>
          <ns3:TrackPointExtension>
            <ns3:atemp>27.0</ns3:atemp>
            <ns3:hr>172</ns3:hr>
            <ns3:cad>92</ns3:cad>
          </ns3:TrackPointExtension>
        </extensions>
      </trkpt>
      <trkpt lat="31.98824976570904254913330078125" lon="118.78399654291570186614990234375">
        <ele>20.200000762939453125</ele>
        <time>2024-10-14T11:50:24.000Z</time>
        <extensions>
          <ns3:TrackPointExtension>
            <ns3:atemp>27.0</ns3:atemp>
            <ns3:hr>172</ns3:hr>
            <ns3:cad>92</ns3:cad>
          </ns3:TrackPointExtension>
        </extensions>
      </trkpt>
      <trkpt lat="31.98822495527565479278564453125" lon="118.78401062451303005218505859375">
        <ele>20.200000762939453125</ele>
        <time>2024-10-14T11:50:25.000Z</time>
        <extensions>
          <ns3:TrackPointExtension>
            <ns3:atemp>27.0</ns3:atemp>
            <ns3:hr>172</ns3:hr>
            <ns3:cad>92</ns3:cad>
          </ns3:TrackPointExtension>
        </extensions>
      </trkpt>
      <trkpt lat="31.98820584453642368316650390625" lon="118.78402747213840484619140625">
        <ele>20.200000762939453125</ele>
        <time>2024-10-14T11:50:26.000Z</time>
        <extensions>
          <ns3:TrackPointExtension>
            <ns3:atemp>27.0</ns3:atemp>
            <ns3:hr>172</ns3:hr>
            <ns3:cad>93</ns3:cad>
          </ns3:TrackPointExtension>
        </extensions>
      </trkpt>
      <trkpt lat="31.9881817884743213653564453125" lon="118.78403811715543270111083984375">
        <ele>20.200000762939453125</ele>
        <time>2024-10-14T11:50:27.000Z</time>
        <extensions>
          <ns3:TrackPointExtension>
            <ns3:atemp>26.0</ns3:atemp>
            <ns3:hr>172</ns3:hr>
            <ns3:cad>93</ns3:cad>
          </ns3:TrackPointExtension>
        </extensions>
      </trkpt>
      <trkpt lat="31.988155804574489593505859375" lon="118.78405035473406314849853515625">
        <ele>20</ele>
        <time>2024-10-14T11:50:28.000Z</time>
        <extensions>
          <ns3:TrackPointExtension>
            <ns3:atemp>27.0</ns3:atemp>
            <ns3:hr>172</ns3:hr>
            <ns3:cad>93</ns3:cad>
          </ns3:TrackPointExtension>
        </extensions>
      </trkpt>
      <trkpt lat="31.9881304912269115447998046875" lon="118.78406041301786899566650390625">
        <ele>20</ele>
        <time>2024-10-14T11:50:29.000Z</time>
        <extensions>
          <ns3:TrackPointExtension>
            <ns3:atemp>27.0</ns3:atemp>
            <ns3:hr>172</ns3:hr>
            <ns3:cad>93</ns3:cad>
          </ns3:TrackPointExtension>
        </extensions>
      </trkpt>
      <trkpt lat="31.988106854259967803955078125" lon="118.78407734446227550506591796875">
        <ele>20</ele>
        <time>2024-10-14T11:50:30.000Z</time>
        <extensions>
          <ns3:TrackPointExtension>
            <ns3:atemp>26.0</ns3:atemp>
            <ns3:hr>172</ns3:hr>
            <ns3:cad>92</ns3:cad>
          </ns3:TrackPointExtension>
        </extensions>
      </trkpt>
      <trkpt lat="31.98807709850370883941650390625" lon="118.78408757038414478302001953125">
        <ele>20</ele>
        <time>2024-10-14T11:50:31.000Z</time>
        <extensions>
          <ns3:TrackPointExtension>
            <ns3:atemp>27.0</ns3:atemp>
            <ns3:hr>172</ns3:hr>
            <ns3:cad>92</ns3:cad>
          </ns3:TrackPointExtension>
        </extensions>
      </trkpt>
      <trkpt lat="31.98805161751806735992431640625" lon="118.78409712575376033782958984375">
        <ele>20</ele>
        <time>2024-10-14T11:50:32.000Z</time>
        <extensions>
          <ns3:TrackPointExtension>
            <ns3:atemp>26.0</ns3:atemp>
            <ns3:hr>172</ns3:hr>
            <ns3:cad>90</ns3:cad>
          </ns3:TrackPointExtension>
        </extensions>
      </trkpt>
      <trkpt lat="31.988029070198535919189453125" lon="118.78410349600017070770263671875">
        <ele>20</ele>
        <time>2024-10-14T11:50:33.000Z</time>
        <extensions>
          <ns3:TrackPointExtension>
            <ns3:atemp>27.0</ns3:atemp>
            <ns3:hr>172</ns3:hr>
            <ns3:cad>90</ns3:cad>
          </ns3:TrackPointExtension>
        </extensions>
      </trkpt>
      <trkpt lat="31.98800920508801937103271484375" lon="118.7841104529798030853271484375">
        <ele>19.799999237060546875</ele>
        <time>2024-10-14T11:50:34.000Z</time>
        <extensions>
          <ns3:TrackPointExtension>
            <ns3:atemp>26.0</ns3:atemp>
            <ns3:hr>172</ns3:hr>
            <ns3:cad>89</ns3:cad>
          </ns3:TrackPointExtension>
        </extensions>
      </trkpt>
      <trkpt lat="31.98798288591206073760986328125" lon="118.7841134704649448394775390625">
        <ele>19.799999237060546875</ele>
        <time>2024-10-14T11:50:35.000Z</time>
        <extensions>
          <ns3:TrackPointExtension>
            <ns3:atemp>27.0</ns3:atemp>
            <ns3:hr>172</ns3:hr>
            <ns3:cad>89</ns3:cad>
          </ns3:TrackPointExtension>
        </extensions>
      </trkpt>
      <trkpt lat="31.98796008713543415069580078125" lon="118.78411288373172283172607421875">
        <ele>19.799999237060546875</ele>
        <time>2024-10-14T11:50:36.000Z</time>
        <extensions>
          <ns3:TrackPointExtension>
            <ns3:atemp>27.0</ns3:atemp>
            <ns3:hr>172</ns3:hr>
            <ns3:cad>89</ns3:cad>
          </ns3:TrackPointExtension>
        </extensions>
      </trkpt>
      <trkpt lat="31.98793561197817325592041015625" lon="118.78410249017179012298583984375">
        <ele>19.799999237060546875</ele>
        <time>2024-10-14T11:50:37.000Z</time>
        <extensions>
          <ns3:TrackPointExtension>
            <ns3:atemp>26.0</ns3:atemp>
            <ns3:hr>172</ns3:hr>
            <ns3:cad>89</ns3:cad>
          </ns3:TrackPointExtension>
        </extensions>
      </trkpt>
      <trkpt lat="31.987917423248291015625" lon="118.784087486565113067626953125">
        <ele>19.799999237060546875</ele>
        <time>2024-10-14T11:50:38.000Z</time>
        <extensions>
          <ns3:TrackPointExtension>
            <ns3:atemp>27.0</ns3:atemp>
            <ns3:hr>172</ns3:hr>
            <ns3:cad>89</ns3:cad>
          </ns3:TrackPointExtension>
        </extensions>
      </trkpt>
      <trkpt lat="31.98785372078418731689453125" lon="118.78408187068998813629150390625">
        <ele>19</ele>
        <time>2024-10-14T11:51:13.000Z</time>
        <extensions>
          <ns3:TrackPointExtension>
            <ns3:atemp>27.0</ns3:atemp>
            <ns3:hr>156</ns3:hr>
            <ns3:cad>0</ns3:cad>
          </ns3:TrackPointExtension>
        </extensions>
      </trkpt>
      <trkpt lat="31.9878428243100643157958984375" lon="118.78409586846828460693359375">
        <ele>19</ele>
        <time>2024-10-14T11:51:14.000Z</time>
        <extensions>
          <ns3:TrackPointExtension>
            <ns3:atemp>27.0</ns3:atemp>
            <ns3:hr>155</ns3:hr>
            <ns3:cad>0</ns3:cad>
          </ns3:TrackPointExtension>
        </extensions>
      </trkpt>
      <trkpt lat="31.98782580904662609100341796875" lon="118.78411523066461086273193359375">
        <ele>19</ele>
        <time>2024-10-14T11:51:15.000Z</time>
        <extensions>
          <ns3:TrackPointExtension>
            <ns3:atemp>27.0</ns3:atemp>
            <ns3:hr>154</ns3:hr>
            <ns3:cad>0</ns3:cad>
          </ns3:TrackPointExtension>
        </extensions>
      </trkpt>
      <trkpt lat="31.9878029264509677886962890625" lon="118.78413802944123744964599609375">
        <ele>19</ele>
        <time>2024-10-14T11:51:16.000Z</time>
        <extensions>
          <ns3:TrackPointExtension>
            <ns3:atemp>27.0</ns3:atemp>
            <ns3:hr>154</ns3:hr>
            <ns3:cad>0</ns3:cad>
          </ns3:TrackPointExtension>
        </extensions>
      </trkpt>
      <trkpt lat="31.98777727782726287841796875" lon="118.78416049294173717498779296875">
        <ele>19</ele>
        <time>2024-10-14T11:51:17.000Z</time>
        <extensions>
          <ns3:TrackPointExtension>
            <ns3:atemp>27.0</ns3:atemp>
            <ns3:hr>153</ns3:hr>
            <ns3:cad>0</ns3:cad>
          </ns3:TrackPointExtension>
        </extensions>
      </trkpt>
      <trkpt lat="31.9877471029758453369140625" lon="118.78418899141252040863037109375">
        <ele>19</ele>
        <time>2024-10-14T11:51:18.000Z</time>
        <extensions>
          <ns3:TrackPointExtension>
            <ns3:atemp>27.0</ns3:atemp>
            <ns3:hr>153</ns3:hr>
            <ns3:cad>0</ns3:cad>
          </ns3:TrackPointExtension>
        </extensions>
      </trkpt>
      <trkpt lat="31.987721957266330718994140625" lon="118.78421413712203502655029296875">
        <ele>18.799999237060546875</ele>
        <time>2024-10-14T11:51:19.000Z</time>
        <extensions>
          <ns3:TrackPointExtension>
            <ns3:atemp>27.0</ns3:atemp>
            <ns3:hr>153</ns3:hr>
            <ns3:cad>88</ns3:cad>
          </ns3:TrackPointExtension>
        </extensions>
      </trkpt>
      <trkpt lat="31.98769438080489635467529296875" lon="118.784244060516357421875">
        <ele>18.799999237060546875</ele>
        <time>2024-10-14T11:51:20.000Z</time>
        <extensions>
          <ns3:TrackPointExtension>
            <ns3:atemp>27.0</ns3:atemp>
            <ns3:hr>152</ns3:hr>
            <ns3:cad>88</ns3:cad>
          </ns3:TrackPointExtension>
        </extensions>
      </trkpt>
      <trkpt lat="31.9876735098659992218017578125" lon="118.7842700444161891937255859375">
        <ele>18.799999237060546875</ele>
        <time>2024-10-14T11:51:21.000Z</time>
        <extensions>
          <ns3:TrackPointExtension>
            <ns3:atemp>27.0</ns3:atemp>
            <ns3:hr>152</ns3:hr>
            <ns3:cad>92</ns3:cad>
          </ns3:TrackPointExtension>
        </extensions>
      </trkpt>
      <trkpt lat="31.9876493699848651885986328125" lon="118.7842985428869724273681640625">
        <ele>18.799999237060546875</ele>
        <time>2024-10-14T11:51:22.000Z</time>
        <extensions>
          <ns3:TrackPointExtension>
            <ns3:atemp>27.0</ns3:atemp>
            <ns3:hr>152</ns3:hr>
            <ns3:cad>94</ns3:cad>
          </ns3:TrackPointExtension>
        </extensions>
      </trkpt>
      <trkpt lat="31.98763101361691951751708984375" lon="118.78432025201618671417236328125">
        <ele>18.799999237060546875</ele>
        <time>2024-10-14T11:51:23.000Z</time>
        <extensions>
          <ns3:TrackPointExtension>
            <ns3:atemp>27.0</ns3:atemp>
            <ns3:hr>152</ns3:hr>
            <ns3:cad>94</ns3:cad>
          </ns3:TrackPointExtension>
        </extensions>
      </trkpt>
      <trkpt lat="31.9876104779541492462158203125" lon="118.78434187732636928558349609375">
        <ele>18.6000003814697265625</ele>
        <time>2024-10-14T11:51:24.000Z</time>
        <extensions>
          <ns3:TrackPointExtension>
            <ns3:atemp>27.0</ns3:atemp>
            <ns3:hr>152</ns3:hr>
            <ns3:cad>94</ns3:cad>
          </ns3:TrackPointExtension>
        </extensions>
      </trkpt>
      <trkpt lat="31.987586505711078643798828125" lon="118.78436006605625152587890625">
        <ele>18.6000003814697265625</ele>
        <time>2024-10-14T11:51:25.000Z</time>
        <extensions>
          <ns3:TrackPointExtension>
            <ns3:atemp>27.0</ns3:atemp>
            <ns3:hr>152</ns3:hr>
            <ns3:cad>94</ns3:cad>
          </ns3:TrackPointExtension>
        </extensions>
      </trkpt>
      <trkpt lat="31.98756546713411808013916015625" lon="118.7843773327767848968505859375">
        <ele>18.3999996185302734375</ele>
        <time>2024-10-14T11:51:26.000Z</time>
        <extensions>
          <ns3:TrackPointExtension>
            <ns3:atemp>27.0</ns3:atemp>
            <ns3:hr>152</ns3:hr>
            <ns3:cad>92</ns3:cad>
          </ns3:TrackPointExtension>
        </extensions>
      </trkpt>
      <trkpt lat="31.98753713630139827728271484375" lon="118.78439149819314479827880859375">
        <ele>18.3999996185302734375</ele>
        <time>2024-10-14T11:51:27.000Z</time>
        <extensions>
          <ns3:TrackPointExtension>
            <ns3:atemp>27.0</ns3:atemp>
            <ns3:hr>152</ns3:hr>
            <ns3:cad>92</ns3:cad>
          </ns3:TrackPointExtension>
        </extensions>
      </trkpt>
      <trkpt lat="31.98751014657318592071533203125" lon="118.78440390340983867645263671875">
        <ele>18.200000762939453125</ele>
        <time>2024-10-14T11:51:28.000Z</time>
        <extensions>
          <ns3:TrackPointExtension>
            <ns3:atemp>27.0</ns3:atemp>
            <ns3:hr>152</ns3:hr>
            <ns3:cad>91</ns3:cad>
          </ns3:TrackPointExtension>
        </extensions>
      </trkpt>
      <trkpt lat="31.98748298920691013336181640625" lon="118.78441647626459598541259765625">
        <ele>18.200000762939453125</ele>
        <time>2024-10-14T11:51:29.000Z</time>
        <extensions>
          <ns3:TrackPointExtension>
            <ns3:atemp>27.0</ns3:atemp>
            <ns3:hr>152</ns3:hr>
            <ns3:cad>91</ns3:cad>
          </ns3:TrackPointExtension>
        </extensions>
      </trkpt>
      <trkpt lat="31.98745675384998321533203125" lon="118.78442854620516300201416015625">
        <ele>18.200000762939453125</ele>
        <time>2024-10-14T11:51:30.000Z</time>
        <extensions>
          <ns3:TrackPointExtension>
            <ns3:atemp>27.0</ns3:atemp>
            <ns3:hr>152</ns3:hr>
            <ns3:cad>93</ns3:cad>
          </ns3:TrackPointExtension>
        </extensions>
      </trkpt>
      <trkpt lat="31.9874300993978977203369140625" lon="118.78443961031734943389892578125">
        <ele>18.200000762939453125</ele>
        <time>2024-10-14T11:51:31.000Z</time>
        <extensions>
          <ns3:TrackPointExtension>
            <ns3:atemp>27.0</ns3:atemp>
            <ns3:hr>152</ns3:hr>
            <ns3:cad>93</ns3:cad>
          </ns3:TrackPointExtension>
        </extensions>
      </trkpt>
      <trkpt lat="31.98739967308938503265380859375" lon="118.7844474054872989654541015625">
        <ele>18.200000762939453125</ele>
        <time>2024-10-14T11:51:32.000Z</time>
        <extensions>
          <ns3:TrackPointExtension>
            <ns3:atemp>27.0</ns3:atemp>
            <ns3:hr>152</ns3:hr>
            <ns3:cad>94</ns3:cad>
          </ns3:TrackPointExtension>
        </extensions>
      </trkpt>
      <trkpt lat="31.9873689115047454833984375" lon="118.784459643065929412841796875">
        <ele>18</ele>
        <time>2024-10-14T11:51:33.000Z</time>
        <extensions>
          <ns3:TrackPointExtension>
            <ns3:atemp>27.0</ns3:atemp>
            <ns3:hr>152</ns3:hr>
            <ns3:cad>94</ns3:cad>
          </ns3:TrackPointExtension>
        </extensions>
      </trkpt>
      <trkpt lat="31.987339071929454803466796875" lon="118.78447297029197216033935546875">
        <ele>18</ele>
        <time>2024-10-14T11:51:34.000Z</time>
        <extensions>
          <ns3:TrackPointExtension>
            <ns3:atemp>27.0</ns3:atemp>
            <ns3:hr>152</ns3:hr>
            <ns3:cad>94</ns3:cad>
          </ns3:TrackPointExtension>
        </extensions>
      </trkpt>
      <trkpt lat="31.98731082491576671600341796875" lon="118.78448671661317348480224609375">
        <ele>17.799999237060546875</ele>
        <time>2024-10-14T11:51:35.000Z</time>
        <extensions>
          <ns3:TrackPointExtension>
            <ns3:atemp>27.0</ns3:atemp>
            <ns3:hr>152</ns3:hr>
            <ns3:cad>94</ns3:cad>
          </ns3:TrackPointExtension>
        </extensions>
      </trkpt>
      <trkpt lat="31.98728148825466632843017578125" lon="118.784501552581787109375">
        <ele>17.799999237060546875</ele>
        <time>2024-10-14T11:51:36.000Z</time>
        <extensions>
          <ns3:TrackPointExtension>
            <ns3:atemp>27.0</ns3:atemp>
            <ns3:hr>153</ns3:hr>
            <ns3:cad>94</ns3:cad>
          </ns3:TrackPointExtension>
        </extensions>
      </trkpt>
      <trkpt lat="31.9872527383267879486083984375" lon="118.78451622091233730316162109375">
        <ele>17.799999237060546875</ele>
        <time>2024-10-14T11:51:37.000Z</time>
        <extensions>
          <ns3:TrackPointExtension>
            <ns3:atemp>27.0</ns3:atemp>
            <ns3:hr>153</ns3:hr>
            <ns3:cad>93</ns3:cad>
          </ns3:TrackPointExtension>
        </extensions>
      </trkpt>
      <trkpt lat="31.98722071945667266845703125" lon="118.784530051052570343017578125">
        <ele>17.799999237060546875</ele>
        <time>2024-10-14T11:51:38.000Z</time>
        <extensions>
          <ns3:TrackPointExtension>
            <ns3:atemp>27.0</ns3:atemp>
            <ns3:hr>154</ns3:hr>
            <ns3:cad>93</ns3:cad>
          </ns3:TrackPointExtension>
        </extensions>
      </trkpt>
      <trkpt lat="31.987192220985889434814453125" lon="118.78454270772635936737060546875">
        <ele>17.6000003814697265625</ele>
        <time>2024-10-14T11:51:39.000Z</time>
        <extensions>
          <ns3:TrackPointExtension>
            <ns3:atemp>27.0</ns3:atemp>
            <ns3:hr>154</ns3:hr>
            <ns3:cad>93</ns3:cad>
          </ns3:TrackPointExtension>
        </extensions>
      </trkpt>
      <trkpt lat="31.9871642254292964935302734375" lon="118.784558884799480438232421875">
        <ele>17.6000003814697265625</ele>
        <time>2024-10-14T11:51:40.000Z</time>
        <extensions>
          <ns3:TrackPointExtension>
            <ns3:atemp>27.0</ns3:atemp>
            <ns3:hr>154</ns3:hr>
            <ns3:cad>93</ns3:cad>
          </ns3:TrackPointExtension>
        </extensions>
      </trkpt>
      <trkpt lat="31.9871374033391475677490234375" lon="118.7845744751393795013427734375">
        <ele>17.6000003814697265625</ele>
        <time>2024-10-14T11:51:41.000Z</time>
        <extensions>
          <ns3:TrackPointExtension>
            <ns3:atemp>27.0</ns3:atemp>
            <ns3:hr>154</ns3:hr>
            <ns3:cad>92</ns3:cad>
          </ns3:TrackPointExtension>
        </extensions>
      </trkpt>
      <trkpt lat="31.98711074888706207275390625" lon="118.7845915742218494415283203125">
        <ele>17.3999996185302734375</ele>
        <time>2024-10-14T11:51:42.000Z</time>
        <extensions>
          <ns3:TrackPointExtension>
            <ns3:atemp>27.0</ns3:atemp>
            <ns3:hr>154</ns3:hr>
            <ns3:cad>94</ns3:cad>
          </ns3:TrackPointExtension>
        </extensions>
      </trkpt>
      <trkpt lat="31.98708250187337398529052734375" lon="118.78460557200014591217041015625">
        <ele>17.3999996185302734375</ele>
        <time>2024-10-14T11:51:43.000Z</time>
        <extensions>
          <ns3:TrackPointExtension>
            <ns3:atemp>27.0</ns3:atemp>
            <ns3:hr>154</ns3:hr>
            <ns3:cad>94</ns3:cad>
          </ns3:TrackPointExtension>
        </extensions>
      </trkpt>
      <trkpt lat="31.98705852963030338287353515625" lon="118.7846194021403789520263671875">
        <ele>17.3999996185302734375</ele>
        <time>2024-10-14T11:51:44.000Z</time>
        <extensions>
          <ns3:TrackPointExtension>
            <ns3:atemp>27.0</ns3:atemp>
            <ns3:hr>154</ns3:hr>
            <ns3:cad>94</ns3:cad>
          </ns3:TrackPointExtension>
        </extensions>
      </trkpt>
      <trkpt lat="31.9870269298553466796875" lon="118.78463272936642169952392578125">
        <ele>17.200000762939453125</ele>
        <time>2024-10-14T11:51:45.000Z</time>
        <extensions>
          <ns3:TrackPointExtension>
            <ns3:atemp>27.0</ns3:atemp>
            <ns3:hr>154</ns3:hr>
            <ns3:cad>94</ns3:cad>
          </ns3:TrackPointExtension>
        </extensions>
      </trkpt>
      <trkpt lat="31.98699851520359516143798828125" lon="118.7846438772976398468017578125">
        <ele>17.200000762939453125</ele>
        <time>2024-10-14T11:51:46.000Z</time>
        <extensions>
          <ns3:TrackPointExtension>
            <ns3:atemp>27.0</ns3:atemp>
            <ns3:hr>155</ns3:hr>
            <ns3:cad>93</ns3:cad>
          </ns3:TrackPointExtension>
        </extensions>
      </trkpt>
      <trkpt lat="31.98696993291378021240234375" lon="118.78465636633336544036865234375">
        <ele>17.200000762939453125</ele>
        <time>2024-10-14T11:51:47.000Z</time>
        <extensions>
          <ns3:TrackPointExtension>
            <ns3:atemp>27.0</ns3:atemp>
            <ns3:hr>155</ns3:hr>
            <ns3:cad>93</ns3:cad>
          </ns3:TrackPointExtension>
        </extensions>
      </trkpt>
      <trkpt lat="31.98694269172847270965576171875" lon="118.784666173160076141357421875">
        <ele>17</ele>
        <time>2024-10-14T11:51:48.000Z</time>
        <extensions>
          <ns3:TrackPointExtension>
            <ns3:atemp>27.0</ns3:atemp>
            <ns3:hr>155</ns3:hr>
            <ns3:cad>94</ns3:cad>
          </ns3:TrackPointExtension>
        </extensions>
      </trkpt>
      <trkpt lat="31.98691251687705516815185546875" lon="118.78467933274805545806884765625">
        <ele>17</ele>
        <time>2024-10-14T11:51:49.000Z</time>
        <extensions>
          <ns3:TrackPointExtension>
            <ns3:atemp>27.0</ns3:atemp>
            <ns3:hr>155</ns3:hr>
            <ns3:cad>94</ns3:cad>
          </ns3:TrackPointExtension>
        </extensions>
      </trkpt>
      <trkpt lat="31.9868866167962551116943359375" lon="118.78469676710665225982666015625">
        <ele>17</ele>
        <time>2024-10-14T11:51:50.000Z</time>
        <extensions>
          <ns3:TrackPointExtension>
            <ns3:atemp>27.0</ns3:atemp>
            <ns3:hr>156</ns3:hr>
            <ns3:cad>93</ns3:cad>
          </ns3:TrackPointExtension>
        </extensions>
      </trkpt>
      <trkpt lat="31.98685904033482074737548828125" lon="118.7847149558365345001220703125">
        <ele>16.799999237060546875</ele>
        <time>2024-10-14T11:51:51.000Z</time>
        <extensions>
          <ns3:TrackPointExtension>
            <ns3:atemp>27.0</ns3:atemp>
            <ns3:hr>156</ns3:hr>
            <ns3:cad>93</ns3:cad>
          </ns3:TrackPointExtension>
        </extensions>
      </trkpt>
      <trkpt lat="31.98683406226336956024169921875" lon="118.78473289310932159423828125">
        <ele>16.799999237060546875</ele>
        <time>2024-10-14T11:51:52.000Z</time>
        <extensions>
          <ns3:TrackPointExtension>
            <ns3:atemp>27.0</ns3:atemp>
            <ns3:hr>157</ns3:hr>
            <ns3:cad>93</ns3:cad>
          </ns3:TrackPointExtension>
        </extensions>
      </trkpt>
      <trkpt lat="31.9868074916303157806396484375" lon="118.78474898636341094970703125">
        <ele>16.6000003814697265625</ele>
        <time>2024-10-14T11:51:53.000Z</time>
        <extensions>
          <ns3:TrackPointExtension>
            <ns3:atemp>27.0</ns3:atemp>
            <ns3:hr>157</ns3:hr>
            <ns3:cad>93</ns3:cad>
          </ns3:TrackPointExtension>
        </extensions>
      </trkpt>
      <trkpt lat="31.9867803342640399932861328125" lon="118.7847632355988025665283203125">
        <ele>16.6000003814697265625</ele>
        <time>2024-10-14T11:51:54.000Z</time>
        <extensions>
          <ns3:TrackPointExtension>
            <ns3:atemp>27.0</ns3:atemp>
            <ns3:hr>157</ns3:hr>
            <ns3:cad>93</ns3:cad>
          </ns3:TrackPointExtension>
        </extensions>
      </trkpt>
      <trkpt lat="31.9867548532783985137939453125" lon="118.78478259779512882232666015625">
        <ele>16.6000003814697265625</ele>
        <time>2024-10-14T11:51:55.000Z</time>
        <extensions>
          <ns3:TrackPointExtension>
            <ns3:atemp>27.0</ns3:atemp>
            <ns3:hr>157</ns3:hr>
            <ns3:cad>92</ns3:cad>
          </ns3:TrackPointExtension>
        </extensions>
      </trkpt>
      <trkpt lat="31.986728198826313018798828125" lon="118.78479902632534503936767578125">
        <ele>16.6000003814697265625</ele>
        <time>2024-10-14T11:51:56.000Z</time>
        <extensions>
          <ns3:TrackPointExtension>
            <ns3:atemp>27.0</ns3:atemp>
            <ns3:hr>158</ns3:hr>
            <ns3:cad>91</ns3:cad>
          </ns3:TrackPointExtension>
        </extensions>
      </trkpt>
      <trkpt lat="31.98670062236487865447998046875" lon="118.78481260500848293304443359375">
        <ele>16.6000003814697265625</ele>
        <time>2024-10-14T11:51:57.000Z</time>
        <extensions>
          <ns3:TrackPointExtension>
            <ns3:atemp>27.0</ns3:atemp>
            <ns3:hr>158</ns3:hr>
            <ns3:cad>91</ns3:cad>
          </ns3:TrackPointExtension>
        </extensions>
      </trkpt>
      <trkpt lat="31.98667262680828571319580078125" lon="118.7848249264061450958251953125">
        <ele>16.3999996185302734375</ele>
        <time>2024-10-14T11:51:58.000Z</time>
        <extensions>
          <ns3:TrackPointExtension>
            <ns3:atemp>27.0</ns3:atemp>
            <ns3:hr>159</ns3:hr>
            <ns3:cad>91</ns3:cad>
          </ns3:TrackPointExtension>
        </extensions>
      </trkpt>
      <trkpt lat="31.98664546944200992584228515625" lon="118.7848333083093166351318359375">
        <ele>16.3999996185302734375</ele>
        <time>2024-10-14T11:51:59.000Z</time>
        <extensions>
          <ns3:TrackPointExtension>
            <ns3:atemp>27.0</ns3:atemp>
            <ns3:hr>159</ns3:hr>
            <ns3:cad>93</ns3:cad>
          </ns3:TrackPointExtension>
        </extensions>
      </trkpt>
      <trkpt lat="31.98661680333316326141357421875" lon="118.78484244458377361297607421875">
        <ele>16.3999996185302734375</ele>
        <time>2024-10-14T11:52:00.000Z</time>
        <extensions>
          <ns3:TrackPointExtension>
            <ns3:atemp>27.0</ns3:atemp>
            <ns3:hr>159</ns3:hr>
            <ns3:cad>93</ns3:cad>
          </ns3:TrackPointExtension>
        </extensions>
      </trkpt>
      <trkpt lat="31.98659148998558521270751953125" lon="118.7848530896008014678955078125">
        <ele>16.200000762939453125</ele>
        <time>2024-10-14T11:52:01.000Z</time>
        <extensions>
          <ns3:TrackPointExtension>
            <ns3:atemp>27.0</ns3:atemp>
            <ns3:hr>159</ns3:hr>
            <ns3:cad>93</ns3:cad>
          </ns3:TrackPointExtension>
        </extensions>
      </trkpt>
      <trkpt lat="31.9865634106099605560302734375" lon="118.784863650798797607421875">
        <ele>16.200000762939453125</ele>
        <time>2024-10-14T11:52:02.000Z</time>
        <extensions>
          <ns3:TrackPointExtension>
            <ns3:atemp>27.0</ns3:atemp>
            <ns3:hr>160</ns3:hr>
            <ns3:cad>92</ns3:cad>
          </ns3:TrackPointExtension>
        </extensions>
      </trkpt>
      <trkpt lat="31.986537091434001922607421875" lon="118.78487169742584228515625">
        <ele>16.200000762939453125</ele>
        <time>2024-10-14T11:52:03.000Z</time>
        <extensions>
          <ns3:TrackPointExtension>
            <ns3:atemp>27.0</ns3:atemp>
            <ns3:hr>160</ns3:hr>
            <ns3:cad>92</ns3:cad>
          </ns3:TrackPointExtension>
        </extensions>
      </trkpt>
      <trkpt lat="31.98650934733450412750244140625" lon="118.78488368354737758636474609375">
        <ele>16.200000762939453125</ele>
        <time>2024-10-14T11:52:04.000Z</time>
        <extensions>
          <ns3:TrackPointExtension>
            <ns3:atemp>27.0</ns3:atemp>
            <ns3:hr>160</ns3:hr>
            <ns3:cad>92</ns3:cad>
          </ns3:TrackPointExtension>
        </extensions>
      </trkpt>
      <trkpt lat="31.98648503981530666351318359375" lon="118.78489248454570770263671875">
        <ele>16.200000762939453125</ele>
        <time>2024-10-14T11:52:05.000Z</time>
        <extensions>
          <ns3:TrackPointExtension>
            <ns3:atemp>27.0</ns3:atemp>
            <ns3:hr>160</ns3:hr>
            <ns3:cad>92</ns3:cad>
          </ns3:TrackPointExtension>
        </extensions>
      </trkpt>
      <trkpt lat="31.9864584691822528839111328125" lon="118.78490396775305271148681640625">
        <ele>16</ele>
        <time>2024-10-14T11:52:06.000Z</time>
        <extensions>
          <ns3:TrackPointExtension>
            <ns3:atemp>27.0</ns3:atemp>
            <ns3:hr>160</ns3:hr>
            <ns3:cad>92</ns3:cad>
          </ns3:TrackPointExtension>
        </extensions>
      </trkpt>
      <trkpt lat="31.986434496939182281494140625" lon="118.78491285257041454315185546875">
        <ele>16</ele>
        <time>2024-10-14T11:52:07.000Z</time>
        <extensions>
          <ns3:TrackPointExtension>
            <ns3:atemp>27.0</ns3:atemp>
            <ns3:hr>160</ns3:hr>
            <ns3:cad>92</ns3:cad>
          </ns3:TrackPointExtension>
        </extensions>
      </trkpt>
      <trkpt lat="31.986407674849033355712890625" lon="118.7849241681396961212158203125">
        <ele>16</ele>
        <time>2024-10-14T11:52:08.000Z</time>
        <extensions>
          <ns3:TrackPointExtension>
            <ns3:atemp>27.0</ns3:atemp>
            <ns3:hr>160</ns3:hr>
            <ns3:cad>92</ns3:cad>
          </ns3:TrackPointExtension>
        </extensions>
      </trkpt>
      <trkpt lat="31.9863840378820896148681640625" lon="118.78493607044219970703125">
        <ele>16</ele>
        <time>2024-10-14T11:52:09.000Z</time>
        <extensions>
          <ns3:TrackPointExtension>
            <ns3:atemp>27.0</ns3:atemp>
            <ns3:hr>161</ns3:hr>
            <ns3:cad>92</ns3:cad>
          </ns3:TrackPointExtension>
        </extensions>
      </trkpt>
      <trkpt lat="31.98635981418192386627197265625" lon="118.78495258279144763946533203125">
        <ele>15.80000019073486328125</ele>
        <time>2024-10-14T11:52:10.000Z</time>
        <extensions>
          <ns3:TrackPointExtension>
            <ns3:atemp>27.0</ns3:atemp>
            <ns3:hr>161</ns3:hr>
            <ns3:cad>92</ns3:cad>
          </ns3:TrackPointExtension>
        </extensions>
      </trkpt>
      <trkpt lat="31.9863327406346797943115234375" lon="118.7849644012749195098876953125">
        <ele>15.80000019073486328125</ele>
        <time>2024-10-14T11:52:11.000Z</time>
        <extensions>
          <ns3:TrackPointExtension>
            <ns3:atemp>27.0</ns3:atemp>
            <ns3:hr>161</ns3:hr>
            <ns3:cad>92</ns3:cad>
          </ns3:TrackPointExtension>
        </extensions>
      </trkpt>
      <trkpt lat="31.986303068697452545166015625" lon="118.78498007543385028839111328125">
        <ele>15.80000019073486328125</ele>
        <time>2024-10-14T11:52:12.000Z</time>
        <extensions>
          <ns3:TrackPointExtension>
            <ns3:atemp>27.0</ns3:atemp>
            <ns3:hr>162</ns3:hr>
            <ns3:cad>92</ns3:cad>
          </ns3:TrackPointExtension>
        </extensions>
      </trkpt>
      <trkpt lat="31.98627918027341365814208984375" lon="118.78499298356473445892333984375">
        <ele>15.80000019073486328125</ele>
        <time>2024-10-14T11:52:13.000Z</time>
        <extensions>
          <ns3:TrackPointExtension>
            <ns3:atemp>27.0</ns3:atemp>
            <ns3:hr>162</ns3:hr>
            <ns3:cad>92</ns3:cad>
          </ns3:TrackPointExtension>
        </extensions>
      </trkpt>
      <trkpt lat="31.9862505979835987091064453125" lon="118.78500689752399921417236328125">
        <ele>15.80000019073486328125</ele>
        <time>2024-10-14T11:52:14.000Z</time>
        <extensions>
          <ns3:TrackPointExtension>
            <ns3:atemp>27.0</ns3:atemp>
            <ns3:hr>162</ns3:hr>
            <ns3:cad>92</ns3:cad>
          </ns3:TrackPointExtension>
        </extensions>
      </trkpt>
      <trkpt lat="31.98622754774987697601318359375" lon="118.7850180454552173614501953125">
        <ele>15.6000003814697265625</ele>
        <time>2024-10-14T11:52:15.000Z</time>
        <extensions>
          <ns3:TrackPointExtension>
            <ns3:atemp>27.0</ns3:atemp>
            <ns3:hr>162</ns3:hr>
            <ns3:cad>92</ns3:cad>
          </ns3:TrackPointExtension>
        </extensions>
      </trkpt>
      <trkpt lat="31.98620106093585491180419921875" lon="118.7850314565002918243408203125">
        <ele>15.6000003814697265625</ele>
        <time>2024-10-14T11:52:16.000Z</time>
        <extensions>
          <ns3:TrackPointExtension>
            <ns3:atemp>27.0</ns3:atemp>
            <ns3:hr>162</ns3:hr>
            <ns3:cad>90</ns3:cad>
          </ns3:TrackPointExtension>
        </extensions>
      </trkpt>
      <trkpt lat="31.98617910034954547882080078125" lon="118.78504176624119281768798828125">
        <ele>15.6000003814697265625</ele>
        <time>2024-10-14T11:52:17.000Z</time>
        <extensions>
          <ns3:TrackPointExtension>
            <ns3:atemp>27.0</ns3:atemp>
            <ns3:hr>163</ns3:hr>
            <ns3:cad>90</ns3:cad>
          </ns3:TrackPointExtension>
        </extensions>
      </trkpt>
      <trkpt lat="31.98615294881165027618408203125" lon="118.78505651839077472686767578125">
        <ele>15.6000003814697265625</ele>
        <time>2024-10-14T11:52:18.000Z</time>
        <extensions>
          <ns3:TrackPointExtension>
            <ns3:atemp>27.0</ns3:atemp>
            <ns3:hr>163</ns3:hr>
            <ns3:cad>90</ns3:cad>
          </ns3:TrackPointExtension>
        </extensions>
      </trkpt>
      <trkpt lat="31.98613082058727741241455078125" lon="118.7850690074265003204345703125">
        <ele>15.6000003814697265625</ele>
        <time>2024-10-14T11:52:19.000Z</time>
        <extensions>
          <ns3:TrackPointExtension>
            <ns3:atemp>27.0</ns3:atemp>
            <ns3:hr>163</ns3:hr>
            <ns3:cad>90</ns3:cad>
          </ns3:TrackPointExtension>
        </extensions>
      </trkpt>
      <trkpt lat="31.986100561916828155517578125" lon="118.7850844301283359527587890625">
        <ele>15.6000003814697265625</ele>
        <time>2024-10-14T11:52:20.000Z</time>
        <extensions>
          <ns3:TrackPointExtension>
            <ns3:atemp>27.0</ns3:atemp>
            <ns3:hr>163</ns3:hr>
            <ns3:cad>90</ns3:cad>
          </ns3:TrackPointExtension>
        </extensions>
      </trkpt>
      <trkpt lat="31.98607675731182098388671875" lon="118.78509373404085636138916015625">
        <ele>15.6000003814697265625</ele>
        <time>2024-10-14T11:52:21.000Z</time>
        <extensions>
          <ns3:TrackPointExtension>
            <ns3:atemp>27.0</ns3:atemp>
            <ns3:hr>164</ns3:hr>
            <ns3:cad>90</ns3:cad>
          </ns3:TrackPointExtension>
        </extensions>
      </trkpt>
      <trkpt lat="31.98605001904070377349853515625" lon="118.7851048819720745086669921875">
        <ele>15.6000003814697265625</ele>
        <time>2024-10-14T11:52:22.000Z</time>
        <extensions>
          <ns3:TrackPointExtension>
            <ns3:atemp>27.0</ns3:atemp>
            <ns3:hr>164</ns3:hr>
            <ns3:cad>90</ns3:cad>
          </ns3:TrackPointExtension>
        </extensions>
      </trkpt>
      <trkpt lat="31.9860278069972991943359375" lon="118.7851159460842609405517578125">
        <ele>15.6000003814697265625</ele>
        <time>2024-10-14T11:52:23.000Z</time>
        <extensions>
          <ns3:TrackPointExtension>
            <ns3:atemp>27.0</ns3:atemp>
            <ns3:hr>164</ns3:hr>
            <ns3:cad>90</ns3:cad>
          </ns3:TrackPointExtension>
        </extensions>
      </trkpt>
      <trkpt lat="31.9860045053064823150634765625" lon="118.78513094969093799591064453125">
        <ele>15.6000003814697265625</ele>
        <time>2024-10-14T11:52:24.000Z</time>
        <extensions>
          <ns3:TrackPointExtension>
            <ns3:atemp>27.0</ns3:atemp>
            <ns3:hr>164</ns3:hr>
            <ns3:cad>90</ns3:cad>
          </ns3:TrackPointExtension>
        </extensions>
      </trkpt>
      <trkpt lat="31.98598179034888744354248046875" lon="118.785146959125995635986328125">
        <ele>15.6000003814697265625</ele>
        <time>2024-10-14T11:52:25.000Z</time>
        <extensions>
          <ns3:TrackPointExtension>
            <ns3:atemp>27.0</ns3:atemp>
            <ns3:hr>165</ns3:hr>
            <ns3:cad>91</ns3:cad>
          </ns3:TrackPointExtension>
        </extensions>
      </trkpt>
      <trkpt lat="31.9859552197158336639404296875" lon="118.78516363911330699920654296875">
        <ele>15.6000003814697265625</ele>
        <time>2024-10-14T11:52:26.000Z</time>
        <extensions>
          <ns3:TrackPointExtension>
            <ns3:atemp>27.0</ns3:atemp>
            <ns3:hr>165</ns3:hr>
            <ns3:cad>91</ns3:cad>
          </ns3:TrackPointExtension>
        </extensions>
      </trkpt>
      <trkpt lat="31.985928900539875030517578125" lon="118.78517453558743000030517578125">
        <ele>15.6000003814697265625</ele>
        <time>2024-10-14T11:52:27.000Z</time>
        <extensions>
          <ns3:TrackPointExtension>
            <ns3:atemp>27.0</ns3:atemp>
            <ns3:hr>165</ns3:hr>
            <ns3:cad>91</ns3:cad>
          </ns3:TrackPointExtension>
        </extensions>
      </trkpt>
      <trkpt lat="31.98590333573520183563232421875" lon="118.78518777899444103240966796875">
        <ele>15.6000003814697265625</ele>
        <time>2024-10-14T11:52:28.000Z</time>
        <extensions>
          <ns3:TrackPointExtension>
            <ns3:atemp>27.0</ns3:atemp>
            <ns3:hr>165</ns3:hr>
            <ns3:cad>90</ns3:cad>
          </ns3:TrackPointExtension>
        </extensions>
      </trkpt>
      <trkpt lat="31.9858801178634166717529296875" lon="118.78519968129694461822509765625">
        <ele>15.6000003814697265625</ele>
        <time>2024-10-14T11:52:29.000Z</time>
        <extensions>
          <ns3:TrackPointExtension>
            <ns3:atemp>27.0</ns3:atemp>
            <ns3:hr>165</ns3:hr>
            <ns3:cad>90</ns3:cad>
          </ns3:TrackPointExtension>
        </extensions>
      </trkpt>
      <trkpt lat="31.98585539124906063079833984375" lon="118.7852125056087970733642578125">
        <ele>15.6000003814697265625</ele>
        <time>2024-10-14T11:52:30.000Z</time>
        <extensions>
          <ns3:TrackPointExtension>
            <ns3:atemp>27.0</ns3:atemp>
            <ns3:hr>166</ns3:hr>
            <ns3:cad>90</ns3:cad>
          </ns3:TrackPointExtension>
        </extensions>
      </trkpt>
      <trkpt lat="31.9858320057392120361328125" lon="118.78522398881614208221435546875">
        <ele>15.6000003814697265625</ele>
        <time>2024-10-14T11:52:31.000Z</time>
        <extensions>
          <ns3:TrackPointExtension>
            <ns3:atemp>27.0</ns3:atemp>
            <ns3:hr>165</ns3:hr>
            <ns3:cad>90</ns3:cad>
          </ns3:TrackPointExtension>
        </extensions>
      </trkpt>
      <trkpt lat="31.9858050160109996795654296875" lon="118.78523807041347026824951171875">
        <ele>15.3999996185302734375</ele>
        <time>2024-10-14T11:52:32.000Z</time>
        <extensions>
          <ns3:TrackPointExtension>
            <ns3:atemp>27.0</ns3:atemp>
            <ns3:hr>166</ns3:hr>
            <ns3:cad>90</ns3:cad>
          </ns3:TrackPointExtension>
        </extensions>
      </trkpt>
      <trkpt lat="31.985779702663421630859375" lon="118.78525064326822757720947265625">
        <ele>15.3999996185302734375</ele>
        <time>2024-10-14T11:52:33.000Z</time>
        <extensions>
          <ns3:TrackPointExtension>
            <ns3:atemp>27.0</ns3:atemp>
            <ns3:hr>166</ns3:hr>
            <ns3:cad>90</ns3:cad>
          </ns3:TrackPointExtension>
        </extensions>
      </trkpt>
      <trkpt lat="31.98575413785874843597412109375" lon="118.7852661497890949249267578125">
        <ele>15.3999996185302734375</ele>
        <time>2024-10-14T11:52:34.000Z</time>
        <extensions>
          <ns3:TrackPointExtension>
            <ns3:atemp>27.0</ns3:atemp>
            <ns3:hr>166</ns3:hr>
            <ns3:cad>90</ns3:cad>
          </ns3:TrackPointExtension>
        </extensions>
      </trkpt>
      <trkpt lat="31.9857289083302021026611328125" lon="118.78528249450027942657470703125">
        <ele>15.3999996185302734375</ele>
        <time>2024-10-14T11:52:35.000Z</time>
        <extensions>
          <ns3:TrackPointExtension>
            <ns3:atemp>27.0</ns3:atemp>
            <ns3:hr>166</ns3:hr>
            <ns3:cad>91</ns3:cad>
          </ns3:TrackPointExtension>
        </extensions>
      </trkpt>
      <trkpt lat="31.985704936087131500244140625" lon="118.785294480621814727783203125">
        <ele>15.3999996185302734375</ele>
        <time>2024-10-14T11:52:36.000Z</time>
        <extensions>
          <ns3:TrackPointExtension>
            <ns3:atemp>27.0</ns3:atemp>
            <ns3:hr>166</ns3:hr>
            <ns3:cad>91</ns3:cad>
          </ns3:TrackPointExtension>
        </extensions>
      </trkpt>
      <trkpt lat="31.98567652143537998199462890625" lon="118.78531082533299922943115234375">
        <ele>15.3999996185302734375</ele>
        <time>2024-10-14T11:52:37.000Z</time>
        <extensions>
          <ns3:TrackPointExtension>
            <ns3:atemp>27.0</ns3:atemp>
            <ns3:hr>166</ns3:hr>
            <ns3:cad>91</ns3:cad>
          </ns3:TrackPointExtension>
        </extensions>
      </trkpt>
      <trkpt lat="31.98564902879297733306884765625" lon="118.7853290140628814697265625">
        <ele>15.3999996185302734375</ele>
        <time>2024-10-14T11:52:38.000Z</time>
        <extensions>
          <ns3:TrackPointExtension>
            <ns3:atemp>27.0</ns3:atemp>
            <ns3:hr>167</ns3:hr>
            <ns3:cad>92</ns3:cad>
          </ns3:TrackPointExtension>
        </extensions>
      </trkpt>
      <trkpt lat="31.98561935685575008392333984375" lon="118.785339407622814178466796875">
        <ele>15.3999996185302734375</ele>
        <time>2024-10-14T11:52:39.000Z</time>
        <extensions>
          <ns3:TrackPointExtension>
            <ns3:atemp>27.0</ns3:atemp>
            <ns3:hr>167</ns3:hr>
            <ns3:cad>92</ns3:cad>
          </ns3:TrackPointExtension>
        </extensions>
      </trkpt>
      <trkpt lat="31.9855884276330471038818359375" lon="118.78534887917339801788330078125">
        <ele>15.3999996185302734375</ele>
        <time>2024-10-14T11:52:40.000Z</time>
        <extensions>
          <ns3:TrackPointExtension>
            <ns3:atemp>27.0</ns3:atemp>
            <ns3:hr>167</ns3:hr>
            <ns3:cad>92</ns3:cad>
          </ns3:TrackPointExtension>
        </extensions>
      </trkpt>
      <trkpt lat="31.985559426248073577880859375" lon="118.78535910509526729583740234375">
        <ele>15.3999996185302734375</ele>
        <time>2024-10-14T11:52:41.000Z</time>
        <extensions>
          <ns3:TrackPointExtension>
            <ns3:atemp>27.0</ns3:atemp>
            <ns3:hr>167</ns3:hr>
            <ns3:cad>92</ns3:cad>
          </ns3:TrackPointExtension>
        </extensions>
      </trkpt>
      <trkpt lat="31.98553587310016155242919921875" lon="118.78536514006555080413818359375">
        <ele>15.3999996185302734375</ele>
        <time>2024-10-14T11:52:42.000Z</time>
        <extensions>
          <ns3:TrackPointExtension>
            <ns3:atemp>27.0</ns3:atemp>
            <ns3:hr>167</ns3:hr>
            <ns3:cad>92</ns3:cad>
          </ns3:TrackPointExtension>
        </extensions>
      </trkpt>
      <trkpt lat="31.98550737462937831878662109375" lon="118.78538022749125957489013671875">
        <ele>15.3999996185302734375</ele>
        <time>2024-10-14T11:52:43.000Z</time>
        <extensions>
          <ns3:TrackPointExtension>
            <ns3:atemp>27.0</ns3:atemp>
            <ns3:hr>167</ns3:hr>
            <ns3:cad>90</ns3:cad>
          </ns3:TrackPointExtension>
        </extensions>
      </trkpt>
      <trkpt lat="31.98548440821468830108642578125" lon="118.78539246506989002227783203125">
        <ele>15.3999996185302734375</ele>
        <time>2024-10-14T11:52:44.000Z</time>
        <extensions>
          <ns3:TrackPointExtension>
            <ns3:atemp>27.0</ns3:atemp>
            <ns3:hr>167</ns3:hr>
            <ns3:cad>90</ns3:cad>
          </ns3:TrackPointExtension>
        </extensions>
      </trkpt>
      <trkpt lat="31.9854593463242053985595703125" lon="118.785405457019805908203125">
        <ele>15.3999996185302734375</ele>
        <time>2024-10-14T11:52:45.000Z</time>
        <extensions>
          <ns3:TrackPointExtension>
            <ns3:atemp>27.0</ns3:atemp>
            <ns3:hr>167</ns3:hr>
            <ns3:cad>92</ns3:cad>
          </ns3:TrackPointExtension>
        </extensions>
      </trkpt>
      <trkpt lat="31.98543780483305454254150390625" lon="118.7854170240461826324462890625">
        <ele>15.3999996185302734375</ele>
        <time>2024-10-14T11:52:46.000Z</time>
        <extensions>
          <ns3:TrackPointExtension>
            <ns3:atemp>27.0</ns3:atemp>
            <ns3:hr>167</ns3:hr>
            <ns3:cad>92</ns3:cad>
          </ns3:TrackPointExtension>
        </extensions>
      </trkpt>
      <trkpt lat="31.9854080490767955780029296875" lon="118.78543102182447910308837890625">
        <ele>15.3999996185302734375</ele>
        <time>2024-10-14T11:52:47.000Z</time>
        <extensions>
          <ns3:TrackPointExtension>
            <ns3:atemp>27.0</ns3:atemp>
            <ns3:hr>167</ns3:hr>
            <ns3:cad>92</ns3:cad>
          </ns3:TrackPointExtension>
        </extensions>
      </trkpt>
      <trkpt lat="31.9853842444717884063720703125" lon="118.785443007946014404296875">
        <ele>15.3999996185302734375</ele>
        <time>2024-10-14T11:52:48.000Z</time>
        <extensions>
          <ns3:TrackPointExtension>
            <ns3:atemp>27.0</ns3:atemp>
            <ns3:hr>167</ns3:hr>
            <ns3:cad>92</ns3:cad>
          </ns3:TrackPointExtension>
        </extensions>
      </trkpt>
      <trkpt lat="31.98535750620067119598388671875" lon="118.78545574843883514404296875">
        <ele>15.19999980926513671875</ele>
        <time>2024-10-14T11:52:49.000Z</time>
        <extensions>
          <ns3:TrackPointExtension>
            <ns3:atemp>27.0</ns3:atemp>
            <ns3:hr>167</ns3:hr>
            <ns3:cad>92</ns3:cad>
          </ns3:TrackPointExtension>
        </extensions>
      </trkpt>
      <trkpt lat="31.985334120690822601318359375" lon="118.7854663096368312835693359375">
        <ele>15.19999980926513671875</ele>
        <time>2024-10-14T11:52:50.000Z</time>
        <extensions>
          <ns3:TrackPointExtension>
            <ns3:atemp>27.0</ns3:atemp>
            <ns3:hr>167</ns3:hr>
            <ns3:cad>92</ns3:cad>
          </ns3:TrackPointExtension>
        </extensions>
      </trkpt>
      <trkpt lat="31.98530721478164196014404296875" lon="118.785478211939334869384765625">
        <ele>15.19999980926513671875</ele>
        <time>2024-10-14T11:52:51.000Z</time>
        <extensions>
          <ns3:TrackPointExtension>
            <ns3:atemp>27.0</ns3:atemp>
            <ns3:hr>168</ns3:hr>
            <ns3:cad>92</ns3:cad>
          </ns3:TrackPointExtension>
        </extensions>
      </trkpt>
      <trkpt lat="31.98528458364307880401611328125" lon="118.785490281879901885986328125">
        <ele>15.19999980926513671875</ele>
        <time>2024-10-14T11:52:52.000Z</time>
        <extensions>
          <ns3:TrackPointExtension>
            <ns3:atemp>27.0</ns3:atemp>
            <ns3:hr>168</ns3:hr>
            <ns3:cad>92</ns3:cad>
          </ns3:TrackPointExtension>
        </extensions>
      </trkpt>
      <trkpt lat="31.98525859974324703216552734375" lon="118.78550427965819835662841796875">
        <ele>15.19999980926513671875</ele>
        <time>2024-10-14T11:52:53.000Z</time>
        <extensions>
          <ns3:TrackPointExtension>
            <ns3:atemp>27.0</ns3:atemp>
            <ns3:hr>168</ns3:hr>
            <ns3:cad>92</ns3:cad>
          </ns3:TrackPointExtension>
        </extensions>
      </trkpt>
      <trkpt lat="31.98523588478565216064453125" lon="118.7855172716081142425537109375">
        <ele>15.19999980926513671875</ele>
        <time>2024-10-14T11:52:54.000Z</time>
        <extensions>
          <ns3:TrackPointExtension>
            <ns3:atemp>27.0</ns3:atemp>
            <ns3:hr>168</ns3:hr>
            <ns3:cad>92</ns3:cad>
          </ns3:TrackPointExtension>
        </extensions>
      </trkpt>
      <trkpt lat="31.9852102361619472503662109375" lon="118.78553143702447414398193359375">
        <ele>15.19999980926513671875</ele>
        <time>2024-10-14T11:52:55.000Z</time>
        <extensions>
          <ns3:TrackPointExtension>
            <ns3:atemp>27.0</ns3:atemp>
            <ns3:hr>168</ns3:hr>
            <ns3:cad>92</ns3:cad>
          </ns3:TrackPointExtension>
        </extensions>
      </trkpt>
      <trkpt lat="31.98518492281436920166015625" lon="118.7855447642505168914794921875">
        <ele>15.19999980926513671875</ele>
        <time>2024-10-14T11:52:56.000Z</time>
        <extensions>
          <ns3:TrackPointExtension>
            <ns3:atemp>27.0</ns3:atemp>
            <ns3:hr>169</ns3:hr>
            <ns3:cad>92</ns3:cad>
          </ns3:TrackPointExtension>
        </extensions>
      </trkpt>
      <trkpt lat="31.9851575978100299835205078125" lon="118.78555876202881336212158203125">
        <ele>15.19999980926513671875</ele>
        <time>2024-10-14T11:52:57.000Z</time>
        <extensions>
          <ns3:TrackPointExtension>
            <ns3:atemp>27.0</ns3:atemp>
            <ns3:hr>169</ns3:hr>
            <ns3:cad>92</ns3:cad>
          </ns3:TrackPointExtension>
        </extensions>
      </trkpt>
      <trkpt lat="31.98513236828148365020751953125" lon="118.78556580282747745513916015625">
        <ele>15.19999980926513671875</ele>
        <time>2024-10-14T11:52:58.000Z</time>
        <extensions>
          <ns3:TrackPointExtension>
            <ns3:atemp>27.0</ns3:atemp>
            <ns3:hr>169</ns3:hr>
            <ns3:cad>92</ns3:cad>
          </ns3:TrackPointExtension>
        </extensions>
      </trkpt>
      <trkpt lat="31.9851066358387470245361328125" lon="118.78557644784450531005859375">
        <ele>15.19999980926513671875</ele>
        <time>2024-10-14T11:52:59.000Z</time>
        <extensions>
          <ns3:TrackPointExtension>
            <ns3:atemp>27.0</ns3:atemp>
            <ns3:hr>169</ns3:hr>
            <ns3:cad>92</ns3:cad>
          </ns3:TrackPointExtension>
        </extensions>
      </trkpt>
      <trkpt lat="31.9850811548531055450439453125" lon="118.7855906970798969268798828125">
        <ele>15.19999980926513671875</ele>
        <time>2024-10-14T11:53:00.000Z</time>
        <extensions>
          <ns3:TrackPointExtension>
            <ns3:atemp>27.0</ns3:atemp>
            <ns3:hr>169</ns3:hr>
            <ns3:cad>90</ns3:cad>
          </ns3:TrackPointExtension>
        </extensions>
      </trkpt>
      <trkpt lat="31.9850539974868297576904296875" lon="118.78560586832463741302490234375">
        <ele>15.19999980926513671875</ele>
        <time>2024-10-14T11:53:01.000Z</time>
        <extensions>
          <ns3:TrackPointExtension>
            <ns3:atemp>27.0</ns3:atemp>
            <ns3:hr>169</ns3:hr>
            <ns3:cad>90</ns3:cad>
          </ns3:TrackPointExtension>
        </extensions>
      </trkpt>
      <trkpt lat="31.98502507992088794708251953125" lon="118.7856175191700458526611328125">
        <ele>15.19999980926513671875</ele>
        <time>2024-10-14T11:53:02.000Z</time>
        <extensions>
          <ns3:TrackPointExtension>
            <ns3:atemp>27.0</ns3:atemp>
            <ns3:hr>169</ns3:hr>
            <ns3:cad>90</ns3:cad>
          </ns3:TrackPointExtension>
        </extensions>
      </trkpt>
      <trkpt lat="31.9850023649632930755615234375" lon="118.7856280803680419921875">
        <ele>15.19999980926513671875</ele>
        <time>2024-10-14T11:53:03.000Z</time>
        <extensions>
          <ns3:TrackPointExtension>
            <ns3:atemp>27.0</ns3:atemp>
            <ns3:hr>169</ns3:hr>
            <ns3:cad>90</ns3:cad>
          </ns3:TrackPointExtension>
        </extensions>
      </trkpt>
      <trkpt lat="31.98497830890119075775146484375" lon="118.7856383062899112701416015625">
        <ele>15.19999980926513671875</ele>
        <time>2024-10-14T11:53:04.000Z</time>
        <extensions>
          <ns3:TrackPointExtension>
            <ns3:atemp>27.0</ns3:atemp>
            <ns3:hr>169</ns3:hr>
            <ns3:cad>90</ns3:cad>
          </ns3:TrackPointExtension>
        </extensions>
      </trkpt>
      <trkpt lat="31.9849514029920101165771484375" lon="118.785650543868541717529296875">
        <ele>15.19999980926513671875</ele>
        <time>2024-10-14T11:53:05.000Z</time>
        <extensions>
          <ns3:TrackPointExtension>
            <ns3:atemp>27.0</ns3:atemp>
            <ns3:hr>169</ns3:hr>
            <ns3:cad>89</ns3:cad>
          </ns3:TrackPointExtension>
        </extensions>
      </trkpt>
      <trkpt lat="31.9849242456257343292236328125" lon="118.78566353581845760345458984375">
        <ele>15.19999980926513671875</ele>
        <time>2024-10-14T11:53:06.000Z</time>
        <extensions>
          <ns3:TrackPointExtension>
            <ns3:atemp>27.0</ns3:atemp>
            <ns3:hr>169</ns3:hr>
            <ns3:cad>89</ns3:cad>
          </ns3:TrackPointExtension>
        </extensions>
      </trkpt>
      <trkpt lat="31.98489532805979251861572265625" lon="118.78567568957805633544921875">
        <ele>15.19999980926513671875</ele>
        <time>2024-10-14T11:53:07.000Z</time>
        <extensions>
          <ns3:TrackPointExtension>
            <ns3:atemp>27.0</ns3:atemp>
            <ns3:hr>169</ns3:hr>
            <ns3:cad>89</ns3:cad>
          </ns3:TrackPointExtension>
        </extensions>
      </trkpt>
      <trkpt lat="31.98486800305545330047607421875" lon="118.78568734042346477508544921875">
        <ele>15.19999980926513671875</ele>
        <time>2024-10-14T11:53:08.000Z</time>
        <extensions>
          <ns3:TrackPointExtension>
            <ns3:atemp>27.0</ns3:atemp>
            <ns3:hr>169</ns3:hr>
            <ns3:cad>89</ns3:cad>
          </ns3:TrackPointExtension>
        </extensions>
      </trkpt>
      <trkpt lat="31.98484201915562152862548828125" lon="118.78569806925952434539794921875">
        <ele>15.19999980926513671875</ele>
        <time>2024-10-14T11:53:09.000Z</time>
        <extensions>
          <ns3:TrackPointExtension>
            <ns3:atemp>27.0</ns3:atemp>
            <ns3:hr>169</ns3:hr>
            <ns3:cad>89</ns3:cad>
          </ns3:TrackPointExtension>
        </extensions>
      </trkpt>
      <trkpt lat="31.98481083847582340240478515625" lon="118.7857100553810596466064453125">
        <ele>15.19999980926513671875</ele>
        <time>2024-10-14T11:53:10.000Z</time>
        <extensions>
          <ns3:TrackPointExtension>
            <ns3:atemp>27.0</ns3:atemp>
            <ns3:hr>169</ns3:hr>
            <ns3:cad>89</ns3:cad>
          </ns3:TrackPointExtension>
        </extensions>
      </trkpt>
      <trkpt lat="31.9847787357866764068603515625" lon="118.78572338260710239410400390625">
        <ele>15.19999980926513671875</ele>
        <time>2024-10-14T11:53:11.000Z</time>
        <extensions>
          <ns3:TrackPointExtension>
            <ns3:atemp>27.0</ns3:atemp>
            <ns3:hr>170</ns3:hr>
            <ns3:cad>89</ns3:cad>
          </ns3:TrackPointExtension>
        </extensions>
      </trkpt>
      <trkpt lat="31.98475065641105175018310546875" lon="118.78573696129024028778076171875">
        <ele>15.19999980926513671875</ele>
        <time>2024-10-14T11:53:12.000Z</time>
        <extensions>
          <ns3:TrackPointExtension>
            <ns3:atemp>27.0</ns3:atemp>
            <ns3:hr>170</ns3:hr>
            <ns3:cad>89</ns3:cad>
          </ns3:TrackPointExtension>
        </extensions>
      </trkpt>
      <trkpt lat="31.9847217388451099395751953125" lon="118.78574986942112445831298828125">
        <ele>15</ele>
        <time>2024-10-14T11:53:13.000Z</time>
        <extensions>
          <ns3:TrackPointExtension>
            <ns3:atemp>27.0</ns3:atemp>
            <ns3:hr>170</ns3:hr>
            <ns3:cad>89</ns3:cad>
          </ns3:TrackPointExtension>
        </extensions>
      </trkpt>
      <trkpt lat="31.98469818569719791412353515625" lon="118.78576152026653289794921875">
        <ele>15</ele>
        <time>2024-10-14T11:53:14.000Z</time>
        <extensions>
          <ns3:TrackPointExtension>
            <ns3:atemp>27.0</ns3:atemp>
            <ns3:hr>170</ns3:hr>
            <ns3:cad>90</ns3:cad>
          </ns3:TrackPointExtension>
        </extensions>
      </trkpt>
      <trkpt lat="31.9846764765679836273193359375" lon="118.7857714109122753143310546875">
        <ele>15</ele>
        <time>2024-10-14T11:53:15.000Z</time>
        <extensions>
          <ns3:TrackPointExtension>
            <ns3:atemp>27.0</ns3:atemp>
            <ns3:hr>170</ns3:hr>
            <ns3:cad>90</ns3:cad>
          </ns3:TrackPointExtension>
        </extensions>
      </trkpt>
      <trkpt lat="31.98464940302073955535888671875" lon="118.78578473813831806182861328125">
        <ele>15</ele>
        <time>2024-10-14T11:53:16.000Z</time>
        <extensions>
          <ns3:TrackPointExtension>
            <ns3:atemp>27.0</ns3:atemp>
            <ns3:hr>170</ns3:hr>
            <ns3:cad>90</ns3:cad>
          </ns3:TrackPointExtension>
        </extensions>
      </trkpt>
      <trkpt lat="31.98462325148284435272216796875" lon="118.785796053707599639892578125">
        <ele>15.19999980926513671875</ele>
        <time>2024-10-14T11:53:17.000Z</time>
        <extensions>
          <ns3:TrackPointExtension>
            <ns3:atemp>27.0</ns3:atemp>
            <ns3:hr>170</ns3:hr>
            <ns3:cad>90</ns3:cad>
          </ns3:TrackPointExtension>
        </extensions>
      </trkpt>
      <trkpt lat="31.98459626175463199615478515625" lon="118.78580619581043720245361328125">
        <ele>15.19999980926513671875</ele>
        <time>2024-10-14T11:53:18.000Z</time>
        <extensions>
          <ns3:TrackPointExtension>
            <ns3:atemp>27.0</ns3:atemp>
            <ns3:hr>170</ns3:hr>
            <ns3:cad>90</ns3:cad>
          </ns3:TrackPointExtension>
        </extensions>
      </trkpt>
      <trkpt lat="31.98457128368318080902099609375" lon="118.785812817513942718505859375">
        <ele>15.19999980926513671875</ele>
        <time>2024-10-14T11:53:19.000Z</time>
        <extensions>
          <ns3:TrackPointExtension>
            <ns3:atemp>27.0</ns3:atemp>
            <ns3:hr>170</ns3:hr>
            <ns3:cad>90</ns3:cad>
          </ns3:TrackPointExtension>
        </extensions>
      </trkpt>
      <trkpt lat="31.9845463894307613372802734375" lon="118.78583259880542755126953125">
        <ele>15</ele>
        <time>2024-10-14T11:53:20.000Z</time>
        <extensions>
          <ns3:TrackPointExtension>
            <ns3:atemp>27.0</ns3:atemp>
            <ns3:hr>171</ns3:hr>
            <ns3:cad>90</ns3:cad>
          </ns3:TrackPointExtension>
        </extensions>
      </trkpt>
      <trkpt lat="31.98452115990221500396728515625" lon="118.78584676422178745269775390625">
        <ele>15</ele>
        <time>2024-10-14T11:53:21.000Z</time>
        <extensions>
          <ns3:TrackPointExtension>
            <ns3:atemp>27.0</ns3:atemp>
            <ns3:hr>171</ns3:hr>
            <ns3:cad>90</ns3:cad>
          </ns3:TrackPointExtension>
        </extensions>
      </trkpt>
      <trkpt lat="31.98449634946882724761962890625" lon="118.78586134873330593109130859375">
        <ele>15</ele>
        <time>2024-10-14T11:53:22.000Z</time>
        <extensions>
          <ns3:TrackPointExtension>
            <ns3:atemp>27.0</ns3:atemp>
            <ns3:hr>171</ns3:hr>
            <ns3:cad>90</ns3:cad>
          </ns3:TrackPointExtension>
        </extensions>
      </trkpt>
      <trkpt lat="31.9844734668731689453125" lon="118.78587308339774608612060546875">
        <ele>15</ele>
        <time>2024-10-14T11:53:23.000Z</time>
        <extensions>
          <ns3:TrackPointExtension>
            <ns3:atemp>27.0</ns3:atemp>
            <ns3:hr>170</ns3:hr>
            <ns3:cad>90</ns3:cad>
          </ns3:TrackPointExtension>
        </extensions>
      </trkpt>
      <trkpt lat="31.9844448007643222808837890625" lon="118.785887248814105987548828125">
        <ele>15</ele>
        <time>2024-10-14T11:53:24.000Z</time>
        <extensions>
          <ns3:TrackPointExtension>
            <ns3:atemp>27.0</ns3:atemp>
            <ns3:hr>171</ns3:hr>
            <ns3:cad>90</ns3:cad>
          </ns3:TrackPointExtension>
        </extensions>
      </trkpt>
      <trkpt lat="31.98441571556031703948974609375" lon="118.78589873202145099639892578125">
        <ele>15</ele>
        <time>2024-10-14T11:53:25.000Z</time>
        <extensions>
          <ns3:TrackPointExtension>
            <ns3:atemp>27.0</ns3:atemp>
            <ns3:hr>171</ns3:hr>
            <ns3:cad>90</ns3:cad>
          </ns3:TrackPointExtension>
        </extensions>
      </trkpt>
      <trkpt lat="31.9843889772891998291015625" lon="118.78590979613363742828369140625">
        <ele>15</ele>
        <time>2024-10-14T11:53:26.000Z</time>
        <extensions>
          <ns3:TrackPointExtension>
            <ns3:atemp>27.0</ns3:atemp>
            <ns3:hr>171</ns3:hr>
            <ns3:cad>89</ns3:cad>
          </ns3:TrackPointExtension>
        </extensions>
      </trkpt>
      <trkpt lat="31.984364502131938934326171875" lon="118.7859216146171092987060546875">
        <ele>15</ele>
        <time>2024-10-14T11:53:27.000Z</time>
        <extensions>
          <ns3:TrackPointExtension>
            <ns3:atemp>27.0</ns3:atemp>
            <ns3:hr>171</ns3:hr>
            <ns3:cad>89</ns3:cad>
          </ns3:TrackPointExtension>
        </extensions>
      </trkpt>
      <trkpt lat="31.984340362250804901123046875" lon="118.7859316729009151458740234375">
        <ele>15</ele>
        <time>2024-10-14T11:53:28.000Z</time>
        <extensions>
          <ns3:TrackPointExtension>
            <ns3:atemp>27.0</ns3:atemp>
            <ns3:hr>171</ns3:hr>
            <ns3:cad>89</ns3:cad>
          </ns3:TrackPointExtension>
        </extensions>
      </trkpt>
      <trkpt lat="31.98431798256933689117431640625" lon="118.7859383784234523773193359375">
        <ele>15</ele>
        <time>2024-10-14T11:53:29.000Z</time>
        <extensions>
          <ns3:TrackPointExtension>
            <ns3:atemp>27.0</ns3:atemp>
            <ns3:hr>172</ns3:hr>
            <ns3:cad>89</ns3:cad>
          </ns3:TrackPointExtension>
        </extensions>
      </trkpt>
      <trkpt lat="31.9842902384698390960693359375" lon="118.78594885580241680145263671875">
        <ele>15</ele>
        <time>2024-10-14T11:53:30.000Z</time>
        <extensions>
          <ns3:TrackPointExtension>
            <ns3:atemp>27.0</ns3:atemp>
            <ns3:hr>172</ns3:hr>
            <ns3:cad>90</ns3:cad>
          </ns3:TrackPointExtension>
        </extensions>
      </trkpt>
      <trkpt lat="31.98426601476967334747314453125" lon="118.78596603870391845703125">
        <ele>15</ele>
        <time>2024-10-14T11:53:31.000Z</time>
        <extensions>
          <ns3:TrackPointExtension>
            <ns3:atemp>27.0</ns3:atemp>
            <ns3:hr>172</ns3:hr>
            <ns3:cad>90</ns3:cad>
          </ns3:TrackPointExtension>
        </extensions>
      </trkpt>
      <trkpt lat="31.98423919267952442169189453125" lon="118.78597869537770748138427734375">
        <ele>14.80000019073486328125</ele>
        <time>2024-10-14T11:53:32.000Z</time>
        <extensions>
          <ns3:TrackPointExtension>
            <ns3:atemp>27.0</ns3:atemp>
            <ns3:hr>172</ns3:hr>
            <ns3:cad>90</ns3:cad>
          </ns3:TrackPointExtension>
        </extensions>
      </trkpt>
      <trkpt lat="31.98421354405581951141357421875" lon="118.785989843308925628662109375">
        <ele>14.80000019073486328125</ele>
        <time>2024-10-14T11:53:33.000Z</time>
        <extensions>
          <ns3:TrackPointExtension>
            <ns3:atemp>27.0</ns3:atemp>
            <ns3:hr>172</ns3:hr>
            <ns3:cad>90</ns3:cad>
          </ns3:TrackPointExtension>
        </extensions>
      </trkpt>
      <trkpt lat="31.9841863028705120086669921875" lon="118.7860027514398097991943359375">
        <ele>14.80000019073486328125</ele>
        <time>2024-10-14T11:53:34.000Z</time>
        <extensions>
          <ns3:TrackPointExtension>
            <ns3:atemp>27.0</ns3:atemp>
            <ns3:hr>172</ns3:hr>
            <ns3:cad>90</ns3:cad>
          </ns3:TrackPointExtension>
        </extensions>
      </trkpt>
      <trkpt lat="31.984159313142299652099609375" lon="118.78601641394197940826416015625">
        <ele>14.80000019073486328125</ele>
        <time>2024-10-14T11:53:35.000Z</time>
        <extensions>
          <ns3:TrackPointExtension>
            <ns3:atemp>27.0</ns3:atemp>
            <ns3:hr>172</ns3:hr>
            <ns3:cad>89</ns3:cad>
          </ns3:TrackPointExtension>
        </extensions>
      </trkpt>
      <trkpt lat="31.98413240723311901092529296875" lon="118.78603099845349788665771484375">
        <ele>14.80000019073486328125</ele>
        <time>2024-10-14T11:53:36.000Z</time>
        <extensions>
          <ns3:TrackPointExtension>
            <ns3:atemp>27.0</ns3:atemp>
            <ns3:hr>172</ns3:hr>
            <ns3:cad>89</ns3:cad>
          </ns3:TrackPointExtension>
        </extensions>
      </trkpt>
      <trkpt lat="31.984106004238128662109375" lon="118.78604474477469921112060546875">
        <ele>14.80000019073486328125</ele>
        <time>2024-10-14T11:53:37.000Z</time>
        <extensions>
          <ns3:TrackPointExtension>
            <ns3:atemp>27.0</ns3:atemp>
            <ns3:hr>172</ns3:hr>
            <ns3:cad>89</ns3:cad>
          </ns3:TrackPointExtension>
        </extensions>
      </trkpt>
      <trkpt lat="31.984077505767345428466796875" lon="118.786058239638805389404296875">
        <ele>14.80000019073486328125</ele>
        <time>2024-10-14T11:53:38.000Z</time>
        <extensions>
          <ns3:TrackPointExtension>
            <ns3:atemp>27.0</ns3:atemp>
            <ns3:hr>173</ns3:hr>
            <ns3:cad>89</ns3:cad>
          </ns3:TrackPointExtension>
        </extensions>
      </trkpt>
      <trkpt lat="31.98405076749622821807861328125" lon="118.78607106395065784454345703125">
        <ele>14.80000019073486328125</ele>
        <time>2024-10-14T11:53:39.000Z</time>
        <extensions>
          <ns3:TrackPointExtension>
            <ns3:atemp>27.0</ns3:atemp>
            <ns3:hr>173</ns3:hr>
            <ns3:cad>90</ns3:cad>
          </ns3:TrackPointExtension>
        </extensions>
      </trkpt>
      <trkpt lat="31.9840243645012378692626953125" lon="118.786083720624446868896484375">
        <ele>14.80000019073486328125</ele>
        <time>2024-10-14T11:53:40.000Z</time>
        <extensions>
          <ns3:TrackPointExtension>
            <ns3:atemp>27.0</ns3:atemp>
            <ns3:hr>173</ns3:hr>
            <ns3:cad>90</ns3:cad>
          </ns3:TrackPointExtension>
        </extensions>
      </trkpt>
      <trkpt lat="31.983998380601406097412109375" lon="118.78609470091760158538818359375">
        <ele>14.80000019073486328125</ele>
        <time>2024-10-14T11:53:41.000Z</time>
        <extensions>
          <ns3:TrackPointExtension>
            <ns3:atemp>27.0</ns3:atemp>
            <ns3:hr>173</ns3:hr>
            <ns3:cad>90</ns3:cad>
          </ns3:TrackPointExtension>
        </extensions>
      </trkpt>
      <trkpt lat="31.98397248052060604095458984375" lon="118.786103837192058563232421875">
        <ele>14.80000019073486328125</ele>
        <time>2024-10-14T11:53:42.000Z</time>
        <extensions>
          <ns3:TrackPointExtension>
            <ns3:atemp>27.0</ns3:atemp>
            <ns3:hr>173</ns3:hr>
            <ns3:cad>90</ns3:cad>
          </ns3:TrackPointExtension>
        </extensions>
      </trkpt>
      <trkpt lat="31.98394951410591602325439453125" lon="118.786118924617767333984375">
        <ele>14.80000019073486328125</ele>
        <time>2024-10-14T11:53:43.000Z</time>
        <extensions>
          <ns3:TrackPointExtension>
            <ns3:atemp>27.0</ns3:atemp>
            <ns3:hr>173</ns3:hr>
            <ns3:cad>90</ns3:cad>
          </ns3:TrackPointExtension>
        </extensions>
      </trkpt>
      <trkpt lat="31.98392470367252826690673828125" lon="118.786132335662841796875">
        <ele>14.80000019073486328125</ele>
        <time>2024-10-14T11:53:44.000Z</time>
        <extensions>
          <ns3:TrackPointExtension>
            <ns3:atemp>27.0</ns3:atemp>
            <ns3:hr>173</ns3:hr>
            <ns3:cad>90</ns3:cad>
          </ns3:TrackPointExtension>
        </extensions>
      </trkpt>
      <trkpt lat="31.98390089906752109527587890625" lon="118.78614298067986965179443359375">
        <ele>14.80000019073486328125</ele>
        <time>2024-10-14T11:53:45.000Z</time>
        <extensions>
          <ns3:TrackPointExtension>
            <ns3:atemp>27.0</ns3:atemp>
            <ns3:hr>173</ns3:hr>
            <ns3:cad>90</ns3:cad>
          </ns3:TrackPointExtension>
        </extensions>
      </trkpt>
      <trkpt lat="31.98387424461543560028076171875" lon="118.7861529551446437835693359375">
        <ele>14.80000019073486328125</ele>
        <time>2024-10-14T11:53:46.000Z</time>
        <extensions>
          <ns3:TrackPointExtension>
            <ns3:atemp>27.0</ns3:atemp>
            <ns3:hr>173</ns3:hr>
            <ns3:cad>90</ns3:cad>
          </ns3:TrackPointExtension>
        </extensions>
      </trkpt>
      <trkpt lat="31.9838486798107624053955078125" lon="118.78616225905716419219970703125">
        <ele>14.80000019073486328125</ele>
        <time>2024-10-14T11:53:47.000Z</time>
        <extensions>
          <ns3:TrackPointExtension>
            <ns3:atemp>27.0</ns3:atemp>
            <ns3:hr>173</ns3:hr>
            <ns3:cad>90</ns3:cad>
          </ns3:TrackPointExtension>
        </extensions>
      </trkpt>
      <trkpt lat="31.98381959460675716400146484375" lon="118.7861734069883823394775390625">
        <ele>14.80000019073486328125</ele>
        <time>2024-10-14T11:53:48.000Z</time>
        <extensions>
          <ns3:TrackPointExtension>
            <ns3:atemp>27.0</ns3:atemp>
            <ns3:hr>173</ns3:hr>
            <ns3:cad>91</ns3:cad>
          </ns3:TrackPointExtension>
        </extensions>
      </trkpt>
      <trkpt lat="31.983793191611766815185546875" lon="118.78618388436734676361083984375">
        <ele>14.6000003814697265625</ele>
        <time>2024-10-14T11:53:49.000Z</time>
        <extensions>
          <ns3:TrackPointExtension>
            <ns3:atemp>27.0</ns3:atemp>
            <ns3:hr>173</ns3:hr>
            <ns3:cad>91</ns3:cad>
          </ns3:TrackPointExtension>
        </extensions>
      </trkpt>
      <trkpt lat="31.9837672077119350433349609375" lon="118.7861965410411357879638671875">
        <ele>14.6000003814697265625</ele>
        <time>2024-10-14T11:53:50.000Z</time>
        <extensions>
          <ns3:TrackPointExtension>
            <ns3:atemp>27.0</ns3:atemp>
            <ns3:hr>173</ns3:hr>
            <ns3:cad>92</ns3:cad>
          </ns3:TrackPointExtension>
        </extensions>
      </trkpt>
      <trkpt lat="31.9837434031069278717041015625" lon="118.78620802424848079681396484375">
        <ele>14.6000003814697265625</ele>
        <time>2024-10-14T11:53:51.000Z</time>
        <extensions>
          <ns3:TrackPointExtension>
            <ns3:atemp>27.0</ns3:atemp>
            <ns3:hr>173</ns3:hr>
            <ns3:cad>92</ns3:cad>
          </ns3:TrackPointExtension>
        </extensions>
      </trkpt>
      <trkpt lat="31.98371951468288898468017578125" lon="118.7862221896648406982421875">
        <ele>14.6000003814697265625</ele>
        <time>2024-10-14T11:53:52.000Z</time>
        <extensions>
          <ns3:TrackPointExtension>
            <ns3:atemp>27.0</ns3:atemp>
            <ns3:hr>173</ns3:hr>
            <ns3:cad>92</ns3:cad>
          </ns3:TrackPointExtension>
        </extensions>
      </trkpt>
      <trkpt lat="31.983695961534976959228515625" lon="118.78623551689088344573974609375">
        <ele>14.6000003814697265625</ele>
        <time>2024-10-14T11:53:53.000Z</time>
        <extensions>
          <ns3:TrackPointExtension>
            <ns3:atemp>27.0</ns3:atemp>
            <ns3:hr>173</ns3:hr>
            <ns3:cad>92</ns3:cad>
          </ns3:TrackPointExtension>
        </extensions>
      </trkpt>
      <trkpt lat="31.983671151101589202880859375" lon="118.78625127486884593963623046875">
        <ele>14.6000003814697265625</ele>
        <time>2024-10-14T11:53:54.000Z</time>
        <extensions>
          <ns3:TrackPointExtension>
            <ns3:atemp>27.0</ns3:atemp>
            <ns3:hr>173</ns3:hr>
            <ns3:cad>92</ns3:cad>
          </ns3:TrackPointExtension>
        </extensions>
      </trkpt>
      <trkpt lat="31.983647681772708892822265625" lon="118.78626602701842784881591796875">
        <ele>14.6000003814697265625</ele>
        <time>2024-10-14T11:53:55.000Z</time>
        <extensions>
          <ns3:TrackPointExtension>
            <ns3:atemp>27.0</ns3:atemp>
            <ns3:hr>173</ns3:hr>
            <ns3:cad>92</ns3:cad>
          </ns3:TrackPointExtension>
        </extensions>
      </trkpt>
      <trkpt lat="31.983618177473545074462890625" lon="118.78628413192927837371826171875">
        <ele>14.6000003814697265625</ele>
        <time>2024-10-14T11:53:56.000Z</time>
        <extensions>
          <ns3:TrackPointExtension>
            <ns3:atemp>27.0</ns3:atemp>
            <ns3:hr>173</ns3:hr>
            <ns3:cad>92</ns3:cad>
          </ns3:TrackPointExtension>
        </extensions>
      </trkpt>
      <trkpt lat="31.98359210975468158721923828125" lon="118.786300979554653167724609375">
        <ele>14.3999996185302734375</ele>
        <time>2024-10-14T11:53:57.000Z</time>
        <extensions>
          <ns3:TrackPointExtension>
            <ns3:atemp>27.0</ns3:atemp>
            <ns3:hr>173</ns3:hr>
            <ns3:cad>92</ns3:cad>
          </ns3:TrackPointExtension>
        </extensions>
      </trkpt>
      <trkpt lat="31.98356486856937408447265625" lon="118.78631866537034511566162109375">
        <ele>14.3999996185302734375</ele>
        <time>2024-10-14T11:53:58.000Z</time>
        <extensions>
          <ns3:TrackPointExtension>
            <ns3:atemp>27.0</ns3:atemp>
            <ns3:hr>173</ns3:hr>
            <ns3:cad>93</ns3:cad>
          </ns3:TrackPointExtension>
        </extensions>
      </trkpt>
      <trkpt lat="31.98353930376470088958740234375" lon="118.7863336689770221710205078125">
        <ele>14.3999996185302734375</ele>
        <time>2024-10-14T11:53:59.000Z</time>
        <extensions>
          <ns3:TrackPointExtension>
            <ns3:atemp>27.0</ns3:atemp>
            <ns3:hr>173</ns3:hr>
            <ns3:cad>93</ns3:cad>
          </ns3:TrackPointExtension>
        </extensions>
      </trkpt>
      <trkpt lat="31.98351264931261539459228515625" lon="118.7863470800220966339111328125">
        <ele>14.3999996185302734375</ele>
        <time>2024-10-14T11:54:00.000Z</time>
        <extensions>
          <ns3:TrackPointExtension>
            <ns3:atemp>27.0</ns3:atemp>
            <ns3:hr>174</ns3:hr>
            <ns3:cad>93</ns3:cad>
          </ns3:TrackPointExtension>
        </extensions>
      </trkpt>
      <trkpt lat="31.98348465375602245330810546875" lon="118.78635755740106105804443359375">
        <ele>14.3999996185302734375</ele>
        <time>2024-10-14T11:54:01.000Z</time>
        <extensions>
          <ns3:TrackPointExtension>
            <ns3:atemp>27.0</ns3:atemp>
            <ns3:hr>174</ns3:hr>
            <ns3:cad>93</ns3:cad>
          </ns3:TrackPointExtension>
        </extensions>
      </trkpt>
      <trkpt lat="31.983454562723636627197265625" lon="118.78636769950389862060546875">
        <ele>14.3999996185302734375</ele>
        <time>2024-10-14T11:54:02.000Z</time>
        <extensions>
          <ns3:TrackPointExtension>
            <ns3:atemp>27.0</ns3:atemp>
            <ns3:hr>174</ns3:hr>
            <ns3:cad>93</ns3:cad>
          </ns3:TrackPointExtension>
        </extensions>
      </trkpt>
      <trkpt lat="31.98342463932931423187255859375" lon="118.78637968562543392181396484375">
        <ele>14.3999996185302734375</ele>
        <time>2024-10-14T11:54:03.000Z</time>
        <extensions>
          <ns3:TrackPointExtension>
            <ns3:atemp>27.0</ns3:atemp>
            <ns3:hr>174</ns3:hr>
            <ns3:cad>92</ns3:cad>
          </ns3:TrackPointExtension>
        </extensions>
      </trkpt>
      <trkpt lat="31.98339496739208698272705078125" lon="118.7863896600902080535888671875">
        <ele>14.3999996185302734375</ele>
        <time>2024-10-14T11:54:04.000Z</time>
        <extensions>
          <ns3:TrackPointExtension>
            <ns3:atemp>27.0</ns3:atemp>
            <ns3:hr>174</ns3:hr>
            <ns3:cad>92</ns3:cad>
          </ns3:TrackPointExtension>
        </extensions>
      </trkpt>
      <trkpt lat="31.983368396759033203125" lon="118.78640181384980678558349609375">
        <ele>14.3999996185302734375</ele>
        <time>2024-10-14T11:54:05.000Z</time>
        <extensions>
          <ns3:TrackPointExtension>
            <ns3:atemp>27.0</ns3:atemp>
            <ns3:hr>174</ns3:hr>
            <ns3:cad>92</ns3:cad>
          </ns3:TrackPointExtension>
        </extensions>
      </trkpt>
      <trkpt lat="31.98334199376404285430908203125" lon="118.786409609019756317138671875">
        <ele>14.3999996185302734375</ele>
        <time>2024-10-14T11:54:06.000Z</time>
        <extensions>
          <ns3:TrackPointExtension>
            <ns3:atemp>27.0</ns3:atemp>
            <ns3:hr>174</ns3:hr>
            <ns3:cad>91</ns3:cad>
          </ns3:TrackPointExtension>
        </extensions>
      </trkpt>
      <trkpt lat="31.98331399820744991302490234375" lon="118.78642025403678417205810546875">
        <ele>14.3999996185302734375</ele>
        <time>2024-10-14T11:54:07.000Z</time>
        <extensions>
          <ns3:TrackPointExtension>
            <ns3:atemp>27.0</ns3:atemp>
            <ns3:hr>174</ns3:hr>
            <ns3:cad>91</ns3:cad>
          </ns3:TrackPointExtension>
        </extensions>
      </trkpt>
      <trkpt lat="31.9832870922982692718505859375" lon="118.78642813302576541900634765625">
        <ele>14.3999996185302734375</ele>
        <time>2024-10-14T11:54:08.000Z</time>
        <extensions>
          <ns3:TrackPointExtension>
            <ns3:atemp>27.0</ns3:atemp>
            <ns3:hr>174</ns3:hr>
            <ns3:cad>90</ns3:cad>
          </ns3:TrackPointExtension>
        </extensions>
      </trkpt>
      <trkpt lat="31.9832599349319934844970703125" lon="118.78643877804279327392578125">
        <ele>14.19999980926513671875</ele>
        <time>2024-10-14T11:54:09.000Z</time>
        <extensions>
          <ns3:TrackPointExtension>
            <ns3:atemp>27.0</ns3:atemp>
            <ns3:hr>174</ns3:hr>
            <ns3:cad>90</ns3:cad>
          </ns3:TrackPointExtension>
        </extensions>
      </trkpt>
      <trkpt lat="31.9832331128418445587158203125" lon="118.78644690848886966705322265625">
        <ele>14.19999980926513671875</ele>
        <time>2024-10-14T11:54:10.000Z</time>
        <extensions>
          <ns3:TrackPointExtension>
            <ns3:atemp>27.0</ns3:atemp>
            <ns3:hr>174</ns3:hr>
            <ns3:cad>91</ns3:cad>
          </ns3:TrackPointExtension>
        </extensions>
      </trkpt>
      <trkpt lat="31.9832074642181396484375" lon="118.7864577211439609527587890625">
        <ele>14.19999980926513671875</ele>
        <time>2024-10-14T11:54:11.000Z</time>
        <extensions>
          <ns3:TrackPointExtension>
            <ns3:atemp>27.0</ns3:atemp>
            <ns3:hr>174</ns3:hr>
            <ns3:cad>91</ns3:cad>
          </ns3:TrackPointExtension>
        </extensions>
      </trkpt>
      <trkpt lat="31.98318139649927616119384765625" lon="118.7864667735993862152099609375">
        <ele>14.19999980926513671875</ele>
        <time>2024-10-14T11:54:12.000Z</time>
        <extensions>
          <ns3:TrackPointExtension>
            <ns3:atemp>27.0</ns3:atemp>
            <ns3:hr>175</ns3:hr>
            <ns3:cad>90</ns3:cad>
          </ns3:TrackPointExtension>
        </extensions>
      </trkpt>
      <trkpt lat="31.9831549935042858123779296875" lon="118.78647775389254093170166015625">
        <ele>14.19999980926513671875</ele>
        <time>2024-10-14T11:54:13.000Z</time>
        <extensions>
          <ns3:TrackPointExtension>
            <ns3:atemp>27.0</ns3:atemp>
            <ns3:hr>175</ns3:hr>
            <ns3:cad>90</ns3:cad>
          </ns3:TrackPointExtension>
        </extensions>
      </trkpt>
      <trkpt lat="31.98312808759510517120361328125" lon="118.7864855490624904632568359375">
        <ele>14.19999980926513671875</ele>
        <time>2024-10-14T11:54:14.000Z</time>
        <extensions>
          <ns3:TrackPointExtension>
            <ns3:atemp>27.0</ns3:atemp>
            <ns3:hr>175</ns3:hr>
            <ns3:cad>90</ns3:cad>
          </ns3:TrackPointExtension>
        </extensions>
      </trkpt>
      <trkpt lat="31.9831001758575439453125" lon="118.78649535588920116424560546875">
        <ele>14.19999980926513671875</ele>
        <time>2024-10-14T11:54:15.000Z</time>
        <extensions>
          <ns3:TrackPointExtension>
            <ns3:atemp>27.0</ns3:atemp>
            <ns3:hr>175</ns3:hr>
            <ns3:cad>90</ns3:cad>
          </ns3:TrackPointExtension>
        </extensions>
      </trkpt>
      <trkpt lat="31.983075700700283050537109375" lon="118.78650273196399211883544921875">
        <ele>14.19999980926513671875</ele>
        <time>2024-10-14T11:54:16.000Z</time>
        <extensions>
          <ns3:TrackPointExtension>
            <ns3:atemp>27.0</ns3:atemp>
            <ns3:hr>175</ns3:hr>
            <ns3:cad>90</ns3:cad>
          </ns3:TrackPointExtension>
        </extensions>
      </trkpt>
      <trkpt lat="31.98304996825754642486572265625" lon="118.7865145504474639892578125">
        <ele>14.19999980926513671875</ele>
        <time>2024-10-14T11:54:17.000Z</time>
        <extensions>
          <ns3:TrackPointExtension>
            <ns3:atemp>27.0</ns3:atemp>
            <ns3:hr>175</ns3:hr>
            <ns3:cad>89</ns3:cad>
          </ns3:TrackPointExtension>
        </extensions>
      </trkpt>
      <trkpt lat="31.98302532546222209930419921875" lon="118.78652167506515979766845703125">
        <ele>14.19999980926513671875</ele>
        <time>2024-10-14T11:54:18.000Z</time>
        <extensions>
          <ns3:TrackPointExtension>
            <ns3:atemp>27.0</ns3:atemp>
            <ns3:hr>175</ns3:hr>
            <ns3:cad>89</ns3:cad>
          </ns3:TrackPointExtension>
        </extensions>
      </trkpt>
      <trkpt lat="31.98299917392432689666748046875" lon="118.78652888350188732147216796875">
        <ele>14.19999980926513671875</ele>
        <time>2024-10-14T11:54:19.000Z</time>
        <extensions>
          <ns3:TrackPointExtension>
            <ns3:atemp>27.0</ns3:atemp>
            <ns3:hr>175</ns3:hr>
            <ns3:cad>89</ns3:cad>
          </ns3:TrackPointExtension>
        </extensions>
      </trkpt>
      <trkpt lat="31.98297738097608089447021484375" lon="118.78655017353594303131103515625">
        <ele>14.19999980926513671875</ele>
        <time>2024-10-14T11:54:20.000Z</time>
        <extensions>
          <ns3:TrackPointExtension>
            <ns3:atemp>27.0</ns3:atemp>
            <ns3:hr>175</ns3:hr>
            <ns3:cad>89</ns3:cad>
          </ns3:TrackPointExtension>
        </extensions>
      </trkpt>
      <trkpt lat="31.9829513132572174072265625" lon="118.78656375221908092498779296875">
        <ele>14</ele>
        <time>2024-10-14T11:54:21.000Z</time>
        <extensions>
          <ns3:TrackPointExtension>
            <ns3:atemp>27.0</ns3:atemp>
            <ns3:hr>175</ns3:hr>
            <ns3:cad>89</ns3:cad>
          </ns3:TrackPointExtension>
        </extensions>
      </trkpt>
      <trkpt lat="31.982926167547702789306640625" lon="118.7865717150270938873291015625">
        <ele>14</ele>
        <time>2024-10-14T11:54:22.000Z</time>
        <extensions>
          <ns3:TrackPointExtension>
            <ns3:atemp>27.0</ns3:atemp>
            <ns3:hr>175</ns3:hr>
            <ns3:cad>89</ns3:cad>
          </ns3:TrackPointExtension>
        </extensions>
      </trkpt>
      <trkpt lat="31.98290227912366390228271484375" lon="118.78659158013761043548583984375">
        <ele>14</ele>
        <time>2024-10-14T11:54:23.000Z</time>
        <extensions>
          <ns3:TrackPointExtension>
            <ns3:atemp>27.0</ns3:atemp>
            <ns3:hr>175</ns3:hr>
            <ns3:cad>89</ns3:cad>
          </ns3:TrackPointExtension>
        </extensions>
      </trkpt>
      <trkpt lat="31.9828770495951175689697265625" lon="118.7866045720875263214111328125">
        <ele>14</ele>
        <time>2024-10-14T11:54:24.000Z</time>
        <extensions>
          <ns3:TrackPointExtension>
            <ns3:atemp>27.0</ns3:atemp>
            <ns3:hr>175</ns3:hr>
            <ns3:cad>89</ns3:cad>
          </ns3:TrackPointExtension>
        </extensions>
      </trkpt>
      <trkpt lat="31.9828525744378566741943359375" lon="118.7866149656474590301513671875">
        <ele>14</ele>
        <time>2024-10-14T11:54:25.000Z</time>
        <extensions>
          <ns3:TrackPointExtension>
            <ns3:atemp>27.0</ns3:atemp>
            <ns3:hr>175</ns3:hr>
            <ns3:cad>89</ns3:cad>
          </ns3:TrackPointExtension>
        </extensions>
      </trkpt>
      <trkpt lat="31.98282985948026180267333984375" lon="118.78662527538836002349853515625">
        <ele>14</ele>
        <time>2024-10-14T11:54:26.000Z</time>
        <extensions>
          <ns3:TrackPointExtension>
            <ns3:atemp>27.0</ns3:atemp>
            <ns3:hr>175</ns3:hr>
            <ns3:cad>89</ns3:cad>
          </ns3:TrackPointExtension>
        </extensions>
      </trkpt>
      <trkpt lat="31.98280421085655689239501953125" lon="118.7866344116628170013427734375">
        <ele>14</ele>
        <time>2024-10-14T11:54:27.000Z</time>
        <extensions>
          <ns3:TrackPointExtension>
            <ns3:atemp>27.0</ns3:atemp>
            <ns3:hr>175</ns3:hr>
            <ns3:cad>89</ns3:cad>
          </ns3:TrackPointExtension>
        </extensions>
      </trkpt>
      <trkpt lat="31.98278241790831089019775390625" lon="118.78665695898234844207763671875">
        <ele>14</ele>
        <time>2024-10-14T11:54:28.000Z</time>
        <extensions>
          <ns3:TrackPointExtension>
            <ns3:atemp>27.0</ns3:atemp>
            <ns3:hr>175</ns3:hr>
            <ns3:cad>89</ns3:cad>
          </ns3:TrackPointExtension>
        </extensions>
      </trkpt>
      <trkpt lat="31.98275660164654254913330078125" lon="118.786671124398708343505859375">
        <ele>14</ele>
        <time>2024-10-14T11:54:29.000Z</time>
        <extensions>
          <ns3:TrackPointExtension>
            <ns3:atemp>27.0</ns3:atemp>
            <ns3:hr>175</ns3:hr>
            <ns3:cad>89</ns3:cad>
          </ns3:TrackPointExtension>
        </extensions>
      </trkpt>
      <trkpt lat="31.98273447342216968536376953125" lon="118.786681853234767913818359375">
        <ele>14</ele>
        <time>2024-10-14T11:54:30.000Z</time>
        <extensions>
          <ns3:TrackPointExtension>
            <ns3:atemp>27.0</ns3:atemp>
            <ns3:hr>175</ns3:hr>
            <ns3:cad>89</ns3:cad>
          </ns3:TrackPointExtension>
        </extensions>
      </trkpt>
      <trkpt lat="31.98270924389362335205078125" lon="118.78669149242341518402099609375">
        <ele>14</ele>
        <time>2024-10-14T11:54:31.000Z</time>
        <extensions>
          <ns3:TrackPointExtension>
            <ns3:atemp>27.0</ns3:atemp>
            <ns3:hr>175</ns3:hr>
            <ns3:cad>89</ns3:cad>
          </ns3:TrackPointExtension>
        </extensions>
      </trkpt>
      <trkpt lat="31.9826862774789333343505859375" lon="118.7866964377462863922119140625">
        <ele>14</ele>
        <time>2024-10-14T11:54:32.000Z</time>
        <extensions>
          <ns3:TrackPointExtension>
            <ns3:atemp>27.0</ns3:atemp>
            <ns3:hr>175</ns3:hr>
            <ns3:cad>89</ns3:cad>
          </ns3:TrackPointExtension>
        </extensions>
      </trkpt>
      <trkpt lat="31.98266020976006984710693359375" lon="118.78670373000204563140869140625">
        <ele>13.80000019073486328125</ele>
        <time>2024-10-14T11:54:33.000Z</time>
        <extensions>
          <ns3:TrackPointExtension>
            <ns3:atemp>27.0</ns3:atemp>
            <ns3:hr>175</ns3:hr>
            <ns3:cad>90</ns3:cad>
          </ns3:TrackPointExtension>
        </extensions>
      </trkpt>
      <trkpt lat="31.9826348125934600830078125" lon="118.78670657984912395477294921875">
        <ele>13.80000019073486328125</ele>
        <time>2024-10-14T11:54:34.000Z</time>
        <extensions>
          <ns3:TrackPointExtension>
            <ns3:atemp>27.0</ns3:atemp>
            <ns3:hr>175</ns3:hr>
            <ns3:cad>90</ns3:cad>
          </ns3:TrackPointExtension>
        </extensions>
      </trkpt>
      <trkpt lat="31.98261276818811893463134765625" lon="118.78673382103443145751953125">
        <ele>13.80000019073486328125</ele>
        <time>2024-10-14T11:54:35.000Z</time>
        <extensions>
          <ns3:TrackPointExtension>
            <ns3:atemp>27.0</ns3:atemp>
            <ns3:hr>175</ns3:hr>
            <ns3:cad>91</ns3:cad>
          </ns3:TrackPointExtension>
        </extensions>
      </trkpt>
      <trkpt lat="31.98258963413536548614501953125" lon="118.786747567355632781982421875">
        <ele>13.80000019073486328125</ele>
        <time>2024-10-14T11:54:36.000Z</time>
        <extensions>
          <ns3:TrackPointExtension>
            <ns3:atemp>27.0</ns3:atemp>
            <ns3:hr>175</ns3:hr>
            <ns3:cad>91</ns3:cad>
          </ns3:TrackPointExtension>
        </extensions>
      </trkpt>
      <trkpt lat="31.98256348259747028350830078125" lon="118.78676106221973896026611328125">
        <ele>13.80000019073486328125</ele>
        <time>2024-10-14T11:54:37.000Z</time>
        <extensions>
          <ns3:TrackPointExtension>
            <ns3:atemp>27.0</ns3:atemp>
            <ns3:hr>175</ns3:hr>
            <ns3:cad>92</ns3:cad>
          </ns3:TrackPointExtension>
        </extensions>
      </trkpt>
      <trkpt lat="31.98253699578344821929931640625" lon="118.7867718748748302459716796875">
        <ele>13.80000019073486328125</ele>
        <time>2024-10-14T11:54:38.000Z</time>
        <extensions>
          <ns3:TrackPointExtension>
            <ns3:atemp>27.0</ns3:atemp>
            <ns3:hr>175</ns3:hr>
            <ns3:cad>92</ns3:cad>
          </ns3:TrackPointExtension>
        </extensions>
      </trkpt>
      <trkpt lat="31.98251235298812389373779296875" lon="118.7867815978825092315673828125">
        <ele>13.80000019073486328125</ele>
        <time>2024-10-14T11:54:39.000Z</time>
        <extensions>
          <ns3:TrackPointExtension>
            <ns3:atemp>27.0</ns3:atemp>
            <ns3:hr>175</ns3:hr>
            <ns3:cad>92</ns3:cad>
          </ns3:TrackPointExtension>
        </extensions>
      </trkpt>
      <trkpt lat="31.9824872910976409912109375" lon="118.7867913208901882171630859375">
        <ele>14</ele>
        <time>2024-10-14T11:54:40.000Z</time>
        <extensions>
          <ns3:TrackPointExtension>
            <ns3:atemp>27.0</ns3:atemp>
            <ns3:hr>175</ns3:hr>
            <ns3:cad>92</ns3:cad>
          </ns3:TrackPointExtension>
        </extensions>
      </trkpt>
      <trkpt lat="31.9824606366455554962158203125" lon="118.78679945133626461029052734375">
        <ele>14</ele>
        <time>2024-10-14T11:54:41.000Z</time>
        <extensions>
          <ns3:TrackPointExtension>
            <ns3:atemp>27.0</ns3:atemp>
            <ns3:hr>175</ns3:hr>
            <ns3:cad>92</ns3:cad>
          </ns3:TrackPointExtension>
        </extensions>
      </trkpt>
      <trkpt lat="31.9824408553540706634521484375" lon="118.786806575953960418701171875">
        <ele>14</ele>
        <time>2024-10-14T11:54:42.000Z</time>
        <extensions>
          <ns3:TrackPointExtension>
            <ns3:atemp>27.0</ns3:atemp>
            <ns3:hr>175</ns3:hr>
            <ns3:cad>92</ns3:cad>
          </ns3:TrackPointExtension>
        </extensions>
      </trkpt>
      <trkpt lat="31.98241495527327060699462890625" lon="118.7868074141442775726318359375">
        <ele>14</ele>
        <time>2024-10-14T11:54:43.000Z</time>
        <extensions>
          <ns3:TrackPointExtension>
            <ns3:atemp>27.0</ns3:atemp>
            <ns3:hr>175</ns3:hr>
            <ns3:cad>92</ns3:cad>
          </ns3:TrackPointExtension>
        </extensions>
      </trkpt>
      <trkpt lat="31.98239232413470745086669921875" lon="118.78680582158267498016357421875">
        <ele>14</ele>
        <time>2024-10-14T11:54:44.000Z</time>
        <extensions>
          <ns3:TrackPointExtension>
            <ns3:atemp>27.0</ns3:atemp>
            <ns3:hr>175</ns3:hr>
            <ns3:cad>92</ns3:cad>
          </ns3:TrackPointExtension>
        </extensions>
      </trkpt>
      <trkpt lat="31.98236516676843166351318359375" lon="118.78679911606013774871826171875">
        <ele>14</ele>
        <time>2024-10-14T11:54:45.000Z</time>
        <extensions>
          <ns3:TrackPointExtension>
            <ns3:atemp>27.0</ns3:atemp>
            <ns3:hr>175</ns3:hr>
            <ns3:cad>92</ns3:cad>
          </ns3:TrackPointExtension>
        </extensions>
      </trkpt>
      <trkpt lat="31.9823419488966464996337890625" lon="118.78679190762341022491455078125">
        <ele>14</ele>
        <time>2024-10-14T11:54:46.000Z</time>
        <extensions>
          <ns3:TrackPointExtension>
            <ns3:atemp>27.0</ns3:atemp>
            <ns3:hr>175</ns3:hr>
            <ns3:cad>90</ns3:cad>
          </ns3:TrackPointExtension>
        </extensions>
      </trkpt>
      <trkpt lat="31.98231873102486133575439453125" lon="118.78677598200738430023193359375">
        <ele>14</ele>
        <time>2024-10-14T11:54:47.000Z</time>
        <extensions>
          <ns3:TrackPointExtension>
            <ns3:atemp>27.0</ns3:atemp>
            <ns3:hr>175</ns3:hr>
            <ns3:cad>90</ns3:cad>
          </ns3:TrackPointExtension>
        </extensions>
      </trkpt>
      <trkpt lat="31.98229928500950336456298828125" lon="118.78676064312458038330078125">
        <ele>14</ele>
        <time>2024-10-14T11:54:48.000Z</time>
        <extensions>
          <ns3:TrackPointExtension>
            <ns3:atemp>27.0</ns3:atemp>
            <ns3:hr>175</ns3:hr>
            <ns3:cad>90</ns3:cad>
          </ns3:TrackPointExtension>
        </extensions>
      </trkpt>
      <trkpt lat="31.982281766831874847412109375" lon="118.7867371737957000732421875">
        <ele>14</ele>
        <time>2024-10-14T11:54:49.000Z</time>
        <extensions>
          <ns3:TrackPointExtension>
            <ns3:atemp>27.0</ns3:atemp>
            <ns3:hr>175</ns3:hr>
            <ns3:cad>90</ns3:cad>
          </ns3:TrackPointExtension>
        </extensions>
      </trkpt>
      <trkpt lat="31.98226391337811946868896484375" lon="118.7867155484855175018310546875">
        <ele>14</ele>
        <time>2024-10-14T11:54:50.000Z</time>
        <extensions>
          <ns3:TrackPointExtension>
            <ns3:atemp>27.0</ns3:atemp>
            <ns3:hr>175</ns3:hr>
            <ns3:cad>90</ns3:cad>
          </ns3:TrackPointExtension>
        </extensions>
      </trkpt>
      <trkpt lat="31.982247568666934967041015625" lon="118.78669065423309803009033203125">
        <ele>14</ele>
        <time>2024-10-14T11:54:51.000Z</time>
        <extensions>
          <ns3:TrackPointExtension>
            <ns3:atemp>27.0</ns3:atemp>
            <ns3:hr>175</ns3:hr>
            <ns3:cad>90</ns3:cad>
          </ns3:TrackPointExtension>
        </extensions>
      </trkpt>
      <trkpt lat="31.98223046958446502685546875" lon="118.7866639159619808197021484375">
        <ele>13.80000019073486328125</ele>
        <time>2024-10-14T11:54:52.000Z</time>
        <extensions>
          <ns3:TrackPointExtension>
            <ns3:atemp>27.0</ns3:atemp>
            <ns3:hr>175</ns3:hr>
            <ns3:cad>90</ns3:cad>
          </ns3:TrackPointExtension>
        </extensions>
      </trkpt>
      <trkpt lat="31.98221194557845592498779296875" lon="118.78663617186248302459716796875">
        <ele>13.80000019073486328125</ele>
        <time>2024-10-14T11:54:53.000Z</time>
        <extensions>
          <ns3:TrackPointExtension>
            <ns3:atemp>27.0</ns3:atemp>
            <ns3:hr>175</ns3:hr>
            <ns3:cad>90</ns3:cad>
          </ns3:TrackPointExtension>
        </extensions>
      </trkpt>
      <trkpt lat="31.982194595038890838623046875" lon="118.7866085954010486602783203125">
        <ele>13.80000019073486328125</ele>
        <time>2024-10-14T11:54:54.000Z</time>
        <extensions>
          <ns3:TrackPointExtension>
            <ns3:atemp>27.0</ns3:atemp>
            <ns3:hr>175</ns3:hr>
            <ns3:cad>90</ns3:cad>
          </ns3:TrackPointExtension>
        </extensions>
      </trkpt>
      <trkpt lat="31.9821769930422306060791015625" lon="118.78657867200672626495361328125">
        <ele>13.80000019073486328125</ele>
        <time>2024-10-14T11:54:55.000Z</time>
        <extensions>
          <ns3:TrackPointExtension>
            <ns3:atemp>27.0</ns3:atemp>
            <ns3:hr>175</ns3:hr>
            <ns3:cad>90</ns3:cad>
          </ns3:TrackPointExtension>
        </extensions>
      </trkpt>
      <trkpt lat="31.9821625761687755584716796875" lon="118.78655252046883106231689453125">
        <ele>13.80000019073486328125</ele>
        <time>2024-10-14T11:54:56.000Z</time>
        <extensions>
          <ns3:TrackPointExtension>
            <ns3:atemp>27.0</ns3:atemp>
            <ns3:hr>175</ns3:hr>
            <ns3:cad>90</ns3:cad>
          </ns3:TrackPointExtension>
        </extensions>
      </trkpt>
      <trkpt lat="31.9821478240191936492919921875" lon="118.78652460873126983642578125">
        <ele>13.80000019073486328125</ele>
        <time>2024-10-14T11:54:57.000Z</time>
        <extensions>
          <ns3:TrackPointExtension>
            <ns3:atemp>27.0</ns3:atemp>
            <ns3:hr>175</ns3:hr>
            <ns3:cad>90</ns3:cad>
          </ns3:TrackPointExtension>
        </extensions>
      </trkpt>
      <trkpt lat="31.98213349096477031707763671875" lon="118.78649912774562835693359375">
        <ele>13.80000019073486328125</ele>
        <time>2024-10-14T11:54:58.000Z</time>
        <extensions>
          <ns3:TrackPointExtension>
            <ns3:atemp>27.0</ns3:atemp>
            <ns3:hr>175</ns3:hr>
            <ns3:cad>90</ns3:cad>
          </ns3:TrackPointExtension>
        </extensions>
      </trkpt>
      <trkpt lat="31.98211957700550556182861328125" lon="118.78647364675998687744140625">
        <ele>13.80000019073486328125</ele>
        <time>2024-10-14T11:54:59.000Z</time>
        <extensions>
          <ns3:TrackPointExtension>
            <ns3:atemp>27.0</ns3:atemp>
            <ns3:hr>175</ns3:hr>
            <ns3:cad>90</ns3:cad>
          </ns3:TrackPointExtension>
        </extensions>
      </trkpt>
      <trkpt lat="31.98210448957979679107666015625" lon="118.78644741140305995941162109375">
        <ele>13.80000019073486328125</ele>
        <time>2024-10-14T11:55:00.000Z</time>
        <extensions>
          <ns3:TrackPointExtension>
            <ns3:atemp>27.0</ns3:atemp>
            <ns3:hr>175</ns3:hr>
            <ns3:cad>91</ns3:cad>
          </ns3:TrackPointExtension>
        </extensions>
      </trkpt>
      <trkpt lat="31.982089318335056304931640625" lon="118.7864194996654987335205078125">
        <ele>13.80000019073486328125</ele>
        <time>2024-10-14T11:55:01.000Z</time>
        <extensions>
          <ns3:TrackPointExtension>
            <ns3:atemp>27.0</ns3:atemp>
            <ns3:hr>175</ns3:hr>
            <ns3:cad>92</ns3:cad>
          </ns3:TrackPointExtension>
        </extensions>
      </trkpt>
      <trkpt lat="31.98207381181418895721435546875" lon="118.78639292903244495391845703125">
        <ele>13.80000019073486328125</ele>
        <time>2024-10-14T11:55:02.000Z</time>
        <extensions>
          <ns3:TrackPointExtension>
            <ns3:atemp>27.0</ns3:atemp>
            <ns3:hr>175</ns3:hr>
            <ns3:cad>92</ns3:cad>
          </ns3:TrackPointExtension>
        </extensions>
      </trkpt>
      <trkpt lat="31.98205973021686077117919921875" lon="118.7863665260374546051025390625">
        <ele>13.80000019073486328125</ele>
        <time>2024-10-14T11:55:03.000Z</time>
        <extensions>
          <ns3:TrackPointExtension>
            <ns3:atemp>27.0</ns3:atemp>
            <ns3:hr>175</ns3:hr>
            <ns3:cad>92</ns3:cad>
          </ns3:TrackPointExtension>
        </extensions>
      </trkpt>
      <trkpt lat="31.9820445589721202850341796875" lon="118.7863397039473056793212890625">
        <ele>13.6000003814697265625</ele>
        <time>2024-10-14T11:55:04.000Z</time>
        <extensions>
          <ns3:TrackPointExtension>
            <ns3:atemp>27.0</ns3:atemp>
            <ns3:hr>175</ns3:hr>
            <ns3:cad>91</ns3:cad>
          </ns3:TrackPointExtension>
        </extensions>
      </trkpt>
      <trkpt lat="31.98203274048864841461181640625" lon="118.786315061151981353759765625">
        <ele>13.80000019073486328125</ele>
        <time>2024-10-14T11:55:05.000Z</time>
        <extensions>
          <ns3:TrackPointExtension>
            <ns3:atemp>27.0</ns3:atemp>
            <ns3:hr>174</ns3:hr>
            <ns3:cad>91</ns3:cad>
          </ns3:TrackPointExtension>
        </extensions>
      </trkpt>
      <trkpt lat="31.98201865889132022857666015625" lon="118.78629016689956188201904296875">
        <ele>13.80000019073486328125</ele>
        <time>2024-10-14T11:55:06.000Z</time>
        <extensions>
          <ns3:TrackPointExtension>
            <ns3:atemp>27.0</ns3:atemp>
            <ns3:hr>174</ns3:hr>
            <ns3:cad>90</ns3:cad>
          </ns3:TrackPointExtension>
        </extensions>
      </trkpt>
      <trkpt lat="31.98200642131268978118896484375" lon="118.78626787103712558746337890625">
        <ele>13.80000019073486328125</ele>
        <time>2024-10-14T11:55:07.000Z</time>
        <extensions>
          <ns3:TrackPointExtension>
            <ns3:atemp>27.0</ns3:atemp>
            <ns3:hr>174</ns3:hr>
            <ns3:cad>90</ns3:cad>
          </ns3:TrackPointExtension>
        </extensions>
      </trkpt>
      <trkpt lat="31.98199049569666385650634765625" lon="118.7862421385943889617919921875">
        <ele>13.80000019073486328125</ele>
        <time>2024-10-14T11:55:08.000Z</time>
        <extensions>
          <ns3:TrackPointExtension>
            <ns3:atemp>27.0</ns3:atemp>
            <ns3:hr>174</ns3:hr>
            <ns3:cad>90</ns3:cad>
          </ns3:TrackPointExtension>
        </extensions>
      </trkpt>
      <trkpt lat="31.981975324451923370361328125" lon="118.78621540032327175140380859375">
        <ele>13.80000019073486328125</ele>
        <time>2024-10-14T11:55:09.000Z</time>
        <extensions>
          <ns3:TrackPointExtension>
            <ns3:atemp>27.0</ns3:atemp>
            <ns3:hr>174</ns3:hr>
            <ns3:cad>89</ns3:cad>
          </ns3:TrackPointExtension>
        </extensions>
      </trkpt>
      <trkpt lat="31.9819588959217071533203125" lon="118.78618958406150341033935546875">
        <ele>13.80000019073486328125</ele>
        <time>2024-10-14T11:55:10.000Z</time>
        <extensions>
          <ns3:TrackPointExtension>
            <ns3:atemp>27.0</ns3:atemp>
            <ns3:hr>173</ns3:hr>
            <ns3:cad>89</ns3:cad>
          </ns3:TrackPointExtension>
        </extensions>
      </trkpt>
      <trkpt lat="31.9819436408579349517822265625" lon="118.78616712056100368499755859375">
        <ele>13.80000019073486328125</ele>
        <time>2024-10-14T11:55:11.000Z</time>
        <extensions>
          <ns3:TrackPointExtension>
            <ns3:atemp>27.0</ns3:atemp>
            <ns3:hr>173</ns3:hr>
            <ns3:cad>90</ns3:cad>
          </ns3:TrackPointExtension>
        </extensions>
      </trkpt>
      <trkpt lat="31.98192930780351161956787109375" lon="118.78614096902310848236083984375">
        <ele>13.80000019073486328125</ele>
        <time>2024-10-14T11:55:12.000Z</time>
        <extensions>
          <ns3:TrackPointExtension>
            <ns3:atemp>27.0</ns3:atemp>
            <ns3:hr>173</ns3:hr>
            <ns3:cad>90</ns3:cad>
          </ns3:TrackPointExtension>
        </extensions>
      </trkpt>
      <trkpt lat="31.98191522620618343353271484375" lon="118.7861167453229427337646484375">
        <ele>13.80000019073486328125</ele>
        <time>2024-10-14T11:55:13.000Z</time>
        <extensions>
          <ns3:TrackPointExtension>
            <ns3:atemp>27.0</ns3:atemp>
            <ns3:hr>173</ns3:hr>
            <ns3:cad>90</ns3:cad>
          </ns3:TrackPointExtension>
        </extensions>
      </trkpt>
      <trkpt lat="31.98190064169466495513916015625" lon="118.786090426146984100341796875">
        <ele>13.80000019073486328125</ele>
        <time>2024-10-14T11:55:14.000Z</time>
        <extensions>
          <ns3:TrackPointExtension>
            <ns3:atemp>27.0</ns3:atemp>
            <ns3:hr>173</ns3:hr>
            <ns3:cad>90</ns3:cad>
          </ns3:TrackPointExtension>
        </extensions>
      </trkpt>
      <trkpt lat="31.98188555426895618438720703125" lon="118.7860631011426448822021484375">
        <ele>13.80000019073486328125</ele>
        <time>2024-10-14T11:55:15.000Z</time>
        <extensions>
          <ns3:TrackPointExtension>
            <ns3:atemp>27.0</ns3:atemp>
            <ns3:hr>173</ns3:hr>
            <ns3:cad>90</ns3:cad>
          </ns3:TrackPointExtension>
        </extensions>
      </trkpt>
      <trkpt lat="31.98186971247196197509765625" lon="118.786034770309925079345703125">
        <ele>13.80000019073486328125</ele>
        <time>2024-10-14T11:55:16.000Z</time>
        <extensions>
          <ns3:TrackPointExtension>
            <ns3:atemp>27.0</ns3:atemp>
            <ns3:hr>173</ns3:hr>
            <ns3:cad>90</ns3:cad>
          </ns3:TrackPointExtension>
        </extensions>
      </trkpt>
      <trkpt lat="31.98185437358915805816650390625" lon="118.7860084511339664459228515625">
        <ele>13.80000019073486328125</ele>
        <time>2024-10-14T11:55:17.000Z</time>
        <extensions>
          <ns3:TrackPointExtension>
            <ns3:atemp>27.0</ns3:atemp>
            <ns3:hr>173</ns3:hr>
            <ns3:cad>90</ns3:cad>
          </ns3:TrackPointExtension>
        </extensions>
      </trkpt>
      <trkpt lat="31.98183777742087841033935546875" lon="118.78597936592996120452880859375">
        <ele>13.80000019073486328125</ele>
        <time>2024-10-14T11:55:18.000Z</time>
        <extensions>
          <ns3:TrackPointExtension>
            <ns3:atemp>27.0</ns3:atemp>
            <ns3:hr>173</ns3:hr>
            <ns3:cad>90</ns3:cad>
          </ns3:TrackPointExtension>
        </extensions>
      </trkpt>
      <trkpt lat="31.98182268999516963958740234375" lon="118.785953633487224578857421875">
        <ele>13.80000019073486328125</ele>
        <time>2024-10-14T11:55:19.000Z</time>
        <extensions>
          <ns3:TrackPointExtension>
            <ns3:atemp>27.0</ns3:atemp>
            <ns3:hr>173</ns3:hr>
            <ns3:cad>90</ns3:cad>
          </ns3:TrackPointExtension>
        </extensions>
      </trkpt>
      <trkpt lat="31.98180592618882656097412109375" lon="118.78592840395867824554443359375">
        <ele>13.80000019073486328125</ele>
        <time>2024-10-14T11:55:20.000Z</time>
        <extensions>
          <ns3:TrackPointExtension>
            <ns3:atemp>27.0</ns3:atemp>
            <ns3:hr>173</ns3:hr>
            <ns3:cad>89</ns3:cad>
          </ns3:TrackPointExtension>
        </extensions>
      </trkpt>
      <trkpt lat="31.9817920960485935211181640625" lon="118.785906694829463958740234375">
        <ele>13.80000019073486328125</ele>
        <time>2024-10-14T11:55:21.000Z</time>
        <extensions>
          <ns3:TrackPointExtension>
            <ns3:atemp>27.0</ns3:atemp>
            <ns3:hr>173</ns3:hr>
            <ns3:cad>89</ns3:cad>
          </ns3:TrackPointExtension>
        </extensions>
      </trkpt>
      <trkpt lat="31.98177591897547245025634765625" lon="118.7858813814818859100341796875">
        <ele>13.80000019073486328125</ele>
        <time>2024-10-14T11:55:22.000Z</time>
        <extensions>
          <ns3:TrackPointExtension>
            <ns3:atemp>27.0</ns3:atemp>
            <ns3:hr>173</ns3:hr>
            <ns3:cad>89</ns3:cad>
          </ns3:TrackPointExtension>
        </extensions>
      </trkpt>
      <trkpt lat="31.981762759387493133544921875" lon="118.785856068134307861328125">
        <ele>13.80000019073486328125</ele>
        <time>2024-10-14T11:55:23.000Z</time>
        <extensions>
          <ns3:TrackPointExtension>
            <ns3:atemp>27.0</ns3:atemp>
            <ns3:hr>173</ns3:hr>
            <ns3:cad>89</ns3:cad>
          </ns3:TrackPointExtension>
        </extensions>
      </trkpt>
      <trkpt lat="31.9817475043237209320068359375" lon="118.78583016805350780487060546875">
        <ele>13.80000019073486328125</ele>
        <time>2024-10-14T11:55:24.000Z</time>
        <extensions>
          <ns3:TrackPointExtension>
            <ns3:atemp>27.0</ns3:atemp>
            <ns3:hr>173</ns3:hr>
            <ns3:cad>89</ns3:cad>
          </ns3:TrackPointExtension>
        </extensions>
      </trkpt>
      <trkpt lat="31.981731913983821868896484375" lon="118.7858035974204540252685546875">
        <ele>13.80000019073486328125</ele>
        <time>2024-10-14T11:55:25.000Z</time>
        <extensions>
          <ns3:TrackPointExtension>
            <ns3:atemp>27.0</ns3:atemp>
            <ns3:hr>173</ns3:hr>
            <ns3:cad>89</ns3:cad>
          </ns3:TrackPointExtension>
        </extensions>
      </trkpt>
      <trkpt lat="31.9817163236439228057861328125" lon="118.78577585332095623016357421875">
        <ele>14</ele>
        <time>2024-10-14T11:55:26.000Z</time>
        <extensions>
          <ns3:TrackPointExtension>
            <ns3:atemp>27.0</ns3:atemp>
            <ns3:hr>173</ns3:hr>
            <ns3:cad>90</ns3:cad>
          </ns3:TrackPointExtension>
        </extensions>
      </trkpt>
      <trkpt lat="31.98170098476111888885498046875" lon="118.7857476063072681427001953125">
        <ele>14</ele>
        <time>2024-10-14T11:55:27.000Z</time>
        <extensions>
          <ns3:TrackPointExtension>
            <ns3:atemp>27.0</ns3:atemp>
            <ns3:hr>173</ns3:hr>
            <ns3:cad>90</ns3:cad>
          </ns3:TrackPointExtension>
        </extensions>
      </trkpt>
      <trkpt lat="31.98168690316379070281982421875" lon="118.785722963511943817138671875">
        <ele>14</ele>
        <time>2024-10-14T11:55:28.000Z</time>
        <extensions>
          <ns3:TrackPointExtension>
            <ns3:atemp>27.0</ns3:atemp>
            <ns3:hr>173</ns3:hr>
            <ns3:cad>90</ns3:cad>
          </ns3:TrackPointExtension>
        </extensions>
      </trkpt>
      <trkpt lat="31.98167391121387481689453125" lon="118.78569890744984149932861328125">
        <ele>14</ele>
        <time>2024-10-14T11:55:29.000Z</time>
        <extensions>
          <ns3:TrackPointExtension>
            <ns3:atemp>27.0</ns3:atemp>
            <ns3:hr>173</ns3:hr>
            <ns3:cad>90</ns3:cad>
          </ns3:TrackPointExtension>
        </extensions>
      </trkpt>
      <trkpt lat="31.98165915906429290771484375" lon="118.7856708280742168426513671875">
        <ele>14</ele>
        <time>2024-10-14T11:55:30.000Z</time>
        <extensions>
          <ns3:TrackPointExtension>
            <ns3:atemp>27.0</ns3:atemp>
            <ns3:hr>173</ns3:hr>
            <ns3:cad>90</ns3:cad>
          </ns3:TrackPointExtension>
        </extensions>
      </trkpt>
      <trkpt lat="31.98164532892405986785888671875" lon="118.78564492799341678619384765625">
        <ele>14</ele>
        <time>2024-10-14T11:55:31.000Z</time>
        <extensions>
          <ns3:TrackPointExtension>
            <ns3:atemp>27.0</ns3:atemp>
            <ns3:hr>173</ns3:hr>
            <ns3:cad>90</ns3:cad>
          </ns3:TrackPointExtension>
        </extensions>
      </trkpt>
      <trkpt lat="31.98162965476512908935546875" lon="118.785617016255855560302734375">
        <ele>14</ele>
        <time>2024-10-14T11:55:32.000Z</time>
        <extensions>
          <ns3:TrackPointExtension>
            <ns3:atemp>27.0</ns3:atemp>
            <ns3:hr>173</ns3:hr>
            <ns3:cad>90</ns3:cad>
          </ns3:TrackPointExtension>
        </extensions>
      </trkpt>
      <trkpt lat="31.9816147349774837493896484375" lon="118.7855906970798969268798828125">
        <ele>14</ele>
        <time>2024-10-14T11:55:33.000Z</time>
        <extensions>
          <ns3:TrackPointExtension>
            <ns3:atemp>27.0</ns3:atemp>
            <ns3:hr>173</ns3:hr>
            <ns3:cad>90</ns3:cad>
          </ns3:TrackPointExtension>
        </extensions>
      </trkpt>
      <trkpt lat="31.98159855790436267852783203125" lon="118.7855638749897480010986328125">
        <ele>14</ele>
        <time>2024-10-14T11:55:34.000Z</time>
        <extensions>
          <ns3:TrackPointExtension>
            <ns3:atemp>27.0</ns3:atemp>
            <ns3:hr>173</ns3:hr>
            <ns3:cad>90</ns3:cad>
          </ns3:TrackPointExtension>
        </extensions>
      </trkpt>
      <trkpt lat="31.98158263228833675384521484375" lon="118.78553688526153564453125">
        <ele>14</ele>
        <time>2024-10-14T11:55:35.000Z</time>
        <extensions>
          <ns3:TrackPointExtension>
            <ns3:atemp>27.0</ns3:atemp>
            <ns3:hr>173</ns3:hr>
            <ns3:cad>89</ns3:cad>
          </ns3:TrackPointExtension>
        </extensions>
      </trkpt>
      <trkpt lat="31.98156637139618396759033203125" lon="118.78551148809492588043212890625">
        <ele>14</ele>
        <time>2024-10-14T11:55:36.000Z</time>
        <extensions>
          <ns3:TrackPointExtension>
            <ns3:atemp>27.0</ns3:atemp>
            <ns3:hr>173</ns3:hr>
            <ns3:cad>89</ns3:cad>
          </ns3:TrackPointExtension>
        </extensions>
      </trkpt>
      <trkpt lat="31.98155296035110950469970703125" lon="118.78548919223248958587646484375">
        <ele>14</ele>
        <time>2024-10-14T11:55:37.000Z</time>
        <extensions>
          <ns3:TrackPointExtension>
            <ns3:atemp>27.0</ns3:atemp>
            <ns3:hr>173</ns3:hr>
            <ns3:cad>89</ns3:cad>
          </ns3:TrackPointExtension>
        </extensions>
      </trkpt>
      <trkpt lat="31.98153787292540073394775390625" lon="118.7854631245136260986328125">
        <ele>14</ele>
        <time>2024-10-14T11:55:38.000Z</time>
        <extensions>
          <ns3:TrackPointExtension>
            <ns3:atemp>27.0</ns3:atemp>
            <ns3:hr>173</ns3:hr>
            <ns3:cad>89</ns3:cad>
          </ns3:TrackPointExtension>
        </extensions>
      </trkpt>
      <trkpt lat="31.98152429424226284027099609375" lon="118.78543965518474578857421875">
        <ele>14</ele>
        <time>2024-10-14T11:55:39.000Z</time>
        <extensions>
          <ns3:TrackPointExtension>
            <ns3:atemp>27.0</ns3:atemp>
            <ns3:hr>173</ns3:hr>
            <ns3:cad>89</ns3:cad>
          </ns3:TrackPointExtension>
        </extensions>
      </trkpt>
      <trkpt lat="31.98150937445461750030517578125" lon="118.78541325218975543975830078125">
        <ele>14</ele>
        <time>2024-10-14T11:55:40.000Z</time>
        <extensions>
          <ns3:TrackPointExtension>
            <ns3:atemp>27.0</ns3:atemp>
            <ns3:hr>173</ns3:hr>
            <ns3:cad>90</ns3:cad>
          </ns3:TrackPointExtension>
        </extensions>
      </trkpt>
      <trkpt lat="31.9814943708479404449462890625" lon="118.78538877703249454498291015625">
        <ele>14</ele>
        <time>2024-10-14T11:55:41.000Z</time>
        <extensions>
          <ns3:TrackPointExtension>
            <ns3:atemp>27.0</ns3:atemp>
            <ns3:hr>173</ns3:hr>
            <ns3:cad>90</ns3:cad>
          </ns3:TrackPointExtension>
        </extensions>
      </trkpt>
      <trkpt lat="31.981477774679660797119140625" lon="118.78536279313266277313232421875">
        <ele>14</ele>
        <time>2024-10-14T11:55:42.000Z</time>
        <extensions>
          <ns3:TrackPointExtension>
            <ns3:atemp>27.0</ns3:atemp>
            <ns3:hr>173</ns3:hr>
            <ns3:cad>90</ns3:cad>
          </ns3:TrackPointExtension>
        </extensions>
      </trkpt>
      <trkpt lat="31.98146201670169830322265625" lon="118.78533647395670413970947265625">
        <ele>14</ele>
        <time>2024-10-14T11:55:43.000Z</time>
        <extensions>
          <ns3:TrackPointExtension>
            <ns3:atemp>27.0</ns3:atemp>
            <ns3:hr>173</ns3:hr>
            <ns3:cad>90</ns3:cad>
          </ns3:TrackPointExtension>
        </extensions>
      </trkpt>
      <trkpt lat="31.981445252895355224609375" lon="118.78530981950461864471435546875">
        <ele>14</ele>
        <time>2024-10-14T11:55:44.000Z</time>
        <extensions>
          <ns3:TrackPointExtension>
            <ns3:atemp>27.0</ns3:atemp>
            <ns3:hr>173</ns3:hr>
            <ns3:cad>90</ns3:cad>
          </ns3:TrackPointExtension>
        </extensions>
      </trkpt>
      <trkpt lat="31.98142874054610729217529296875" lon="118.785283751785755157470703125">
        <ele>14</ele>
        <time>2024-10-14T11:55:45.000Z</time>
        <extensions>
          <ns3:TrackPointExtension>
            <ns3:atemp>27.0</ns3:atemp>
            <ns3:hr>173</ns3:hr>
            <ns3:cad>90</ns3:cad>
          </ns3:TrackPointExtension>
        </extensions>
      </trkpt>
      <trkpt lat="31.98141315020620822906494140625" lon="118.7852581031620502471923828125">
        <ele>14</ele>
        <time>2024-10-14T11:55:46.000Z</time>
        <extensions>
          <ns3:TrackPointExtension>
            <ns3:atemp>27.0</ns3:atemp>
            <ns3:hr>173</ns3:hr>
            <ns3:cad>90</ns3:cad>
          </ns3:TrackPointExtension>
        </extensions>
      </trkpt>
      <trkpt lat="31.981396637856960296630859375" lon="118.7852403335273265838623046875">
        <ele>14</ele>
        <time>2024-10-14T11:55:47.000Z</time>
        <extensions>
          <ns3:TrackPointExtension>
            <ns3:atemp>27.0</ns3:atemp>
            <ns3:hr>173</ns3:hr>
            <ns3:cad>90</ns3:cad>
          </ns3:TrackPointExtension>
        </extensions>
      </trkpt>
      <trkpt lat="31.98138079605996608734130859375" lon="118.785212337970733642578125">
        <ele>14</ele>
        <time>2024-10-14T11:55:48.000Z</time>
        <extensions>
          <ns3:TrackPointExtension>
            <ns3:atemp>27.0</ns3:atemp>
            <ns3:hr>173</ns3:hr>
            <ns3:cad>90</ns3:cad>
          </ns3:TrackPointExtension>
        </extensions>
      </trkpt>
      <trkpt lat="31.98136487044394016265869140625" lon="118.78518895246088504791259765625">
        <ele>14</ele>
        <time>2024-10-14T11:55:49.000Z</time>
        <extensions>
          <ns3:TrackPointExtension>
            <ns3:atemp>27.0</ns3:atemp>
            <ns3:hr>173</ns3:hr>
            <ns3:cad>90</ns3:cad>
          </ns3:TrackPointExtension>
        </extensions>
      </trkpt>
      <trkpt lat="31.981351040303707122802734375" lon="118.78516229800879955291748046875">
        <ele>14</ele>
        <time>2024-10-14T11:55:50.000Z</time>
        <extensions>
          <ns3:TrackPointExtension>
            <ns3:atemp>27.0</ns3:atemp>
            <ns3:hr>173</ns3:hr>
            <ns3:cad>90</ns3:cad>
          </ns3:TrackPointExtension>
        </extensions>
      </trkpt>
      <trkpt lat="31.9813394732773303985595703125" lon="118.785135559737682342529296875">
        <ele>14</ele>
        <time>2024-10-14T11:55:51.000Z</time>
        <extensions>
          <ns3:TrackPointExtension>
            <ns3:atemp>27.0</ns3:atemp>
            <ns3:hr>173</ns3:hr>
            <ns3:cad>90</ns3:cad>
          </ns3:TrackPointExtension>
        </extensions>
      </trkpt>
      <trkpt lat="31.98132748715579509735107421875" lon="118.7851082347333431243896484375">
        <ele>14</ele>
        <time>2024-10-14T11:55:52.000Z</time>
        <extensions>
          <ns3:TrackPointExtension>
            <ns3:atemp>27.0</ns3:atemp>
            <ns3:hr>173</ns3:hr>
            <ns3:cad>90</ns3:cad>
          </ns3:TrackPointExtension>
        </extensions>
      </trkpt>
      <trkpt lat="31.9813163392245769500732421875" lon="118.7850795686244964599609375">
        <ele>14</ele>
        <time>2024-10-14T11:55:53.000Z</time>
        <extensions>
          <ns3:TrackPointExtension>
            <ns3:atemp>27.0</ns3:atemp>
            <ns3:hr>173</ns3:hr>
            <ns3:cad>90</ns3:cad>
          </ns3:TrackPointExtension>
        </extensions>
      </trkpt>
      <trkpt lat="31.98130317963659763336181640625" lon="118.78504746593534946441650390625">
        <ele>14</ele>
        <time>2024-10-14T11:55:54.000Z</time>
        <extensions>
          <ns3:TrackPointExtension>
            <ns3:atemp>27.0</ns3:atemp>
            <ns3:hr>173</ns3:hr>
            <ns3:cad>90</ns3:cad>
          </ns3:TrackPointExtension>
        </extensions>
      </trkpt>
      <trkpt lat="31.9812918640673160552978515625" lon="118.7850178778171539306640625">
        <ele>14</ele>
        <time>2024-10-14T11:55:55.000Z</time>
        <extensions>
          <ns3:TrackPointExtension>
            <ns3:atemp>27.0</ns3:atemp>
            <ns3:hr>173</ns3:hr>
            <ns3:cad>90</ns3:cad>
          </ns3:TrackPointExtension>
        </extensions>
      </trkpt>
      <trkpt lat="31.98127954266965389251708984375" lon="118.78498770296573638916015625">
        <ele>14</ele>
        <time>2024-10-14T11:55:56.000Z</time>
        <extensions>
          <ns3:TrackPointExtension>
            <ns3:atemp>27.0</ns3:atemp>
            <ns3:hr>173</ns3:hr>
            <ns3:cad>90</ns3:cad>
          </ns3:TrackPointExtension>
        </extensions>
      </trkpt>
      <trkpt lat="31.98126663453876972198486328125" lon="118.784959204494953155517578125">
        <ele>14</ele>
        <time>2024-10-14T11:55:57.000Z</time>
        <extensions>
          <ns3:TrackPointExtension>
            <ns3:atemp>27.0</ns3:atemp>
            <ns3:hr>173</ns3:hr>
            <ns3:cad>90</ns3:cad>
          </ns3:TrackPointExtension>
        </extensions>
      </trkpt>
      <trkpt lat="31.981255151331424713134765625" lon="118.78493347205221652984619140625">
        <ele>14</ele>
        <time>2024-10-14T11:55:58.000Z</time>
        <extensions>
          <ns3:TrackPointExtension>
            <ns3:atemp>27.0</ns3:atemp>
            <ns3:hr>173</ns3:hr>
            <ns3:cad>90</ns3:cad>
          </ns3:TrackPointExtension>
        </extensions>
      </trkpt>
      <trkpt lat="31.98124098591506481170654296875" lon="118.784910254180431365966796875">
        <ele>14</ele>
        <time>2024-10-14T11:55:59.000Z</time>
        <extensions>
          <ns3:TrackPointExtension>
            <ns3:atemp>27.0</ns3:atemp>
            <ns3:hr>173</ns3:hr>
            <ns3:cad>89</ns3:cad>
          </ns3:TrackPointExtension>
        </extensions>
      </trkpt>
      <trkpt lat="31.98122707195580005645751953125" lon="118.78488183952867984771728515625">
        <ele>14</ele>
        <time>2024-10-14T11:56:00.000Z</time>
        <extensions>
          <ns3:TrackPointExtension>
            <ns3:atemp>27.0</ns3:atemp>
            <ns3:hr>173</ns3:hr>
            <ns3:cad>89</ns3:cad>
          </ns3:TrackPointExtension>
        </extensions>
      </trkpt>
      <trkpt lat="31.9812134094536304473876953125" lon="118.7848557718098163604736328125">
        <ele>14</ele>
        <time>2024-10-14T11:56:01.000Z</time>
        <extensions>
          <ns3:TrackPointExtension>
            <ns3:atemp>27.0</ns3:atemp>
            <ns3:hr>173</ns3:hr>
            <ns3:cad>88</ns3:cad>
          </ns3:TrackPointExtension>
        </extensions>
      </trkpt>
      <trkpt lat="31.9812003336846828460693359375" lon="118.7848266027867794036865234375">
        <ele>14</ele>
        <time>2024-10-14T11:56:02.000Z</time>
        <extensions>
          <ns3:TrackPointExtension>
            <ns3:atemp>27.0</ns3:atemp>
            <ns3:hr>173</ns3:hr>
            <ns3:cad>88</ns3:cad>
          </ns3:TrackPointExtension>
        </extensions>
      </trkpt>
      <trkpt lat="31.981187760829925537109375" lon="118.78480003215372562408447265625">
        <ele>14</ele>
        <time>2024-10-14T11:56:03.000Z</time>
        <extensions>
          <ns3:TrackPointExtension>
            <ns3:atemp>27.0</ns3:atemp>
            <ns3:hr>173</ns3:hr>
            <ns3:cad>88</ns3:cad>
          </ns3:TrackPointExtension>
        </extensions>
      </trkpt>
      <trkpt lat="31.9811761938035488128662109375" lon="118.784771449863910675048828125">
        <ele>14</ele>
        <time>2024-10-14T11:56:04.000Z</time>
        <extensions>
          <ns3:TrackPointExtension>
            <ns3:atemp>27.0</ns3:atemp>
            <ns3:hr>173</ns3:hr>
            <ns3:cad>88</ns3:cad>
          </ns3:TrackPointExtension>
        </extensions>
      </trkpt>
      <trkpt lat="31.981165967881679534912109375" lon="118.7847437895834445953369140625">
        <ele>14</ele>
        <time>2024-10-14T11:56:05.000Z</time>
        <extensions>
          <ns3:TrackPointExtension>
            <ns3:atemp>27.0</ns3:atemp>
            <ns3:hr>173</ns3:hr>
            <ns3:cad>88</ns3:cad>
          </ns3:TrackPointExtension>
        </extensions>
      </trkpt>
      <trkpt lat="31.981156580150127410888671875" lon="118.78471604548394680023193359375">
        <ele>14</ele>
        <time>2024-10-14T11:56:06.000Z</time>
        <extensions>
          <ns3:TrackPointExtension>
            <ns3:atemp>27.0</ns3:atemp>
            <ns3:hr>173</ns3:hr>
            <ns3:cad>88</ns3:cad>
          </ns3:TrackPointExtension>
        </extensions>
      </trkpt>
      <trkpt lat="31.98115230537950992584228515625" lon="118.78469056449830532073974609375">
        <ele>14</ele>
        <time>2024-10-14T11:56:07.000Z</time>
        <extensions>
          <ns3:TrackPointExtension>
            <ns3:atemp>27.0</ns3:atemp>
            <ns3:hr>173</ns3:hr>
            <ns3:cad>88</ns3:cad>
          </ns3:TrackPointExtension>
        </extensions>
      </trkpt>
      <trkpt lat="31.98114819824695587158203125" lon="118.784663490951061248779296875">
        <ele>14</ele>
        <time>2024-10-14T11:56:08.000Z</time>
        <extensions>
          <ns3:TrackPointExtension>
            <ns3:atemp>27.0</ns3:atemp>
            <ns3:hr>173</ns3:hr>
            <ns3:cad>89</ns3:cad>
          </ns3:TrackPointExtension>
        </extensions>
      </trkpt>
      <trkpt lat="31.98114442639052867889404296875" lon="118.78463566303253173828125">
        <ele>14</ele>
        <time>2024-10-14T11:56:09.000Z</time>
        <extensions>
          <ns3:TrackPointExtension>
            <ns3:atemp>27.0</ns3:atemp>
            <ns3:hr>173</ns3:hr>
            <ns3:cad>89</ns3:cad>
          </ns3:TrackPointExtension>
        </extensions>
      </trkpt>
      <trkpt lat="31.98113939724862575531005859375" lon="118.78460791893303394317626953125">
        <ele>14</ele>
        <time>2024-10-14T11:56:10.000Z</time>
        <extensions>
          <ns3:TrackPointExtension>
            <ns3:atemp>27.0</ns3:atemp>
            <ns3:hr>173</ns3:hr>
            <ns3:cad>89</ns3:cad>
          </ns3:TrackPointExtension>
        </extensions>
      </trkpt>
      <trkpt lat="31.981131769716739654541015625" lon="118.78457657061517238616943359375">
        <ele>14.19999980926513671875</ele>
        <time>2024-10-14T11:56:11.000Z</time>
        <extensions>
          <ns3:TrackPointExtension>
            <ns3:atemp>27.0</ns3:atemp>
            <ns3:hr>173</ns3:hr>
            <ns3:cad>88</ns3:cad>
          </ns3:TrackPointExtension>
        </extensions>
      </trkpt>
      <trkpt lat="31.98112112469971179962158203125" lon="118.7845456413924694061279296875">
        <ele>14.19999980926513671875</ele>
        <time>2024-10-14T11:56:12.000Z</time>
        <extensions>
          <ns3:TrackPointExtension>
            <ns3:atemp>27.0</ns3:atemp>
            <ns3:hr>174</ns3:hr>
            <ns3:cad>88</ns3:cad>
          </ns3:TrackPointExtension>
        </extensions>
      </trkpt>
      <trkpt lat="31.98110997676849365234375" lon="118.78451471216976642608642578125">
        <ele>14.19999980926513671875</ele>
        <time>2024-10-14T11:56:13.000Z</time>
        <extensions>
          <ns3:TrackPointExtension>
            <ns3:atemp>27.0</ns3:atemp>
            <ns3:hr>174</ns3:hr>
            <ns3:cad>88</ns3:cad>
          </ns3:TrackPointExtension>
        </extensions>
      </trkpt>
      <trkpt lat="31.98110067285597324371337890625" lon="118.7844894826412200927734375">
        <ele>14.19999980926513671875</ele>
        <time>2024-10-14T11:56:14.000Z</time>
        <extensions>
          <ns3:TrackPointExtension>
            <ns3:atemp>27.0</ns3:atemp>
            <ns3:hr>174</ns3:hr>
            <ns3:cad>88</ns3:cad>
          </ns3:TrackPointExtension>
        </extensions>
      </trkpt>
      <trkpt lat="31.98109128512442111968994140625" lon="118.78446576185524463653564453125">
        <ele>14.19999980926513671875</ele>
        <time>2024-10-14T11:56:15.000Z</time>
        <extensions>
          <ns3:TrackPointExtension>
            <ns3:atemp>27.0</ns3:atemp>
            <ns3:hr>173</ns3:hr>
            <ns3:cad>88</ns3:cad>
          </ns3:TrackPointExtension>
        </extensions>
      </trkpt>
      <trkpt lat="31.98108189739286899566650390625" lon="118.78444061614573001861572265625">
        <ele>14.19999980926513671875</ele>
        <time>2024-10-14T11:56:16.000Z</time>
        <extensions>
          <ns3:TrackPointExtension>
            <ns3:atemp>27.0</ns3:atemp>
            <ns3:hr>173</ns3:hr>
            <ns3:cad>88</ns3:cad>
          </ns3:TrackPointExtension>
        </extensions>
      </trkpt>
      <trkpt lat="31.9810725934803485870361328125" lon="118.78441681154072284698486328125">
        <ele>14.19999980926513671875</ele>
        <time>2024-10-14T11:56:17.000Z</time>
        <extensions>
          <ns3:TrackPointExtension>
            <ns3:atemp>27.0</ns3:atemp>
            <ns3:hr>173</ns3:hr>
            <ns3:cad>88</ns3:cad>
          </ns3:TrackPointExtension>
        </extensions>
      </trkpt>
      <trkpt lat="31.9810608588159084320068359375" lon="118.7843914143741130828857421875">
        <ele>14</ele>
        <time>2024-10-14T11:56:18.000Z</time>
        <extensions>
          <ns3:TrackPointExtension>
            <ns3:atemp>27.0</ns3:atemp>
            <ns3:hr>173</ns3:hr>
            <ns3:cad>88</ns3:cad>
          </ns3:TrackPointExtension>
        </extensions>
      </trkpt>
      <trkpt lat="31.9810504652559757232666015625" lon="118.78436400555074214935302734375">
        <ele>14</ele>
        <time>2024-10-14T11:56:19.000Z</time>
        <extensions>
          <ns3:TrackPointExtension>
            <ns3:atemp>27.0</ns3:atemp>
            <ns3:hr>173</ns3:hr>
            <ns3:cad>88</ns3:cad>
          </ns3:TrackPointExtension>
        </extensions>
      </trkpt>
      <trkpt lat="31.98103814385831356048583984375" lon="118.7843370996415615081787109375">
        <ele>14</ele>
        <time>2024-10-14T11:56:20.000Z</time>
        <extensions>
          <ns3:TrackPointExtension>
            <ns3:atemp>27.0</ns3:atemp>
            <ns3:hr>173</ns3:hr>
            <ns3:cad>87</ns3:cad>
          </ns3:TrackPointExtension>
        </extensions>
      </trkpt>
      <trkpt lat="31.9810243137180805206298828125" lon="118.784311451017856597900390625">
        <ele>14</ele>
        <time>2024-10-14T11:56:21.000Z</time>
        <extensions>
          <ns3:TrackPointExtension>
            <ns3:atemp>27.0</ns3:atemp>
            <ns3:hr>173</ns3:hr>
            <ns3:cad>87</ns3:cad>
          </ns3:TrackPointExtension>
        </extensions>
      </trkpt>
      <trkpt lat="31.98101249523460865020751953125" lon="118.78428722731769084930419921875">
        <ele>14</ele>
        <time>2024-10-14T11:56:22.000Z</time>
        <extensions>
          <ns3:TrackPointExtension>
            <ns3:atemp>27.0</ns3:atemp>
            <ns3:hr>173</ns3:hr>
            <ns3:cad>87</ns3:cad>
          </ns3:TrackPointExtension>
        </extensions>
      </trkpt>
      <trkpt lat="31.98099908418953418731689453125" lon="118.7842616625130176544189453125">
        <ele>14</ele>
        <time>2024-10-14T11:56:23.000Z</time>
        <extensions>
          <ns3:TrackPointExtension>
            <ns3:atemp>27.0</ns3:atemp>
            <ns3:hr>173</ns3:hr>
            <ns3:cad>87</ns3:cad>
          </ns3:TrackPointExtension>
        </extensions>
      </trkpt>
      <trkpt lat="31.9809879362583160400390625" lon="118.7842375226318836212158203125">
        <ele>14</ele>
        <time>2024-10-14T11:56:24.000Z</time>
        <extensions>
          <ns3:TrackPointExtension>
            <ns3:atemp>27.0</ns3:atemp>
            <ns3:hr>173</ns3:hr>
            <ns3:cad>87</ns3:cad>
          </ns3:TrackPointExtension>
        </extensions>
      </trkpt>
      <trkpt lat="31.98097477667033672332763671875" lon="118.7842130474746227264404296875">
        <ele>14</ele>
        <time>2024-10-14T11:56:25.000Z</time>
        <extensions>
          <ns3:TrackPointExtension>
            <ns3:atemp>27.0</ns3:atemp>
            <ns3:hr>173</ns3:hr>
            <ns3:cad>87</ns3:cad>
          </ns3:TrackPointExtension>
        </extensions>
      </trkpt>
      <trkpt lat="31.98096136562526226043701171875" lon="118.78418547101318836212158203125">
        <ele>14</ele>
        <time>2024-10-14T11:56:26.000Z</time>
        <extensions>
          <ns3:TrackPointExtension>
            <ns3:atemp>27.0</ns3:atemp>
            <ns3:hr>173</ns3:hr>
            <ns3:cad>87</ns3:cad>
          </ns3:TrackPointExtension>
        </extensions>
      </trkpt>
      <trkpt lat="31.980946026742458343505859375" lon="118.78415328450500965118408203125">
        <ele>14</ele>
        <time>2024-10-14T11:56:27.000Z</time>
        <extensions>
          <ns3:TrackPointExtension>
            <ns3:atemp>27.0</ns3:atemp>
            <ns3:hr>173</ns3:hr>
            <ns3:cad>87</ns3:cad>
          </ns3:TrackPointExtension>
        </extensions>
      </trkpt>
      <trkpt lat="31.98093035258352756500244140625" lon="118.7841221876442432403564453125">
        <ele>14</ele>
        <time>2024-10-14T11:56:28.000Z</time>
        <extensions>
          <ns3:TrackPointExtension>
            <ns3:atemp>27.0</ns3:atemp>
            <ns3:hr>173</ns3:hr>
            <ns3:cad>87</ns3:cad>
          </ns3:TrackPointExtension>
        </extensions>
      </trkpt>
      <trkpt lat="31.980915851891040802001953125" lon="118.7840898334980010986328125">
        <ele>14</ele>
        <time>2024-10-14T11:56:29.000Z</time>
        <extensions>
          <ns3:TrackPointExtension>
            <ns3:atemp>27.0</ns3:atemp>
            <ns3:hr>173</ns3:hr>
            <ns3:cad>87</ns3:cad>
          </ns3:TrackPointExtension>
        </extensions>
      </trkpt>
      <trkpt lat="31.98090353049337863922119140625" lon="118.7840615026652812957763671875">
        <ele>14</ele>
        <time>2024-10-14T11:56:30.000Z</time>
        <extensions>
          <ns3:TrackPointExtension>
            <ns3:atemp>27.0</ns3:atemp>
            <ns3:hr>173</ns3:hr>
            <ns3:cad>87</ns3:cad>
          </ns3:TrackPointExtension>
        </extensions>
      </trkpt>
      <trkpt lat="31.98089146055281162261962890625" lon="118.78403644077479839324951171875">
        <ele>14</ele>
        <time>2024-10-14T11:56:31.000Z</time>
        <extensions>
          <ns3:TrackPointExtension>
            <ns3:atemp>27.0</ns3:atemp>
            <ns3:hr>173</ns3:hr>
            <ns3:cad>87</ns3:cad>
          </ns3:TrackPointExtension>
        </extensions>
      </trkpt>
      <trkpt lat="31.9808788038790225982666015625" lon="118.78401540219783782958984375">
        <ele>13.80000019073486328125</ele>
        <time>2024-10-14T11:56:32.000Z</time>
        <extensions>
          <ns3:TrackPointExtension>
            <ns3:atemp>27.0</ns3:atemp>
            <ns3:hr>173</ns3:hr>
            <ns3:cad>87</ns3:cad>
          </ns3:TrackPointExtension>
        </extensions>
      </trkpt>
      <trkpt lat="31.98086715303361415863037109375" lon="118.783999644219875335693359375">
        <ele>13.80000019073486328125</ele>
        <time>2024-10-14T11:56:33.000Z</time>
        <extensions>
          <ns3:TrackPointExtension>
            <ns3:atemp>27.0</ns3:atemp>
            <ns3:hr>172</ns3:hr>
            <ns3:cad>86</ns3:cad>
          </ns3:TrackPointExtension>
        </extensions>
      </trkpt>
      <trkpt lat="31.980856172740459442138671875" lon="118.78398564644157886505126953125">
        <ele>13.80000019073486328125</ele>
        <time>2024-10-14T11:56:34.000Z</time>
        <extensions>
          <ns3:TrackPointExtension>
            <ns3:atemp>27.0</ns3:atemp>
            <ns3:hr>172</ns3:hr>
            <ns3:cad>86</ns3:cad>
          </ns3:TrackPointExtension>
        </extensions>
      </trkpt>
      <trkpt lat="31.98084267787635326385498046875" lon="118.783959411084651947021484375">
        <ele>13.80000019073486328125</ele>
        <time>2024-10-14T11:56:35.000Z</time>
        <extensions>
          <ns3:TrackPointExtension>
            <ns3:atemp>27.0</ns3:atemp>
            <ns3:hr>172</ns3:hr>
            <ns3:cad>86</ns3:cad>
          </ns3:TrackPointExtension>
        </extensions>
      </trkpt>
      <trkpt lat="31.98083194904029369354248046875" lon="118.78393267281353473663330078125">
        <ele>13.80000019073486328125</ele>
        <time>2024-10-14T11:56:36.000Z</time>
        <extensions>
          <ns3:TrackPointExtension>
            <ns3:atemp>27.0</ns3:atemp>
            <ns3:hr>172</ns3:hr>
            <ns3:cad>86</ns3:cad>
          </ns3:TrackPointExtension>
        </extensions>
      </trkpt>
      <trkpt lat="31.9808228127658367156982421875" lon="118.7839015759527683258056640625">
        <ele>13.6000003814697265625</ele>
        <time>2024-10-14T11:56:37.000Z</time>
        <extensions>
          <ns3:TrackPointExtension>
            <ns3:atemp>27.0</ns3:atemp>
            <ns3:hr>172</ns3:hr>
            <ns3:cad>85</ns3:cad>
          </ns3:TrackPointExtension>
        </extensions>
      </trkpt>
      <trkpt lat="31.9808162748813629150390625" lon="118.783870898187160491943359375">
        <ele>13.6000003814697265625</ele>
        <time>2024-10-14T11:56:38.000Z</time>
        <extensions>
          <ns3:TrackPointExtension>
            <ns3:atemp>27.0</ns3:atemp>
            <ns3:hr>171</ns3:hr>
            <ns3:cad>85</ns3:cad>
          </ns3:TrackPointExtension>
        </extensions>
      </trkpt>
      <trkpt lat="31.98081082664430141448974609375" lon="118.78383996896445751190185546875">
        <ele>13.6000003814697265625</ele>
        <time>2024-10-14T11:56:39.000Z</time>
        <extensions>
          <ns3:TrackPointExtension>
            <ns3:atemp>27.0</ns3:atemp>
            <ns3:hr>171</ns3:hr>
            <ns3:cad>85</ns3:cad>
          </ns3:TrackPointExtension>
        </extensions>
      </trkpt>
      <trkpt lat="31.9808043725788593292236328125" lon="118.78381230868399143218994140625">
        <ele>13.6000003814697265625</ele>
        <time>2024-10-14T11:56:40.000Z</time>
        <extensions>
          <ns3:TrackPointExtension>
            <ns3:atemp>27.0</ns3:atemp>
            <ns3:hr>171</ns3:hr>
            <ns3:cad>87</ns3:cad>
          </ns3:TrackPointExtension>
        </extensions>
      </trkpt>
      <trkpt lat="31.98080194182693958282470703125" lon="118.78378313966095447540283203125">
        <ele>13.6000003814697265625</ele>
        <time>2024-10-14T11:56:41.000Z</time>
        <extensions>
          <ns3:TrackPointExtension>
            <ns3:atemp>27.0</ns3:atemp>
            <ns3:hr>171</ns3:hr>
            <ns3:cad>87</ns3:cad>
          </ns3:TrackPointExtension>
        </extensions>
      </trkpt>
      <trkpt lat="31.98079506866633892059326171875" lon="118.78375883214175701141357421875">
        <ele>13.6000003814697265625</ele>
        <time>2024-10-14T11:56:42.000Z</time>
        <extensions>
          <ns3:TrackPointExtension>
            <ns3:atemp>27.0</ns3:atemp>
            <ns3:hr>171</ns3:hr>
            <ns3:cad>87</ns3:cad>
          </ns3:TrackPointExtension>
        </extensions>
      </trkpt>
      <trkpt lat="31.98078869841992855072021484375" lon="118.7837265618145465850830078125">
        <ele>13.6000003814697265625</ele>
        <time>2024-10-14T11:56:43.000Z</time>
        <extensions>
          <ns3:TrackPointExtension>
            <ns3:atemp>27.0</ns3:atemp>
            <ns3:hr>171</ns3:hr>
            <ns3:cad>87</ns3:cad>
          </ns3:TrackPointExtension>
        </extensions>
      </trkpt>
      <trkpt lat="31.98078014887869358062744140625" lon="118.78370300866663455963134765625">
        <ele>13.6000003814697265625</ele>
        <time>2024-10-14T11:56:44.000Z</time>
        <extensions>
          <ns3:TrackPointExtension>
            <ns3:atemp>27.0</ns3:atemp>
            <ns3:hr>171</ns3:hr>
            <ns3:cad>87</ns3:cad>
          </ns3:TrackPointExtension>
        </extensions>
      </trkpt>
      <trkpt lat="31.9807701744139194488525390625" lon="118.783674426376819610595703125">
        <ele>13.6000003814697265625</ele>
        <time>2024-10-14T11:56:45.000Z</time>
        <extensions>
          <ns3:TrackPointExtension>
            <ns3:atemp>27.0</ns3:atemp>
            <ns3:hr>171</ns3:hr>
            <ns3:cad>87</ns3:cad>
          </ns3:TrackPointExtension>
        </extensions>
      </trkpt>
      <trkpt lat="31.98075927793979644775390625" lon="118.7836477719247341156005859375">
        <ele>13.6000003814697265625</ele>
        <time>2024-10-14T11:56:46.000Z</time>
        <extensions>
          <ns3:TrackPointExtension>
            <ns3:atemp>27.0</ns3:atemp>
            <ns3:hr>171</ns3:hr>
            <ns3:cad>87</ns3:cad>
          </ns3:TrackPointExtension>
        </extensions>
      </trkpt>
      <trkpt lat="31.9807467050850391387939453125" lon="118.78361843526363372802734375">
        <ele>13.80000019073486328125</ele>
        <time>2024-10-14T11:56:47.000Z</time>
        <extensions>
          <ns3:TrackPointExtension>
            <ns3:atemp>27.0</ns3:atemp>
            <ns3:hr>172</ns3:hr>
            <ns3:cad>86</ns3:cad>
          </ns3:TrackPointExtension>
        </extensions>
      </trkpt>
      <trkpt lat="31.98073379695415496826171875" lon="118.78359052352607250213623046875">
        <ele>13.80000019073486328125</ele>
        <time>2024-10-14T11:56:48.000Z</time>
        <extensions>
          <ns3:TrackPointExtension>
            <ns3:atemp>27.0</ns3:atemp>
            <ns3:hr>172</ns3:hr>
            <ns3:cad>86</ns3:cad>
          </ns3:TrackPointExtension>
        </extensions>
      </trkpt>
      <trkpt lat="31.98072147555649280548095703125" lon="118.78356303088366985321044921875">
        <ele>13.80000019073486328125</ele>
        <time>2024-10-14T11:56:49.000Z</time>
        <extensions>
          <ns3:TrackPointExtension>
            <ns3:atemp>27.0</ns3:atemp>
            <ns3:hr>172</ns3:hr>
            <ns3:cad>86</ns3:cad>
          </ns3:TrackPointExtension>
        </extensions>
      </trkpt>
      <trkpt lat="31.98071074672043323516845703125" lon="118.783536292612552642822265625">
        <ele>13.6000003814697265625</ele>
        <time>2024-10-14T11:56:50.000Z</time>
        <extensions>
          <ns3:TrackPointExtension>
            <ns3:atemp>27.0</ns3:atemp>
            <ns3:hr>172</ns3:hr>
            <ns3:cad>86</ns3:cad>
          </ns3:TrackPointExtension>
        </extensions>
      </trkpt>
      <trkpt lat="31.98070135898888111114501953125" lon="118.78351273946464061737060546875">
        <ele>13.6000003814697265625</ele>
        <time>2024-10-14T11:56:51.000Z</time>
        <extensions>
          <ns3:TrackPointExtension>
            <ns3:atemp>27.0</ns3:atemp>
            <ns3:hr>172</ns3:hr>
            <ns3:cad>88</ns3:cad>
          </ns3:TrackPointExtension>
        </extensions>
      </trkpt>
      <trkpt lat="31.980689875781536102294921875" lon="118.7834865041077136993408203125">
        <ele>13.6000003814697265625</ele>
        <time>2024-10-14T11:56:52.000Z</time>
        <extensions>
          <ns3:TrackPointExtension>
            <ns3:atemp>27.0</ns3:atemp>
            <ns3:hr>172</ns3:hr>
            <ns3:cad>88</ns3:cad>
          </ns3:TrackPointExtension>
        </extensions>
      </trkpt>
      <trkpt lat="31.9806786440312862396240234375" lon="118.7834606878459453582763671875">
        <ele>13.6000003814697265625</ele>
        <time>2024-10-14T11:56:53.000Z</time>
        <extensions>
          <ns3:TrackPointExtension>
            <ns3:atemp>27.0</ns3:atemp>
            <ns3:hr>172</ns3:hr>
            <ns3:cad>88</ns3:cad>
          </ns3:TrackPointExtension>
        </extensions>
      </trkpt>
      <trkpt lat="31.98066900484263896942138671875" lon="118.78343193791806697845458984375">
        <ele>13.6000003814697265625</ele>
        <time>2024-10-14T11:56:54.000Z</time>
        <extensions>
          <ns3:TrackPointExtension>
            <ns3:atemp>27.0</ns3:atemp>
            <ns3:hr>172</ns3:hr>
            <ns3:cad>88</ns3:cad>
          </ns3:TrackPointExtension>
        </extensions>
      </trkpt>
      <trkpt lat="31.98066129349172115325927734375" lon="118.78340788185596466064453125">
        <ele>13.6000003814697265625</ele>
        <time>2024-10-14T11:56:55.000Z</time>
        <extensions>
          <ns3:TrackPointExtension>
            <ns3:atemp>27.0</ns3:atemp>
            <ns3:hr>172</ns3:hr>
            <ns3:cad>87</ns3:cad>
          </ns3:TrackPointExtension>
        </extensions>
      </trkpt>
      <trkpt lat="31.98065425269305706024169921875" lon="118.7833817303180694580078125">
        <ele>13.6000003814697265625</ele>
        <time>2024-10-14T11:56:56.000Z</time>
        <extensions>
          <ns3:TrackPointExtension>
            <ns3:atemp>27.0</ns3:atemp>
            <ns3:hr>172</ns3:hr>
            <ns3:cad>87</ns3:cad>
          </ns3:TrackPointExtension>
        </extensions>
      </trkpt>
      <trkpt lat="31.98064469732344150543212890625" lon="118.783355914056301116943359375">
        <ele>13.6000003814697265625</ele>
        <time>2024-10-14T11:56:57.000Z</time>
        <extensions>
          <ns3:TrackPointExtension>
            <ns3:atemp>27.0</ns3:atemp>
            <ns3:hr>172</ns3:hr>
            <ns3:cad>87</ns3:cad>
          </ns3:TrackPointExtension>
        </extensions>
      </trkpt>
      <trkpt lat="31.98063455522060394287109375" lon="118.7833299301564693450927734375">
        <ele>13.3999996185302734375</ele>
        <time>2024-10-14T11:56:58.000Z</time>
        <extensions>
          <ns3:TrackPointExtension>
            <ns3:atemp>27.0</ns3:atemp>
            <ns3:hr>172</ns3:hr>
            <ns3:cad>87</ns3:cad>
          </ns3:TrackPointExtension>
        </extensions>
      </trkpt>
      <trkpt lat="31.980624832212924957275390625" lon="118.78330620937049388885498046875">
        <ele>13.3999996185302734375</ele>
        <time>2024-10-14T11:56:59.000Z</time>
        <extensions>
          <ns3:TrackPointExtension>
            <ns3:atemp>27.0</ns3:atemp>
            <ns3:hr>172</ns3:hr>
            <ns3:cad>87</ns3:cad>
          </ns3:TrackPointExtension>
        </extensions>
      </trkpt>
      <trkpt lat="31.98061519302427768707275390625" lon="118.78328106366097927093505859375">
        <ele>13.3999996185302734375</ele>
        <time>2024-10-14T11:57:00.000Z</time>
        <extensions>
          <ns3:TrackPointExtension>
            <ns3:atemp>27.0</ns3:atemp>
            <ns3:hr>172</ns3:hr>
            <ns3:cad>87</ns3:cad>
          </ns3:TrackPointExtension>
        </extensions>
      </trkpt>
      <trkpt lat="31.98060547001659870147705078125" lon="118.7832558341324329376220703125">
        <ele>13.3999996185302734375</ele>
        <time>2024-10-14T11:57:01.000Z</time>
        <extensions>
          <ns3:TrackPointExtension>
            <ns3:atemp>27.0</ns3:atemp>
            <ns3:hr>172</ns3:hr>
            <ns3:cad>87</ns3:cad>
          </ns3:TrackPointExtension>
        </extensions>
      </trkpt>
      <trkpt lat="31.98059608228504657745361328125" lon="118.78322507254779338836669921875">
        <ele>13.3999996185302734375</ele>
        <time>2024-10-14T11:57:02.000Z</time>
        <extensions>
          <ns3:TrackPointExtension>
            <ns3:atemp>27.0</ns3:atemp>
            <ns3:hr>172</ns3:hr>
            <ns3:cad>88</ns3:cad>
          </ns3:TrackPointExtension>
        </extensions>
      </trkpt>
      <trkpt lat="31.9805861078202724456787109375" lon="118.78319389186799526214599609375">
        <ele>13.3999996185302734375</ele>
        <time>2024-10-14T11:57:03.000Z</time>
        <extensions>
          <ns3:TrackPointExtension>
            <ns3:atemp>27.0</ns3:atemp>
            <ns3:hr>172</ns3:hr>
            <ns3:cad>88</ns3:cad>
          </ns3:TrackPointExtension>
        </extensions>
      </trkpt>
      <trkpt lat="31.9805777259171009063720703125" lon="118.7831629626452922821044921875">
        <ele>13.3999996185302734375</ele>
        <time>2024-10-14T11:57:04.000Z</time>
        <extensions>
          <ns3:TrackPointExtension>
            <ns3:atemp>27.0</ns3:atemp>
            <ns3:hr>172</ns3:hr>
            <ns3:cad>88</ns3:cad>
          </ns3:TrackPointExtension>
        </extensions>
      </trkpt>
      <trkpt lat="31.9805693440139293670654296875" lon="118.783130943775177001953125">
        <ele>13.3999996185302734375</ele>
        <time>2024-10-14T11:57:05.000Z</time>
        <extensions>
          <ns3:TrackPointExtension>
            <ns3:atemp>27.0</ns3:atemp>
            <ns3:hr>172</ns3:hr>
            <ns3:cad>88</ns3:cad>
          </ns3:TrackPointExtension>
        </extensions>
      </trkpt>
      <trkpt lat="31.98056004010140895843505859375" lon="118.783101104199886322021484375">
        <ele>13.3999996185302734375</ele>
        <time>2024-10-14T11:57:06.000Z</time>
        <extensions>
          <ns3:TrackPointExtension>
            <ns3:atemp>27.0</ns3:atemp>
            <ns3:hr>172</ns3:hr>
            <ns3:cad>88</ns3:cad>
          </ns3:TrackPointExtension>
        </extensions>
      </trkpt>
      <trkpt lat="31.98054914362728595733642578125" lon="118.7830680795013904571533203125">
        <ele>13.3999996185302734375</ele>
        <time>2024-10-14T11:57:07.000Z</time>
        <extensions>
          <ns3:TrackPointExtension>
            <ns3:atemp>27.0</ns3:atemp>
            <ns3:hr>172</ns3:hr>
            <ns3:cad>88</ns3:cad>
          </ns3:TrackPointExtension>
        </extensions>
      </trkpt>
      <trkpt lat="31.980539001524448394775390625" lon="118.78304000012576580047607421875">
        <ele>13.3999996185302734375</ele>
        <time>2024-10-14T11:57:08.000Z</time>
        <extensions>
          <ns3:TrackPointExtension>
            <ns3:atemp>27.0</ns3:atemp>
            <ns3:hr>174</ns3:hr>
            <ns3:cad>88</ns3:cad>
          </ns3:TrackPointExtension>
        </extensions>
      </trkpt>
      <trkpt lat="31.98053070344030857086181640625" lon="118.7830102443695068359375">
        <ele>13.3999996185302734375</ele>
        <time>2024-10-14T11:57:09.000Z</time>
        <extensions>
          <ns3:TrackPointExtension>
            <ns3:atemp>27.0</ns3:atemp>
            <ns3:hr>175</ns3:hr>
            <ns3:cad>88</ns3:cad>
          </ns3:TrackPointExtension>
        </extensions>
      </trkpt>
      <trkpt lat="31.9805220700800418853759765625" lon="118.78298400901257991790771484375">
        <ele>13.3999996185302734375</ele>
        <time>2024-10-14T11:57:10.000Z</time>
        <extensions>
          <ns3:TrackPointExtension>
            <ns3:atemp>27.0</ns3:atemp>
            <ns3:hr>174</ns3:hr>
            <ns3:cad>88</ns3:cad>
          </ns3:TrackPointExtension>
        </extensions>
      </trkpt>
      <trkpt lat="31.9805120117962360382080078125" lon="118.78295534290373325347900390625">
        <ele>13.3999996185302734375</ele>
        <time>2024-10-14T11:57:11.000Z</time>
        <extensions>
          <ns3:TrackPointExtension>
            <ns3:atemp>27.0</ns3:atemp>
            <ns3:hr>174</ns3:hr>
            <ns3:cad>88</ns3:cad>
          </ns3:TrackPointExtension>
        </extensions>
      </trkpt>
      <trkpt lat="31.980504132807254791259765625" lon="118.7829275988042354583740234375">
        <ele>13.3999996185302734375</ele>
        <time>2024-10-14T11:57:12.000Z</time>
        <extensions>
          <ns3:TrackPointExtension>
            <ns3:atemp>27.0</ns3:atemp>
            <ns3:hr>174</ns3:hr>
            <ns3:cad>87</ns3:cad>
          </ns3:TrackPointExtension>
        </extensions>
      </trkpt>
      <trkpt lat="31.980496756732463836669921875" lon="118.78289951942861080169677734375">
        <ele>13.3999996185302734375</ele>
        <time>2024-10-14T11:57:13.000Z</time>
        <extensions>
          <ns3:TrackPointExtension>
            <ns3:atemp>27.0</ns3:atemp>
            <ns3:hr>173</ns3:hr>
            <ns3:cad>87</ns3:cad>
          </ns3:TrackPointExtension>
        </extensions>
      </trkpt>
      <trkpt lat="31.98048996739089488983154296875" lon="118.78287546336650848388671875">
        <ele>13.3999996185302734375</ele>
        <time>2024-10-14T11:57:14.000Z</time>
        <extensions>
          <ns3:TrackPointExtension>
            <ns3:atemp>27.0</ns3:atemp>
            <ns3:hr>173</ns3:hr>
            <ns3:cad>87</ns3:cad>
          </ns3:TrackPointExtension>
        </extensions>
      </trkpt>
      <trkpt lat="31.98048225603997707366943359375" lon="118.78285140730440616607666015625">
        <ele>13.3999996185302734375</ele>
        <time>2024-10-14T11:57:15.000Z</time>
        <extensions>
          <ns3:TrackPointExtension>
            <ns3:atemp>27.0</ns3:atemp>
            <ns3:hr>173</ns3:hr>
            <ns3:cad>88</ns3:cad>
          </ns3:TrackPointExtension>
        </extensions>
      </trkpt>
      <trkpt lat="31.9804754666984081268310546875" lon="118.78282743506133556365966796875">
        <ele>13.3999996185302734375</ele>
        <time>2024-10-14T11:57:16.000Z</time>
        <extensions>
          <ns3:TrackPointExtension>
            <ns3:atemp>27.0</ns3:atemp>
            <ns3:hr>173</ns3:hr>
            <ns3:cad>88</ns3:cad>
          </ns3:TrackPointExtension>
        </extensions>
      </trkpt>
      <trkpt lat="31.9804680906236171722412109375" lon="118.782800696790218353271484375">
        <ele>13.19999980926513671875</ele>
        <time>2024-10-14T11:57:17.000Z</time>
        <extensions>
          <ns3:TrackPointExtension>
            <ns3:atemp>27.0</ns3:atemp>
            <ns3:hr>173</ns3:hr>
            <ns3:cad>88</ns3:cad>
          </ns3:TrackPointExtension>
        </extensions>
      </trkpt>
      <trkpt lat="31.98045928962528705596923828125" lon="118.782775886356830596923828125">
        <ele>13.19999980926513671875</ele>
        <time>2024-10-14T11:57:18.000Z</time>
        <extensions>
          <ns3:TrackPointExtension>
            <ns3:atemp>27.0</ns3:atemp>
            <ns3:hr>173</ns3:hr>
            <ns3:cad>87</ns3:cad>
          </ns3:TrackPointExtension>
        </extensions>
      </trkpt>
      <trkpt lat="31.98045241646468639373779296875" lon="118.78275015391409397125244140625">
        <ele>13.19999980926513671875</ele>
        <time>2024-10-14T11:57:19.000Z</time>
        <extensions>
          <ns3:TrackPointExtension>
            <ns3:atemp>27.0</ns3:atemp>
            <ns3:hr>173</ns3:hr>
            <ns3:cad>87</ns3:cad>
          </ns3:TrackPointExtension>
        </extensions>
      </trkpt>
      <trkpt lat="31.98044353164732456207275390625" lon="118.78271989524364471435546875">
        <ele>13.19999980926513671875</ele>
        <time>2024-10-14T11:57:20.000Z</time>
        <extensions>
          <ns3:TrackPointExtension>
            <ns3:atemp>27.0</ns3:atemp>
            <ns3:hr>173</ns3:hr>
            <ns3:cad>87</ns3:cad>
          </ns3:TrackPointExtension>
        </extensions>
      </trkpt>
      <trkpt lat="31.9804362393915653228759765625" lon="118.78269148059189319610595703125">
        <ele>13.19999980926513671875</ele>
        <time>2024-10-14T11:57:21.000Z</time>
        <extensions>
          <ns3:TrackPointExtension>
            <ns3:atemp>27.0</ns3:atemp>
            <ns3:hr>173</ns3:hr>
            <ns3:cad>87</ns3:cad>
          </ns3:TrackPointExtension>
        </extensions>
      </trkpt>
      <trkpt lat="31.98042760603129863739013671875" lon="118.78266046755015850067138671875">
        <ele>13.19999980926513671875</ele>
        <time>2024-10-14T11:57:22.000Z</time>
        <extensions>
          <ns3:TrackPointExtension>
            <ns3:atemp>27.0</ns3:atemp>
            <ns3:hr>173</ns3:hr>
            <ns3:cad>86</ns3:cad>
          </ns3:TrackPointExtension>
        </extensions>
      </trkpt>
      <trkpt lat="31.98042056523263454437255859375" lon="118.782628364861011505126953125">
        <ele>13.19999980926513671875</ele>
        <time>2024-10-14T11:57:23.000Z</time>
        <extensions>
          <ns3:TrackPointExtension>
            <ns3:atemp>27.0</ns3:atemp>
            <ns3:hr>173</ns3:hr>
            <ns3:cad>86</ns3:cad>
          </ns3:TrackPointExtension>
        </extensions>
      </trkpt>
      <trkpt lat="31.98041419498622417449951171875" lon="118.78259760327637195587158203125">
        <ele>13.19999980926513671875</ele>
        <time>2024-10-14T11:57:24.000Z</time>
        <extensions>
          <ns3:TrackPointExtension>
            <ns3:atemp>27.0</ns3:atemp>
            <ns3:hr>173</ns3:hr>
            <ns3:cad>86</ns3:cad>
          </ns3:TrackPointExtension>
        </extensions>
      </trkpt>
      <trkpt lat="31.9804074056446552276611328125" lon="118.78256709314882755279541015625">
        <ele>13.19999980926513671875</ele>
        <time>2024-10-14T11:57:25.000Z</time>
        <extensions>
          <ns3:TrackPointExtension>
            <ns3:atemp>27.0</ns3:atemp>
            <ns3:hr>173</ns3:hr>
            <ns3:cad>86</ns3:cad>
          </ns3:TrackPointExtension>
        </extensions>
      </trkpt>
      <trkpt lat="31.98039793409407138824462890625" lon="118.782537169754505157470703125">
        <ele>13.19999980926513671875</ele>
        <time>2024-10-14T11:57:26.000Z</time>
        <extensions>
          <ns3:TrackPointExtension>
            <ns3:atemp>27.0</ns3:atemp>
            <ns3:hr>173</ns3:hr>
            <ns3:cad>86</ns3:cad>
          </ns3:TrackPointExtension>
        </extensions>
      </trkpt>
      <trkpt lat="31.980386786162853240966796875" lon="118.78251026384532451629638671875">
        <ele>13.19999980926513671875</ele>
        <time>2024-10-14T11:57:27.000Z</time>
        <extensions>
          <ns3:TrackPointExtension>
            <ns3:atemp>27.0</ns3:atemp>
            <ns3:hr>173</ns3:hr>
            <ns3:cad>86</ns3:cad>
          </ns3:TrackPointExtension>
        </extensions>
      </trkpt>
      <trkpt lat="31.98037572205066680908203125" lon="118.78248394466936588287353515625">
        <ele>13.19999980926513671875</ele>
        <time>2024-10-14T11:57:28.000Z</time>
        <extensions>
          <ns3:TrackPointExtension>
            <ns3:atemp>27.0</ns3:atemp>
            <ns3:hr>173</ns3:hr>
            <ns3:cad>86</ns3:cad>
          </ns3:TrackPointExtension>
        </extensions>
      </trkpt>
      <trkpt lat="31.9803624786436557769775390625" lon="118.782455027103424072265625">
        <ele>13.19999980926513671875</ele>
        <time>2024-10-14T11:57:29.000Z</time>
        <extensions>
          <ns3:TrackPointExtension>
            <ns3:atemp>27.0</ns3:atemp>
            <ns3:hr>173</ns3:hr>
            <ns3:cad>87</ns3:cad>
          </ns3:TrackPointExtension>
        </extensions>
      </trkpt>
      <trkpt lat="31.98035066016018390655517578125" lon="118.7824300490319728851318359375">
        <ele>13.19999980926513671875</ele>
        <time>2024-10-14T11:57:30.000Z</time>
        <extensions>
          <ns3:TrackPointExtension>
            <ns3:atemp>27.0</ns3:atemp>
            <ns3:hr>173</ns3:hr>
            <ns3:cad>87</ns3:cad>
          </ns3:TrackPointExtension>
        </extensions>
      </trkpt>
      <trkpt lat="31.98033875785768032073974609375" lon="118.78240071237087249755859375">
        <ele>13.19999980926513671875</ele>
        <time>2024-10-14T11:57:31.000Z</time>
        <extensions>
          <ns3:TrackPointExtension>
            <ns3:atemp>27.0</ns3:atemp>
            <ns3:hr>173</ns3:hr>
            <ns3:cad>87</ns3:cad>
          </ns3:TrackPointExtension>
        </extensions>
      </trkpt>
      <trkpt lat="31.98032677173614501953125" lon="118.78237062133848667144775390625">
        <ele>13.19999980926513671875</ele>
        <time>2024-10-14T11:57:32.000Z</time>
        <extensions>
          <ns3:TrackPointExtension>
            <ns3:atemp>27.0</ns3:atemp>
            <ns3:hr>173</ns3:hr>
            <ns3:cad>87</ns3:cad>
          </ns3:TrackPointExtension>
        </extensions>
      </trkpt>
      <trkpt lat="31.98031830601394176483154296875" lon="118.78234262578189373016357421875">
        <ele>13.19999980926513671875</ele>
        <time>2024-10-14T11:57:33.000Z</time>
        <extensions>
          <ns3:TrackPointExtension>
            <ns3:atemp>27.0</ns3:atemp>
            <ns3:hr>173</ns3:hr>
            <ns3:cad>87</ns3:cad>
          </ns3:TrackPointExtension>
        </extensions>
      </trkpt>
      <trkpt lat="31.9803098402917385101318359375" lon="118.78231328912079334259033203125">
        <ele>13.19999980926513671875</ele>
        <time>2024-10-14T11:57:34.000Z</time>
        <extensions>
          <ns3:TrackPointExtension>
            <ns3:atemp>27.0</ns3:atemp>
            <ns3:hr>173</ns3:hr>
            <ns3:cad>87</ns3:cad>
          </ns3:TrackPointExtension>
        </extensions>
      </trkpt>
      <trkpt lat="31.9803041405975818634033203125" lon="118.782284371554851531982421875">
        <ele>13.19999980926513671875</ele>
        <time>2024-10-14T11:57:35.000Z</time>
        <extensions>
          <ns3:TrackPointExtension>
            <ns3:atemp>27.0</ns3:atemp>
            <ns3:hr>173</ns3:hr>
            <ns3:cad>87</ns3:cad>
          </ns3:TrackPointExtension>
        </extensions>
      </trkpt>
      <trkpt lat="31.98029869236052036285400390625" lon="118.78225645981729030609130859375">
        <ele>13.19999980926513671875</ele>
        <time>2024-10-14T11:57:36.000Z</time>
        <extensions>
          <ns3:TrackPointExtension>
            <ns3:atemp>27.0</ns3:atemp>
            <ns3:hr>173</ns3:hr>
            <ns3:cad>87</ns3:cad>
          </ns3:TrackPointExtension>
        </extensions>
      </trkpt>
      <trkpt lat="31.98029282502830028533935546875" lon="118.78223148174583911895751953125">
        <ele>13.19999980926513671875</ele>
        <time>2024-10-14T11:57:37.000Z</time>
        <extensions>
          <ns3:TrackPointExtension>
            <ns3:atemp>27.0</ns3:atemp>
            <ns3:hr>173</ns3:hr>
            <ns3:cad>87</ns3:cad>
          </ns3:TrackPointExtension>
        </extensions>
      </trkpt>
      <trkpt lat="31.9802878797054290771484375" lon="118.78220465965569019317626953125">
        <ele>13.3999996185302734375</ele>
        <time>2024-10-14T11:57:38.000Z</time>
        <extensions>
          <ns3:TrackPointExtension>
            <ns3:atemp>27.0</ns3:atemp>
            <ns3:hr>173</ns3:hr>
            <ns3:cad>87</ns3:cad>
          </ns3:TrackPointExtension>
        </extensions>
      </trkpt>
      <trkpt lat="31.980284191668033599853515625" lon="118.782179765403270721435546875">
        <ele>13.3999996185302734375</ele>
        <time>2024-10-14T11:57:39.000Z</time>
        <extensions>
          <ns3:TrackPointExtension>
            <ns3:atemp>27.0</ns3:atemp>
            <ns3:hr>173</ns3:hr>
            <ns3:cad>87</ns3:cad>
          </ns3:TrackPointExtension>
        </extensions>
      </trkpt>
      <trkpt lat="31.980281174182891845703125" lon="118.78215394914150238037109375">
        <ele>13.3999996185302734375</ele>
        <time>2024-10-14T11:57:40.000Z</time>
        <extensions>
          <ns3:TrackPointExtension>
            <ns3:atemp>27.0</ns3:atemp>
            <ns3:hr>173</ns3:hr>
            <ns3:cad>86</ns3:cad>
          </ns3:TrackPointExtension>
        </extensions>
      </trkpt>
      <trkpt lat="31.98027958162128925323486328125" lon="118.78212754614651203155517578125">
        <ele>13.3999996185302734375</ele>
        <time>2024-10-14T11:57:41.000Z</time>
        <extensions>
          <ns3:TrackPointExtension>
            <ns3:atemp>27.0</ns3:atemp>
            <ns3:hr>173</ns3:hr>
            <ns3:cad>86</ns3:cad>
          </ns3:TrackPointExtension>
        </extensions>
      </trkpt>
      <trkpt lat="31.98027572594583034515380859375" lon="118.78210156224668025970458984375">
        <ele>13.19999980926513671875</ele>
        <time>2024-10-14T11:57:42.000Z</time>
        <extensions>
          <ns3:TrackPointExtension>
            <ns3:atemp>27.0</ns3:atemp>
            <ns3:hr>173</ns3:hr>
            <ns3:cad>86</ns3:cad>
          </ns3:TrackPointExtension>
        </extensions>
      </trkpt>
      <trkpt lat="31.9802699424326419830322265625" lon="118.7820733152329921722412109375">
        <ele>13.19999980926513671875</ele>
        <time>2024-10-14T11:57:43.000Z</time>
        <extensions>
          <ns3:TrackPointExtension>
            <ns3:atemp>27.0</ns3:atemp>
            <ns3:hr>173</ns3:hr>
            <ns3:cad>86</ns3:cad>
          </ns3:TrackPointExtension>
        </extensions>
      </trkpt>
      <trkpt lat="31.9802637398242950439453125" lon="118.7820458225905895233154296875">
        <ele>13.19999980926513671875</ele>
        <time>2024-10-14T11:57:44.000Z</time>
        <extensions>
          <ns3:TrackPointExtension>
            <ns3:atemp>27.0</ns3:atemp>
            <ns3:hr>173</ns3:hr>
            <ns3:cad>86</ns3:cad>
          </ns3:TrackPointExtension>
        </extensions>
      </trkpt>
      <trkpt lat="31.9802558608353137969970703125" lon="118.78201791085302829742431640625">
        <ele>13.19999980926513671875</ele>
        <time>2024-10-14T11:57:45.000Z</time>
        <extensions>
          <ns3:TrackPointExtension>
            <ns3:atemp>27.0</ns3:atemp>
            <ns3:hr>173</ns3:hr>
            <ns3:cad>86</ns3:cad>
          </ns3:TrackPointExtension>
        </extensions>
      </trkpt>
      <trkpt lat="31.9802488200366497039794921875" lon="118.7819911725819110870361328125">
        <ele>13.19999980926513671875</ele>
        <time>2024-10-14T11:57:46.000Z</time>
        <extensions>
          <ns3:TrackPointExtension>
            <ns3:atemp>27.0</ns3:atemp>
            <ns3:hr>173</ns3:hr>
            <ns3:cad>86</ns3:cad>
          </ns3:TrackPointExtension>
        </extensions>
      </trkpt>
      <trkpt lat="31.9802407734096050262451171875" lon="118.7819640152156352996826171875">
        <ele>13.3999996185302734375</ele>
        <time>2024-10-14T11:57:47.000Z</time>
        <extensions>
          <ns3:TrackPointExtension>
            <ns3:atemp>27.0</ns3:atemp>
            <ns3:hr>172</ns3:hr>
            <ns3:cad>87</ns3:cad>
          </ns3:TrackPointExtension>
        </extensions>
      </trkpt>
      <trkpt lat="31.9802320562303066253662109375" lon="118.7819413840770721435546875">
        <ele>13.3999996185302734375</ele>
        <time>2024-10-14T11:57:48.000Z</time>
        <extensions>
          <ns3:TrackPointExtension>
            <ns3:atemp>27.0</ns3:atemp>
            <ns3:hr>172</ns3:hr>
            <ns3:cad>87</ns3:cad>
          </ns3:TrackPointExtension>
        </extensions>
      </trkpt>
      <trkpt lat="31.980225853621959686279296875" lon="118.78191598691046237945556640625">
        <ele>13.3999996185302734375</ele>
        <time>2024-10-14T11:57:49.000Z</time>
        <extensions>
          <ns3:TrackPointExtension>
            <ns3:atemp>27.0</ns3:atemp>
            <ns3:hr>172</ns3:hr>
            <ns3:cad>87</ns3:cad>
          </ns3:TrackPointExtension>
        </extensions>
      </trkpt>
      <trkpt lat="31.98022241704165935516357421875" lon="118.7818919308483600616455078125">
        <ele>13.3999996185302734375</ele>
        <time>2024-10-14T11:57:50.000Z</time>
        <extensions>
          <ns3:TrackPointExtension>
            <ns3:atemp>27.0</ns3:atemp>
            <ns3:hr>172</ns3:hr>
            <ns3:cad>87</ns3:cad>
          </ns3:TrackPointExtension>
        </extensions>
      </trkpt>
      <trkpt lat="31.98021688498556613922119140625" lon="118.78186435438692569732666015625">
        <ele>13.3999996185302734375</ele>
        <time>2024-10-14T11:57:51.000Z</time>
        <extensions>
          <ns3:TrackPointExtension>
            <ns3:atemp>27.0</ns3:atemp>
            <ns3:hr>172</ns3:hr>
            <ns3:cad>87</ns3:cad>
          </ns3:TrackPointExtension>
        </extensions>
      </trkpt>
      <trkpt lat="31.98021319694817066192626953125" lon="118.78183635883033275604248046875">
        <ele>13.6000003814697265625</ele>
        <time>2024-10-14T11:57:52.000Z</time>
        <extensions>
          <ns3:TrackPointExtension>
            <ns3:atemp>27.0</ns3:atemp>
            <ns3:hr>172</ns3:hr>
            <ns3:cad>87</ns3:cad>
          </ns3:TrackPointExtension>
        </extensions>
      </trkpt>
      <trkpt lat="31.9802082516252994537353515625" lon="118.781810961663722991943359375">
        <ele>13.6000003814697265625</ele>
        <time>2024-10-14T11:57:53.000Z</time>
        <extensions>
          <ns3:TrackPointExtension>
            <ns3:atemp>27.0</ns3:atemp>
            <ns3:hr>171</ns3:hr>
            <ns3:cad>87</ns3:cad>
          </ns3:TrackPointExtension>
        </extensions>
      </trkpt>
      <trkpt lat="31.98020464740693569183349609375" lon="118.7817849777638912200927734375">
        <ele>13.6000003814697265625</ele>
        <time>2024-10-14T11:57:54.000Z</time>
        <extensions>
          <ns3:TrackPointExtension>
            <ns3:atemp>27.0</ns3:atemp>
            <ns3:hr>171</ns3:hr>
            <ns3:cad>87</ns3:cad>
          </ns3:TrackPointExtension>
        </extensions>
      </trkpt>
      <trkpt lat="31.980201713740825653076171875" lon="118.78176310099661350250244140625">
        <ele>13.6000003814697265625</ele>
        <time>2024-10-14T11:57:55.000Z</time>
        <extensions>
          <ns3:TrackPointExtension>
            <ns3:atemp>27.0</ns3:atemp>
            <ns3:hr>171</ns3:hr>
            <ns3:cad>87</ns3:cad>
          </ns3:TrackPointExtension>
        </extensions>
      </trkpt>
      <trkpt lat="31.98019626550376415252685546875" lon="118.7817397154867649078369140625">
        <ele>13.6000003814697265625</ele>
        <time>2024-10-14T11:57:56.000Z</time>
        <extensions>
          <ns3:TrackPointExtension>
            <ns3:atemp>27.0</ns3:atemp>
            <ns3:hr>172</ns3:hr>
            <ns3:cad>87</ns3:cad>
          </ns3:TrackPointExtension>
        </extensions>
      </trkpt>
      <trkpt lat="31.980191655457019805908203125" lon="118.78171674907207489013671875">
        <ele>13.6000003814697265625</ele>
        <time>2024-10-14T11:57:57.000Z</time>
        <extensions>
          <ns3:TrackPointExtension>
            <ns3:atemp>27.0</ns3:atemp>
            <ns3:hr>172</ns3:hr>
            <ns3:cad>87</ns3:cad>
          </ns3:TrackPointExtension>
        </extensions>
      </trkpt>
      <trkpt lat="31.98018620721995830535888671875" lon="118.7816907651722431182861328125">
        <ele>13.80000019073486328125</ele>
        <time>2024-10-14T11:57:58.000Z</time>
        <extensions>
          <ns3:TrackPointExtension>
            <ns3:atemp>27.0</ns3:atemp>
            <ns3:hr>173</ns3:hr>
            <ns3:cad>86</ns3:cad>
          </ns3:TrackPointExtension>
        </extensions>
      </trkpt>
      <trkpt lat="31.980179250240325927734375" lon="118.78166486509144306182861328125">
        <ele>13.80000019073486328125</ele>
        <time>2024-10-14T11:57:59.000Z</time>
        <extensions>
          <ns3:TrackPointExtension>
            <ns3:atemp>27.0</ns3:atemp>
            <ns3:hr>173</ns3:hr>
            <ns3:cad>86</ns3:cad>
          </ns3:TrackPointExtension>
        </extensions>
      </trkpt>
      <trkpt lat="31.98017413727939128875732421875" lon="118.78164030611515045166015625">
        <ele>13.80000019073486328125</ele>
        <time>2024-10-14T11:58:00.000Z</time>
        <extensions>
          <ns3:TrackPointExtension>
            <ns3:atemp>27.0</ns3:atemp>
            <ns3:hr>174</ns3:hr>
            <ns3:cad>85</ns3:cad>
          </ns3:TrackPointExtension>
        </extensions>
      </trkpt>
      <trkpt lat="31.980170197784900665283203125" lon="118.78160946071147918701171875">
        <ele>13.80000019073486328125</ele>
        <time>2024-10-14T11:58:01.000Z</time>
        <extensions>
          <ns3:TrackPointExtension>
            <ns3:atemp>27.0</ns3:atemp>
            <ns3:hr>174</ns3:hr>
            <ns3:cad>85</ns3:cad>
          </ns3:TrackPointExtension>
        </extensions>
      </trkpt>
      <trkpt lat="31.9801673479378223419189453125" lon="118.78158255480229854583740234375">
        <ele>13.80000019073486328125</ele>
        <time>2024-10-14T11:58:02.000Z</time>
        <extensions>
          <ns3:TrackPointExtension>
            <ns3:atemp>27.0</ns3:atemp>
            <ns3:hr>174</ns3:hr>
            <ns3:cad>83</ns3:cad>
          </ns3:TrackPointExtension>
        </extensions>
      </trkpt>
      <trkpt lat="31.98016441427171230316162109375" lon="118.78155388869345188140869140625">
        <ele>13.80000019073486328125</ele>
        <time>2024-10-14T11:58:03.000Z</time>
        <extensions>
          <ns3:TrackPointExtension>
            <ns3:atemp>27.0</ns3:atemp>
            <ns3:hr>174</ns3:hr>
            <ns3:cad>84</ns3:cad>
          </ns3:TrackPointExtension>
        </extensions>
      </trkpt>
      <trkpt lat="31.98016055859625339508056640625" lon="118.7815201096236705780029296875">
        <ele>14</ele>
        <time>2024-10-14T11:58:04.000Z</time>
        <extensions>
          <ns3:TrackPointExtension>
            <ns3:atemp>27.0</ns3:atemp>
            <ns3:hr>174</ns3:hr>
            <ns3:cad>85</ns3:cad>
          </ns3:TrackPointExtension>
        </extensions>
      </trkpt>
      <trkpt lat="31.98015552945435047149658203125" lon="118.78149152733385562896728515625">
        <ele>14</ele>
        <time>2024-10-14T11:58:05.000Z</time>
        <extensions>
          <ns3:TrackPointExtension>
            <ns3:atemp>27.0</ns3:atemp>
            <ns3:hr>174</ns3:hr>
            <ns3:cad>85</ns3:cad>
          </ns3:TrackPointExtension>
        </extensions>
      </trkpt>
      <trkpt lat="31.98014949448406696319580078125" lon="118.78146185539662837982177734375">
        <ele>14</ele>
        <time>2024-10-14T11:58:06.000Z</time>
        <extensions>
          <ns3:TrackPointExtension>
            <ns3:atemp>27.0</ns3:atemp>
            <ns3:hr>174</ns3:hr>
            <ns3:cad>85</ns3:cad>
          </ns3:TrackPointExtension>
        </extensions>
      </trkpt>
      <trkpt lat="31.98014438152313232421875" lon="118.7814356200397014617919921875">
        <ele>14</ele>
        <time>2024-10-14T11:58:07.000Z</time>
        <extensions>
          <ns3:TrackPointExtension>
            <ns3:atemp>27.0</ns3:atemp>
            <ns3:hr>173</ns3:hr>
            <ns3:cad>86</ns3:cad>
          </ns3:TrackPointExtension>
        </extensions>
      </trkpt>
      <trkpt lat="31.9801375083625316619873046875" lon="118.781401924788951873779296875">
        <ele>14.19999980926513671875</ele>
        <time>2024-10-14T11:58:08.000Z</time>
        <extensions>
          <ns3:TrackPointExtension>
            <ns3:atemp>27.0</ns3:atemp>
            <ns3:hr>173</ns3:hr>
            <ns3:cad>86</ns3:cad>
          </ns3:TrackPointExtension>
        </extensions>
      </trkpt>
      <trkpt lat="31.98013122193515300750732421875" lon="118.78137434832751750946044921875">
        <ele>14.19999980926513671875</ele>
        <time>2024-10-14T11:58:09.000Z</time>
        <extensions>
          <ns3:TrackPointExtension>
            <ns3:atemp>27.0</ns3:atemp>
            <ns3:hr>173</ns3:hr>
            <ns3:cad>86</ns3:cad>
          </ns3:TrackPointExtension>
        </extensions>
      </trkpt>
      <trkpt lat="31.980124600231647491455078125" lon="118.7813404016196727752685546875">
        <ele>14.19999980926513671875</ele>
        <time>2024-10-14T11:58:10.000Z</time>
        <extensions>
          <ns3:TrackPointExtension>
            <ns3:atemp>27.0</ns3:atemp>
            <ns3:hr>174</ns3:hr>
            <ns3:cad>87</ns3:cad>
          </ns3:TrackPointExtension>
        </extensions>
      </trkpt>
      <trkpt lat="31.9801190681755542755126953125" lon="118.78131039440631866455078125">
        <ele>14.19999980926513671875</ele>
        <time>2024-10-14T11:58:11.000Z</time>
        <extensions>
          <ns3:TrackPointExtension>
            <ns3:atemp>27.0</ns3:atemp>
            <ns3:hr>174</ns3:hr>
            <ns3:cad>87</ns3:cad>
          </ns3:TrackPointExtension>
        </extensions>
      </trkpt>
      <trkpt lat="31.98011227883398532867431640625" lon="118.78128265030682086944580078125">
        <ele>14.3999996185302734375</ele>
        <time>2024-10-14T11:58:12.000Z</time>
        <extensions>
          <ns3:TrackPointExtension>
            <ns3:atemp>27.0</ns3:atemp>
            <ns3:hr>174</ns3:hr>
            <ns3:cad>87</ns3:cad>
          </ns3:TrackPointExtension>
        </extensions>
      </trkpt>
      <trkpt lat="31.9801069982349872589111328125" lon="118.78125675022602081298828125">
        <ele>14.3999996185302734375</ele>
        <time>2024-10-14T11:58:13.000Z</time>
        <extensions>
          <ns3:TrackPointExtension>
            <ns3:atemp>27.0</ns3:atemp>
            <ns3:hr>174</ns3:hr>
            <ns3:cad>86</ns3:cad>
          </ns3:TrackPointExtension>
        </extensions>
      </trkpt>
      <trkpt lat="31.9800992868840694427490234375" lon="118.78122992813587188720703125">
        <ele>14.3999996185302734375</ele>
        <time>2024-10-14T11:58:14.000Z</time>
        <extensions>
          <ns3:TrackPointExtension>
            <ns3:atemp>27.0</ns3:atemp>
            <ns3:hr>174</ns3:hr>
            <ns3:cad>86</ns3:cad>
          </ns3:TrackPointExtension>
        </extensions>
      </trkpt>
      <trkpt lat="31.980091743171215057373046875" lon="118.78120067529380321502685546875">
        <ele>14.3999996185302734375</ele>
        <time>2024-10-14T11:58:15.000Z</time>
        <extensions>
          <ns3:TrackPointExtension>
            <ns3:atemp>27.0</ns3:atemp>
            <ns3:hr>174</ns3:hr>
            <ns3:cad>86</ns3:cad>
          </ns3:TrackPointExtension>
        </extensions>
      </trkpt>
      <trkpt lat="31.98008528910577297210693359375" lon="118.78117318265140056610107421875">
        <ele>14.3999996185302734375</ele>
        <time>2024-10-14T11:58:16.000Z</time>
        <extensions>
          <ns3:TrackPointExtension>
            <ns3:atemp>27.0</ns3:atemp>
            <ns3:hr>174</ns3:hr>
            <ns3:cad>86</ns3:cad>
          </ns3:TrackPointExtension>
        </extensions>
      </trkpt>
      <trkpt lat="31.98007908649742603302001953125" lon="118.781145103275775909423828125">
        <ele>14.6000003814697265625</ele>
        <time>2024-10-14T11:58:17.000Z</time>
        <extensions>
          <ns3:TrackPointExtension>
            <ns3:atemp>27.0</ns3:atemp>
            <ns3:hr>174</ns3:hr>
            <ns3:cad>86</ns3:cad>
          </ns3:TrackPointExtension>
        </extensions>
      </trkpt>
      <trkpt lat="31.9800738058984279632568359375" lon="118.7811211310327053070068359375">
        <ele>14.6000003814697265625</ele>
        <time>2024-10-14T11:58:18.000Z</time>
        <extensions>
          <ns3:TrackPointExtension>
            <ns3:atemp>27.0</ns3:atemp>
            <ns3:hr>174</ns3:hr>
            <ns3:cad>86</ns3:cad>
          </ns3:TrackPointExtension>
        </extensions>
      </trkpt>
      <trkpt lat="31.98006668128073215484619140625" lon="118.78109271638095378875732421875">
        <ele>14.6000003814697265625</ele>
        <time>2024-10-14T11:58:19.000Z</time>
        <extensions>
          <ns3:TrackPointExtension>
            <ns3:atemp>27.0</ns3:atemp>
            <ns3:hr>174</ns3:hr>
            <ns3:cad>86</ns3:cad>
          </ns3:TrackPointExtension>
        </extensions>
      </trkpt>
      <trkpt lat="31.980060897767543792724609375" lon="118.78106589429080486297607421875">
        <ele>14.6000003814697265625</ele>
        <time>2024-10-14T11:58:20.000Z</time>
        <extensions>
          <ns3:TrackPointExtension>
            <ns3:atemp>27.0</ns3:atemp>
            <ns3:hr>174</ns3:hr>
            <ns3:cad>86</ns3:cad>
          </ns3:TrackPointExtension>
        </extensions>
      </trkpt>
      <trkpt lat="31.980054862797260284423828125" lon="118.78103689290583133697509765625">
        <ele>14.80000019073486328125</ele>
        <time>2024-10-14T11:58:21.000Z</time>
        <extensions>
          <ns3:TrackPointExtension>
            <ns3:atemp>27.0</ns3:atemp>
            <ns3:hr>174</ns3:hr>
            <ns3:cad>86</ns3:cad>
          </ns3:TrackPointExtension>
        </extensions>
      </trkpt>
      <trkpt lat="31.98005192913115024566650390625" lon="118.781008981168270111083984375">
        <ele>14.80000019073486328125</ele>
        <time>2024-10-14T11:58:22.000Z</time>
        <extensions>
          <ns3:TrackPointExtension>
            <ns3:atemp>27.0</ns3:atemp>
            <ns3:hr>174</ns3:hr>
            <ns3:cad>86</ns3:cad>
          </ns3:TrackPointExtension>
        </extensions>
      </trkpt>
      <trkpt lat="31.98004656471312046051025390625" lon="118.78098291344940662384033203125">
        <ele>14.80000019073486328125</ele>
        <time>2024-10-14T11:58:23.000Z</time>
        <extensions>
          <ns3:TrackPointExtension>
            <ns3:atemp>27.0</ns3:atemp>
            <ns3:hr>175</ns3:hr>
            <ns3:cad>87</ns3:cad>
          </ns3:TrackPointExtension>
        </extensions>
      </trkpt>
      <trkpt lat="31.98004270903766155242919921875" lon="118.78095257095992565155029296875">
        <ele>14.80000019073486328125</ele>
        <time>2024-10-14T11:58:24.000Z</time>
        <extensions>
          <ns3:TrackPointExtension>
            <ns3:atemp>27.0</ns3:atemp>
            <ns3:hr>175</ns3:hr>
            <ns3:cad>87</ns3:cad>
          </ns3:TrackPointExtension>
        </extensions>
      </trkpt>
      <trkpt lat="31.98003583587706089019775390625" lon="118.78092792816460132598876953125">
        <ele>14.80000019073486328125</ele>
        <time>2024-10-14T11:58:25.000Z</time>
        <extensions>
          <ns3:TrackPointExtension>
            <ns3:atemp>27.0</ns3:atemp>
            <ns3:hr>175</ns3:hr>
            <ns3:cad>87</ns3:cad>
          </ns3:TrackPointExtension>
        </extensions>
      </trkpt>
      <trkpt lat="31.980029046535491943359375" lon="118.78089624457061290740966796875">
        <ele>14.80000019073486328125</ele>
        <time>2024-10-14T11:58:26.000Z</time>
        <extensions>
          <ns3:TrackPointExtension>
            <ns3:atemp>27.0</ns3:atemp>
            <ns3:hr>175</ns3:hr>
            <ns3:cad>87</ns3:cad>
          </ns3:TrackPointExtension>
        </extensions>
      </trkpt>
      <trkpt lat="31.98002276010811328887939453125" lon="118.78086791373789310455322265625">
        <ele>15</ele>
        <time>2024-10-14T11:58:27.000Z</time>
        <extensions>
          <ns3:TrackPointExtension>
            <ns3:atemp>27.0</ns3:atemp>
            <ns3:hr>175</ns3:hr>
            <ns3:cad>87</ns3:cad>
          </ns3:TrackPointExtension>
        </extensions>
      </trkpt>
      <trkpt lat="31.9800158031284809112548828125" lon="118.7808363139629364013671875">
        <ele>15</ele>
        <time>2024-10-14T11:58:28.000Z</time>
        <extensions>
          <ns3:TrackPointExtension>
            <ns3:atemp>27.0</ns3:atemp>
            <ns3:hr>175</ns3:hr>
            <ns3:cad>87</ns3:cad>
          </ns3:TrackPointExtension>
        </extensions>
      </trkpt>
      <trkpt lat="31.98001069016754627227783203125" lon="118.7808046303689479827880859375">
        <ele>15</ele>
        <time>2024-10-14T11:58:29.000Z</time>
        <extensions>
          <ns3:TrackPointExtension>
            <ns3:atemp>27.0</ns3:atemp>
            <ns3:hr>175</ns3:hr>
            <ns3:cad>87</ns3:cad>
          </ns3:TrackPointExtension>
        </extensions>
      </trkpt>
      <trkpt lat="31.98000314645469188690185546875" lon="118.78077202476561069488525390625">
        <ele>15</ele>
        <time>2024-10-14T11:58:30.000Z</time>
        <extensions>
          <ns3:TrackPointExtension>
            <ns3:atemp>27.0</ns3:atemp>
            <ns3:hr>175</ns3:hr>
            <ns3:cad>87</ns3:cad>
          </ns3:TrackPointExtension>
        </extensions>
      </trkpt>
      <trkpt lat="31.979996860027313232421875" lon="118.78073816187679767608642578125">
        <ele>15</ele>
        <time>2024-10-14T11:58:31.000Z</time>
        <extensions>
          <ns3:TrackPointExtension>
            <ns3:atemp>27.0</ns3:atemp>
            <ns3:hr>175</ns3:hr>
            <ns3:cad>87</ns3:cad>
          </ns3:TrackPointExtension>
        </extensions>
      </trkpt>
      <trkpt lat="31.9799903221428394317626953125" lon="118.78071016632020473480224609375">
        <ele>15</ele>
        <time>2024-10-14T11:58:32.000Z</time>
        <extensions>
          <ns3:TrackPointExtension>
            <ns3:atemp>27.0</ns3:atemp>
            <ns3:hr>175</ns3:hr>
            <ns3:cad>87</ns3:cad>
          </ns3:TrackPointExtension>
        </extensions>
      </trkpt>
      <trkpt lat="31.97998286224901676177978515625" lon="118.78068451769649982452392578125">
        <ele>15</ele>
        <time>2024-10-14T11:58:33.000Z</time>
        <extensions>
          <ns3:TrackPointExtension>
            <ns3:atemp>27.0</ns3:atemp>
            <ns3:hr>175</ns3:hr>
            <ns3:cad>87</ns3:cad>
          </ns3:TrackPointExtension>
        </extensions>
      </trkpt>
      <trkpt lat="31.9799755699932575225830078125" lon="118.78066222183406352996826171875">
        <ele>15</ele>
        <time>2024-10-14T11:58:34.000Z</time>
        <extensions>
          <ns3:TrackPointExtension>
            <ns3:atemp>27.0</ns3:atemp>
            <ns3:hr>175</ns3:hr>
            <ns3:cad>87</ns3:cad>
          </ns3:TrackPointExtension>
        </extensions>
      </trkpt>
      <trkpt lat="31.9799695350229740142822265625" lon="118.78063523210585117340087890625">
        <ele>15.19999980926513671875</ele>
        <time>2024-10-14T11:58:35.000Z</time>
        <extensions>
          <ns3:TrackPointExtension>
            <ns3:atemp>27.0</ns3:atemp>
            <ns3:hr>174</ns3:hr>
            <ns3:cad>87</ns3:cad>
          </ns3:TrackPointExtension>
        </extensions>
      </trkpt>
      <trkpt lat="31.97996492497622966766357421875" lon="118.78061234951019287109375">
        <ele>15.19999980926513671875</ele>
        <time>2024-10-14T11:58:36.000Z</time>
        <extensions>
          <ns3:TrackPointExtension>
            <ns3:atemp>27.0</ns3:atemp>
            <ns3:hr>174</ns3:hr>
            <ns3:cad>86</ns3:cad>
          </ns3:TrackPointExtension>
        </extensions>
      </trkpt>
      <trkpt lat="31.97995889000594615936279296875" lon="118.7805836834013462066650390625">
        <ele>15.19999980926513671875</ele>
        <time>2024-10-14T11:58:37.000Z</time>
        <extensions>
          <ns3:TrackPointExtension>
            <ns3:atemp>27.0</ns3:atemp>
            <ns3:hr>174</ns3:hr>
            <ns3:cad>86</ns3:cad>
          </ns3:TrackPointExtension>
        </extensions>
      </trkpt>
      <trkpt lat="31.9799554534256458282470703125" lon="118.78055627457797527313232421875">
        <ele>15.19999980926513671875</ele>
        <time>2024-10-14T11:58:38.000Z</time>
        <extensions>
          <ns3:TrackPointExtension>
            <ns3:atemp>27.0</ns3:atemp>
            <ns3:hr>174</ns3:hr>
            <ns3:cad>86</ns3:cad>
          </ns3:TrackPointExtension>
        </extensions>
      </trkpt>
      <trkpt lat="31.97995151393115520477294921875" lon="118.780529201030731201171875">
        <ele>15.3999996185302734375</ele>
        <time>2024-10-14T11:58:39.000Z</time>
        <extensions>
          <ns3:TrackPointExtension>
            <ns3:atemp>27.0</ns3:atemp>
            <ns3:hr>174</ns3:hr>
            <ns3:cad>86</ns3:cad>
          </ns3:TrackPointExtension>
        </extensions>
      </trkpt>
      <trkpt lat="31.97994916699826717376708984375" lon="118.7804985232651233673095703125">
        <ele>15.3999996185302734375</ele>
        <time>2024-10-14T11:58:40.000Z</time>
        <extensions>
          <ns3:TrackPointExtension>
            <ns3:atemp>27.0</ns3:atemp>
            <ns3:hr>174</ns3:hr>
            <ns3:cad>86</ns3:cad>
          </ns3:TrackPointExtension>
        </extensions>
      </trkpt>
      <trkpt lat="31.97994883172214031219482421875" lon="118.78047094680368900299072265625">
        <ele>15.3999996185302734375</ele>
        <time>2024-10-14T11:58:41.000Z</time>
        <extensions>
          <ns3:TrackPointExtension>
            <ns3:atemp>27.0</ns3:atemp>
            <ns3:hr>174</ns3:hr>
            <ns3:cad>87</ns3:cad>
          </ns3:TrackPointExtension>
        </extensions>
      </trkpt>
      <trkpt lat="31.979946233332157135009765625" lon="118.78043926320970058441162109375">
        <ele>15.3999996185302734375</ele>
        <time>2024-10-14T11:58:42.000Z</time>
        <extensions>
          <ns3:TrackPointExtension>
            <ns3:atemp>27.0</ns3:atemp>
            <ns3:hr>174</ns3:hr>
            <ns3:cad>87</ns3:cad>
          </ns3:TrackPointExtension>
        </extensions>
      </trkpt>
      <trkpt lat="31.97994581423699855804443359375" lon="118.78040808252990245819091796875">
        <ele>15.3999996185302734375</ele>
        <time>2024-10-14T11:58:43.000Z</time>
        <extensions>
          <ns3:TrackPointExtension>
            <ns3:atemp>27.0</ns3:atemp>
            <ns3:hr>172</ns3:hr>
            <ns3:cad>87</ns3:cad>
          </ns3:TrackPointExtension>
        </extensions>
      </trkpt>
      <trkpt lat="31.9799423776566982269287109375" lon="118.78037589602172374725341796875">
        <ele>15.6000003814697265625</ele>
        <time>2024-10-14T11:58:44.000Z</time>
        <extensions>
          <ns3:TrackPointExtension>
            <ns3:atemp>27.0</ns3:atemp>
            <ns3:hr>171</ns3:hr>
            <ns3:cad>87</ns3:cad>
          </ns3:TrackPointExtension>
        </extensions>
      </trkpt>
      <trkpt lat="31.97994212619960308074951171875" lon="118.78034622408449649810791015625">
        <ele>15.6000003814697265625</ele>
        <time>2024-10-14T11:58:45.000Z</time>
        <extensions>
          <ns3:TrackPointExtension>
            <ns3:atemp>27.0</ns3:atemp>
            <ns3:hr>171</ns3:hr>
            <ns3:cad>87</ns3:cad>
          </ns3:TrackPointExtension>
        </extensions>
      </trkpt>
      <trkpt lat="31.9799396954476833343505859375" lon="118.78031822852790355682373046875">
        <ele>15.6000003814697265625</ele>
        <time>2024-10-14T11:58:46.000Z</time>
        <extensions>
          <ns3:TrackPointExtension>
            <ns3:atemp>27.0</ns3:atemp>
            <ns3:hr>170</ns3:hr>
            <ns3:cad>87</ns3:cad>
          </ns3:TrackPointExtension>
        </extensions>
      </trkpt>
      <trkpt lat="31.979938857257366180419921875" lon="118.78028805367648601531982421875">
        <ele>15.6000003814697265625</ele>
        <time>2024-10-14T11:58:47.000Z</time>
        <extensions>
          <ns3:TrackPointExtension>
            <ns3:atemp>27.0</ns3:atemp>
            <ns3:hr>170</ns3:hr>
            <ns3:cad>87</ns3:cad>
          </ns3:TrackPointExtension>
        </extensions>
      </trkpt>
      <trkpt lat="31.97993609122931957244873046875" lon="118.780261315405368804931640625">
        <ele>15.6000003814697265625</ele>
        <time>2024-10-14T11:58:48.000Z</time>
        <extensions>
          <ns3:TrackPointExtension>
            <ns3:atemp>27.0</ns3:atemp>
            <ns3:hr>170</ns3:hr>
            <ns3:cad>87</ns3:cad>
          </ns3:TrackPointExtension>
        </extensions>
      </trkpt>
      <trkpt lat="31.979932151734828948974609375" lon="118.780229128897190093994140625">
        <ele>15.80000019073486328125</ele>
        <time>2024-10-14T11:58:49.000Z</time>
        <extensions>
          <ns3:TrackPointExtension>
            <ns3:atemp>27.0</ns3:atemp>
            <ns3:hr>169</ns3:hr>
            <ns3:cad>87</ns3:cad>
          </ns3:TrackPointExtension>
        </extensions>
      </trkpt>
      <trkpt lat="31.97992871515452861785888671875" lon="118.78020021133124828338623046875">
        <ele>15.80000019073486328125</ele>
        <time>2024-10-14T11:58:50.000Z</time>
        <extensions>
          <ns3:TrackPointExtension>
            <ns3:atemp>27.0</ns3:atemp>
            <ns3:hr>169</ns3:hr>
            <ns3:cad>87</ns3:cad>
          </ns3:TrackPointExtension>
        </extensions>
      </trkpt>
      <trkpt lat="31.97992418892681598663330078125" lon="118.78016919828951358795166015625">
        <ele>15.80000019073486328125</ele>
        <time>2024-10-14T11:58:51.000Z</time>
        <extensions>
          <ns3:TrackPointExtension>
            <ns3:atemp>27.0</ns3:atemp>
            <ns3:hr>169</ns3:hr>
            <ns3:cad>87</ns3:cad>
          </ns3:TrackPointExtension>
        </extensions>
      </trkpt>
      <trkpt lat="31.9799202494323253631591796875" lon="118.78014220856130123138427734375">
        <ele>15.80000019073486328125</ele>
        <time>2024-10-14T11:58:52.000Z</time>
        <extensions>
          <ns3:TrackPointExtension>
            <ns3:atemp>27.0</ns3:atemp>
            <ns3:hr>170</ns3:hr>
            <ns3:cad>87</ns3:cad>
          </ns3:TrackPointExtension>
        </extensions>
      </trkpt>
      <trkpt lat="31.9799148850142955780029296875" lon="118.78011371009051799774169921875">
        <ele>16</ele>
        <time>2024-10-14T11:58:53.000Z</time>
        <extensions>
          <ns3:TrackPointExtension>
            <ns3:atemp>27.0</ns3:atemp>
            <ns3:hr>170</ns3:hr>
            <ns3:cad>87</ns3:cad>
          </ns3:TrackPointExtension>
        </extensions>
      </trkpt>
      <trkpt lat="31.9799108617007732391357421875" lon="118.78008663654327392578125">
        <ele>16</ele>
        <time>2024-10-14T11:58:54.000Z</time>
        <extensions>
          <ns3:TrackPointExtension>
            <ns3:atemp>27.0</ns3:atemp>
            <ns3:hr>170</ns3:hr>
            <ns3:cad>87</ns3:cad>
          </ns3:TrackPointExtension>
        </extensions>
      </trkpt>
      <trkpt lat="31.9799068383872509002685546875" lon="118.78005671314895153045654296875">
        <ele>16</ele>
        <time>2024-10-14T11:58:55.000Z</time>
        <extensions>
          <ns3:TrackPointExtension>
            <ns3:atemp>27.0</ns3:atemp>
            <ns3:hr>170</ns3:hr>
            <ns3:cad>87</ns3:cad>
          </ns3:TrackPointExtension>
        </extensions>
      </trkpt>
      <trkpt lat="31.97990340180695056915283203125" lon="118.7800276279449462890625">
        <ele>16</ele>
        <time>2024-10-14T11:58:56.000Z</time>
        <extensions>
          <ns3:TrackPointExtension>
            <ns3:atemp>27.0</ns3:atemp>
            <ns3:hr>170</ns3:hr>
            <ns3:cad>87</ns3:cad>
          </ns3:TrackPointExtension>
        </extensions>
      </trkpt>
      <trkpt lat="31.97989937849342823028564453125" lon="118.77999879419803619384765625">
        <ele>16</ele>
        <time>2024-10-14T11:58:57.000Z</time>
        <extensions>
          <ns3:TrackPointExtension>
            <ns3:atemp>27.0</ns3:atemp>
            <ns3:hr>170</ns3:hr>
            <ns3:cad>87</ns3:cad>
          </ns3:TrackPointExtension>
        </extensions>
      </trkpt>
      <trkpt lat="31.97989585809409618377685546875" lon="118.77996233291923999786376953125">
        <ele>16</ele>
        <time>2024-10-14T11:58:58.000Z</time>
        <extensions>
          <ns3:TrackPointExtension>
            <ns3:atemp>27.0</ns3:atemp>
            <ns3:hr>170</ns3:hr>
            <ns3:cad>87</ns3:cad>
          </ns3:TrackPointExtension>
        </extensions>
      </trkpt>
      <trkpt lat="31.97989149950444698333740234375" lon="118.7799315713346004486083984375">
        <ele>16</ele>
        <time>2024-10-14T11:58:59.000Z</time>
        <extensions>
          <ns3:TrackPointExtension>
            <ns3:atemp>27.0</ns3:atemp>
            <ns3:hr>170</ns3:hr>
            <ns3:cad>87</ns3:cad>
          </ns3:TrackPointExtension>
        </extensions>
      </trkpt>
      <trkpt lat="31.979886554181575775146484375" lon="118.77989930100739002227783203125">
        <ele>16</ele>
        <time>2024-10-14T11:59:00.000Z</time>
        <extensions>
          <ns3:TrackPointExtension>
            <ns3:atemp>27.0</ns3:atemp>
            <ns3:hr>170</ns3:hr>
            <ns3:cad>87</ns3:cad>
          </ns3:TrackPointExtension>
        </extensions>
      </trkpt>
      <trkpt lat="31.9798840396106243133544921875" lon="118.77987147308886051177978515625">
        <ele>16.200000762939453125</ele>
        <time>2024-10-14T11:59:01.000Z</time>
        <extensions>
          <ns3:TrackPointExtension>
            <ns3:atemp>27.0</ns3:atemp>
            <ns3:hr>170</ns3:hr>
            <ns3:cad>86</ns3:cad>
          </ns3:TrackPointExtension>
        </extensions>
      </trkpt>
      <trkpt lat="31.9798823632299900054931640625" lon="118.77984330989420413970947265625">
        <ele>16.200000762939453125</ele>
        <time>2024-10-14T11:59:02.000Z</time>
        <extensions>
          <ns3:TrackPointExtension>
            <ns3:atemp>27.0</ns3:atemp>
            <ns3:hr>170</ns3:hr>
            <ns3:cad>86</ns3:cad>
          </ns3:TrackPointExtension>
        </extensions>
      </trkpt>
      <trkpt lat="31.9798815250396728515625" lon="118.77981799654662609100341796875">
        <ele>16.200000762939453125</ele>
        <time>2024-10-14T11:59:03.000Z</time>
        <extensions>
          <ns3:TrackPointExtension>
            <ns3:atemp>27.0</ns3:atemp>
            <ns3:hr>170</ns3:hr>
            <ns3:cad>86</ns3:cad>
          </ns3:TrackPointExtension>
        </extensions>
      </trkpt>
      <trkpt lat="31.97987993247807025909423828125" lon="118.7797931022942066192626953125">
        <ele>16.200000762939453125</ele>
        <time>2024-10-14T11:59:04.000Z</time>
        <extensions>
          <ns3:TrackPointExtension>
            <ns3:atemp>27.0</ns3:atemp>
            <ns3:hr>170</ns3:hr>
            <ns3:cad>86</ns3:cad>
          </ns3:TrackPointExtension>
        </extensions>
      </trkpt>
      <trkpt lat="31.97987674735486507415771484375" lon="118.77976552583277225494384765625">
        <ele>16.3999996185302734375</ele>
        <time>2024-10-14T11:59:05.000Z</time>
        <extensions>
          <ns3:TrackPointExtension>
            <ns3:atemp>27.0</ns3:atemp>
            <ns3:hr>170</ns3:hr>
            <ns3:cad>86</ns3:cad>
          </ns3:TrackPointExtension>
        </extensions>
      </trkpt>
      <trkpt lat="31.9798719696700572967529296875" lon="118.77973769791424274444580078125">
        <ele>16.3999996185302734375</ele>
        <time>2024-10-14T11:59:06.000Z</time>
        <extensions>
          <ns3:TrackPointExtension>
            <ns3:atemp>27.0</ns3:atemp>
            <ns3:hr>170</ns3:hr>
            <ns3:cad>86</ns3:cad>
          </ns3:TrackPointExtension>
        </extensions>
      </trkpt>
      <trkpt lat="31.97986476123332977294921875" lon="118.77970819361507892608642578125">
        <ele>16.3999996185302734375</ele>
        <time>2024-10-14T11:59:07.000Z</time>
        <extensions>
          <ns3:TrackPointExtension>
            <ns3:atemp>27.0</ns3:atemp>
            <ns3:hr>170</ns3:hr>
            <ns3:cad>86</ns3:cad>
          </ns3:TrackPointExtension>
        </extensions>
      </trkpt>
      <trkpt lat="31.9798588939011096954345703125" lon="118.77967885695397853851318359375">
        <ele>16.3999996185302734375</ele>
        <time>2024-10-14T11:59:08.000Z</time>
        <extensions>
          <ns3:TrackPointExtension>
            <ns3:atemp>27.0</ns3:atemp>
            <ns3:hr>170</ns3:hr>
            <ns3:cad>86</ns3:cad>
          </ns3:TrackPointExtension>
        </extensions>
      </trkpt>
      <trkpt lat="31.979855708777904510498046875" lon="118.77964918501675128936767578125">
        <ele>16.3999996185302734375</ele>
        <time>2024-10-14T11:59:09.000Z</time>
        <extensions>
          <ns3:TrackPointExtension>
            <ns3:atemp>27.0</ns3:atemp>
            <ns3:hr>170</ns3:hr>
            <ns3:cad>86</ns3:cad>
          </ns3:TrackPointExtension>
        </extensions>
      </trkpt>
      <trkpt lat="31.97985361330211162567138671875" lon="118.77962303347885608673095703125">
        <ele>16.3999996185302734375</ele>
        <time>2024-10-14T11:59:10.000Z</time>
        <extensions>
          <ns3:TrackPointExtension>
            <ns3:atemp>27.0</ns3:atemp>
            <ns3:hr>170</ns3:hr>
            <ns3:cad>86</ns3:cad>
          </ns3:TrackPointExtension>
        </extensions>
      </trkpt>
      <trkpt lat="31.9798515178263187408447265625" lon="118.7796030007302761077880859375">
        <ele>16.3999996185302734375</ele>
        <time>2024-10-14T11:59:11.000Z</time>
        <extensions>
          <ns3:TrackPointExtension>
            <ns3:atemp>27.0</ns3:atemp>
            <ns3:hr>170</ns3:hr>
            <ns3:cad>86</ns3:cad>
          </ns3:TrackPointExtension>
        </extensions>
      </trkpt>
      <trkpt lat="31.979846321046352386474609375" lon="118.779578693211078643798828125">
        <ele>16.3999996185302734375</ele>
        <time>2024-10-14T11:59:12.000Z</time>
        <extensions>
          <ns3:TrackPointExtension>
            <ns3:atemp>27.0</ns3:atemp>
            <ns3:hr>170</ns3:hr>
            <ns3:cad>85</ns3:cad>
          </ns3:TrackPointExtension>
        </extensions>
      </trkpt>
      <trkpt lat="31.97984171099960803985595703125" lon="118.77955354750156402587890625">
        <ele>16.3999996185302734375</ele>
        <time>2024-10-14T11:59:13.000Z</time>
        <extensions>
          <ns3:TrackPointExtension>
            <ns3:atemp>27.0</ns3:atemp>
            <ns3:hr>170</ns3:hr>
            <ns3:cad>85</ns3:cad>
          </ns3:TrackPointExtension>
        </extensions>
      </trkpt>
      <trkpt lat="31.97983869351446628570556640625" lon="118.7795247137546539306640625">
        <ele>16.3999996185302734375</ele>
        <time>2024-10-14T11:59:14.000Z</time>
        <extensions>
          <ns3:TrackPointExtension>
            <ns3:atemp>27.0</ns3:atemp>
            <ns3:hr>170</ns3:hr>
            <ns3:cad>84</ns3:cad>
          </ns3:TrackPointExtension>
        </extensions>
      </trkpt>
      <trkpt lat="31.97983668185770511627197265625" lon="118.77949579618871212005615234375">
        <ele>16.6000003814697265625</ele>
        <time>2024-10-14T11:59:15.000Z</time>
        <extensions>
          <ns3:TrackPointExtension>
            <ns3:atemp>27.0</ns3:atemp>
            <ns3:hr>170</ns3:hr>
            <ns3:cad>84</ns3:cad>
          </ns3:TrackPointExtension>
        </extensions>
      </trkpt>
      <trkpt lat="31.97983249090611934661865234375" lon="118.7794695608317852020263671875">
        <ele>16.6000003814697265625</ele>
        <time>2024-10-14T11:59:16.000Z</time>
        <extensions>
          <ns3:TrackPointExtension>
            <ns3:atemp>27.0</ns3:atemp>
            <ns3:hr>170</ns3:hr>
            <ns3:cad>82</ns3:cad>
          </ns3:TrackPointExtension>
        </extensions>
      </trkpt>
      <trkpt lat="31.9798283837735652923583984375" lon="118.77943980507552623748779296875">
        <ele>16.6000003814697265625</ele>
        <time>2024-10-14T11:59:17.000Z</time>
        <extensions>
          <ns3:TrackPointExtension>
            <ns3:atemp>27.0</ns3:atemp>
            <ns3:hr>170</ns3:hr>
            <ns3:cad>83</ns3:cad>
          </ns3:TrackPointExtension>
        </extensions>
      </trkpt>
      <trkpt lat="31.9798233546316623687744140625" lon="118.77941952086985111236572265625">
        <ele>16.6000003814697265625</ele>
        <time>2024-10-14T11:59:18.000Z</time>
        <extensions>
          <ns3:TrackPointExtension>
            <ns3:atemp>27.0</ns3:atemp>
            <ns3:hr>170</ns3:hr>
            <ns3:cad>83</ns3:cad>
          </ns3:TrackPointExtension>
        </extensions>
      </trkpt>
      <trkpt lat="31.97981589473783969879150390625" lon="118.779394291341304779052734375">
        <ele>16.6000003814697265625</ele>
        <time>2024-10-14T11:59:19.000Z</time>
        <extensions>
          <ns3:TrackPointExtension>
            <ns3:atemp>27.0</ns3:atemp>
            <ns3:hr>170</ns3:hr>
            <ns3:cad>85</ns3:cad>
          </ns3:TrackPointExtension>
        </extensions>
      </trkpt>
      <trkpt lat="31.97980684228241443634033203125" lon="118.77937274985015392303466796875">
        <ele>16.799999237060546875</ele>
        <time>2024-10-14T11:59:20.000Z</time>
        <extensions>
          <ns3:TrackPointExtension>
            <ns3:atemp>27.0</ns3:atemp>
            <ns3:hr>170</ns3:hr>
            <ns3:cad>85</ns3:cad>
          </ns3:TrackPointExtension>
        </extensions>
      </trkpt>
      <trkpt lat="31.97979795746505260467529296875" lon="118.77934969961643218994140625">
        <ele>16.799999237060546875</ele>
        <time>2024-10-14T11:59:21.000Z</time>
        <extensions>
          <ns3:TrackPointExtension>
            <ns3:atemp>27.0</ns3:atemp>
            <ns3:hr>171</ns3:hr>
            <ns3:cad>85</ns3:cad>
          </ns3:TrackPointExtension>
        </extensions>
      </trkpt>
      <trkpt lat="31.979789324104785919189453125" lon="118.77932597883045673370361328125">
        <ele>16.799999237060546875</ele>
        <time>2024-10-14T11:59:22.000Z</time>
        <extensions>
          <ns3:TrackPointExtension>
            <ns3:atemp>27.0</ns3:atemp>
            <ns3:hr>171</ns3:hr>
            <ns3:cad>85</ns3:cad>
          </ns3:TrackPointExtension>
        </extensions>
      </trkpt>
      <trkpt lat="31.979780606925487518310546875" lon="118.7793032638728618621826171875">
        <ele>16.799999237060546875</ele>
        <time>2024-10-14T11:59:23.000Z</time>
        <extensions>
          <ns3:TrackPointExtension>
            <ns3:atemp>27.0</ns3:atemp>
            <ns3:hr>171</ns3:hr>
            <ns3:cad>85</ns3:cad>
          </ns3:TrackPointExtension>
        </extensions>
      </trkpt>
      <trkpt lat="31.97977180592715740203857421875" lon="118.779278285801410675048828125">
        <ele>17</ele>
        <time>2024-10-14T11:59:24.000Z</time>
        <extensions>
          <ns3:TrackPointExtension>
            <ns3:atemp>27.0</ns3:atemp>
            <ns3:hr>171</ns3:hr>
            <ns3:cad>85</ns3:cad>
          </ns3:TrackPointExtension>
        </extensions>
      </trkpt>
      <trkpt lat="31.97976686060428619384765625" lon="118.77925372682511806488037109375">
        <ele>17</ele>
        <time>2024-10-14T11:59:25.000Z</time>
        <extensions>
          <ns3:TrackPointExtension>
            <ns3:atemp>27.0</ns3:atemp>
            <ns3:hr>172</ns3:hr>
            <ns3:cad>85</ns3:cad>
          </ns3:TrackPointExtension>
        </extensions>
      </trkpt>
      <trkpt lat="31.979763172566890716552734375" lon="118.7792271561920642852783203125">
        <ele>17</ele>
        <time>2024-10-14T11:59:26.000Z</time>
        <extensions>
          <ns3:TrackPointExtension>
            <ns3:atemp>27.0</ns3:atemp>
            <ns3:hr>172</ns3:hr>
            <ns3:cad>85</ns3:cad>
          </ns3:TrackPointExtension>
        </extensions>
      </trkpt>
      <trkpt lat="31.9797670282423496246337890625" lon="118.779201172292232513427734375">
        <ele>17</ele>
        <time>2024-10-14T11:59:27.000Z</time>
        <extensions>
          <ns3:TrackPointExtension>
            <ns3:atemp>27.0</ns3:atemp>
            <ns3:hr>172</ns3:hr>
            <ns3:cad>85</ns3:cad>
          </ns3:TrackPointExtension>
        </extensions>
      </trkpt>
      <trkpt lat="31.97977482341229915618896484375" lon="118.77917795442044734954833984375">
        <ele>17</ele>
        <time>2024-10-14T11:59:28.000Z</time>
        <extensions>
          <ns3:TrackPointExtension>
            <ns3:atemp>27.0</ns3:atemp>
            <ns3:hr>173</ns3:hr>
            <ns3:cad>85</ns3:cad>
          </ns3:TrackPointExtension>
        </extensions>
      </trkpt>
      <trkpt lat="31.9797888211905956268310546875" lon="118.779161274433135986328125">
        <ele>17</ele>
        <time>2024-10-14T11:59:29.000Z</time>
        <extensions>
          <ns3:TrackPointExtension>
            <ns3:atemp>27.0</ns3:atemp>
            <ns3:hr>173</ns3:hr>
            <ns3:cad>85</ns3:cad>
          </ns3:TrackPointExtension>
        </extensions>
      </trkpt>
      <trkpt lat="31.979804076254367828369140625" lon="118.77914761193096637725830078125">
        <ele>17</ele>
        <time>2024-10-14T11:59:30.000Z</time>
        <extensions>
          <ns3:TrackPointExtension>
            <ns3:atemp>27.0</ns3:atemp>
            <ns3:hr>173</ns3:hr>
            <ns3:cad>85</ns3:cad>
          </ns3:TrackPointExtension>
        </extensions>
      </trkpt>
      <trkpt lat="31.97981916368007659912109375" lon="118.7791342847049236297607421875">
        <ele>17.200000762939453125</ele>
        <time>2024-10-14T11:59:31.000Z</time>
        <extensions>
          <ns3:TrackPointExtension>
            <ns3:atemp>27.0</ns3:atemp>
            <ns3:hr>173</ns3:hr>
            <ns3:cad>85</ns3:cad>
          </ns3:TrackPointExtension>
        </extensions>
      </trkpt>
      <trkpt lat="31.97983550839126110076904296875" lon="118.7791134975850582122802734375">
        <ele>17.200000762939453125</ele>
        <time>2024-10-14T11:59:32.000Z</time>
        <extensions>
          <ns3:TrackPointExtension>
            <ns3:atemp>27.0</ns3:atemp>
            <ns3:hr>173</ns3:hr>
            <ns3:cad>84</ns3:cad>
          </ns3:TrackPointExtension>
        </extensions>
      </trkpt>
      <trkpt lat="31.97985059581696987152099609375" lon="118.77909396775066852569580078125">
        <ele>17.3999996185302734375</ele>
        <time>2024-10-14T11:59:33.000Z</time>
        <extensions>
          <ns3:TrackPointExtension>
            <ns3:atemp>27.0</ns3:atemp>
            <ns3:hr>173</ns3:hr>
            <ns3:cad>83</ns3:cad>
          </ns3:TrackPointExtension>
        </extensions>
      </trkpt>
      <trkpt lat="31.9798612408339977264404296875" lon="118.779069744050502777099609375">
        <ele>17.6000003814697265625</ele>
        <time>2024-10-14T11:59:34.000Z</time>
        <extensions>
          <ns3:TrackPointExtension>
            <ns3:atemp>27.0</ns3:atemp>
            <ns3:hr>173</ns3:hr>
            <ns3:cad>83</ns3:cad>
          </ns3:TrackPointExtension>
        </extensions>
      </trkpt>
      <trkpt lat="31.979867778718471527099609375" lon="118.7790457718074321746826171875">
        <ele>17.799999237060546875</ele>
        <time>2024-10-14T11:59:35.000Z</time>
        <extensions>
          <ns3:TrackPointExtension>
            <ns3:atemp>27.0</ns3:atemp>
            <ns3:hr>173</ns3:hr>
            <ns3:cad>83</ns3:cad>
          </ns3:TrackPointExtension>
        </extensions>
      </trkpt>
      <trkpt lat="31.9798696227371692657470703125" lon="118.7790256552398204803466796875">
        <ele>18</ele>
        <time>2024-10-14T11:59:36.000Z</time>
        <extensions>
          <ns3:TrackPointExtension>
            <ns3:atemp>27.0</ns3:atemp>
            <ns3:hr>173</ns3:hr>
            <ns3:cad>83</ns3:cad>
          </ns3:TrackPointExtension>
        </extensions>
      </trkpt>
      <trkpt lat="31.97987171821296215057373046875" lon="118.77899640239775180816650390625">
        <ele>18.200000762939453125</ele>
        <time>2024-10-14T11:59:37.000Z</time>
        <extensions>
          <ns3:TrackPointExtension>
            <ns3:atemp>27.0</ns3:atemp>
            <ns3:hr>173</ns3:hr>
            <ns3:cad>84</ns3:cad>
          </ns3:TrackPointExtension>
        </extensions>
      </trkpt>
      <trkpt lat="31.9798686169087886810302734375" lon="118.778975866734981536865234375">
        <ele>18.200000762939453125</ele>
        <time>2024-10-14T11:59:38.000Z</time>
        <extensions>
          <ns3:TrackPointExtension>
            <ns3:atemp>27.0</ns3:atemp>
            <ns3:hr>173</ns3:hr>
            <ns3:cad>84</ns3:cad>
          </ns3:TrackPointExtension>
        </extensions>
      </trkpt>
      <trkpt lat="31.97986534796655178070068359375" lon="118.77895331941545009613037109375">
        <ele>18.200000762939453125</ele>
        <time>2024-10-14T11:59:39.000Z</time>
        <extensions>
          <ns3:TrackPointExtension>
            <ns3:atemp>27.0</ns3:atemp>
            <ns3:hr>173</ns3:hr>
            <ns3:cad>84</ns3:cad>
          </ns3:TrackPointExtension>
        </extensions>
      </trkpt>
      <trkpt lat="31.9798629172146320343017578125" lon="118.77892817370593547821044921875">
        <ele>18.3999996185302734375</ele>
        <time>2024-10-14T11:59:40.000Z</time>
        <extensions>
          <ns3:TrackPointExtension>
            <ns3:atemp>27.0</ns3:atemp>
            <ns3:hr>173</ns3:hr>
            <ns3:cad>84</ns3:cad>
          </ns3:TrackPointExtension>
        </extensions>
      </trkpt>
      <trkpt lat="31.97986165992915630340576171875" lon="118.7789032794535160064697265625">
        <ele>18.6000003814697265625</ele>
        <time>2024-10-14T11:59:41.000Z</time>
        <extensions>
          <ns3:TrackPointExtension>
            <ns3:atemp>27.0</ns3:atemp>
            <ns3:hr>173</ns3:hr>
            <ns3:cad>84</ns3:cad>
          </ns3:TrackPointExtension>
        </extensions>
      </trkpt>
      <trkpt lat="31.9798598997294902801513671875" lon="118.77888190560042858123779296875">
        <ele>18.6000003814697265625</ele>
        <time>2024-10-14T11:59:42.000Z</time>
        <extensions>
          <ns3:TrackPointExtension>
            <ns3:atemp>27.0</ns3:atemp>
            <ns3:hr>173</ns3:hr>
            <ns3:cad>84</ns3:cad>
          </ns3:TrackPointExtension>
        </extensions>
      </trkpt>
      <trkpt lat="31.97985881008207798004150390625" lon="118.77886111848056316375732421875">
        <ele>18.6000003814697265625</ele>
        <time>2024-10-14T11:59:43.000Z</time>
        <extensions>
          <ns3:TrackPointExtension>
            <ns3:atemp>27.0</ns3:atemp>
            <ns3:hr>173</ns3:hr>
            <ns3:cad>84</ns3:cad>
          </ns3:TrackPointExtension>
        </extensions>
      </trkpt>
      <trkpt lat="31.97985679842531681060791015625" lon="118.7788328714668750762939453125">
        <ele>18.799999237060546875</ele>
        <time>2024-10-14T11:59:44.000Z</time>
        <extensions>
          <ns3:TrackPointExtension>
            <ns3:atemp>27.0</ns3:atemp>
            <ns3:hr>173</ns3:hr>
            <ns3:cad>84</ns3:cad>
          </ns3:TrackPointExtension>
        </extensions>
      </trkpt>
      <trkpt lat="31.97985537350177764892578125" lon="118.7788083963096141815185546875">
        <ele>18.799999237060546875</ele>
        <time>2024-10-14T11:59:45.000Z</time>
        <extensions>
          <ns3:TrackPointExtension>
            <ns3:atemp>27.0</ns3:atemp>
            <ns3:hr>173</ns3:hr>
            <ns3:cad>85</ns3:cad>
          </ns3:TrackPointExtension>
        </extensions>
      </trkpt>
      <trkpt lat="31.97985461913049221038818359375" lon="118.77878081984817981719970703125">
        <ele>18.799999237060546875</ele>
        <time>2024-10-14T11:59:46.000Z</time>
        <extensions>
          <ns3:TrackPointExtension>
            <ns3:atemp>27.0</ns3:atemp>
            <ns3:hr>173</ns3:hr>
            <ns3:cad>85</ns3:cad>
          </ns3:TrackPointExtension>
        </extensions>
      </trkpt>
      <trkpt lat="31.9798518531024456024169921875" lon="118.778753243386745452880859375">
        <ele>18.799999237060546875</ele>
        <time>2024-10-14T11:59:47.000Z</time>
        <extensions>
          <ns3:TrackPointExtension>
            <ns3:atemp>27.0</ns3:atemp>
            <ns3:hr>173</ns3:hr>
            <ns3:cad>85</ns3:cad>
          </ns3:TrackPointExtension>
        </extensions>
      </trkpt>
      <trkpt lat="31.97985126636922359466552734375" lon="118.7787316180765628814697265625">
        <ele>18.799999237060546875</ele>
        <time>2024-10-14T11:59:48.000Z</time>
        <extensions>
          <ns3:TrackPointExtension>
            <ns3:atemp>27.0</ns3:atemp>
            <ns3:hr>173</ns3:hr>
            <ns3:cad>86</ns3:cad>
          </ns3:TrackPointExtension>
        </extensions>
      </trkpt>
      <trkpt lat="31.97984942235052585601806640625" lon="118.7786987610161304473876953125">
        <ele>18.799999237060546875</ele>
        <time>2024-10-14T11:59:49.000Z</time>
        <extensions>
          <ns3:TrackPointExtension>
            <ns3:atemp>27.0</ns3:atemp>
            <ns3:hr>173</ns3:hr>
            <ns3:cad>86</ns3:cad>
          </ns3:TrackPointExtension>
        </extensions>
      </trkpt>
      <trkpt lat="31.9798478297889232635498046875" lon="118.7786799855530261993408203125">
        <ele>18.799999237060546875</ele>
        <time>2024-10-14T11:59:50.000Z</time>
        <extensions>
          <ns3:TrackPointExtension>
            <ns3:atemp>27.0</ns3:atemp>
            <ns3:hr>173</ns3:hr>
            <ns3:cad>86</ns3:cad>
          </ns3:TrackPointExtension>
        </extensions>
      </trkpt>
      <trkpt lat="31.9798464886844158172607421875" lon="118.778651989996433258056640625">
        <ele>18.799999237060546875</ele>
        <time>2024-10-14T11:59:51.000Z</time>
        <extensions>
          <ns3:TrackPointExtension>
            <ns3:atemp>27.0</ns3:atemp>
            <ns3:hr>173</ns3:hr>
            <ns3:cad>86</ns3:cad>
          </ns3:TrackPointExtension>
        </extensions>
      </trkpt>
      <trkpt lat="31.979844309389591217041015625" lon="118.77862692810595035552978515625">
        <ele>19</ele>
        <time>2024-10-14T11:59:52.000Z</time>
        <extensions>
          <ns3:TrackPointExtension>
            <ns3:atemp>27.0</ns3:atemp>
            <ns3:hr>173</ns3:hr>
            <ns3:cad>85</ns3:cad>
          </ns3:TrackPointExtension>
        </extensions>
      </trkpt>
      <trkpt lat="31.9798417948186397552490234375" lon="118.77860060892999172210693359375">
        <ele>19</ele>
        <time>2024-10-14T11:59:53.000Z</time>
        <extensions>
          <ns3:TrackPointExtension>
            <ns3:atemp>27.0</ns3:atemp>
            <ns3:hr>173</ns3:hr>
            <ns3:cad>85</ns3:cad>
          </ns3:TrackPointExtension>
        </extensions>
      </trkpt>
      <trkpt lat="31.97983735240995883941650390625" lon="118.77857076935470104217529296875">
        <ele>19</ele>
        <time>2024-10-14T11:59:54.000Z</time>
        <extensions>
          <ns3:TrackPointExtension>
            <ns3:atemp>27.0</ns3:atemp>
            <ns3:hr>173</ns3:hr>
            <ns3:cad>85</ns3:cad>
          </ns3:TrackPointExtension>
        </extensions>
      </trkpt>
      <trkpt lat="31.979832910001277923583984375" lon="118.7785431928932666778564453125">
        <ele>19</ele>
        <time>2024-10-14T11:59:55.000Z</time>
        <extensions>
          <ns3:TrackPointExtension>
            <ns3:atemp>27.0</ns3:atemp>
            <ns3:hr>173</ns3:hr>
            <ns3:cad>85</ns3:cad>
          </ns3:TrackPointExtension>
        </extensions>
      </trkpt>
      <trkpt lat="31.97982829995453357696533203125" lon="118.7785116769373416900634765625">
        <ele>19</ele>
        <time>2024-10-14T11:59:56.000Z</time>
        <extensions>
          <ns3:TrackPointExtension>
            <ns3:atemp>27.0</ns3:atemp>
            <ns3:hr>173</ns3:hr>
            <ns3:cad>85</ns3:cad>
          </ns3:TrackPointExtension>
        </extensions>
      </trkpt>
      <trkpt lat="31.9798243604600429534912109375" lon="118.778488375246524810791015625">
        <ele>19</ele>
        <time>2024-10-14T11:59:57.000Z</time>
        <extensions>
          <ns3:TrackPointExtension>
            <ns3:atemp>27.0</ns3:atemp>
            <ns3:hr>173</ns3:hr>
            <ns3:cad>85</ns3:cad>
          </ns3:TrackPointExtension>
        </extensions>
      </trkpt>
      <trkpt lat="31.97981907986104488372802734375" lon="118.77845761366188526153564453125">
        <ele>19</ele>
        <time>2024-10-14T11:59:58.000Z</time>
        <extensions>
          <ns3:TrackPointExtension>
            <ns3:atemp>27.0</ns3:atemp>
            <ns3:hr>173</ns3:hr>
            <ns3:cad>86</ns3:cad>
          </ns3:TrackPointExtension>
        </extensions>
      </trkpt>
      <trkpt lat="31.97981287725269794464111328125" lon="118.778433389961719512939453125">
        <ele>18.799999237060546875</ele>
        <time>2024-10-14T11:59:59.000Z</time>
        <extensions>
          <ns3:TrackPointExtension>
            <ns3:atemp>27.0</ns3:atemp>
            <ns3:hr>173</ns3:hr>
            <ns3:cad>86</ns3:cad>
          </ns3:TrackPointExtension>
        </extensions>
      </trkpt>
      <trkpt lat="31.97980441153049468994140625" lon="118.77840782515704631805419921875">
        <ele>18.799999237060546875</ele>
        <time>2024-10-14T12:00:00.000Z</time>
        <extensions>
          <ns3:TrackPointExtension>
            <ns3:atemp>27.0</ns3:atemp>
            <ns3:hr>172</ns3:hr>
            <ns3:cad>86</ns3:cad>
          </ns3:TrackPointExtension>
        </extensions>
      </trkpt>
      <trkpt lat="31.979796700179576873779296875" lon="118.77837446518242359161376953125">
        <ele>18.799999237060546875</ele>
        <time>2024-10-14T12:00:01.000Z</time>
        <extensions>
          <ns3:TrackPointExtension>
            <ns3:atemp>27.0</ns3:atemp>
            <ns3:hr>172</ns3:hr>
            <ns3:cad>86</ns3:cad>
          </ns3:TrackPointExtension>
        </extensions>
      </trkpt>
      <trkpt lat="31.97979141958057880401611328125" lon="118.778345882892608642578125">
        <ele>18.799999237060546875</ele>
        <time>2024-10-14T12:00:02.000Z</time>
        <extensions>
          <ns3:TrackPointExtension>
            <ns3:atemp>27.0</ns3:atemp>
            <ns3:hr>172</ns3:hr>
            <ns3:cad>86</ns3:cad>
          </ns3:TrackPointExtension>
        </extensions>
      </trkpt>
      <trkpt lat="31.97978169657289981842041015625" lon="118.7783162109553813934326171875">
        <ele>18.6000003814697265625</ele>
        <time>2024-10-14T12:00:03.000Z</time>
        <extensions>
          <ns3:TrackPointExtension>
            <ns3:atemp>27.0</ns3:atemp>
            <ns3:hr>171</ns3:hr>
            <ns3:cad>86</ns3:cad>
          </ns3:TrackPointExtension>
        </extensions>
      </trkpt>
      <trkpt lat="31.979775242507457733154296875" lon="118.778293244540691375732421875">
        <ele>18.6000003814697265625</ele>
        <time>2024-10-14T12:00:04.000Z</time>
        <extensions>
          <ns3:TrackPointExtension>
            <ns3:atemp>27.0</ns3:atemp>
            <ns3:hr>171</ns3:hr>
            <ns3:cad>86</ns3:cad>
          </ns3:TrackPointExtension>
        </extensions>
      </trkpt>
      <trkpt lat="31.97976057417690753936767578125" lon="118.77826985903084278106689453125">
        <ele>18.3999996185302734375</ele>
        <time>2024-10-14T12:00:05.000Z</time>
        <extensions>
          <ns3:TrackPointExtension>
            <ns3:atemp>27.0</ns3:atemp>
            <ns3:hr>171</ns3:hr>
            <ns3:cad>86</ns3:cad>
          </ns3:TrackPointExtension>
        </extensions>
      </trkpt>
      <trkpt lat="31.97974481619894504547119140625" lon="118.77825309522449970245361328125">
        <ele>18.3999996185302734375</ele>
        <time>2024-10-14T12:00:06.000Z</time>
        <extensions>
          <ns3:TrackPointExtension>
            <ns3:atemp>27.0</ns3:atemp>
            <ns3:hr>171</ns3:hr>
            <ns3:cad>86</ns3:cad>
          </ns3:TrackPointExtension>
        </extensions>
      </trkpt>
      <trkpt lat="31.9797267951071262359619140625" lon="118.77823934890329837799072265625">
        <ele>18.3999996185302734375</ele>
        <time>2024-10-14T12:00:07.000Z</time>
        <extensions>
          <ns3:TrackPointExtension>
            <ns3:atemp>27.0</ns3:atemp>
            <ns3:hr>171</ns3:hr>
            <ns3:cad>86</ns3:cad>
          </ns3:TrackPointExtension>
        </extensions>
      </trkpt>
      <trkpt lat="31.9797050021588802337646484375" lon="118.77822577022016048431396484375">
        <ele>18.3999996185302734375</ele>
        <time>2024-10-14T12:00:08.000Z</time>
        <extensions>
          <ns3:TrackPointExtension>
            <ns3:atemp>27.0</ns3:atemp>
            <ns3:hr>171</ns3:hr>
            <ns3:cad>86</ns3:cad>
          </ns3:TrackPointExtension>
        </extensions>
      </trkpt>
      <trkpt lat="31.97968396358191967010498046875" lon="118.77820833586156368255615234375">
        <ele>18.200000762939453125</ele>
        <time>2024-10-14T12:00:09.000Z</time>
        <extensions>
          <ns3:TrackPointExtension>
            <ns3:atemp>27.0</ns3:atemp>
            <ns3:hr>171</ns3:hr>
            <ns3:cad>86</ns3:cad>
          </ns3:TrackPointExtension>
        </extensions>
      </trkpt>
      <trkpt lat="31.97965613566339015960693359375" lon="118.77818302251398563385009765625">
        <ele>18.200000762939453125</ele>
        <time>2024-10-14T12:00:10.000Z</time>
        <extensions>
          <ns3:TrackPointExtension>
            <ns3:atemp>27.0</ns3:atemp>
            <ns3:hr>172</ns3:hr>
            <ns3:cad>87</ns3:cad>
          </ns3:TrackPointExtension>
        </extensions>
      </trkpt>
      <trkpt lat="31.97963568381965160369873046875" lon="118.7781596370041370391845703125">
        <ele>18.200000762939453125</ele>
        <time>2024-10-14T12:00:11.000Z</time>
        <extensions>
          <ns3:TrackPointExtension>
            <ns3:atemp>27.0</ns3:atemp>
            <ns3:hr>172</ns3:hr>
            <ns3:cad>87</ns3:cad>
          </ns3:TrackPointExtension>
        </extensions>
      </trkpt>
      <trkpt lat="31.97962596081197261810302734375" lon="118.77813105471432209014892578125">
        <ele>18</ele>
        <time>2024-10-14T12:00:12.000Z</time>
        <extensions>
          <ns3:TrackPointExtension>
            <ns3:atemp>27.0</ns3:atemp>
            <ns3:hr>172</ns3:hr>
            <ns3:cad>87</ns3:cad>
          </ns3:TrackPointExtension>
        </extensions>
      </trkpt>
      <trkpt lat="31.97962126694619655609130859375" lon="118.7780986167490482330322265625">
        <ele>18</ele>
        <time>2024-10-14T12:00:13.000Z</time>
        <extensions>
          <ns3:TrackPointExtension>
            <ns3:atemp>27.0</ns3:atemp>
            <ns3:hr>172</ns3:hr>
            <ns3:cad>86</ns3:cad>
          </ns3:TrackPointExtension>
        </extensions>
      </trkpt>
      <trkpt lat="31.979623027145862579345703125" lon="118.77807556651532649993896484375">
        <ele>18</ele>
        <time>2024-10-14T12:00:14.000Z</time>
        <extensions>
          <ns3:TrackPointExtension>
            <ns3:atemp>27.0</ns3:atemp>
            <ns3:hr>171</ns3:hr>
            <ns3:cad>86</ns3:cad>
          </ns3:TrackPointExtension>
        </extensions>
      </trkpt>
      <trkpt lat="31.97963199578225612640380859375" lon="118.7780305556952953338623046875">
        <ele>18.200000762939453125</ele>
        <time>2024-10-14T12:00:30.000Z</time>
        <extensions>
          <ns3:TrackPointExtension>
            <ns3:atemp>27.0</ns3:atemp>
            <ns3:hr>170</ns3:hr>
            <ns3:cad>0</ns3:cad>
          </ns3:TrackPointExtension>
        </extensions>
      </trkpt>
      <trkpt lat="31.97963132523000240325927734375" lon="118.778018988668918609619140625">
        <ele>18.200000762939453125</ele>
        <time>2024-10-14T12:00:31.000Z</time>
        <extensions>
          <ns3:TrackPointExtension>
            <ns3:atemp>27.0</ns3:atemp>
            <ns3:hr>169</ns3:hr>
            <ns3:cad>0</ns3:cad>
          </ns3:TrackPointExtension>
        </extensions>
      </trkpt>
      <trkpt lat="31.97962738573551177978515625" lon="118.7779950164258480072021484375">
        <ele>18.200000762939453125</ele>
        <time>2024-10-14T12:00:32.000Z</time>
        <extensions>
          <ns3:TrackPointExtension>
            <ns3:atemp>27.0</ns3:atemp>
            <ns3:hr>169</ns3:hr>
            <ns3:cad>0</ns3:cad>
          </ns3:TrackPointExtension>
        </extensions>
      </trkpt>
      <trkpt lat="31.97962126694619655609130859375" lon="118.77797372639179229736328125">
        <ele>18.200000762939453125</ele>
        <time>2024-10-14T12:00:33.000Z</time>
        <extensions>
          <ns3:TrackPointExtension>
            <ns3:atemp>27.0</ns3:atemp>
            <ns3:hr>169</ns3:hr>
            <ns3:cad>0</ns3:cad>
          </ns3:TrackPointExtension>
        </extensions>
      </trkpt>
      <trkpt lat="31.97961372323334217071533203125" lon="118.77794715575873851776123046875">
        <ele>18.200000762939453125</ele>
        <time>2024-10-14T12:00:34.000Z</time>
        <extensions>
          <ns3:TrackPointExtension>
            <ns3:atemp>27.0</ns3:atemp>
            <ns3:hr>168</ns3:hr>
            <ns3:cad>0</ns3:cad>
          </ns3:TrackPointExtension>
        </extensions>
      </trkpt>
      <trkpt lat="31.97960726916790008544921875" lon="118.77792435698211193084716796875">
        <ele>18</ele>
        <time>2024-10-14T12:00:35.000Z</time>
        <extensions>
          <ns3:TrackPointExtension>
            <ns3:atemp>27.0</ns3:atemp>
            <ns3:hr>168</ns3:hr>
            <ns3:cad>0</ns3:cad>
          </ns3:TrackPointExtension>
        </extensions>
      </trkpt>
      <trkpt lat="31.979599893093109130859375" lon="118.777895271778106689453125">
        <ele>18</ele>
        <time>2024-10-14T12:00:36.000Z</time>
        <extensions>
          <ns3:TrackPointExtension>
            <ns3:atemp>27.0</ns3:atemp>
            <ns3:hr>167</ns3:hr>
            <ns3:cad>0</ns3:cad>
          </ns3:TrackPointExtension>
        </extensions>
      </trkpt>
      <trkpt lat="31.97959654033184051513671875" lon="118.77787046134471893310546875">
        <ele>18</ele>
        <time>2024-10-14T12:00:37.000Z</time>
        <extensions>
          <ns3:TrackPointExtension>
            <ns3:atemp>27.0</ns3:atemp>
            <ns3:hr>167</ns3:hr>
            <ns3:cad>88</ns3:cad>
          </ns3:TrackPointExtension>
        </extensions>
      </trkpt>
      <trkpt lat="31.97959645651280879974365234375" lon="118.77784229815006256103515625">
        <ele>18</ele>
        <time>2024-10-14T12:00:38.000Z</time>
        <extensions>
          <ns3:TrackPointExtension>
            <ns3:atemp>27.0</ns3:atemp>
            <ns3:hr>167</ns3:hr>
            <ns3:cad>88</ns3:cad>
          </ns3:TrackPointExtension>
        </extensions>
      </trkpt>
      <trkpt lat="31.9795958697795867919921875" lon="118.7778122909367084503173828125">
        <ele>18</ele>
        <time>2024-10-14T12:00:39.000Z</time>
        <extensions>
          <ns3:TrackPointExtension>
            <ns3:atemp>27.0</ns3:atemp>
            <ns3:hr>167</ns3:hr>
            <ns3:cad>88</ns3:cad>
          </ns3:TrackPointExtension>
        </extensions>
      </trkpt>
      <trkpt lat="31.979598216712474822998046875" lon="118.7777780927717685699462890625">
        <ele>18</ele>
        <time>2024-10-14T12:00:40.000Z</time>
        <extensions>
          <ns3:TrackPointExtension>
            <ns3:atemp>27.0</ns3:atemp>
            <ns3:hr>167</ns3:hr>
            <ns3:cad>88</ns3:cad>
          </ns3:TrackPointExtension>
        </extensions>
      </trkpt>
      <trkpt lat="31.979598887264728546142578125" lon="118.77774883992969989776611328125">
        <ele>18</ele>
        <time>2024-10-14T12:00:41.000Z</time>
        <extensions>
          <ns3:TrackPointExtension>
            <ns3:atemp>27.0</ns3:atemp>
            <ns3:hr>167</ns3:hr>
            <ns3:cad>88</ns3:cad>
          </ns3:TrackPointExtension>
        </extensions>
      </trkpt>
      <trkpt lat="31.97959897108376026153564453125" lon="118.77772470004856586456298828125">
        <ele>18.200000762939453125</ele>
        <time>2024-10-14T12:00:42.000Z</time>
        <extensions>
          <ns3:TrackPointExtension>
            <ns3:atemp>27.0</ns3:atemp>
            <ns3:hr>167</ns3:hr>
            <ns3:cad>88</ns3:cad>
          </ns3:TrackPointExtension>
        </extensions>
      </trkpt>
      <trkpt lat="31.97960031218826770782470703125" lon="118.7776972912251949310302734375">
        <ele>18.200000762939453125</ele>
        <time>2024-10-14T12:00:43.000Z</time>
        <extensions>
          <ns3:TrackPointExtension>
            <ns3:atemp>27.0</ns3:atemp>
            <ns3:hr>167</ns3:hr>
            <ns3:cad>88</ns3:cad>
          </ns3:TrackPointExtension>
        </extensions>
      </trkpt>
      <trkpt lat="31.97960031218826770782470703125" lon="118.77767189405858516693115234375">
        <ele>18.200000762939453125</ele>
        <time>2024-10-14T12:00:44.000Z</time>
        <extensions>
          <ns3:TrackPointExtension>
            <ns3:atemp>27.0</ns3:atemp>
            <ns3:hr>167</ns3:hr>
            <ns3:cad>88</ns3:cad>
          </ns3:TrackPointExtension>
        </extensions>
      </trkpt>
      <trkpt lat="31.9796040840446949005126953125" lon="118.77763669006526470184326171875">
        <ele>18.3999996185302734375</ele>
        <time>2024-10-14T12:00:45.000Z</time>
        <extensions>
          <ns3:TrackPointExtension>
            <ns3:atemp>27.0</ns3:atemp>
            <ns3:hr>167</ns3:hr>
            <ns3:cad>88</ns3:cad>
          </ns3:TrackPointExtension>
        </extensions>
      </trkpt>
      <trkpt lat="31.97959863580763339996337890625" lon="118.77760333009064197540283203125">
        <ele>18.3999996185302734375</ele>
        <time>2024-10-14T12:00:46.000Z</time>
        <extensions>
          <ns3:TrackPointExtension>
            <ns3:atemp>27.0</ns3:atemp>
            <ns3:hr>166</ns3:hr>
            <ns3:cad>88</ns3:cad>
          </ns3:TrackPointExtension>
        </extensions>
      </trkpt>
      <trkpt lat="31.979595534503459930419921875" lon="118.7775718979537487030029296875">
        <ele>18.3999996185302734375</ele>
        <time>2024-10-14T12:00:47.000Z</time>
        <extensions>
          <ns3:TrackPointExtension>
            <ns3:atemp>27.0</ns3:atemp>
            <ns3:hr>166</ns3:hr>
            <ns3:cad>88</ns3:cad>
          </ns3:TrackPointExtension>
        </extensions>
      </trkpt>
      <trkpt lat="31.9795873202383518218994140625" lon="118.77754029817879199981689453125">
        <ele>18.3999996185302734375</ele>
        <time>2024-10-14T12:00:48.000Z</time>
        <extensions>
          <ns3:TrackPointExtension>
            <ns3:atemp>27.0</ns3:atemp>
            <ns3:hr>166</ns3:hr>
            <ns3:cad>88</ns3:cad>
          </ns3:TrackPointExtension>
        </extensions>
      </trkpt>
      <trkpt lat="31.979580111801624298095703125" lon="118.7775075249373912811279296875">
        <ele>18.3999996185302734375</ele>
        <time>2024-10-14T12:00:49.000Z</time>
        <extensions>
          <ns3:TrackPointExtension>
            <ns3:atemp>27.0</ns3:atemp>
            <ns3:hr>165</ns3:hr>
            <ns3:cad>88</ns3:cad>
          </ns3:TrackPointExtension>
        </extensions>
      </trkpt>
      <trkpt lat="31.9795797765254974365234375" lon="118.77747994847595691680908203125">
        <ele>18.200000762939453125</ele>
        <time>2024-10-14T12:00:50.000Z</time>
        <extensions>
          <ns3:TrackPointExtension>
            <ns3:atemp>27.0</ns3:atemp>
            <ns3:hr>164</ns3:hr>
            <ns3:cad>88</ns3:cad>
          </ns3:TrackPointExtension>
        </extensions>
      </trkpt>
      <trkpt lat="31.97957667522132396697998046875" lon="118.7774599157273769378662109375">
        <ele>18.200000762939453125</ele>
        <time>2024-10-14T12:00:51.000Z</time>
        <extensions>
          <ns3:TrackPointExtension>
            <ns3:atemp>27.0</ns3:atemp>
            <ns3:hr>164</ns3:hr>
            <ns3:cad>88</ns3:cad>
          </ns3:TrackPointExtension>
        </extensions>
      </trkpt>
      <trkpt lat="31.97957281954586505889892578125" lon="118.77744005061686038970947265625">
        <ele>18.200000762939453125</ele>
        <time>2024-10-14T12:00:52.000Z</time>
        <extensions>
          <ns3:TrackPointExtension>
            <ns3:atemp>27.0</ns3:atemp>
            <ns3:hr>164</ns3:hr>
            <ns3:cad>88</ns3:cad>
          </ns3:TrackPointExtension>
        </extensions>
      </trkpt>
      <trkpt lat="31.97956502437591552734375" lon="118.77740853466093540191650390625">
        <ele>18.200000762939453125</ele>
        <time>2024-10-14T12:00:53.000Z</time>
        <extensions>
          <ns3:TrackPointExtension>
            <ns3:atemp>27.0</ns3:atemp>
            <ns3:hr>164</ns3:hr>
            <ns3:cad>88</ns3:cad>
          </ns3:TrackPointExtension>
        </extensions>
      </trkpt>
      <trkpt lat="31.97955789975821971893310546875" lon="118.777378611266613006591796875">
        <ele>18.200000762939453125</ele>
        <time>2024-10-14T12:00:54.000Z</time>
        <extensions>
          <ns3:TrackPointExtension>
            <ns3:atemp>27.0</ns3:atemp>
            <ns3:hr>164</ns3:hr>
            <ns3:cad>88</ns3:cad>
          </ns3:TrackPointExtension>
        </extensions>
      </trkpt>
      <trkpt lat="31.9795480929315090179443359375" lon="118.7773412279784679412841796875">
        <ele>18.200000762939453125</ele>
        <time>2024-10-14T12:00:55.000Z</time>
        <extensions>
          <ns3:TrackPointExtension>
            <ns3:atemp>27.0</ns3:atemp>
            <ns3:hr>164</ns3:hr>
            <ns3:cad>88</ns3:cad>
          </ns3:TrackPointExtension>
        </extensions>
      </trkpt>
      <trkpt lat="31.97954331524670124053955078125" lon="118.77731415443122386932373046875">
        <ele>18.200000762939453125</ele>
        <time>2024-10-14T12:00:56.000Z</time>
        <extensions>
          <ns3:TrackPointExtension>
            <ns3:atemp>27.0</ns3:atemp>
            <ns3:hr>164</ns3:hr>
            <ns3:cad>88</ns3:cad>
          </ns3:TrackPointExtension>
        </extensions>
      </trkpt>
      <trkpt lat="31.97954482398927211761474609375" lon="118.7772869132459163665771484375">
        <ele>18.200000762939453125</ele>
        <time>2024-10-14T12:00:57.000Z</time>
        <extensions>
          <ns3:TrackPointExtension>
            <ns3:atemp>27.0</ns3:atemp>
            <ns3:hr>164</ns3:hr>
            <ns3:cad>88</ns3:cad>
          </ns3:TrackPointExtension>
        </extensions>
      </trkpt>
      <trkpt lat="31.979543901979923248291015625" lon="118.77726159989833831787109375">
        <ele>18.200000762939453125</ele>
        <time>2024-10-14T12:00:58.000Z</time>
        <extensions>
          <ns3:TrackPointExtension>
            <ns3:atemp>27.0</ns3:atemp>
            <ns3:hr>164</ns3:hr>
            <ns3:cad>88</ns3:cad>
          </ns3:TrackPointExtension>
        </extensions>
      </trkpt>
      <trkpt lat="31.97954029776155948638916015625" lon="118.77723167650401592254638671875">
        <ele>18.200000762939453125</ele>
        <time>2024-10-14T12:00:59.000Z</time>
        <extensions>
          <ns3:TrackPointExtension>
            <ns3:atemp>27.0</ns3:atemp>
            <ns3:hr>164</ns3:hr>
            <ns3:cad>88</ns3:cad>
          </ns3:TrackPointExtension>
        </extensions>
      </trkpt>
      <trkpt lat="31.97953761555254459381103515625" lon="118.77720016054809093475341796875">
        <ele>18.3999996185302734375</ele>
        <time>2024-10-14T12:01:00.000Z</time>
        <extensions>
          <ns3:TrackPointExtension>
            <ns3:atemp>27.0</ns3:atemp>
            <ns3:hr>164</ns3:hr>
            <ns3:cad>88</ns3:cad>
          </ns3:TrackPointExtension>
        </extensions>
      </trkpt>
      <trkpt lat="31.97953627444803714752197265625" lon="118.77717174589633941650390625">
        <ele>18.3999996185302734375</ele>
        <time>2024-10-14T12:01:01.000Z</time>
        <extensions>
          <ns3:TrackPointExtension>
            <ns3:atemp>27.0</ns3:atemp>
            <ns3:hr>164</ns3:hr>
            <ns3:cad>88</ns3:cad>
          </ns3:TrackPointExtension>
        </extensions>
      </trkpt>
      <trkpt lat="31.97953644208610057830810546875" lon="118.77714349888265132904052734375">
        <ele>18.3999996185302734375</ele>
        <time>2024-10-14T12:01:02.000Z</time>
        <extensions>
          <ns3:TrackPointExtension>
            <ns3:atemp>27.0</ns3:atemp>
            <ns3:hr>165</ns3:hr>
            <ns3:cad>87</ns3:cad>
          </ns3:TrackPointExtension>
        </extensions>
      </trkpt>
      <trkpt lat="31.97953644208610057830810546875" lon="118.7771149165928363800048828125">
        <ele>18.6000003814697265625</ele>
        <time>2024-10-14T12:01:03.000Z</time>
        <extensions>
          <ns3:TrackPointExtension>
            <ns3:atemp>27.0</ns3:atemp>
            <ns3:hr>165</ns3:hr>
            <ns3:cad>86</ns3:cad>
          </ns3:TrackPointExtension>
        </extensions>
      </trkpt>
      <trkpt lat="31.97953887283802032470703125" lon="118.77708331681787967681884765625">
        <ele>18.6000003814697265625</ele>
        <time>2024-10-14T12:01:04.000Z</time>
        <extensions>
          <ns3:TrackPointExtension>
            <ns3:atemp>27.0</ns3:atemp>
            <ns3:hr>165</ns3:hr>
            <ns3:cad>86</ns3:cad>
          </ns3:TrackPointExtension>
        </extensions>
      </trkpt>
      <trkpt lat="31.9795356877148151397705078125" lon="118.77705532126128673553466796875">
        <ele>18.6000003814697265625</ele>
        <time>2024-10-14T12:01:05.000Z</time>
        <extensions>
          <ns3:TrackPointExtension>
            <ns3:atemp>27.0</ns3:atemp>
            <ns3:hr>165</ns3:hr>
            <ns3:cad>86</ns3:cad>
          </ns3:TrackPointExtension>
        </extensions>
      </trkpt>
      <trkpt lat="31.9795313291251659393310546875" lon="118.77702665515244007110595703125">
        <ele>18.6000003814697265625</ele>
        <time>2024-10-14T12:01:06.000Z</time>
        <extensions>
          <ns3:TrackPointExtension>
            <ns3:atemp>27.0</ns3:atemp>
            <ns3:hr>165</ns3:hr>
            <ns3:cad>86</ns3:cad>
          </ns3:TrackPointExtension>
        </extensions>
      </trkpt>
      <trkpt lat="31.9795286469161510467529296875" lon="118.77699530683457851409912109375">
        <ele>18.6000003814697265625</ele>
        <time>2024-10-14T12:01:07.000Z</time>
        <extensions>
          <ns3:TrackPointExtension>
            <ns3:atemp>27.0</ns3:atemp>
            <ns3:hr>165</ns3:hr>
            <ns3:cad>86</ns3:cad>
          </ns3:TrackPointExtension>
        </extensions>
      </trkpt>
      <trkpt lat="31.97952403686940670013427734375" lon="118.77696831710636615753173828125">
        <ele>18.6000003814697265625</ele>
        <time>2024-10-14T12:01:08.000Z</time>
        <extensions>
          <ns3:TrackPointExtension>
            <ns3:atemp>27.0</ns3:atemp>
            <ns3:hr>165</ns3:hr>
            <ns3:cad>86</ns3:cad>
          </ns3:TrackPointExtension>
        </extensions>
      </trkpt>
      <trkpt lat="31.97951984591782093048095703125" lon="118.77694032154977321624755859375">
        <ele>18.6000003814697265625</ele>
        <time>2024-10-14T12:01:09.000Z</time>
        <extensions>
          <ns3:TrackPointExtension>
            <ns3:atemp>27.0</ns3:atemp>
            <ns3:hr>165</ns3:hr>
            <ns3:cad>86</ns3:cad>
          </ns3:TrackPointExtension>
        </extensions>
      </trkpt>
      <trkpt lat="31.97951330803334712982177734375" lon="118.7769122421741485595703125">
        <ele>18.6000003814697265625</ele>
        <time>2024-10-14T12:01:10.000Z</time>
        <extensions>
          <ns3:TrackPointExtension>
            <ns3:atemp>27.0</ns3:atemp>
            <ns3:hr>165</ns3:hr>
            <ns3:cad>86</ns3:cad>
          </ns3:TrackPointExtension>
        </extensions>
      </trkpt>
      <trkpt lat="31.979506351053714752197265625" lon="118.77687846310436725616455078125">
        <ele>18.6000003814697265625</ele>
        <time>2024-10-14T12:01:11.000Z</time>
        <extensions>
          <ns3:TrackPointExtension>
            <ns3:atemp>27.0</ns3:atemp>
            <ns3:hr>165</ns3:hr>
            <ns3:cad>86</ns3:cad>
          </ns3:TrackPointExtension>
        </extensions>
      </trkpt>
      <trkpt lat="31.9795038364827632904052734375" lon="118.77684610895812511444091796875">
        <ele>18.6000003814697265625</ele>
        <time>2024-10-14T12:01:12.000Z</time>
        <extensions>
          <ns3:TrackPointExtension>
            <ns3:atemp>27.0</ns3:atemp>
            <ns3:hr>165</ns3:hr>
            <ns3:cad>86</ns3:cad>
          </ns3:TrackPointExtension>
        </extensions>
      </trkpt>
      <trkpt lat="31.9795014895498752593994140625" lon="118.77681710757315158843994140625">
        <ele>18.799999237060546875</ele>
        <time>2024-10-14T12:01:13.000Z</time>
        <extensions>
          <ns3:TrackPointExtension>
            <ns3:atemp>27.0</ns3:atemp>
            <ns3:hr>166</ns3:hr>
            <ns3:cad>86</ns3:cad>
          </ns3:TrackPointExtension>
        </extensions>
      </trkpt>
      <trkpt lat="31.97950107045471668243408203125" lon="118.77678894437849521636962890625">
        <ele>18.799999237060546875</ele>
        <time>2024-10-14T12:01:14.000Z</time>
        <extensions>
          <ns3:TrackPointExtension>
            <ns3:atemp>27.0</ns3:atemp>
            <ns3:hr>166</ns3:hr>
            <ns3:cad>88</ns3:cad>
          </ns3:TrackPointExtension>
        </extensions>
      </trkpt>
      <trkpt lat="31.97950006462633609771728515625" lon="118.776757679879665374755859375">
        <ele>18.799999237060546875</ele>
        <time>2024-10-14T12:01:15.000Z</time>
        <extensions>
          <ns3:TrackPointExtension>
            <ns3:atemp>27.0</ns3:atemp>
            <ns3:hr>166</ns3:hr>
            <ns3:cad>88</ns3:cad>
          </ns3:TrackPointExtension>
        </extensions>
      </trkpt>
      <trkpt lat="31.979497969150543212890625" lon="118.77672507427632808685302734375">
        <ele>18.799999237060546875</ele>
        <time>2024-10-14T12:01:16.000Z</time>
        <extensions>
          <ns3:TrackPointExtension>
            <ns3:atemp>27.0</ns3:atemp>
            <ns3:hr>166</ns3:hr>
            <ns3:cad>88</ns3:cad>
          </ns3:TrackPointExtension>
        </extensions>
      </trkpt>
      <trkpt lat="31.979494281113147735595703125" lon="118.7766991741955280303955078125">
        <ele>18.799999237060546875</ele>
        <time>2024-10-14T12:01:17.000Z</time>
        <extensions>
          <ns3:TrackPointExtension>
            <ns3:atemp>27.0</ns3:atemp>
            <ns3:hr>166</ns3:hr>
            <ns3:cad>87</ns3:cad>
          </ns3:TrackPointExtension>
        </extensions>
      </trkpt>
      <trkpt lat="31.97949117980897426605224609375" lon="118.7766700051724910736083984375">
        <ele>18.799999237060546875</ele>
        <time>2024-10-14T12:01:18.000Z</time>
        <extensions>
          <ns3:TrackPointExtension>
            <ns3:atemp>27.0</ns3:atemp>
            <ns3:hr>166</ns3:hr>
            <ns3:cad>87</ns3:cad>
          </ns3:TrackPointExtension>
        </extensions>
      </trkpt>
      <trkpt lat="31.97948480956256389617919921875" lon="118.7766431830823421478271484375">
        <ele>19</ele>
        <time>2024-10-14T12:01:19.000Z</time>
        <extensions>
          <ns3:TrackPointExtension>
            <ns3:atemp>27.0</ns3:atemp>
            <ns3:hr>166</ns3:hr>
            <ns3:cad>87</ns3:cad>
          </ns3:TrackPointExtension>
        </extensions>
      </trkpt>
      <trkpt lat="31.97948028333485126495361328125" lon="118.7766145169734954833984375">
        <ele>19</ele>
        <time>2024-10-14T12:01:20.000Z</time>
        <extensions>
          <ns3:TrackPointExtension>
            <ns3:atemp>27.0</ns3:atemp>
            <ns3:hr>166</ns3:hr>
            <ns3:cad>87</ns3:cad>
          </ns3:TrackPointExtension>
        </extensions>
      </trkpt>
      <trkpt lat="31.9794770143926143646240234375" lon="118.77658878453075885772705078125">
        <ele>19</ele>
        <time>2024-10-14T12:01:21.000Z</time>
        <extensions>
          <ns3:TrackPointExtension>
            <ns3:atemp>27.0</ns3:atemp>
            <ns3:hr>166</ns3:hr>
            <ns3:cad>87</ns3:cad>
          </ns3:TrackPointExtension>
        </extensions>
      </trkpt>
      <trkpt lat="31.9794743321835994720458984375" lon="118.77655894495546817779541015625">
        <ele>19</ele>
        <time>2024-10-14T12:01:22.000Z</time>
        <extensions>
          <ns3:TrackPointExtension>
            <ns3:atemp>27.0</ns3:atemp>
            <ns3:hr>166</ns3:hr>
            <ns3:cad>87</ns3:cad>
          </ns3:TrackPointExtension>
        </extensions>
      </trkpt>
      <trkpt lat="31.97947324253618717193603515625" lon="118.7765328772366046905517578125">
        <ele>19</ele>
        <time>2024-10-14T12:01:23.000Z</time>
        <extensions>
          <ns3:TrackPointExtension>
            <ns3:atemp>27.0</ns3:atemp>
            <ns3:hr>166</ns3:hr>
            <ns3:cad>87</ns3:cad>
          </ns3:TrackPointExtension>
        </extensions>
      </trkpt>
      <trkpt lat="31.979472823441028594970703125" lon="118.7764986790716648101806640625">
        <ele>19</ele>
        <time>2024-10-14T12:01:24.000Z</time>
        <extensions>
          <ns3:TrackPointExtension>
            <ns3:atemp>27.0</ns3:atemp>
            <ns3:hr>166</ns3:hr>
            <ns3:cad>88</ns3:cad>
          </ns3:TrackPointExtension>
        </extensions>
      </trkpt>
      <trkpt lat="31.97947072796523571014404296875" lon="118.77646707929670810699462890625">
        <ele>19</ele>
        <time>2024-10-14T12:01:25.000Z</time>
        <extensions>
          <ns3:TrackPointExtension>
            <ns3:atemp>27.0</ns3:atemp>
            <ns3:hr>166</ns3:hr>
            <ns3:cad>88</ns3:cad>
          </ns3:TrackPointExtension>
        </extensions>
      </trkpt>
      <trkpt lat="31.97946838103234767913818359375" lon="118.7764369882643222808837890625">
        <ele>19</ele>
        <time>2024-10-14T12:01:26.000Z</time>
        <extensions>
          <ns3:TrackPointExtension>
            <ns3:atemp>27.0</ns3:atemp>
            <ns3:hr>166</ns3:hr>
            <ns3:cad>88</ns3:cad>
          </ns3:TrackPointExtension>
        </extensions>
      </trkpt>
      <trkpt lat="31.979467459022998809814453125" lon="118.776403963565826416015625">
        <ele>19</ele>
        <time>2024-10-14T12:01:27.000Z</time>
        <extensions>
          <ns3:TrackPointExtension>
            <ns3:atemp>27.0</ns3:atemp>
            <ns3:hr>166</ns3:hr>
            <ns3:cad>88</ns3:cad>
          </ns3:TrackPointExtension>
        </extensions>
      </trkpt>
      <trkpt lat="31.97946502827107906341552734375" lon="118.7763763032853603363037109375">
        <ele>19</ele>
        <time>2024-10-14T12:01:28.000Z</time>
        <extensions>
          <ns3:TrackPointExtension>
            <ns3:atemp>27.0</ns3:atemp>
            <ns3:hr>166</ns3:hr>
            <ns3:cad>88</ns3:cad>
          </ns3:TrackPointExtension>
        </extensions>
      </trkpt>
      <trkpt lat="31.97946318425238132476806640625" lon="118.77634353004395961761474609375">
        <ele>19.200000762939453125</ele>
        <time>2024-10-14T12:01:29.000Z</time>
        <extensions>
          <ns3:TrackPointExtension>
            <ns3:atemp>27.0</ns3:atemp>
            <ns3:hr>166</ns3:hr>
            <ns3:cad>88</ns3:cad>
          </ns3:TrackPointExtension>
        </extensions>
      </trkpt>
      <trkpt lat="31.9794602505862712860107421875" lon="118.77631486393511295318603515625">
        <ele>19.200000762939453125</ele>
        <time>2024-10-14T12:01:30.000Z</time>
        <extensions>
          <ns3:TrackPointExtension>
            <ns3:atemp>27.0</ns3:atemp>
            <ns3:hr>167</ns3:hr>
            <ns3:cad>87</ns3:cad>
          </ns3:TrackPointExtension>
        </extensions>
      </trkpt>
      <trkpt lat="31.97945832274854183197021484375" lon="118.77628418616950511932373046875">
        <ele>19.200000762939453125</ele>
        <time>2024-10-14T12:01:31.000Z</time>
        <extensions>
          <ns3:TrackPointExtension>
            <ns3:atemp>27.0</ns3:atemp>
            <ns3:hr>167</ns3:hr>
            <ns3:cad>87</ns3:cad>
          </ns3:TrackPointExtension>
        </extensions>
      </trkpt>
      <trkpt lat="31.97945597581565380096435546875" lon="118.7762589566409587860107421875">
        <ele>19.200000762939453125</ele>
        <time>2024-10-14T12:01:32.000Z</time>
        <extensions>
          <ns3:TrackPointExtension>
            <ns3:atemp>27.0</ns3:atemp>
            <ns3:hr>167</ns3:hr>
            <ns3:cad>87</ns3:cad>
          </ns3:TrackPointExtension>
        </extensions>
      </trkpt>
      <trkpt lat="31.97945228777825832366943359375" lon="118.77623054198920726776123046875">
        <ele>19.200000762939453125</ele>
        <time>2024-10-14T12:01:33.000Z</time>
        <extensions>
          <ns3:TrackPointExtension>
            <ns3:atemp>27.0</ns3:atemp>
            <ns3:hr>167</ns3:hr>
            <ns3:cad>86</ns3:cad>
          </ns3:TrackPointExtension>
        </extensions>
      </trkpt>
      <trkpt lat="31.97944507934153079986572265625" lon="118.77621042542159557342529296875">
        <ele>19.200000762939453125</ele>
        <time>2024-10-14T12:01:34.000Z</time>
        <extensions>
          <ns3:TrackPointExtension>
            <ns3:atemp>27.0</ns3:atemp>
            <ns3:hr>167</ns3:hr>
            <ns3:cad>86</ns3:cad>
          </ns3:TrackPointExtension>
        </extensions>
      </trkpt>
      <trkpt lat="31.9794387929141521453857421875" lon="118.77618729136884212493896484375">
        <ele>19.3999996185302734375</ele>
        <time>2024-10-14T12:01:35.000Z</time>
        <extensions>
          <ns3:TrackPointExtension>
            <ns3:atemp>27.0</ns3:atemp>
            <ns3:hr>167</ns3:hr>
            <ns3:cad>87</ns3:cad>
          </ns3:TrackPointExtension>
        </extensions>
      </trkpt>
      <trkpt lat="31.9794334284961223602294921875" lon="118.7761652469635009765625">
        <ele>19.3999996185302734375</ele>
        <time>2024-10-14T12:01:36.000Z</time>
        <extensions>
          <ns3:TrackPointExtension>
            <ns3:atemp>27.0</ns3:atemp>
            <ns3:hr>168</ns3:hr>
            <ns3:cad>87</ns3:cad>
          </ns3:TrackPointExtension>
        </extensions>
      </trkpt>
      <trkpt lat="31.97943233884871006011962890625" lon="118.776137419044971466064453125">
        <ele>19.3999996185302734375</ele>
        <time>2024-10-14T12:01:37.000Z</time>
        <extensions>
          <ns3:TrackPointExtension>
            <ns3:atemp>27.0</ns3:atemp>
            <ns3:hr>168</ns3:hr>
            <ns3:cad>88</ns3:cad>
          </ns3:TrackPointExtension>
        </extensions>
      </trkpt>
      <trkpt lat="31.979432590305805206298828125" lon="118.77611101604998111724853515625">
        <ele>19.3999996185302734375</ele>
        <time>2024-10-14T12:01:38.000Z</time>
        <extensions>
          <ns3:TrackPointExtension>
            <ns3:atemp>27.0</ns3:atemp>
            <ns3:hr>168</ns3:hr>
            <ns3:cad>88</ns3:cad>
          </ns3:TrackPointExtension>
        </extensions>
      </trkpt>
      <trkpt lat="31.9794320873916149139404296875" lon="118.77607665024697780609130859375">
        <ele>19.3999996185302734375</ele>
        <time>2024-10-14T12:01:39.000Z</time>
        <extensions>
          <ns3:TrackPointExtension>
            <ns3:atemp>27.0</ns3:atemp>
            <ns3:hr>168</ns3:hr>
            <ns3:cad>88</ns3:cad>
          </ns3:TrackPointExtension>
        </extensions>
      </trkpt>
      <trkpt lat="31.97942781262099742889404296875" lon="118.7760487385094165802001953125">
        <ele>19.3999996185302734375</ele>
        <time>2024-10-14T12:01:40.000Z</time>
        <extensions>
          <ns3:TrackPointExtension>
            <ns3:atemp>27.0</ns3:atemp>
            <ns3:hr>168</ns3:hr>
            <ns3:cad>88</ns3:cad>
          </ns3:TrackPointExtension>
        </extensions>
      </trkpt>
      <trkpt lat="31.97941959835588932037353515625" lon="118.7760215811431407928466796875">
        <ele>19.3999996185302734375</ele>
        <time>2024-10-14T12:01:41.000Z</time>
        <extensions>
          <ns3:TrackPointExtension>
            <ns3:atemp>27.0</ns3:atemp>
            <ns3:hr>168</ns3:hr>
            <ns3:cad>88</ns3:cad>
          </ns3:TrackPointExtension>
        </extensions>
      </trkpt>
      <trkpt lat="31.97940610349178314208984375" lon="118.77599199302494525909423828125">
        <ele>19.3999996185302734375</ele>
        <time>2024-10-14T12:01:42.000Z</time>
        <extensions>
          <ns3:TrackPointExtension>
            <ns3:atemp>27.0</ns3:atemp>
            <ns3:hr>168</ns3:hr>
            <ns3:cad>88</ns3:cad>
          </ns3:TrackPointExtension>
        </extensions>
      </trkpt>
      <trkpt lat="31.9793891720473766326904296875" lon="118.77596030943095684051513671875">
        <ele>19.3999996185302734375</ele>
        <time>2024-10-14T12:01:43.000Z</time>
        <extensions>
          <ns3:TrackPointExtension>
            <ns3:atemp>27.0</ns3:atemp>
            <ns3:hr>168</ns3:hr>
            <ns3:cad>88</ns3:cad>
          </ns3:TrackPointExtension>
        </extensions>
      </trkpt>
      <trkpt lat="31.9793771021068096160888671875" lon="118.775929547846317291259765625">
        <ele>19.3999996185302734375</ele>
        <time>2024-10-14T12:01:44.000Z</time>
        <extensions>
          <ns3:TrackPointExtension>
            <ns3:atemp>27.0</ns3:atemp>
            <ns3:hr>169</ns3:hr>
            <ns3:cad>88</ns3:cad>
          </ns3:TrackPointExtension>
        </extensions>
      </trkpt>
      <trkpt lat="31.9793690554797649383544921875" lon="118.77589895389974117279052734375">
        <ele>19.3999996185302734375</ele>
        <time>2024-10-14T12:01:45.000Z</time>
        <extensions>
          <ns3:TrackPointExtension>
            <ns3:atemp>27.0</ns3:atemp>
            <ns3:hr>169</ns3:hr>
            <ns3:cad>88</ns3:cad>
          </ns3:TrackPointExtension>
        </extensions>
      </trkpt>
      <trkpt lat="31.97936042211949825286865234375" lon="118.7758648395538330078125">
        <ele>19.3999996185302734375</ele>
        <time>2024-10-14T12:01:46.000Z</time>
        <extensions>
          <ns3:TrackPointExtension>
            <ns3:atemp>27.0</ns3:atemp>
            <ns3:hr>169</ns3:hr>
            <ns3:cad>88</ns3:cad>
          </ns3:TrackPointExtension>
        </extensions>
      </trkpt>
      <trkpt lat="31.97935354895889759063720703125" lon="118.77583558671176433563232421875">
        <ele>19.3999996185302734375</ele>
        <time>2024-10-14T12:01:47.000Z</time>
        <extensions>
          <ns3:TrackPointExtension>
            <ns3:atemp>27.0</ns3:atemp>
            <ns3:hr>169</ns3:hr>
            <ns3:cad>88</ns3:cad>
          </ns3:TrackPointExtension>
        </extensions>
      </trkpt>
      <trkpt lat="31.9793486036360263824462890625" lon="118.7758036516606807708740234375">
        <ele>19.3999996185302734375</ele>
        <time>2024-10-14T12:01:48.000Z</time>
        <extensions>
          <ns3:TrackPointExtension>
            <ns3:atemp>27.0</ns3:atemp>
            <ns3:hr>169</ns3:hr>
            <ns3:cad>88</ns3:cad>
          </ns3:TrackPointExtension>
        </extensions>
      </trkpt>
      <trkpt lat="31.97934600524604320526123046875" lon="118.775774650275707244873046875">
        <ele>19.3999996185302734375</ele>
        <time>2024-10-14T12:01:49.000Z</time>
        <extensions>
          <ns3:TrackPointExtension>
            <ns3:atemp>27.0</ns3:atemp>
            <ns3:hr>169</ns3:hr>
            <ns3:cad>88</ns3:cad>
          </ns3:TrackPointExtension>
        </extensions>
      </trkpt>
      <trkpt lat="31.97935002855956554412841796875" lon="118.7757401168346405029296875">
        <ele>19.3999996185302734375</ele>
        <time>2024-10-14T12:01:50.000Z</time>
        <extensions>
          <ns3:TrackPointExtension>
            <ns3:atemp>27.0</ns3:atemp>
            <ns3:hr>169</ns3:hr>
            <ns3:cad>88</ns3:cad>
          </ns3:TrackPointExtension>
        </extensions>
      </trkpt>
      <trkpt lat="31.979353465139865875244140625" lon="118.77571388147771358489990234375">
        <ele>19.3999996185302734375</ele>
        <time>2024-10-14T12:01:51.000Z</time>
        <extensions>
          <ns3:TrackPointExtension>
            <ns3:atemp>27.0</ns3:atemp>
            <ns3:hr>169</ns3:hr>
            <ns3:cad>88</ns3:cad>
          </ns3:TrackPointExtension>
        </extensions>
      </trkpt>
      <trkpt lat="31.9793556444346904754638671875" lon="118.775685466825962066650390625">
        <ele>19.3999996185302734375</ele>
        <time>2024-10-14T12:01:52.000Z</time>
        <extensions>
          <ns3:TrackPointExtension>
            <ns3:atemp>27.0</ns3:atemp>
            <ns3:hr>169</ns3:hr>
            <ns3:cad>88</ns3:cad>
          </ns3:TrackPointExtension>
        </extensions>
      </trkpt>
      <trkpt lat="31.97935841046273708343505859375" lon="118.7756608240306377410888671875">
        <ele>19.6000003814697265625</ele>
        <time>2024-10-14T12:01:53.000Z</time>
        <extensions>
          <ns3:TrackPointExtension>
            <ns3:atemp>27.0</ns3:atemp>
            <ns3:hr>169</ns3:hr>
            <ns3:cad>88</ns3:cad>
          </ns3:TrackPointExtension>
        </extensions>
      </trkpt>
      <trkpt lat="31.97935874573886394500732421875" lon="118.7756350077688694000244140625">
        <ele>19.6000003814697265625</ele>
        <time>2024-10-14T12:01:54.000Z</time>
        <extensions>
          <ns3:TrackPointExtension>
            <ns3:atemp>27.0</ns3:atemp>
            <ns3:hr>169</ns3:hr>
            <ns3:cad>88</ns3:cad>
          </ns3:TrackPointExtension>
        </extensions>
      </trkpt>
      <trkpt lat="31.979358494281768798828125" lon="118.77560894005000591278076171875">
        <ele>19.6000003814697265625</ele>
        <time>2024-10-14T12:01:55.000Z</time>
        <extensions>
          <ns3:TrackPointExtension>
            <ns3:atemp>27.0</ns3:atemp>
            <ns3:hr>169</ns3:hr>
            <ns3:cad>88</ns3:cad>
          </ns3:TrackPointExtension>
        </extensions>
      </trkpt>
      <trkpt lat="31.97935623116791248321533203125" lon="118.7755793519318103790283203125">
        <ele>19.6000003814697265625</ele>
        <time>2024-10-14T12:01:56.000Z</time>
        <extensions>
          <ns3:TrackPointExtension>
            <ns3:atemp>27.0</ns3:atemp>
            <ns3:hr>169</ns3:hr>
            <ns3:cad>87</ns3:cad>
          </ns3:TrackPointExtension>
        </extensions>
      </trkpt>
      <trkpt lat="31.97935136966407299041748046875" lon="118.77554959617555141448974609375">
        <ele>19.6000003814697265625</ele>
        <time>2024-10-14T12:01:57.000Z</time>
        <extensions>
          <ns3:TrackPointExtension>
            <ns3:atemp>27.0</ns3:atemp>
            <ns3:hr>169</ns3:hr>
            <ns3:cad>87</ns3:cad>
          </ns3:TrackPointExtension>
        </extensions>
      </trkpt>
      <trkpt lat="31.97934709489345550537109375" lon="118.7755206786096096038818359375">
        <ele>19.6000003814697265625</ele>
        <time>2024-10-14T12:01:58.000Z</time>
        <extensions>
          <ns3:TrackPointExtension>
            <ns3:atemp>27.0</ns3:atemp>
            <ns3:hr>169</ns3:hr>
            <ns3:cad>88</ns3:cad>
          </ns3:TrackPointExtension>
        </extensions>
      </trkpt>
      <trkpt lat="31.97934047318994998931884765625" lon="118.775492012500762939453125">
        <ele>19.6000003814697265625</ele>
        <time>2024-10-14T12:01:59.000Z</time>
        <extensions>
          <ns3:TrackPointExtension>
            <ns3:atemp>27.0</ns3:atemp>
            <ns3:hr>169</ns3:hr>
            <ns3:cad>88</ns3:cad>
          </ns3:TrackPointExtension>
        </extensions>
      </trkpt>
      <trkpt lat="31.97933393530547618865966796875" lon="118.77546460367739200592041015625">
        <ele>19.799999237060546875</ele>
        <time>2024-10-14T12:02:00.000Z</time>
        <extensions>
          <ns3:TrackPointExtension>
            <ns3:atemp>27.0</ns3:atemp>
            <ns3:hr>170</ns3:hr>
            <ns3:cad>88</ns3:cad>
          </ns3:TrackPointExtension>
        </extensions>
      </trkpt>
      <trkpt lat="31.9793278165161609649658203125" lon="118.775436691939830780029296875">
        <ele>19.799999237060546875</ele>
        <time>2024-10-14T12:02:01.000Z</time>
        <extensions>
          <ns3:TrackPointExtension>
            <ns3:atemp>27.0</ns3:atemp>
            <ns3:hr>170</ns3:hr>
            <ns3:cad>88</ns3:cad>
          </ns3:TrackPointExtension>
        </extensions>
      </trkpt>
      <trkpt lat="31.97932186536490917205810546875" lon="118.775408528745174407958984375">
        <ele>19.799999237060546875</ele>
        <time>2024-10-14T12:02:02.000Z</time>
        <extensions>
          <ns3:TrackPointExtension>
            <ns3:atemp>27.0</ns3:atemp>
            <ns3:hr>170</ns3:hr>
            <ns3:cad>88</ns3:cad>
          </ns3:TrackPointExtension>
        </extensions>
      </trkpt>
      <trkpt lat="31.97931759059429168701171875" lon="118.77537810243666172027587890625">
        <ele>19.799999237060546875</ele>
        <time>2024-10-14T12:02:03.000Z</time>
        <extensions>
          <ns3:TrackPointExtension>
            <ns3:atemp>27.0</ns3:atemp>
            <ns3:hr>170</ns3:hr>
            <ns3:cad>88</ns3:cad>
          </ns3:TrackPointExtension>
        </extensions>
      </trkpt>
      <trkpt lat="31.9793130643665790557861328125" lon="118.77535262145102024078369140625">
        <ele>19.799999237060546875</ele>
        <time>2024-10-14T12:02:04.000Z</time>
        <extensions>
          <ns3:TrackPointExtension>
            <ns3:atemp>27.0</ns3:atemp>
            <ns3:hr>170</ns3:hr>
            <ns3:cad>88</ns3:cad>
          </ns3:TrackPointExtension>
        </extensions>
      </trkpt>
      <trkpt lat="31.97930954396724700927734375" lon="118.7753221951425075531005859375">
        <ele>19.799999237060546875</ele>
        <time>2024-10-14T12:02:05.000Z</time>
        <extensions>
          <ns3:TrackPointExtension>
            <ns3:atemp>27.0</ns3:atemp>
            <ns3:hr>170</ns3:hr>
            <ns3:cad>88</ns3:cad>
          </ns3:TrackPointExtension>
        </extensions>
      </trkpt>
      <trkpt lat="31.97930526919662952423095703125" lon="118.77529478631913661956787109375">
        <ele>19.799999237060546875</ele>
        <time>2024-10-14T12:02:06.000Z</time>
        <extensions>
          <ns3:TrackPointExtension>
            <ns3:atemp>27.0</ns3:atemp>
            <ns3:hr>170</ns3:hr>
            <ns3:cad>88</ns3:cad>
          </ns3:TrackPointExtension>
        </extensions>
      </trkpt>
      <trkpt lat="31.9793006591498851776123046875" lon="118.77526444382965564727783203125">
        <ele>19.799999237060546875</ele>
        <time>2024-10-14T12:02:07.000Z</time>
        <extensions>
          <ns3:TrackPointExtension>
            <ns3:atemp>27.0</ns3:atemp>
            <ns3:hr>170</ns3:hr>
            <ns3:cad>88</ns3:cad>
          </ns3:TrackPointExtension>
        </extensions>
      </trkpt>
      <trkpt lat="31.97929319925606250762939453125" lon="118.7752360291779041290283203125">
        <ele>20</ele>
        <time>2024-10-14T12:02:08.000Z</time>
        <extensions>
          <ns3:TrackPointExtension>
            <ns3:atemp>27.0</ns3:atemp>
            <ns3:hr>170</ns3:hr>
            <ns3:cad>88</ns3:cad>
          </ns3:TrackPointExtension>
        </extensions>
      </trkpt>
      <trkpt lat="31.97929018177092075347900390625" lon="118.775208033621311187744140625">
        <ele>20</ele>
        <time>2024-10-14T12:02:09.000Z</time>
        <extensions>
          <ns3:TrackPointExtension>
            <ns3:atemp>27.0</ns3:atemp>
            <ns3:hr>170</ns3:hr>
            <ns3:cad>88</ns3:cad>
          </ns3:TrackPointExtension>
        </extensions>
      </trkpt>
      <trkpt lat="31.97928817011415958404541015625" lon="118.77517961896955966949462890625">
        <ele>20</ele>
        <time>2024-10-14T12:02:10.000Z</time>
        <extensions>
          <ns3:TrackPointExtension>
            <ns3:atemp>27.0</ns3:atemp>
            <ns3:hr>170</ns3:hr>
            <ns3:cad>87</ns3:cad>
          </ns3:TrackPointExtension>
        </extensions>
      </trkpt>
      <trkpt lat="31.979285068809986114501953125" lon="118.7751500308513641357421875">
        <ele>20</ele>
        <time>2024-10-14T12:02:11.000Z</time>
        <extensions>
          <ns3:TrackPointExtension>
            <ns3:atemp>27.0</ns3:atemp>
            <ns3:hr>170</ns3:hr>
            <ns3:cad>87</ns3:cad>
          </ns3:TrackPointExtension>
        </extensions>
      </trkpt>
      <trkpt lat="31.9792835600674152374267578125" lon="118.7751190178096294403076171875">
        <ele>20</ele>
        <time>2024-10-14T12:02:12.000Z</time>
        <extensions>
          <ns3:TrackPointExtension>
            <ns3:atemp>27.0</ns3:atemp>
            <ns3:hr>170</ns3:hr>
            <ns3:cad>88</ns3:cad>
          </ns3:TrackPointExtension>
        </extensions>
      </trkpt>
      <trkpt lat="31.97928213514387607574462890625" lon="118.77508808858692646026611328125">
        <ele>20</ele>
        <time>2024-10-14T12:02:13.000Z</time>
        <extensions>
          <ns3:TrackPointExtension>
            <ns3:atemp>27.0</ns3:atemp>
            <ns3:hr>170</ns3:hr>
            <ns3:cad>88</ns3:cad>
          </ns3:TrackPointExtension>
        </extensions>
      </trkpt>
      <trkpt lat="31.979279704391956329345703125" lon="118.7750569917261600494384765625">
        <ele>20</ele>
        <time>2024-10-14T12:02:14.000Z</time>
        <extensions>
          <ns3:TrackPointExtension>
            <ns3:atemp>27.0</ns3:atemp>
            <ns3:hr>170</ns3:hr>
            <ns3:cad>88</ns3:cad>
          </ns3:TrackPointExtension>
        </extensions>
      </trkpt>
      <trkpt lat="31.9792768545448780059814453125" lon="118.77503327094018459320068359375">
        <ele>20</ele>
        <time>2024-10-14T12:02:15.000Z</time>
        <extensions>
          <ns3:TrackPointExtension>
            <ns3:atemp>27.0</ns3:atemp>
            <ns3:hr>170</ns3:hr>
            <ns3:cad>88</ns3:cad>
          </ns3:TrackPointExtension>
        </extensions>
      </trkpt>
      <trkpt lat="31.979275010526180267333984375" lon="118.77500644885003566741943359375">
        <ele>20</ele>
        <time>2024-10-14T12:02:16.000Z</time>
        <extensions>
          <ns3:TrackPointExtension>
            <ns3:atemp>27.0</ns3:atemp>
            <ns3:hr>170</ns3:hr>
            <ns3:cad>88</ns3:cad>
          </ns3:TrackPointExtension>
        </extensions>
      </trkpt>
      <trkpt lat="31.9792728312313556671142578125" lon="118.774980045855045318603515625">
        <ele>20</ele>
        <time>2024-10-14T12:02:17.000Z</time>
        <extensions>
          <ns3:TrackPointExtension>
            <ns3:atemp>27.0</ns3:atemp>
            <ns3:hr>170</ns3:hr>
            <ns3:cad>87</ns3:cad>
          </ns3:TrackPointExtension>
        </extensions>
      </trkpt>
      <trkpt lat="31.97927375324070453643798828125" lon="118.774951212108135223388671875">
        <ele>20</ele>
        <time>2024-10-14T12:02:18.000Z</time>
        <extensions>
          <ns3:TrackPointExtension>
            <ns3:atemp>27.0</ns3:atemp>
            <ns3:hr>170</ns3:hr>
            <ns3:cad>87</ns3:cad>
          </ns3:TrackPointExtension>
        </extensions>
      </trkpt>
      <trkpt lat="31.97927559725940227508544921875" lon="118.7749232165515422821044921875">
        <ele>20</ele>
        <time>2024-10-14T12:02:19.000Z</time>
        <extensions>
          <ns3:TrackPointExtension>
            <ns3:atemp>27.0</ns3:atemp>
            <ns3:hr>170</ns3:hr>
            <ns3:cad>87</ns3:cad>
          </ns3:TrackPointExtension>
        </extensions>
      </trkpt>
      <trkpt lat="31.97927677072584629058837890625" lon="118.7748953886330127716064453125">
        <ele>20</ele>
        <time>2024-10-14T12:02:20.000Z</time>
        <extensions>
          <ns3:TrackPointExtension>
            <ns3:atemp>27.0</ns3:atemp>
            <ns3:hr>170</ns3:hr>
            <ns3:cad>87</ns3:cad>
          </ns3:TrackPointExtension>
        </extensions>
      </trkpt>
      <trkpt lat="31.97927869856357574462890625" lon="118.77486865036189556121826171875">
        <ele>20</ele>
        <time>2024-10-14T12:02:21.000Z</time>
        <extensions>
          <ns3:TrackPointExtension>
            <ns3:atemp>27.0</ns3:atemp>
            <ns3:hr>170</ns3:hr>
            <ns3:cad>87</ns3:cad>
          </ns3:TrackPointExtension>
        </extensions>
      </trkpt>
      <trkpt lat="31.97928213514387607574462890625" lon="118.7748380564153194427490234375">
        <ele>20.200000762939453125</ele>
        <time>2024-10-14T12:02:22.000Z</time>
        <extensions>
          <ns3:TrackPointExtension>
            <ns3:atemp>27.0</ns3:atemp>
            <ns3:hr>170</ns3:hr>
            <ns3:cad>88</ns3:cad>
          </ns3:TrackPointExtension>
        </extensions>
      </trkpt>
      <trkpt lat="31.97928414680063724517822265625" lon="118.77480897121131420135498046875">
        <ele>20.200000762939453125</ele>
        <time>2024-10-14T12:02:23.000Z</time>
        <extensions>
          <ns3:TrackPointExtension>
            <ns3:atemp>27.0</ns3:atemp>
            <ns3:hr>170</ns3:hr>
            <ns3:cad>88</ns3:cad>
          </ns3:TrackPointExtension>
        </extensions>
      </trkpt>
      <trkpt lat="31.9792859070003032684326171875" lon="118.77478122711181640625">
        <ele>20.200000762939453125</ele>
        <time>2024-10-14T12:02:24.000Z</time>
        <extensions>
          <ns3:TrackPointExtension>
            <ns3:atemp>27.0</ns3:atemp>
            <ns3:hr>171</ns3:hr>
            <ns3:cad>88</ns3:cad>
          </ns3:TrackPointExtension>
        </extensions>
      </trkpt>
      <trkpt lat="31.97928666137158870697021484375" lon="118.7747512198984622955322265625">
        <ele>20.200000762939453125</ele>
        <time>2024-10-14T12:02:25.000Z</time>
        <extensions>
          <ns3:TrackPointExtension>
            <ns3:atemp>27.0</ns3:atemp>
            <ns3:hr>171</ns3:hr>
            <ns3:cad>88</ns3:cad>
          </ns3:TrackPointExtension>
        </extensions>
      </trkpt>
      <trkpt lat="31.97928666137158870697021484375" lon="118.77472280524671077728271484375">
        <ele>20.200000762939453125</ele>
        <time>2024-10-14T12:02:26.000Z</time>
        <extensions>
          <ns3:TrackPointExtension>
            <ns3:atemp>27.0</ns3:atemp>
            <ns3:hr>171</ns3:hr>
            <ns3:cad>88</ns3:cad>
          </ns3:TrackPointExtension>
        </extensions>
      </trkpt>
      <trkpt lat="31.9792852364480495452880859375" lon="118.77469246275722980499267578125">
        <ele>20.200000762939453125</ele>
        <time>2024-10-14T12:02:27.000Z</time>
        <extensions>
          <ns3:TrackPointExtension>
            <ns3:atemp>27.0</ns3:atemp>
            <ns3:hr>171</ns3:hr>
            <ns3:cad>88</ns3:cad>
          </ns3:TrackPointExtension>
        </extensions>
      </trkpt>
      <trkpt lat="31.97928330861032009124755859375" lon="118.774663545191287994384765625">
        <ele>20.200000762939453125</ele>
        <time>2024-10-14T12:02:28.000Z</time>
        <extensions>
          <ns3:TrackPointExtension>
            <ns3:atemp>27.0</ns3:atemp>
            <ns3:hr>172</ns3:hr>
            <ns3:cad>88</ns3:cad>
          </ns3:TrackPointExtension>
        </extensions>
      </trkpt>
      <trkpt lat="31.97927861474454402923583984375" lon="118.7746318615972995758056640625">
        <ele>20.200000762939453125</ele>
        <time>2024-10-14T12:02:29.000Z</time>
        <extensions>
          <ns3:TrackPointExtension>
            <ns3:atemp>27.0</ns3:atemp>
            <ns3:hr>172</ns3:hr>
            <ns3:cad>87</ns3:cad>
          </ns3:TrackPointExtension>
        </extensions>
      </trkpt>
      <trkpt lat="31.9792741723358631134033203125" lon="118.774601854383945465087890625">
        <ele>20.200000762939453125</ele>
        <time>2024-10-14T12:02:30.000Z</time>
        <extensions>
          <ns3:TrackPointExtension>
            <ns3:atemp>27.0</ns3:atemp>
            <ns3:hr>172</ns3:hr>
            <ns3:cad>87</ns3:cad>
          </ns3:TrackPointExtension>
        </extensions>
      </trkpt>
      <trkpt lat="31.97927073575556278228759765625" lon="118.77457209862768650054931640625">
        <ele>20.200000762939453125</ele>
        <time>2024-10-14T12:02:31.000Z</time>
        <extensions>
          <ns3:TrackPointExtension>
            <ns3:atemp>27.0</ns3:atemp>
            <ns3:hr>172</ns3:hr>
            <ns3:cad>87</ns3:cad>
          </ns3:TrackPointExtension>
        </extensions>
      </trkpt>
      <trkpt lat="31.97926503606140613555908203125" lon="118.77454360015690326690673828125">
        <ele>20.200000762939453125</ele>
        <time>2024-10-14T12:02:32.000Z</time>
        <extensions>
          <ns3:TrackPointExtension>
            <ns3:atemp>27.0</ns3:atemp>
            <ns3:hr>172</ns3:hr>
            <ns3:cad>87</ns3:cad>
          </ns3:TrackPointExtension>
        </extensions>
      </trkpt>
      <trkpt lat="31.9792594201862812042236328125" lon="118.77451367676258087158203125">
        <ele>20.200000762939453125</ele>
        <time>2024-10-14T12:02:33.000Z</time>
        <extensions>
          <ns3:TrackPointExtension>
            <ns3:atemp>27.0</ns3:atemp>
            <ns3:hr>172</ns3:hr>
            <ns3:cad>88</ns3:cad>
          </ns3:TrackPointExtension>
        </extensions>
      </trkpt>
      <trkpt lat="31.9792527146637439727783203125" lon="118.77448626793920993804931640625">
        <ele>20.200000762939453125</ele>
        <time>2024-10-14T12:02:34.000Z</time>
        <extensions>
          <ns3:TrackPointExtension>
            <ns3:atemp>27.0</ns3:atemp>
            <ns3:hr>172</ns3:hr>
            <ns3:cad>88</ns3:cad>
          </ns3:TrackPointExtension>
        </extensions>
      </trkpt>
      <trkpt lat="31.97924651205539703369140625" lon="118.77445575781166553497314453125">
        <ele>20.200000762939453125</ele>
        <time>2024-10-14T12:02:35.000Z</time>
        <extensions>
          <ns3:TrackPointExtension>
            <ns3:atemp>27.0</ns3:atemp>
            <ns3:hr>172</ns3:hr>
            <ns3:cad>88</ns3:cad>
          </ns3:TrackPointExtension>
        </extensions>
      </trkpt>
      <trkpt lat="31.97923921979963779449462890625" lon="118.7744260020554065704345703125">
        <ele>20.200000762939453125</ele>
        <time>2024-10-14T12:02:36.000Z</time>
        <extensions>
          <ns3:TrackPointExtension>
            <ns3:atemp>27.0</ns3:atemp>
            <ns3:hr>172</ns3:hr>
            <ns3:cad>88</ns3:cad>
          </ns3:TrackPointExtension>
        </extensions>
      </trkpt>
      <trkpt lat="31.9792339392006397247314453125" lon="118.77439700067043304443359375">
        <ele>20.200000762939453125</ele>
        <time>2024-10-14T12:02:37.000Z</time>
        <extensions>
          <ns3:TrackPointExtension>
            <ns3:atemp>27.0</ns3:atemp>
            <ns3:hr>172</ns3:hr>
            <ns3:cad>88</ns3:cad>
          </ns3:TrackPointExtension>
        </extensions>
      </trkpt>
      <trkpt lat="31.979228071868419647216796875" lon="118.774367831647396087646484375">
        <ele>20.3999996185302734375</ele>
        <time>2024-10-14T12:02:38.000Z</time>
        <extensions>
          <ns3:TrackPointExtension>
            <ns3:atemp>27.0</ns3:atemp>
            <ns3:hr>172</ns3:hr>
            <ns3:cad>88</ns3:cad>
          </ns3:TrackPointExtension>
        </extensions>
      </trkpt>
      <trkpt lat="31.9792242161929607391357421875" lon="118.77434025518596172332763671875">
        <ele>20.3999996185302734375</ele>
        <time>2024-10-14T12:02:39.000Z</time>
        <extensions>
          <ns3:TrackPointExtension>
            <ns3:atemp>27.0</ns3:atemp>
            <ns3:hr>172</ns3:hr>
            <ns3:cad>87</ns3:cad>
          </ns3:TrackPointExtension>
        </extensions>
      </trkpt>
      <trkpt lat="31.9792198576033115386962890625" lon="118.77430706284940242767333984375">
        <ele>20.3999996185302734375</ele>
        <time>2024-10-14T12:02:40.000Z</time>
        <extensions>
          <ns3:TrackPointExtension>
            <ns3:atemp>27.0</ns3:atemp>
            <ns3:hr>172</ns3:hr>
            <ns3:cad>87</ns3:cad>
          </ns3:TrackPointExtension>
        </extensions>
      </trkpt>
      <trkpt lat="31.97921440936625003814697265625" lon="118.77427772618830204010009765625">
        <ele>20.3999996185302734375</ele>
        <time>2024-10-14T12:02:41.000Z</time>
        <extensions>
          <ns3:TrackPointExtension>
            <ns3:atemp>27.0</ns3:atemp>
            <ns3:hr>172</ns3:hr>
            <ns3:cad>87</ns3:cad>
          </ns3:TrackPointExtension>
        </extensions>
      </trkpt>
      <trkpt lat="31.9792074523866176605224609375" lon="118.77424889244139194488525390625">
        <ele>20.3999996185302734375</ele>
        <time>2024-10-14T12:02:42.000Z</time>
        <extensions>
          <ns3:TrackPointExtension>
            <ns3:atemp>27.0</ns3:atemp>
            <ns3:hr>172</ns3:hr>
            <ns3:cad>87</ns3:cad>
          </ns3:TrackPointExtension>
        </extensions>
      </trkpt>
      <trkpt lat="31.9792015850543975830078125" lon="118.7742265127599239349365234375">
        <ele>20.3999996185302734375</ele>
        <time>2024-10-14T12:02:43.000Z</time>
        <extensions>
          <ns3:TrackPointExtension>
            <ns3:atemp>27.0</ns3:atemp>
            <ns3:hr>172</ns3:hr>
            <ns3:cad>87</ns3:cad>
          </ns3:TrackPointExtension>
        </extensions>
      </trkpt>
      <trkpt lat="31.979197897017002105712890625" lon="118.7741993553936481475830078125">
        <ele>20.3999996185302734375</ele>
        <time>2024-10-14T12:02:44.000Z</time>
        <extensions>
          <ns3:TrackPointExtension>
            <ns3:atemp>27.0</ns3:atemp>
            <ns3:hr>172</ns3:hr>
            <ns3:cad>87</ns3:cad>
          </ns3:TrackPointExtension>
        </extensions>
      </trkpt>
      <trkpt lat="31.97919915430247783660888671875" lon="118.7741701863706111907958984375">
        <ele>20.3999996185302734375</ele>
        <time>2024-10-14T12:02:45.000Z</time>
        <extensions>
          <ns3:TrackPointExtension>
            <ns3:atemp>27.0</ns3:atemp>
            <ns3:hr>173</ns3:hr>
            <ns3:cad>87</ns3:cad>
          </ns3:TrackPointExtension>
        </extensions>
      </trkpt>
      <trkpt lat="31.979207284748554229736328125" lon="118.7741470523178577423095703125">
        <ele>20.3999996185302734375</ele>
        <time>2024-10-14T12:02:46.000Z</time>
        <extensions>
          <ns3:TrackPointExtension>
            <ns3:atemp>27.0</ns3:atemp>
            <ns3:hr>173</ns3:hr>
            <ns3:cad>87</ns3:cad>
          </ns3:TrackPointExtension>
        </extensions>
      </trkpt>
      <trkpt lat="31.97921994142234325408935546875" lon="118.7741255946457386016845703125">
        <ele>20.3999996185302734375</ele>
        <time>2024-10-14T12:02:47.000Z</time>
        <extensions>
          <ns3:TrackPointExtension>
            <ns3:atemp>27.0</ns3:atemp>
            <ns3:hr>173</ns3:hr>
            <ns3:cad>87</ns3:cad>
          </ns3:TrackPointExtension>
        </extensions>
      </trkpt>
      <trkpt lat="31.979232765734195709228515625" lon="118.7741041369736194610595703125">
        <ele>20.3999996185302734375</ele>
        <time>2024-10-14T12:02:48.000Z</time>
        <extensions>
          <ns3:TrackPointExtension>
            <ns3:atemp>27.0</ns3:atemp>
            <ns3:hr>172</ns3:hr>
            <ns3:cad>87</ns3:cad>
          </ns3:TrackPointExtension>
        </extensions>
      </trkpt>
      <trkpt lat="31.979244835674762725830078125" lon="118.77408326603472232818603515625">
        <ele>20.3999996185302734375</ele>
        <time>2024-10-14T12:02:49.000Z</time>
        <extensions>
          <ns3:TrackPointExtension>
            <ns3:atemp>27.0</ns3:atemp>
            <ns3:hr>172</ns3:hr>
            <ns3:cad>87</ns3:cad>
          </ns3:TrackPointExtension>
        </extensions>
      </trkpt>
      <trkpt lat="31.97925455868244171142578125" lon="118.77406432293355464935302734375">
        <ele>20.3999996185302734375</ele>
        <time>2024-10-14T12:02:50.000Z</time>
        <extensions>
          <ns3:TrackPointExtension>
            <ns3:atemp>27.0</ns3:atemp>
            <ns3:hr>172</ns3:hr>
            <ns3:cad>86</ns3:cad>
          </ns3:TrackPointExtension>
        </extensions>
      </trkpt>
      <trkpt lat="31.97926252149045467376708984375" lon="118.774045966565608978271484375">
        <ele>20.799999237060546875</ele>
        <time>2024-10-14T12:02:51.000Z</time>
        <extensions>
          <ns3:TrackPointExtension>
            <ns3:atemp>27.0</ns3:atemp>
            <ns3:hr>172</ns3:hr>
            <ns3:cad>86</ns3:cad>
          </ns3:TrackPointExtension>
        </extensions>
      </trkpt>
      <trkpt lat="31.97926889173686504364013671875" lon="118.77402283251285552978515625">
        <ele>21</ele>
        <time>2024-10-14T12:02:52.000Z</time>
        <extensions>
          <ns3:TrackPointExtension>
            <ns3:atemp>27.0</ns3:atemp>
            <ns3:hr>172</ns3:hr>
            <ns3:cad>86</ns3:cad>
          </ns3:TrackPointExtension>
        </extensions>
      </trkpt>
      <trkpt lat="31.97926788590848445892333984375" lon="118.7740002013742923736572265625">
        <ele>21.200000762939453125</ele>
        <time>2024-10-14T12:02:53.000Z</time>
        <extensions>
          <ns3:TrackPointExtension>
            <ns3:atemp>27.0</ns3:atemp>
            <ns3:hr>172</ns3:hr>
            <ns3:cad>84</ns3:cad>
          </ns3:TrackPointExtension>
        </extensions>
      </trkpt>
      <trkpt lat="31.979268305003643035888671875" lon="118.77397430129349231719970703125">
        <ele>21.3999996185302734375</ele>
        <time>2024-10-14T12:02:54.000Z</time>
        <extensions>
          <ns3:TrackPointExtension>
            <ns3:atemp>27.0</ns3:atemp>
            <ns3:hr>172</ns3:hr>
            <ns3:cad>84</ns3:cad>
          </ns3:TrackPointExtension>
        </extensions>
      </trkpt>
      <trkpt lat="31.97927073575556278228759765625" lon="118.77394974231719970703125">
        <ele>21.3999996185302734375</ele>
        <time>2024-10-14T12:02:55.000Z</time>
        <extensions>
          <ns3:TrackPointExtension>
            <ns3:atemp>27.0</ns3:atemp>
            <ns3:hr>172</ns3:hr>
            <ns3:cad>84</ns3:cad>
          </ns3:TrackPointExtension>
        </extensions>
      </trkpt>
      <trkpt lat="31.97927140630781650543212890625" lon="118.773925602436065673828125">
        <ele>21.3999996185302734375</ele>
        <time>2024-10-14T12:02:56.000Z</time>
        <extensions>
          <ns3:TrackPointExtension>
            <ns3:atemp>27.0</ns3:atemp>
            <ns3:hr>172</ns3:hr>
            <ns3:cad>85</ns3:cad>
          </ns3:TrackPointExtension>
        </extensions>
      </trkpt>
      <trkpt lat="31.97926998138427734375" lon="118.77390137873589992523193359375">
        <ele>21.3999996185302734375</ele>
        <time>2024-10-14T12:02:57.000Z</time>
        <extensions>
          <ns3:TrackPointExtension>
            <ns3:atemp>27.0</ns3:atemp>
            <ns3:hr>172</ns3:hr>
            <ns3:cad>86</ns3:cad>
          </ns3:TrackPointExtension>
        </extensions>
      </trkpt>
      <trkpt lat="31.97927023284137248992919921875" lon="118.77387505955994129180908203125">
        <ele>21.3999996185302734375</ele>
        <time>2024-10-14T12:02:58.000Z</time>
        <extensions>
          <ns3:TrackPointExtension>
            <ns3:atemp>27.0</ns3:atemp>
            <ns3:hr>172</ns3:hr>
            <ns3:cad>87</ns3:cad>
          </ns3:TrackPointExtension>
        </extensions>
      </trkpt>
      <trkpt lat="31.97926721535623073577880859375" lon="118.77384706400334835052490234375">
        <ele>21.6000003814697265625</ele>
        <time>2024-10-14T12:02:59.000Z</time>
        <extensions>
          <ns3:TrackPointExtension>
            <ns3:atemp>27.0</ns3:atemp>
            <ns3:hr>172</ns3:hr>
            <ns3:cad>87</ns3:cad>
          </ns3:TrackPointExtension>
        </extensions>
      </trkpt>
      <trkpt lat="31.97926637716591358184814453125" lon="118.77381764352321624755859375">
        <ele>21.6000003814697265625</ele>
        <time>2024-10-14T12:03:00.000Z</time>
        <extensions>
          <ns3:TrackPointExtension>
            <ns3:atemp>27.0</ns3:atemp>
            <ns3:hr>172</ns3:hr>
            <ns3:cad>87</ns3:cad>
          </ns3:TrackPointExtension>
        </extensions>
      </trkpt>
      <trkpt lat="31.9792634434998035430908203125" lon="118.773790486156940460205078125">
        <ele>21.6000003814697265625</ele>
        <time>2024-10-14T12:03:01.000Z</time>
        <extensions>
          <ns3:TrackPointExtension>
            <ns3:atemp>27.0</ns3:atemp>
            <ns3:hr>172</ns3:hr>
            <ns3:cad>87</ns3:cad>
          </ns3:TrackPointExtension>
        </extensions>
      </trkpt>
      <trkpt lat="31.97926369495689868927001953125" lon="118.77376140095293521881103515625">
        <ele>21.6000003814697265625</ele>
        <time>2024-10-14T12:03:02.000Z</time>
        <extensions>
          <ns3:TrackPointExtension>
            <ns3:atemp>27.0</ns3:atemp>
            <ns3:hr>172</ns3:hr>
            <ns3:cad>87</ns3:cad>
          </ns3:TrackPointExtension>
        </extensions>
      </trkpt>
      <trkpt lat="31.97925983928143978118896484375" lon="118.77373340539634227752685546875">
        <ele>21.6000003814697265625</ele>
        <time>2024-10-14T12:03:03.000Z</time>
        <extensions>
          <ns3:TrackPointExtension>
            <ns3:atemp>27.0</ns3:atemp>
            <ns3:hr>171</ns3:hr>
            <ns3:cad>87</ns3:cad>
          </ns3:TrackPointExtension>
        </extensions>
      </trkpt>
      <trkpt lat="31.9792580790817737579345703125" lon="118.7737078405916690826416015625">
        <ele>21.6000003814697265625</ele>
        <time>2024-10-14T12:03:04.000Z</time>
        <extensions>
          <ns3:TrackPointExtension>
            <ns3:atemp>27.0</ns3:atemp>
            <ns3:hr>171</ns3:hr>
            <ns3:cad>87</ns3:cad>
          </ns3:TrackPointExtension>
        </extensions>
      </trkpt>
      <trkpt lat="31.9792564027011394500732421875" lon="118.77368495799601078033447265625">
        <ele>21.6000003814697265625</ele>
        <time>2024-10-14T12:03:05.000Z</time>
        <extensions>
          <ns3:TrackPointExtension>
            <ns3:atemp>27.0</ns3:atemp>
            <ns3:hr>171</ns3:hr>
            <ns3:cad>87</ns3:cad>
          </ns3:TrackPointExtension>
        </extensions>
      </trkpt>
      <trkpt lat="31.979254893958568572998046875" lon="118.77366215921938419342041015625">
        <ele>21.6000003814697265625</ele>
        <time>2024-10-14T12:03:06.000Z</time>
        <extensions>
          <ns3:TrackPointExtension>
            <ns3:atemp>27.0</ns3:atemp>
            <ns3:hr>171</ns3:hr>
            <ns3:cad>87</ns3:cad>
          </ns3:TrackPointExtension>
        </extensions>
      </trkpt>
      <trkpt lat="31.9792537204921245574951171875" lon="118.77363231964409351348876953125">
        <ele>21.6000003814697265625</ele>
        <time>2024-10-14T12:03:07.000Z</time>
        <extensions>
          <ns3:TrackPointExtension>
            <ns3:atemp>27.0</ns3:atemp>
            <ns3:hr>171</ns3:hr>
            <ns3:cad>87</ns3:cad>
          </ns3:TrackPointExtension>
        </extensions>
      </trkpt>
      <trkpt lat="31.979255564510822296142578125" lon="118.77360683865845203399658203125">
        <ele>21.6000003814697265625</ele>
        <time>2024-10-14T12:03:08.000Z</time>
        <extensions>
          <ns3:TrackPointExtension>
            <ns3:atemp>27.0</ns3:atemp>
            <ns3:hr>171</ns3:hr>
            <ns3:cad>87</ns3:cad>
          </ns3:TrackPointExtension>
        </extensions>
      </trkpt>
      <trkpt lat="31.97925548069179058074951171875" lon="118.77357934601604938507080078125">
        <ele>21.6000003814697265625</ele>
        <time>2024-10-14T12:03:09.000Z</time>
        <extensions>
          <ns3:TrackPointExtension>
            <ns3:atemp>27.0</ns3:atemp>
            <ns3:hr>171</ns3:hr>
            <ns3:cad>87</ns3:cad>
          </ns3:TrackPointExtension>
        </extensions>
      </trkpt>
      <trkpt lat="31.9792537204921245574951171875" lon="118.77354766242206096649169921875">
        <ele>21.6000003814697265625</ele>
        <time>2024-10-14T12:03:10.000Z</time>
        <extensions>
          <ns3:TrackPointExtension>
            <ns3:atemp>27.0</ns3:atemp>
            <ns3:hr>172</ns3:hr>
            <ns3:cad>87</ns3:cad>
          </ns3:TrackPointExtension>
        </extensions>
      </trkpt>
      <trkpt lat="31.979250870645046234130859375" lon="118.7735200859606266021728515625">
        <ele>21.6000003814697265625</ele>
        <time>2024-10-14T12:03:11.000Z</time>
        <extensions>
          <ns3:TrackPointExtension>
            <ns3:atemp>27.0</ns3:atemp>
            <ns3:hr>172</ns3:hr>
            <ns3:cad>87</ns3:cad>
          </ns3:TrackPointExtension>
        </extensions>
      </trkpt>
      <trkpt lat="31.97924458421766757965087890625" lon="118.77349334768950939178466796875">
        <ele>21.6000003814697265625</ele>
        <time>2024-10-14T12:03:12.000Z</time>
        <extensions>
          <ns3:TrackPointExtension>
            <ns3:atemp>27.0</ns3:atemp>
            <ns3:hr>172</ns3:hr>
            <ns3:cad>87</ns3:cad>
          </ns3:TrackPointExtension>
        </extensions>
      </trkpt>
      <trkpt lat="31.979240141808986663818359375" lon="118.7734681181609630584716796875">
        <ele>21.6000003814697265625</ele>
        <time>2024-10-14T12:03:13.000Z</time>
        <extensions>
          <ns3:TrackPointExtension>
            <ns3:atemp>27.0</ns3:atemp>
            <ns3:hr>172</ns3:hr>
            <ns3:cad>87</ns3:cad>
          </ns3:TrackPointExtension>
        </extensions>
      </trkpt>
      <trkpt lat="31.97923586703836917877197265625" lon="118.77343836240470409393310546875">
        <ele>21.799999237060546875</ele>
        <time>2024-10-14T12:03:14.000Z</time>
        <extensions>
          <ns3:TrackPointExtension>
            <ns3:atemp>27.0</ns3:atemp>
            <ns3:hr>172</ns3:hr>
            <ns3:cad>87</ns3:cad>
          </ns3:TrackPointExtension>
        </extensions>
      </trkpt>
      <trkpt lat="31.97923469357192516326904296875" lon="118.7734119594097137451171875">
        <ele>21.799999237060546875</ele>
        <time>2024-10-14T12:03:15.000Z</time>
        <extensions>
          <ns3:TrackPointExtension>
            <ns3:atemp>27.0</ns3:atemp>
            <ns3:hr>172</ns3:hr>
            <ns3:cad>87</ns3:cad>
          </ns3:TrackPointExtension>
        </extensions>
      </trkpt>
      <trkpt lat="31.9792342744767665863037109375" lon="118.77338178455829620361328125">
        <ele>21.799999237060546875</ele>
        <time>2024-10-14T12:03:16.000Z</time>
        <extensions>
          <ns3:TrackPointExtension>
            <ns3:atemp>27.0</ns3:atemp>
            <ns3:hr>172</ns3:hr>
            <ns3:cad>87</ns3:cad>
          </ns3:TrackPointExtension>
        </extensions>
      </trkpt>
      <trkpt lat="31.9792337715625762939453125" lon="118.7733529508113861083984375">
        <ele>21.799999237060546875</ele>
        <time>2024-10-14T12:03:17.000Z</time>
        <extensions>
          <ns3:TrackPointExtension>
            <ns3:atemp>27.0</ns3:atemp>
            <ns3:hr>172</ns3:hr>
            <ns3:cad>87</ns3:cad>
          </ns3:TrackPointExtension>
        </extensions>
      </trkpt>
      <trkpt lat="31.97923301719129085540771484375" lon="118.77332453615963459014892578125">
        <ele>21.799999237060546875</ele>
        <time>2024-10-14T12:03:18.000Z</time>
        <extensions>
          <ns3:TrackPointExtension>
            <ns3:atemp>27.0</ns3:atemp>
            <ns3:hr>172</ns3:hr>
            <ns3:cad>87</ns3:cad>
          </ns3:TrackPointExtension>
        </extensions>
      </trkpt>
      <trkpt lat="31.9792289100587368011474609375" lon="118.7732967920601367950439453125">
        <ele>21.799999237060546875</ele>
        <time>2024-10-14T12:03:19.000Z</time>
        <extensions>
          <ns3:TrackPointExtension>
            <ns3:atemp>27.0</ns3:atemp>
            <ns3:hr>172</ns3:hr>
            <ns3:cad>87</ns3:cad>
          </ns3:TrackPointExtension>
        </extensions>
      </trkpt>
      <trkpt lat="31.9792252220213413238525390625" lon="118.77326904796063899993896484375">
        <ele>21.799999237060546875</ele>
        <time>2024-10-14T12:03:20.000Z</time>
        <extensions>
          <ns3:TrackPointExtension>
            <ns3:atemp>27.0</ns3:atemp>
            <ns3:hr>172</ns3:hr>
            <ns3:cad>87</ns3:cad>
          </ns3:TrackPointExtension>
        </extensions>
      </trkpt>
      <trkpt lat="31.97922128252685070037841796875" lon="118.77323954366147518157958984375">
        <ele>21.799999237060546875</ele>
        <time>2024-10-14T12:03:21.000Z</time>
        <extensions>
          <ns3:TrackPointExtension>
            <ns3:atemp>27.0</ns3:atemp>
            <ns3:hr>172</ns3:hr>
            <ns3:cad>87</ns3:cad>
          </ns3:TrackPointExtension>
        </extensions>
      </trkpt>
      <trkpt lat="31.9792171753942966461181640625" lon="118.77321280539035797119140625">
        <ele>21.799999237060546875</ele>
        <time>2024-10-14T12:03:22.000Z</time>
        <extensions>
          <ns3:TrackPointExtension>
            <ns3:atemp>27.0</ns3:atemp>
            <ns3:hr>172</ns3:hr>
            <ns3:cad>87</ns3:cad>
          </ns3:TrackPointExtension>
        </extensions>
      </trkpt>
      <trkpt lat="31.9792148284614086151123046875" lon="118.77318472601473331451416015625">
        <ele>21.799999237060546875</ele>
        <time>2024-10-14T12:03:23.000Z</time>
        <extensions>
          <ns3:TrackPointExtension>
            <ns3:atemp>27.0</ns3:atemp>
            <ns3:hr>172</ns3:hr>
            <ns3:cad>87</ns3:cad>
          </ns3:TrackPointExtension>
        </extensions>
      </trkpt>
      <trkpt lat="31.9792128168046474456787109375" lon="118.77316041849553585052490234375">
        <ele>22</ele>
        <time>2024-10-14T12:03:24.000Z</time>
        <extensions>
          <ns3:TrackPointExtension>
            <ns3:atemp>27.0</ns3:atemp>
            <ns3:hr>172</ns3:hr>
            <ns3:cad>87</ns3:cad>
          </ns3:TrackPointExtension>
        </extensions>
      </trkpt>
      <trkpt lat="31.979205608367919921875" lon="118.77313326112926006317138671875">
        <ele>22</ele>
        <time>2024-10-14T12:03:25.000Z</time>
        <extensions>
          <ns3:TrackPointExtension>
            <ns3:atemp>27.0</ns3:atemp>
            <ns3:hr>172</ns3:hr>
            <ns3:cad>87</ns3:cad>
          </ns3:TrackPointExtension>
        </extensions>
      </trkpt>
      <trkpt lat="31.97919580154120922088623046875" lon="118.77311213873326778411865234375">
        <ele>22</ele>
        <time>2024-10-14T12:03:26.000Z</time>
        <extensions>
          <ns3:TrackPointExtension>
            <ns3:atemp>27.0</ns3:atemp>
            <ns3:hr>172</ns3:hr>
            <ns3:cad>87</ns3:cad>
          </ns3:TrackPointExtension>
        </extensions>
      </trkpt>
      <trkpt lat="31.979176439344882965087890625" lon="118.77309319563210010528564453125">
        <ele>22</ele>
        <time>2024-10-14T12:03:27.000Z</time>
        <extensions>
          <ns3:TrackPointExtension>
            <ns3:atemp>27.0</ns3:atemp>
            <ns3:hr>172</ns3:hr>
            <ns3:cad>87</ns3:cad>
          </ns3:TrackPointExtension>
        </extensions>
      </trkpt>
      <trkpt lat="31.979156993329524993896484375" lon="118.77307576127350330352783203125">
        <ele>22</ele>
        <time>2024-10-14T12:03:28.000Z</time>
        <extensions>
          <ns3:TrackPointExtension>
            <ns3:atemp>27.0</ns3:atemp>
            <ns3:hr>172</ns3:hr>
            <ns3:cad>88</ns3:cad>
          </ns3:TrackPointExtension>
        </extensions>
      </trkpt>
      <trkpt lat="31.97913788259029388427734375" lon="118.773056901991367340087890625">
        <ele>22</ele>
        <time>2024-10-14T12:03:29.000Z</time>
        <extensions>
          <ns3:TrackPointExtension>
            <ns3:atemp>27.0</ns3:atemp>
            <ns3:hr>172</ns3:hr>
            <ns3:cad>88</ns3:cad>
          </ns3:TrackPointExtension>
        </extensions>
      </trkpt>
      <trkpt lat="31.97912639938294887542724609375" lon="118.77303502522408962249755859375">
        <ele>21.799999237060546875</ele>
        <time>2024-10-14T12:03:30.000Z</time>
        <extensions>
          <ns3:TrackPointExtension>
            <ns3:atemp>27.0</ns3:atemp>
            <ns3:hr>172</ns3:hr>
            <ns3:cad>87</ns3:cad>
          </ns3:TrackPointExtension>
        </extensions>
      </trkpt>
      <trkpt lat="31.9791179336607456207275390625" lon="118.77301440574228763580322265625">
        <ele>21.799999237060546875</ele>
        <time>2024-10-14T12:03:31.000Z</time>
        <extensions>
          <ns3:TrackPointExtension>
            <ns3:atemp>27.0</ns3:atemp>
            <ns3:hr>172</ns3:hr>
            <ns3:cad>87</ns3:cad>
          </ns3:TrackPointExtension>
        </extensions>
      </trkpt>
      <trkpt lat="31.97911365889012813568115234375" lon="118.7729866616427898406982421875">
        <ele>21.3999996185302734375</ele>
        <time>2024-10-14T12:03:32.000Z</time>
        <extensions>
          <ns3:TrackPointExtension>
            <ns3:atemp>27.0</ns3:atemp>
            <ns3:hr>172</ns3:hr>
            <ns3:cad>88</ns3:cad>
          </ns3:TrackPointExtension>
        </extensions>
      </trkpt>
      <trkpt lat="31.97910779155790805816650390625" lon="118.772965036332607269287109375">
        <ele>21.3999996185302734375</ele>
        <time>2024-10-14T12:03:33.000Z</time>
        <extensions>
          <ns3:TrackPointExtension>
            <ns3:atemp>27.0</ns3:atemp>
            <ns3:hr>172</ns3:hr>
            <ns3:cad>88</ns3:cad>
          </ns3:TrackPointExtension>
        </extensions>
      </trkpt>
      <trkpt lat="31.97910343296825885772705078125" lon="118.77293922007083892822265625">
        <ele>21.3999996185302734375</ele>
        <time>2024-10-14T12:03:34.000Z</time>
        <extensions>
          <ns3:TrackPointExtension>
            <ns3:atemp>27.0</ns3:atemp>
            <ns3:hr>172</ns3:hr>
            <ns3:cad>87</ns3:cad>
          </ns3:TrackPointExtension>
        </extensions>
      </trkpt>
      <trkpt lat="31.9791001640260219573974609375" lon="118.77291214652359485626220703125">
        <ele>21.3999996185302734375</ele>
        <time>2024-10-14T12:03:35.000Z</time>
        <extensions>
          <ns3:TrackPointExtension>
            <ns3:atemp>27.0</ns3:atemp>
            <ns3:hr>172</ns3:hr>
            <ns3:cad>87</ns3:cad>
          </ns3:TrackPointExtension>
        </extensions>
      </trkpt>
      <trkpt lat="31.979096643626689910888671875" lon="118.77288113348186016082763671875">
        <ele>21.3999996185302734375</ele>
        <time>2024-10-14T12:03:36.000Z</time>
        <extensions>
          <ns3:TrackPointExtension>
            <ns3:atemp>27.0</ns3:atemp>
            <ns3:hr>172</ns3:hr>
            <ns3:cad>87</ns3:cad>
          </ns3:TrackPointExtension>
        </extensions>
      </trkpt>
      <trkpt lat="31.97909404523670673370361328125" lon="118.77285565249621868133544921875">
        <ele>21.3999996185302734375</ele>
        <time>2024-10-14T12:03:37.000Z</time>
        <extensions>
          <ns3:TrackPointExtension>
            <ns3:atemp>27.0</ns3:atemp>
            <ns3:hr>173</ns3:hr>
            <ns3:cad>87</ns3:cad>
          </ns3:TrackPointExtension>
        </extensions>
      </trkpt>
      <trkpt lat="31.97909521870315074920654296875" lon="118.7728294171392917633056640625">
        <ele>21.3999996185302734375</ele>
        <time>2024-10-14T12:03:38.000Z</time>
        <extensions>
          <ns3:TrackPointExtension>
            <ns3:atemp>27.0</ns3:atemp>
            <ns3:hr>173</ns3:hr>
            <ns3:cad>87</ns3:cad>
          </ns3:TrackPointExtension>
        </extensions>
      </trkpt>
      <trkpt lat="31.979095302522182464599609375" lon="118.7728056125342845916748046875">
        <ele>21.3999996185302734375</ele>
        <time>2024-10-14T12:03:39.000Z</time>
        <extensions>
          <ns3:TrackPointExtension>
            <ns3:atemp>27.0</ns3:atemp>
            <ns3:hr>173</ns3:hr>
            <ns3:cad>87</ns3:cad>
          </ns3:TrackPointExtension>
        </extensions>
      </trkpt>
      <trkpt lat="31.97909488342702388763427734375" lon="118.7727811373770236968994140625">
        <ele>21.3999996185302734375</ele>
        <time>2024-10-14T12:03:40.000Z</time>
        <extensions>
          <ns3:TrackPointExtension>
            <ns3:atemp>27.0</ns3:atemp>
            <ns3:hr>174</ns3:hr>
            <ns3:cad>87</ns3:cad>
          </ns3:TrackPointExtension>
        </extensions>
      </trkpt>
      <trkpt lat="31.97909270413219928741455078125" lon="118.772750794887542724609375">
        <ele>21.3999996185302734375</ele>
        <time>2024-10-14T12:03:41.000Z</time>
        <extensions>
          <ns3:TrackPointExtension>
            <ns3:atemp>27.0</ns3:atemp>
            <ns3:hr>175</ns3:hr>
            <ns3:cad>87</ns3:cad>
          </ns3:TrackPointExtension>
        </extensions>
      </trkpt>
      <trkpt lat="31.97909069247543811798095703125" lon="118.7727244757115840911865234375">
        <ele>21.3999996185302734375</ele>
        <time>2024-10-14T12:03:42.000Z</time>
        <extensions>
          <ns3:TrackPointExtension>
            <ns3:atemp>27.0</ns3:atemp>
            <ns3:hr>176</ns3:hr>
            <ns3:cad>87</ns3:cad>
          </ns3:TrackPointExtension>
        </extensions>
      </trkpt>
      <trkpt lat="31.97909169830381870269775390625" lon="118.77269446849822998046875">
        <ele>21.3999996185302734375</ele>
        <time>2024-10-14T12:03:43.000Z</time>
        <extensions>
          <ns3:TrackPointExtension>
            <ns3:atemp>27.0</ns3:atemp>
            <ns3:hr>176</ns3:hr>
            <ns3:cad>87</ns3:cad>
          </ns3:TrackPointExtension>
        </extensions>
      </trkpt>
      <trkpt lat="31.97909220121800899505615234375" lon="118.7726681493222713470458984375">
        <ele>21.6000003814697265625</ele>
        <time>2024-10-14T12:03:44.000Z</time>
        <extensions>
          <ns3:TrackPointExtension>
            <ns3:atemp>27.0</ns3:atemp>
            <ns3:hr>177</ns3:hr>
            <ns3:cad>87</ns3:cad>
          </ns3:TrackPointExtension>
        </extensions>
      </trkpt>
      <trkpt lat="31.9790934585034847259521484375" lon="118.7726314365863800048828125">
        <ele>21.6000003814697265625</ele>
        <time>2024-10-14T12:03:45.000Z</time>
        <extensions>
          <ns3:TrackPointExtension>
            <ns3:atemp>27.0</ns3:atemp>
            <ns3:hr>177</ns3:hr>
            <ns3:cad>86</ns3:cad>
          </ns3:TrackPointExtension>
        </extensions>
      </trkpt>
      <trkpt lat="31.97909622453153133392333984375" lon="118.7726014293730258941650390625">
        <ele>21.6000003814697265625</ele>
        <time>2024-10-14T12:03:46.000Z</time>
        <extensions>
          <ns3:TrackPointExtension>
            <ns3:atemp>27.0</ns3:atemp>
            <ns3:hr>177</ns3:hr>
            <ns3:cad>86</ns3:cad>
          </ns3:TrackPointExtension>
        </extensions>
      </trkpt>
      <trkpt lat="31.9790988229215145111083984375" lon="118.77257251180708408355712890625">
        <ele>21.6000003814697265625</ele>
        <time>2024-10-14T12:03:47.000Z</time>
        <extensions>
          <ns3:TrackPointExtension>
            <ns3:atemp>27.0</ns3:atemp>
            <ns3:hr>177</ns3:hr>
            <ns3:cad>86</ns3:cad>
          </ns3:TrackPointExtension>
        </extensions>
      </trkpt>
      <trkpt lat="31.979101002216339111328125" lon="118.772545270621776580810546875">
        <ele>21.6000003814697265625</ele>
        <time>2024-10-14T12:03:48.000Z</time>
        <extensions>
          <ns3:TrackPointExtension>
            <ns3:atemp>27.0</ns3:atemp>
            <ns3:hr>177</ns3:hr>
            <ns3:cad>86</ns3:cad>
          </ns3:TrackPointExtension>
        </extensions>
      </trkpt>
      <trkpt lat="31.9791008345782756805419921875" lon="118.772519789636135101318359375">
        <ele>21.6000003814697265625</ele>
        <time>2024-10-14T12:03:49.000Z</time>
        <extensions>
          <ns3:TrackPointExtension>
            <ns3:atemp>27.0</ns3:atemp>
            <ns3:hr>177</ns3:hr>
            <ns3:cad>87</ns3:cad>
          </ns3:TrackPointExtension>
        </extensions>
      </trkpt>
      <trkpt lat="31.97910125367343425750732421875" lon="118.77248860895633697509765625">
        <ele>21.6000003814697265625</ele>
        <time>2024-10-14T12:03:50.000Z</time>
        <extensions>
          <ns3:TrackPointExtension>
            <ns3:atemp>27.0</ns3:atemp>
            <ns3:hr>177</ns3:hr>
            <ns3:cad>87</ns3:cad>
          </ns3:TrackPointExtension>
        </extensions>
      </trkpt>
      <trkpt lat="31.97910008020699024200439453125" lon="118.77246120013296604156494140625">
        <ele>21.799999237060546875</ele>
        <time>2024-10-14T12:03:51.000Z</time>
        <extensions>
          <ns3:TrackPointExtension>
            <ns3:atemp>27.0</ns3:atemp>
            <ns3:hr>177</ns3:hr>
            <ns3:cad>87</ns3:cad>
          </ns3:TrackPointExtension>
        </extensions>
      </trkpt>
      <trkpt lat="31.97909991256892681121826171875" lon="118.77242901362478733062744140625">
        <ele>21.799999237060546875</ele>
        <time>2024-10-14T12:03:52.000Z</time>
        <extensions>
          <ns3:TrackPointExtension>
            <ns3:atemp>27.0</ns3:atemp>
            <ns3:hr>177</ns3:hr>
            <ns3:cad>86</ns3:cad>
          </ns3:TrackPointExtension>
        </extensions>
      </trkpt>
      <trkpt lat="31.97909991256892681121826171875" lon="118.77240587957203388214111328125">
        <ele>21.799999237060546875</ele>
        <time>2024-10-14T12:03:53.000Z</time>
        <extensions>
          <ns3:TrackPointExtension>
            <ns3:atemp>27.0</ns3:atemp>
            <ns3:hr>177</ns3:hr>
            <ns3:cad>86</ns3:cad>
          </ns3:TrackPointExtension>
        </extensions>
      </trkpt>
      <trkpt lat="31.9791015051305294036865234375" lon="118.7723791413009166717529296875">
        <ele>21.799999237060546875</ele>
        <time>2024-10-14T12:03:54.000Z</time>
        <extensions>
          <ns3:TrackPointExtension>
            <ns3:atemp>27.0</ns3:atemp>
            <ns3:hr>177</ns3:hr>
            <ns3:cad>86</ns3:cad>
          </ns3:TrackPointExtension>
        </extensions>
      </trkpt>
      <trkpt lat="31.97910167276859283447265625" lon="118.772352822124958038330078125">
        <ele>21.799999237060546875</ele>
        <time>2024-10-14T12:03:55.000Z</time>
        <extensions>
          <ns3:TrackPointExtension>
            <ns3:atemp>27.0</ns3:atemp>
            <ns3:hr>177</ns3:hr>
            <ns3:cad>86</ns3:cad>
          </ns3:TrackPointExtension>
        </extensions>
      </trkpt>
      <trkpt lat="31.97910125367343425750732421875" lon="118.7723285146057605743408203125">
        <ele>21.799999237060546875</ele>
        <time>2024-10-14T12:03:56.000Z</time>
        <extensions>
          <ns3:TrackPointExtension>
            <ns3:atemp>27.0</ns3:atemp>
            <ns3:hr>177</ns3:hr>
            <ns3:cad>86</ns3:cad>
          </ns3:TrackPointExtension>
        </extensions>
      </trkpt>
      <trkpt lat="31.9791021756827831268310546875" lon="118.77229875884950160980224609375">
        <ele>22</ele>
        <time>2024-10-14T12:03:57.000Z</time>
        <extensions>
          <ns3:TrackPointExtension>
            <ns3:atemp>27.0</ns3:atemp>
            <ns3:hr>177</ns3:hr>
            <ns3:cad>86</ns3:cad>
          </ns3:TrackPointExtension>
        </extensions>
      </trkpt>
      <trkpt lat="31.9791025109589099884033203125" lon="118.77227176912128925323486328125">
        <ele>22</ele>
        <time>2024-10-14T12:03:58.000Z</time>
        <extensions>
          <ns3:TrackPointExtension>
            <ns3:atemp>27.0</ns3:atemp>
            <ns3:hr>177</ns3:hr>
            <ns3:cad>86</ns3:cad>
          </ns3:TrackPointExtension>
        </extensions>
      </trkpt>
      <trkpt lat="31.979106366634368896484375" lon="118.7722423486411571502685546875">
        <ele>22</ele>
        <time>2024-10-14T12:03:59.000Z</time>
        <extensions>
          <ns3:TrackPointExtension>
            <ns3:atemp>27.0</ns3:atemp>
            <ns3:hr>177</ns3:hr>
            <ns3:cad>86</ns3:cad>
          </ns3:TrackPointExtension>
        </extensions>
      </trkpt>
      <trkpt lat="31.979108043015003204345703125" lon="118.77221996895968914031982421875">
        <ele>22</ele>
        <time>2024-10-14T12:04:00.000Z</time>
        <extensions>
          <ns3:TrackPointExtension>
            <ns3:atemp>27.0</ns3:atemp>
            <ns3:hr>177</ns3:hr>
            <ns3:cad>86</ns3:cad>
          </ns3:TrackPointExtension>
        </extensions>
      </trkpt>
      <trkpt lat="31.979105360805988311767578125" lon="118.7721933983266353607177734375">
        <ele>22</ele>
        <time>2024-10-14T12:04:01.000Z</time>
        <extensions>
          <ns3:TrackPointExtension>
            <ns3:atemp>27.0</ns3:atemp>
            <ns3:hr>177</ns3:hr>
            <ns3:cad>86</ns3:cad>
          </ns3:TrackPointExtension>
        </extensions>
      </trkpt>
      <trkpt lat="31.9790984876453876495361328125" lon="118.7721672467887401580810546875">
        <ele>22</ele>
        <time>2024-10-14T12:04:02.000Z</time>
        <extensions>
          <ns3:TrackPointExtension>
            <ns3:atemp>27.0</ns3:atemp>
            <ns3:hr>177</ns3:hr>
            <ns3:cad>86</ns3:cad>
          </ns3:TrackPointExtension>
        </extensions>
      </trkpt>
      <trkpt lat="31.97909069247543811798095703125" lon="118.7721404246985912322998046875">
        <ele>22</ele>
        <time>2024-10-14T12:04:03.000Z</time>
        <extensions>
          <ns3:TrackPointExtension>
            <ns3:atemp>27.0</ns3:atemp>
            <ns3:hr>177</ns3:hr>
            <ns3:cad>86</ns3:cad>
          </ns3:TrackPointExtension>
        </extensions>
      </trkpt>
      <trkpt lat="31.9790897704660892486572265625" lon="118.7721159495413303375244140625">
        <ele>22</ele>
        <time>2024-10-14T12:04:04.000Z</time>
        <extensions>
          <ns3:TrackPointExtension>
            <ns3:atemp>27.0</ns3:atemp>
            <ns3:hr>177</ns3:hr>
            <ns3:cad>86</ns3:cad>
          </ns3:TrackPointExtension>
        </extensions>
      </trkpt>
      <trkpt lat="31.9790991581976413726806640625" lon="118.77209172584116458892822265625">
        <ele>22</ele>
        <time>2024-10-14T12:04:05.000Z</time>
        <extensions>
          <ns3:TrackPointExtension>
            <ns3:atemp>27.0</ns3:atemp>
            <ns3:hr>177</ns3:hr>
            <ns3:cad>86</ns3:cad>
          </ns3:TrackPointExtension>
        </extensions>
      </trkpt>
      <trkpt lat="31.97911198250949382781982421875" lon="118.7720690108835697174072265625">
        <ele>22.200000762939453125</ele>
        <time>2024-10-14T12:04:06.000Z</time>
        <extensions>
          <ns3:TrackPointExtension>
            <ns3:atemp>27.0</ns3:atemp>
            <ns3:hr>177</ns3:hr>
            <ns3:cad>86</ns3:cad>
          </ns3:TrackPointExtension>
        </extensions>
      </trkpt>
      <trkpt lat="31.97912313044071197509765625" lon="118.7720492295920848846435546875">
        <ele>22.200000762939453125</ele>
        <time>2024-10-14T12:04:07.000Z</time>
        <extensions>
          <ns3:TrackPointExtension>
            <ns3:atemp>27.0</ns3:atemp>
            <ns3:hr>177</ns3:hr>
            <ns3:cad>86</ns3:cad>
          </ns3:TrackPointExtension>
        </extensions>
      </trkpt>
      <trkpt lat="31.97913461364805698394775390625" lon="118.7720274366438388824462890625">
        <ele>22.200000762939453125</ele>
        <time>2024-10-14T12:04:08.000Z</time>
        <extensions>
          <ns3:TrackPointExtension>
            <ns3:atemp>27.0</ns3:atemp>
            <ns3:hr>177</ns3:hr>
            <ns3:cad>86</ns3:cad>
          </ns3:TrackPointExtension>
        </extensions>
      </trkpt>
      <trkpt lat="31.97914115153253078460693359375" lon="118.7720091640949249267578125">
        <ele>22.200000762939453125</ele>
        <time>2024-10-14T12:04:09.000Z</time>
        <extensions>
          <ns3:TrackPointExtension>
            <ns3:atemp>27.0</ns3:atemp>
            <ns3:hr>177</ns3:hr>
            <ns3:cad>86</ns3:cad>
          </ns3:TrackPointExtension>
        </extensions>
      </trkpt>
      <trkpt lat="31.979148276150226593017578125" lon="118.771991394460201263427734375">
        <ele>22.3999996185302734375</ele>
        <time>2024-10-14T12:04:10.000Z</time>
        <extensions>
          <ns3:TrackPointExtension>
            <ns3:atemp>27.0</ns3:atemp>
            <ns3:hr>177</ns3:hr>
            <ns3:cad>86</ns3:cad>
          </ns3:TrackPointExtension>
        </extensions>
      </trkpt>
      <trkpt lat="31.979151628911495208740234375" lon="118.77196616493165493011474609375">
        <ele>22.6000003814697265625</ele>
        <time>2024-10-14T12:04:11.000Z</time>
        <extensions>
          <ns3:TrackPointExtension>
            <ns3:atemp>27.0</ns3:atemp>
            <ns3:hr>177</ns3:hr>
            <ns3:cad>86</ns3:cad>
          </ns3:TrackPointExtension>
        </extensions>
      </trkpt>
      <trkpt lat="31.9791544787585735321044921875" lon="118.7719439528882503509521484375">
        <ele>22.799999237060546875</ele>
        <time>2024-10-14T12:04:12.000Z</time>
        <extensions>
          <ns3:TrackPointExtension>
            <ns3:atemp>27.0</ns3:atemp>
            <ns3:hr>177</ns3:hr>
            <ns3:cad>86</ns3:cad>
          </ns3:TrackPointExtension>
        </extensions>
      </trkpt>
      <trkpt lat="31.97915808297693729400634765625" lon="118.7719174660742282867431640625">
        <ele>22.799999237060546875</ele>
        <time>2024-10-14T12:04:13.000Z</time>
        <extensions>
          <ns3:TrackPointExtension>
            <ns3:atemp>27.0</ns3:atemp>
            <ns3:hr>177</ns3:hr>
            <ns3:cad>86</ns3:cad>
          </ns3:TrackPointExtension>
        </extensions>
      </trkpt>
      <trkpt lat="31.9791608490049839019775390625" lon="118.77189056016504764556884765625">
        <ele>22.799999237060546875</ele>
        <time>2024-10-14T12:04:14.000Z</time>
        <extensions>
          <ns3:TrackPointExtension>
            <ns3:atemp>27.0</ns3:atemp>
            <ns3:hr>177</ns3:hr>
            <ns3:cad>86</ns3:cad>
          </ns3:TrackPointExtension>
        </extensions>
      </trkpt>
      <trkpt lat="31.979160010814666748046875" lon="118.77186239697039127349853515625">
        <ele>22.799999237060546875</ele>
        <time>2024-10-14T12:04:15.000Z</time>
        <extensions>
          <ns3:TrackPointExtension>
            <ns3:atemp>27.0</ns3:atemp>
            <ns3:hr>176</ns3:hr>
            <ns3:cad>86</ns3:cad>
          </ns3:TrackPointExtension>
        </extensions>
      </trkpt>
      <trkpt lat="31.9791605137288570404052734375" lon="118.77183607779443264007568359375">
        <ele>23</ele>
        <time>2024-10-14T12:04:16.000Z</time>
        <extensions>
          <ns3:TrackPointExtension>
            <ns3:atemp>27.0</ns3:atemp>
            <ns3:hr>176</ns3:hr>
            <ns3:cad>86</ns3:cad>
          </ns3:TrackPointExtension>
        </extensions>
      </trkpt>
      <trkpt lat="31.979161016643047332763671875" lon="118.7718078307807445526123046875">
        <ele>23</ele>
        <time>2024-10-14T12:04:17.000Z</time>
        <extensions>
          <ns3:TrackPointExtension>
            <ns3:atemp>27.0</ns3:atemp>
            <ns3:hr>176</ns3:hr>
            <ns3:cad>88</ns3:cad>
          </ns3:TrackPointExtension>
        </extensions>
      </trkpt>
      <trkpt lat="31.97916110046207904815673828125" lon="118.77177421934902667999267578125">
        <ele>23</ele>
        <time>2024-10-14T12:04:18.000Z</time>
        <extensions>
          <ns3:TrackPointExtension>
            <ns3:atemp>27.0</ns3:atemp>
            <ns3:hr>176</ns3:hr>
            <ns3:cad>88</ns3:cad>
          </ns3:TrackPointExtension>
        </extensions>
      </trkpt>
      <trkpt lat="31.97916042990982532501220703125" lon="118.77174605615437030792236328125">
        <ele>23</ele>
        <time>2024-10-14T12:04:19.000Z</time>
        <extensions>
          <ns3:TrackPointExtension>
            <ns3:atemp>27.0</ns3:atemp>
            <ns3:hr>176</ns3:hr>
            <ns3:cad>87</ns3:cad>
          </ns3:TrackPointExtension>
        </extensions>
      </trkpt>
      <trkpt lat="31.979157663881778717041015625" lon="118.7717139534652233123779296875">
        <ele>23.200000762939453125</ele>
        <time>2024-10-14T12:04:20.000Z</time>
        <extensions>
          <ns3:TrackPointExtension>
            <ns3:atemp>27.0</ns3:atemp>
            <ns3:hr>175</ns3:hr>
            <ns3:cad>87</ns3:cad>
          </ns3:TrackPointExtension>
        </extensions>
      </trkpt>
      <trkpt lat="31.97915338911116123199462890625" lon="118.771692328155040740966796875">
        <ele>23.200000762939453125</ele>
        <time>2024-10-14T12:04:21.000Z</time>
        <extensions>
          <ns3:TrackPointExtension>
            <ns3:atemp>27.0</ns3:atemp>
            <ns3:hr>175</ns3:hr>
            <ns3:cad>87</ns3:cad>
          </ns3:TrackPointExtension>
        </extensions>
      </trkpt>
      <trkpt lat="31.97914953343570232391357421875" lon="118.77165670506656169891357421875">
        <ele>23.200000762939453125</ele>
        <time>2024-10-14T12:04:22.000Z</time>
        <extensions>
          <ns3:TrackPointExtension>
            <ns3:atemp>27.0</ns3:atemp>
            <ns3:hr>174</ns3:hr>
            <ns3:cad>86</ns3:cad>
          </ns3:TrackPointExtension>
        </extensions>
      </trkpt>
      <trkpt lat="31.97914685122668743133544921875" lon="118.77162636257708072662353515625">
        <ele>23.200000762939453125</ele>
        <time>2024-10-14T12:04:23.000Z</time>
        <extensions>
          <ns3:TrackPointExtension>
            <ns3:atemp>27.0</ns3:atemp>
            <ns3:hr>173</ns3:hr>
            <ns3:cad>86</ns3:cad>
          </ns3:TrackPointExtension>
        </extensions>
      </trkpt>
      <trkpt lat="31.979143582284450531005859375" lon="118.77159811556339263916015625">
        <ele>23.200000762939453125</ele>
        <time>2024-10-14T12:04:24.000Z</time>
        <extensions>
          <ns3:TrackPointExtension>
            <ns3:atemp>27.0</ns3:atemp>
            <ns3:hr>172</ns3:hr>
            <ns3:cad>86</ns3:cad>
          </ns3:TrackPointExtension>
        </extensions>
      </trkpt>
      <trkpt lat="31.97914098389446735382080078125" lon="118.77157120965421199798583984375">
        <ele>23.200000762939453125</ele>
        <time>2024-10-14T12:04:25.000Z</time>
        <extensions>
          <ns3:TrackPointExtension>
            <ns3:atemp>27.0</ns3:atemp>
            <ns3:hr>172</ns3:hr>
            <ns3:cad>86</ns3:cad>
          </ns3:TrackPointExtension>
        </extensions>
      </trkpt>
      <trkpt lat="31.97914215736091136932373046875" lon="118.7715370953083038330078125">
        <ele>23.200000762939453125</ele>
        <time>2024-10-14T12:04:26.000Z</time>
        <extensions>
          <ns3:TrackPointExtension>
            <ns3:atemp>27.0</ns3:atemp>
            <ns3:hr>171</ns3:hr>
            <ns3:cad>86</ns3:cad>
          </ns3:TrackPointExtension>
        </extensions>
      </trkpt>
      <trkpt lat="31.9791437499225139617919921875" lon="118.77151303924620151519775390625">
        <ele>23.3999996185302734375</ele>
        <time>2024-10-14T12:04:27.000Z</time>
        <extensions>
          <ns3:TrackPointExtension>
            <ns3:atemp>27.0</ns3:atemp>
            <ns3:hr>171</ns3:hr>
            <ns3:cad>86</ns3:cad>
          </ns3:TrackPointExtension>
        </extensions>
      </trkpt>
      <trkpt lat="31.97914659976959228515625" lon="118.77148822881281375885009765625">
        <ele>23.3999996185302734375</ele>
        <time>2024-10-14T12:04:28.000Z</time>
        <extensions>
          <ns3:TrackPointExtension>
            <ns3:atemp>27.0</ns3:atemp>
            <ns3:hr>171</ns3:hr>
            <ns3:cad>87</ns3:cad>
          </ns3:TrackPointExtension>
        </extensions>
      </trkpt>
      <trkpt lat="31.979148276150226593017578125" lon="118.77146534621715545654296875">
        <ele>23.3999996185302734375</ele>
        <time>2024-10-14T12:04:29.000Z</time>
        <extensions>
          <ns3:TrackPointExtension>
            <ns3:atemp>27.0</ns3:atemp>
            <ns3:hr>171</ns3:hr>
            <ns3:cad>87</ns3:cad>
          </ns3:TrackPointExtension>
        </extensions>
      </trkpt>
      <trkpt lat="31.9791528023779392242431640625" lon="118.7714480794966220855712890625">
        <ele>23.6000003814697265625</ele>
        <time>2024-10-14T12:04:30.000Z</time>
        <extensions>
          <ns3:TrackPointExtension>
            <ns3:atemp>27.0</ns3:atemp>
            <ns3:hr>171</ns3:hr>
            <ns3:cad>88</ns3:cad>
          </ns3:TrackPointExtension>
        </extensions>
      </trkpt>
      <trkpt lat="31.97915405966341495513916015625" lon="118.7714232690632343292236328125">
        <ele>23.6000003814697265625</ele>
        <time>2024-10-14T12:04:31.000Z</time>
        <extensions>
          <ns3:TrackPointExtension>
            <ns3:atemp>27.0</ns3:atemp>
            <ns3:hr>171</ns3:hr>
            <ns3:cad>88</ns3:cad>
          </ns3:TrackPointExtension>
        </extensions>
      </trkpt>
      <trkpt lat="31.97915640659630298614501953125" lon="118.77140072174370288848876953125">
        <ele>23.799999237060546875</ele>
        <time>2024-10-14T12:04:32.000Z</time>
        <extensions>
          <ns3:TrackPointExtension>
            <ns3:atemp>27.0</ns3:atemp>
            <ns3:hr>172</ns3:hr>
            <ns3:cad>88</ns3:cad>
          </ns3:TrackPointExtension>
        </extensions>
      </trkpt>
      <trkpt lat="31.9791591726243495941162109375" lon="118.7713696248829364776611328125">
        <ele>23.799999237060546875</ele>
        <time>2024-10-14T12:04:33.000Z</time>
        <extensions>
          <ns3:TrackPointExtension>
            <ns3:atemp>27.0</ns3:atemp>
            <ns3:hr>172</ns3:hr>
            <ns3:cad>87</ns3:cad>
          </ns3:TrackPointExtension>
        </extensions>
      </trkpt>
      <trkpt lat="31.97916026227176189422607421875" lon="118.7713384442031383514404296875">
        <ele>23.799999237060546875</ele>
        <time>2024-10-14T12:04:34.000Z</time>
        <extensions>
          <ns3:TrackPointExtension>
            <ns3:atemp>27.0</ns3:atemp>
            <ns3:hr>172</ns3:hr>
            <ns3:cad>87</ns3:cad>
          </ns3:TrackPointExtension>
        </extensions>
      </trkpt>
      <trkpt lat="31.9791608490049839019775390625" lon="118.77131514251232147216796875">
        <ele>24</ele>
        <time>2024-10-14T12:04:35.000Z</time>
        <extensions>
          <ns3:TrackPointExtension>
            <ns3:atemp>27.0</ns3:atemp>
            <ns3:hr>172</ns3:hr>
            <ns3:cad>87</ns3:cad>
          </ns3:TrackPointExtension>
        </extensions>
      </trkpt>
      <trkpt lat="31.97915975935757160186767578125" lon="118.77129041589796543121337890625">
        <ele>24</ele>
        <time>2024-10-14T12:04:36.000Z</time>
        <extensions>
          <ns3:TrackPointExtension>
            <ns3:atemp>27.0</ns3:atemp>
            <ns3:hr>172</ns3:hr>
            <ns3:cad>87</ns3:cad>
          </ns3:TrackPointExtension>
        </extensions>
      </trkpt>
      <trkpt lat="31.97915657423436641693115234375" lon="118.77126409672200679779052734375">
        <ele>24</ele>
        <time>2024-10-14T12:04:37.000Z</time>
        <extensions>
          <ns3:TrackPointExtension>
            <ns3:atemp>27.0</ns3:atemp>
            <ns3:hr>172</ns3:hr>
            <ns3:cad>86</ns3:cad>
          </ns3:TrackPointExtension>
        </extensions>
      </trkpt>
      <trkpt lat="31.9791528023779392242431640625" lon="118.7712299823760986328125">
        <ele>24.200000762939453125</ele>
        <time>2024-10-14T12:04:38.000Z</time>
        <extensions>
          <ns3:TrackPointExtension>
            <ns3:atemp>27.0</ns3:atemp>
            <ns3:hr>172</ns3:hr>
            <ns3:cad>86</ns3:cad>
          </ns3:TrackPointExtension>
        </extensions>
      </trkpt>
      <trkpt lat="31.97914685122668743133544921875" lon="118.77120894379913806915283203125">
        <ele>24.3999996185302734375</ele>
        <time>2024-10-14T12:04:39.000Z</time>
        <extensions>
          <ns3:TrackPointExtension>
            <ns3:atemp>27.0</ns3:atemp>
            <ns3:hr>173</ns3:hr>
            <ns3:cad>86</ns3:cad>
          </ns3:TrackPointExtension>
        </extensions>
      </trkpt>
      <trkpt lat="31.979138888418674468994140625" lon="118.77117793075740337371826171875">
        <ele>24.3999996185302734375</ele>
        <time>2024-10-14T12:04:40.000Z</time>
        <extensions>
          <ns3:TrackPointExtension>
            <ns3:atemp>27.0</ns3:atemp>
            <ns3:hr>173</ns3:hr>
            <ns3:cad>86</ns3:cad>
          </ns3:TrackPointExtension>
        </extensions>
      </trkpt>
      <trkpt lat="31.97912941686809062957763671875" lon="118.7711535394191741943359375">
        <ele>24.3999996185302734375</ele>
        <time>2024-10-14T12:04:41.000Z</time>
        <extensions>
          <ns3:TrackPointExtension>
            <ns3:atemp>27.0</ns3:atemp>
            <ns3:hr>173</ns3:hr>
            <ns3:cad>86</ns3:cad>
          </ns3:TrackPointExtension>
        </extensions>
      </trkpt>
      <trkpt lat="31.97912354953587055206298828125" lon="118.77112470567226409912109375">
        <ele>24.3999996185302734375</ele>
        <time>2024-10-14T12:04:42.000Z</time>
        <extensions>
          <ns3:TrackPointExtension>
            <ns3:atemp>27.0</ns3:atemp>
            <ns3:hr>173</ns3:hr>
            <ns3:cad>87</ns3:cad>
          </ns3:TrackPointExtension>
        </extensions>
      </trkpt>
      <trkpt lat="31.97911701165139675140380859375" lon="118.77109847031533718109130859375">
        <ele>24.3999996185302734375</ele>
        <time>2024-10-14T12:04:43.000Z</time>
        <extensions>
          <ns3:TrackPointExtension>
            <ns3:atemp>27.0</ns3:atemp>
            <ns3:hr>173</ns3:hr>
            <ns3:cad>87</ns3:cad>
          </ns3:TrackPointExtension>
        </extensions>
      </trkpt>
      <trkpt lat="31.97911365889012813568115234375" lon="118.77107583917677402496337890625">
        <ele>24.3999996185302734375</ele>
        <time>2024-10-14T12:04:44.000Z</time>
        <extensions>
          <ns3:TrackPointExtension>
            <ns3:atemp>27.0</ns3:atemp>
            <ns3:hr>173</ns3:hr>
            <ns3:cad>87</ns3:cad>
          </ns3:TrackPointExtension>
        </extensions>
      </trkpt>
      <trkpt lat="31.97911047376692295074462890625" lon="118.77104415558278560638427734375">
        <ele>24.3999996185302734375</ele>
        <time>2024-10-14T12:04:45.000Z</time>
        <extensions>
          <ns3:TrackPointExtension>
            <ns3:atemp>27.0</ns3:atemp>
            <ns3:hr>173</ns3:hr>
            <ns3:cad>87</ns3:cad>
          </ns3:TrackPointExtension>
        </extensions>
      </trkpt>
      <trkpt lat="31.9791088812053203582763671875" lon="118.77102009952068328857421875">
        <ele>24.3999996185302734375</ele>
        <time>2024-10-14T12:04:46.000Z</time>
        <extensions>
          <ns3:TrackPointExtension>
            <ns3:atemp>27.0</ns3:atemp>
            <ns3:hr>173</ns3:hr>
            <ns3:cad>87</ns3:cad>
          </ns3:TrackPointExtension>
        </extensions>
      </trkpt>
      <trkpt lat="31.9791077077388763427734375" lon="118.77098615281283855438232421875">
        <ele>24.3999996185302734375</ele>
        <time>2024-10-14T12:04:47.000Z</time>
        <extensions>
          <ns3:TrackPointExtension>
            <ns3:atemp>27.0</ns3:atemp>
            <ns3:hr>173</ns3:hr>
            <ns3:cad>87</ns3:cad>
          </ns3:TrackPointExtension>
        </extensions>
      </trkpt>
      <trkpt lat="31.97910795919597148895263671875" lon="118.770964443683624267578125">
        <ele>24.3999996185302734375</ele>
        <time>2024-10-14T12:04:48.000Z</time>
        <extensions>
          <ns3:TrackPointExtension>
            <ns3:atemp>27.0</ns3:atemp>
            <ns3:hr>173</ns3:hr>
            <ns3:cad>87</ns3:cad>
          </ns3:TrackPointExtension>
        </extensions>
      </trkpt>
      <trkpt lat="31.97911030612885951995849609375" lon="118.77093250863254070281982421875">
        <ele>24.3999996185302734375</ele>
        <time>2024-10-14T12:04:49.000Z</time>
        <extensions>
          <ns3:TrackPointExtension>
            <ns3:atemp>27.0</ns3:atemp>
            <ns3:hr>173</ns3:hr>
            <ns3:cad>86</ns3:cad>
          </ns3:TrackPointExtension>
        </extensions>
      </trkpt>
      <trkpt lat="31.97911231778562068939208984375" lon="118.77090719528496265411376953125">
        <ele>24.3999996185302734375</ele>
        <time>2024-10-14T12:04:50.000Z</time>
        <extensions>
          <ns3:TrackPointExtension>
            <ns3:atemp>28.0</ns3:atemp>
            <ns3:hr>173</ns3:hr>
            <ns3:cad>86</ns3:cad>
          </ns3:TrackPointExtension>
        </extensions>
      </trkpt>
      <trkpt lat="31.97911499999463558197021484375" lon="118.7708757631480693817138671875">
        <ele>24.3999996185302734375</ele>
        <time>2024-10-14T12:04:51.000Z</time>
        <extensions>
          <ns3:TrackPointExtension>
            <ns3:atemp>27.0</ns3:atemp>
            <ns3:hr>173</ns3:hr>
            <ns3:cad>87</ns3:cad>
          </ns3:TrackPointExtension>
        </extensions>
      </trkpt>
      <trkpt lat="31.97911776602268218994140625" lon="118.77084600739181041717529296875">
        <ele>24.3999996185302734375</ele>
        <time>2024-10-14T12:04:52.000Z</time>
        <extensions>
          <ns3:TrackPointExtension>
            <ns3:atemp>27.0</ns3:atemp>
            <ns3:hr>173</ns3:hr>
            <ns3:cad>87</ns3:cad>
          </ns3:TrackPointExtension>
        </extensions>
      </trkpt>
      <trkpt lat="31.97911751456558704376220703125" lon="118.77082270570099353790283203125">
        <ele>24.3999996185302734375</ele>
        <time>2024-10-14T12:04:53.000Z</time>
        <extensions>
          <ns3:TrackPointExtension>
            <ns3:atemp>27.0</ns3:atemp>
            <ns3:hr>173</ns3:hr>
            <ns3:cad>87</ns3:cad>
          </ns3:TrackPointExtension>
        </extensions>
      </trkpt>
      <trkpt lat="31.9791165925562381744384765625" lon="118.77079705707728862762451171875">
        <ele>24.3999996185302734375</ele>
        <time>2024-10-14T12:04:54.000Z</time>
        <extensions>
          <ns3:TrackPointExtension>
            <ns3:atemp>27.0</ns3:atemp>
            <ns3:hr>173</ns3:hr>
            <ns3:cad>87</ns3:cad>
          </ns3:TrackPointExtension>
        </extensions>
      </trkpt>
      <trkpt lat="31.97911583818495273590087890625" lon="118.77077073790132999420166015625">
        <ele>24.3999996185302734375</ele>
        <time>2024-10-14T12:04:55.000Z</time>
        <extensions>
          <ns3:TrackPointExtension>
            <ns3:atemp>27.0</ns3:atemp>
            <ns3:hr>173</ns3:hr>
            <ns3:cad>87</ns3:cad>
          </ns3:TrackPointExtension>
        </extensions>
      </trkpt>
      <trkpt lat="31.97911483235657215118408203125" lon="118.77074006013572216033935546875">
        <ele>24.200000762939453125</ele>
        <time>2024-10-14T12:04:56.000Z</time>
        <extensions>
          <ns3:TrackPointExtension>
            <ns3:atemp>27.0</ns3:atemp>
            <ns3:hr>173</ns3:hr>
            <ns3:cad>86</ns3:cad>
          </ns3:TrackPointExtension>
        </extensions>
      </trkpt>
      <trkpt lat="31.97911516763269901275634765625" lon="118.77071625553071498870849609375">
        <ele>24.200000762939453125</ele>
        <time>2024-10-14T12:04:57.000Z</time>
        <extensions>
          <ns3:TrackPointExtension>
            <ns3:atemp>27.0</ns3:atemp>
            <ns3:hr>173</ns3:hr>
            <ns3:cad>86</ns3:cad>
          </ns3:TrackPointExtension>
        </extensions>
      </trkpt>
      <trkpt lat="31.97912053205072879791259765625" lon="118.77068742178380489349365234375">
        <ele>24.200000762939453125</ele>
        <time>2024-10-14T12:04:58.000Z</time>
        <extensions>
          <ns3:TrackPointExtension>
            <ns3:atemp>27.0</ns3:atemp>
            <ns3:hr>173</ns3:hr>
            <ns3:cad>86</ns3:cad>
          </ns3:TrackPointExtension>
        </extensions>
      </trkpt>
      <trkpt lat="31.9791239686310291290283203125" lon="118.77066344954073429107666015625">
        <ele>24.3999996185302734375</ele>
        <time>2024-10-14T12:04:59.000Z</time>
        <extensions>
          <ns3:TrackPointExtension>
            <ns3:atemp>27.0</ns3:atemp>
            <ns3:hr>173</ns3:hr>
            <ns3:cad>86</ns3:cad>
          </ns3:TrackPointExtension>
        </extensions>
      </trkpt>
      <trkpt lat="31.97912983596324920654296875" lon="118.77064283005893230438232421875">
        <ele>24.3999996185302734375</ele>
        <time>2024-10-14T12:05:00.000Z</time>
        <extensions>
          <ns3:TrackPointExtension>
            <ns3:atemp>27.0</ns3:atemp>
            <ns3:hr>173</ns3:hr>
            <ns3:cad>86</ns3:cad>
          </ns3:TrackPointExtension>
        </extensions>
      </trkpt>
      <trkpt lat="31.9791363738477230072021484375" lon="118.77062472514808177947998046875">
        <ele>24.6000003814697265625</ele>
        <time>2024-10-14T12:05:01.000Z</time>
        <extensions>
          <ns3:TrackPointExtension>
            <ns3:atemp>27.0</ns3:atemp>
            <ns3:hr>173</ns3:hr>
            <ns3:cad>86</ns3:cad>
          </ns3:TrackPointExtension>
        </extensions>
      </trkpt>
      <trkpt lat="31.979145593941211700439453125" lon="118.77061081118881702423095703125">
        <ele>24.6000003814697265625</ele>
        <time>2024-10-14T12:05:02.000Z</time>
        <extensions>
          <ns3:TrackPointExtension>
            <ns3:atemp>27.0</ns3:atemp>
            <ns3:hr>173</ns3:hr>
            <ns3:cad>85</ns3:cad>
          </ns3:TrackPointExtension>
        </extensions>
      </trkpt>
      <trkpt lat="31.9791551493108272552490234375" lon="118.77059723250567913055419921875">
        <ele>24.6000003814697265625</ele>
        <time>2024-10-14T12:05:03.000Z</time>
        <extensions>
          <ns3:TrackPointExtension>
            <ns3:atemp>27.0</ns3:atemp>
            <ns3:hr>173</ns3:hr>
            <ns3:cad>85</ns3:cad>
          </ns3:TrackPointExtension>
        </extensions>
      </trkpt>
      <trkpt lat="31.97916562668979167938232421875" lon="118.770579881966114044189453125">
        <ele>24.799999237060546875</ele>
        <time>2024-10-14T12:05:04.000Z</time>
        <extensions>
          <ns3:TrackPointExtension>
            <ns3:atemp>27.0</ns3:atemp>
            <ns3:hr>173</ns3:hr>
            <ns3:cad>86</ns3:cad>
          </ns3:TrackPointExtension>
        </extensions>
      </trkpt>
      <trkpt lat="31.9791823066771030426025390625" lon="118.77055314369499683380126953125">
        <ele>24.799999237060546875</ele>
        <time>2024-10-14T12:05:05.000Z</time>
        <extensions>
          <ns3:TrackPointExtension>
            <ns3:atemp>27.0</ns3:atemp>
            <ns3:hr>172</ns3:hr>
            <ns3:cad>86</ns3:cad>
          </ns3:TrackPointExtension>
        </extensions>
      </trkpt>
      <trkpt lat="31.97919731028378009796142578125" lon="118.77052615396678447723388671875">
        <ele>24.799999237060546875</ele>
        <time>2024-10-14T12:05:06.000Z</time>
        <extensions>
          <ns3:TrackPointExtension>
            <ns3:atemp>27.0</ns3:atemp>
            <ns3:hr>172</ns3:hr>
            <ns3:cad>86</ns3:cad>
          </ns3:TrackPointExtension>
        </extensions>
      </trkpt>
      <trkpt lat="31.97921357117593288421630859375" lon="118.770505450665950775146484375">
        <ele>25</ele>
        <time>2024-10-14T12:05:07.000Z</time>
        <extensions>
          <ns3:TrackPointExtension>
            <ns3:atemp>27.0</ns3:atemp>
            <ns3:hr>172</ns3:hr>
            <ns3:cad>86</ns3:cad>
          </ns3:TrackPointExtension>
        </extensions>
      </trkpt>
      <trkpt lat="31.97923435829579830169677734375" lon="118.77047888003289699554443359375">
        <ele>25.200000762939453125</ele>
        <time>2024-10-14T12:05:08.000Z</time>
        <extensions>
          <ns3:TrackPointExtension>
            <ns3:atemp>27.0</ns3:atemp>
            <ns3:hr>172</ns3:hr>
            <ns3:cad>86</ns3:cad>
          </ns3:TrackPointExtension>
        </extensions>
      </trkpt>
      <trkpt lat="31.97925346903502941131591796875" lon="118.7704610265791416168212890625">
        <ele>25.200000762939453125</ele>
        <time>2024-10-14T12:05:09.000Z</time>
        <extensions>
          <ns3:TrackPointExtension>
            <ns3:atemp>27.0</ns3:atemp>
            <ns3:hr>172</ns3:hr>
            <ns3:cad>86</ns3:cad>
          </ns3:TrackPointExtension>
        </extensions>
      </trkpt>
      <trkpt lat="31.979275010526180267333984375" lon="118.77044434659183025360107421875">
        <ele>25.200000762939453125</ele>
        <time>2024-10-14T12:05:10.000Z</time>
        <extensions>
          <ns3:TrackPointExtension>
            <ns3:atemp>27.0</ns3:atemp>
            <ns3:hr>172</ns3:hr>
            <ns3:cad>86</ns3:cad>
          </ns3:TrackPointExtension>
        </extensions>
      </trkpt>
      <trkpt lat="31.97929537855088710784912109375" lon="118.77042707987129688262939453125">
        <ele>25.200000762939453125</ele>
        <time>2024-10-14T12:05:11.000Z</time>
        <extensions>
          <ns3:TrackPointExtension>
            <ns3:atemp>27.0</ns3:atemp>
            <ns3:hr>172</ns3:hr>
            <ns3:cad>86</ns3:cad>
          </ns3:TrackPointExtension>
        </extensions>
      </trkpt>
      <trkpt lat="31.97931784205138683319091796875" lon="118.7704097293317317962646484375">
        <ele>25.200000762939453125</ele>
        <time>2024-10-14T12:05:12.000Z</time>
        <extensions>
          <ns3:TrackPointExtension>
            <ns3:atemp>27.0</ns3:atemp>
            <ns3:hr>172</ns3:hr>
            <ns3:cad>86</ns3:cad>
          </ns3:TrackPointExtension>
        </extensions>
      </trkpt>
      <trkpt lat="31.97933225892484188079833984375" lon="118.77039774321019649505615234375">
        <ele>25.200000762939453125</ele>
        <time>2024-10-14T12:05:13.000Z</time>
        <extensions>
          <ns3:TrackPointExtension>
            <ns3:atemp>27.0</ns3:atemp>
            <ns3:hr>172</ns3:hr>
            <ns3:cad>87</ns3:cad>
          </ns3:TrackPointExtension>
        </extensions>
      </trkpt>
      <trkpt lat="31.979342736303806304931640625" lon="118.77037410624325275421142578125">
        <ele>25.200000762939453125</ele>
        <time>2024-10-14T12:05:14.000Z</time>
        <extensions>
          <ns3:TrackPointExtension>
            <ns3:atemp>27.0</ns3:atemp>
            <ns3:hr>172</ns3:hr>
            <ns3:cad>87</ns3:cad>
          </ns3:TrackPointExtension>
        </extensions>
      </trkpt>
      <trkpt lat="31.9793395511806011199951171875" lon="118.770352564752101898193359375">
        <ele>25.200000762939453125</ele>
        <time>2024-10-14T12:05:15.000Z</time>
        <extensions>
          <ns3:TrackPointExtension>
            <ns3:atemp>27.0</ns3:atemp>
            <ns3:hr>172</ns3:hr>
            <ns3:cad>87</ns3:cad>
          </ns3:TrackPointExtension>
        </extensions>
      </trkpt>
      <trkpt lat="31.9793281517922878265380859375" lon="118.77032750286161899566650390625">
        <ele>25.200000762939453125</ele>
        <time>2024-10-14T12:05:16.000Z</time>
        <extensions>
          <ns3:TrackPointExtension>
            <ns3:atemp>27.0</ns3:atemp>
            <ns3:hr>172</ns3:hr>
            <ns3:cad>87</ns3:cad>
          </ns3:TrackPointExtension>
        </extensions>
      </trkpt>
      <trkpt lat="31.979315578937530517578125" lon="118.7703064642846584320068359375">
        <ele>25.200000762939453125</ele>
        <time>2024-10-14T12:05:17.000Z</time>
        <extensions>
          <ns3:TrackPointExtension>
            <ns3:atemp>27.0</ns3:atemp>
            <ns3:hr>172</ns3:hr>
            <ns3:cad>87</ns3:cad>
          </ns3:TrackPointExtension>
        </extensions>
      </trkpt>
      <trkpt lat="31.9792999885976314544677734375" lon="118.7702897004783153533935546875">
        <ele>25.200000762939453125</ele>
        <time>2024-10-14T12:05:18.000Z</time>
        <extensions>
          <ns3:TrackPointExtension>
            <ns3:atemp>27.0</ns3:atemp>
            <ns3:hr>172</ns3:hr>
            <ns3:cad>88</ns3:cad>
          </ns3:TrackPointExtension>
        </extensions>
      </trkpt>
      <trkpt lat="31.979283392429351806640625" lon="118.770270086824893951416015625">
        <ele>25.200000762939453125</ele>
        <time>2024-10-14T12:05:19.000Z</time>
        <extensions>
          <ns3:TrackPointExtension>
            <ns3:atemp>27.0</ns3:atemp>
            <ns3:hr>172</ns3:hr>
            <ns3:cad>88</ns3:cad>
          </ns3:TrackPointExtension>
        </extensions>
      </trkpt>
      <trkpt lat="31.97926386259496212005615234375" lon="118.77025089226663112640380859375">
        <ele>25.3999996185302734375</ele>
        <time>2024-10-14T12:05:20.000Z</time>
        <extensions>
          <ns3:TrackPointExtension>
            <ns3:atemp>27.0</ns3:atemp>
            <ns3:hr>172</ns3:hr>
            <ns3:cad>88</ns3:cad>
          </ns3:TrackPointExtension>
        </extensions>
      </trkpt>
      <trkpt lat="31.97924307547509670257568359375" lon="118.77022943459451198577880859375">
        <ele>25.3999996185302734375</ele>
        <time>2024-10-14T12:05:21.000Z</time>
        <extensions>
          <ns3:TrackPointExtension>
            <ns3:atemp>27.0</ns3:atemp>
            <ns3:hr>172</ns3:hr>
            <ns3:cad>87</ns3:cad>
          </ns3:TrackPointExtension>
        </extensions>
      </trkpt>
      <trkpt lat="31.9792222045361995697021484375" lon="118.77020780928432941436767578125">
        <ele>25.3999996185302734375</ele>
        <time>2024-10-14T12:05:22.000Z</time>
        <extensions>
          <ns3:TrackPointExtension>
            <ns3:atemp>27.0</ns3:atemp>
            <ns3:hr>172</ns3:hr>
            <ns3:cad>87</ns3:cad>
          </ns3:TrackPointExtension>
        </extensions>
      </trkpt>
      <trkpt lat="31.9792042672634124755859375" lon="118.77018786035478115081787109375">
        <ele>25.3999996185302734375</ele>
        <time>2024-10-14T12:05:23.000Z</time>
        <extensions>
          <ns3:TrackPointExtension>
            <ns3:atemp>27.0</ns3:atemp>
            <ns3:hr>173</ns3:hr>
            <ns3:cad>86</ns3:cad>
          </ns3:TrackPointExtension>
        </extensions>
      </trkpt>
      <trkpt lat="31.97918993420898914337158203125" lon="118.77017025835812091827392578125">
        <ele>25.3999996185302734375</ele>
        <time>2024-10-14T12:05:24.000Z</time>
        <extensions>
          <ns3:TrackPointExtension>
            <ns3:atemp>27.0</ns3:atemp>
            <ns3:hr>173</ns3:hr>
            <ns3:cad>86</ns3:cad>
          </ns3:TrackPointExtension>
        </extensions>
      </trkpt>
      <trkpt lat="31.97917283512651920318603515625" lon="118.770148046314716339111328125">
        <ele>25.6000003814697265625</ele>
        <time>2024-10-14T12:05:25.000Z</time>
        <extensions>
          <ns3:TrackPointExtension>
            <ns3:atemp>27.0</ns3:atemp>
            <ns3:hr>173</ns3:hr>
            <ns3:cad>86</ns3:cad>
          </ns3:TrackPointExtension>
        </extensions>
      </trkpt>
      <trkpt lat="31.97915908880531787872314453125" lon="118.77012164331972599029541015625">
        <ele>25.6000003814697265625</ele>
        <time>2024-10-14T12:05:26.000Z</time>
        <extensions>
          <ns3:TrackPointExtension>
            <ns3:atemp>27.0</ns3:atemp>
            <ns3:hr>173</ns3:hr>
            <ns3:cad>86</ns3:cad>
          </ns3:TrackPointExtension>
        </extensions>
      </trkpt>
      <trkpt lat="31.97915934026241302490234375" lon="118.7700927257537841796875">
        <ele>25.6000003814697265625</ele>
        <time>2024-10-14T12:05:27.000Z</time>
        <extensions>
          <ns3:TrackPointExtension>
            <ns3:atemp>27.0</ns3:atemp>
            <ns3:hr>173</ns3:hr>
            <ns3:cad>87</ns3:cad>
          </ns3:TrackPointExtension>
        </extensions>
      </trkpt>
      <trkpt lat="31.97916738688945770263671875" lon="118.77006699331104755401611328125">
        <ele>25.6000003814697265625</ele>
        <time>2024-10-14T12:05:28.000Z</time>
        <extensions>
          <ns3:TrackPointExtension>
            <ns3:atemp>27.0</ns3:atemp>
            <ns3:hr>173</ns3:hr>
            <ns3:cad>87</ns3:cad>
          </ns3:TrackPointExtension>
        </extensions>
      </trkpt>
      <trkpt lat="31.97918054647743701934814453125" lon="118.77004318870604038238525390625">
        <ele>25.6000003814697265625</ele>
        <time>2024-10-14T12:05:29.000Z</time>
        <extensions>
          <ns3:TrackPointExtension>
            <ns3:atemp>28.0</ns3:atemp>
            <ns3:hr>173</ns3:hr>
            <ns3:cad>87</ns3:cad>
          </ns3:TrackPointExtension>
        </extensions>
      </trkpt>
      <trkpt lat="31.97919555008411407470703125" lon="118.77002097666263580322265625">
        <ele>25.6000003814697265625</ele>
        <time>2024-10-14T12:05:30.000Z</time>
        <extensions>
          <ns3:TrackPointExtension>
            <ns3:atemp>27.0</ns3:atemp>
            <ns3:hr>173</ns3:hr>
            <ns3:cad>87</ns3:cad>
          </ns3:TrackPointExtension>
        </extensions>
      </trkpt>
      <trkpt lat="31.979211308062076568603515625" lon="118.7700010277330875396728515625">
        <ele>25.6000003814697265625</ele>
        <time>2024-10-14T12:05:31.000Z</time>
        <extensions>
          <ns3:TrackPointExtension>
            <ns3:atemp>27.0</ns3:atemp>
            <ns3:hr>173</ns3:hr>
            <ns3:cad>87</ns3:cad>
          </ns3:TrackPointExtension>
        </extensions>
      </trkpt>
      <trkpt lat="31.97922849096357822418212890625" lon="118.76997848041355609893798828125">
        <ele>25.6000003814697265625</ele>
        <time>2024-10-14T12:05:32.000Z</time>
        <extensions>
          <ns3:TrackPointExtension>
            <ns3:atemp>27.0</ns3:atemp>
            <ns3:hr>173</ns3:hr>
            <ns3:cad>87</ns3:cad>
          </ns3:TrackPointExtension>
        </extensions>
      </trkpt>
      <trkpt lat="31.97924315929412841796875" lon="118.769954256713390350341796875">
        <ele>25.6000003814697265625</ele>
        <time>2024-10-14T12:05:33.000Z</time>
        <extensions>
          <ns3:TrackPointExtension>
            <ns3:atemp>27.0</ns3:atemp>
            <ns3:hr>172</ns3:hr>
            <ns3:cad>87</ns3:cad>
          </ns3:TrackPointExtension>
        </extensions>
      </trkpt>
      <trkpt lat="31.9792597554624080657958984375" lon="118.7699299491941928863525390625">
        <ele>25.799999237060546875</ele>
        <time>2024-10-14T12:05:34.000Z</time>
        <extensions>
          <ns3:TrackPointExtension>
            <ns3:atemp>27.0</ns3:atemp>
            <ns3:hr>172</ns3:hr>
            <ns3:cad>87</ns3:cad>
          </ns3:TrackPointExtension>
        </extensions>
      </trkpt>
      <trkpt lat="31.97927358560264110565185546875" lon="118.7699088267982006072998046875">
        <ele>25.799999237060546875</ele>
        <time>2024-10-14T12:05:35.000Z</time>
        <extensions>
          <ns3:TrackPointExtension>
            <ns3:atemp>27.0</ns3:atemp>
            <ns3:hr>172</ns3:hr>
            <ns3:cad>88</ns3:cad>
          </ns3:TrackPointExtension>
        </extensions>
      </trkpt>
      <trkpt lat="31.979293115437030792236328125" lon="118.76988275907933712005615234375">
        <ele>25.799999237060546875</ele>
        <time>2024-10-14T12:05:36.000Z</time>
        <extensions>
          <ns3:TrackPointExtension>
            <ns3:atemp>27.0</ns3:atemp>
            <ns3:hr>172</ns3:hr>
            <ns3:cad>87</ns3:cad>
          </ns3:TrackPointExtension>
        </extensions>
      </trkpt>
      <trkpt lat="31.97930946014821529388427734375" lon="118.7698655761778354644775390625">
        <ele>25.799999237060546875</ele>
        <time>2024-10-14T12:05:37.000Z</time>
        <extensions>
          <ns3:TrackPointExtension>
            <ns3:atemp>27.0</ns3:atemp>
            <ns3:hr>172</ns3:hr>
            <ns3:cad>87</ns3:cad>
          </ns3:TrackPointExtension>
        </extensions>
      </trkpt>
      <trkpt lat="31.979329995810985565185546875" lon="118.7698424421250820159912109375">
        <ele>26</ele>
        <time>2024-10-14T12:05:38.000Z</time>
        <extensions>
          <ns3:TrackPointExtension>
            <ns3:atemp>27.0</ns3:atemp>
            <ns3:hr>172</ns3:hr>
            <ns3:cad>87</ns3:cad>
          </ns3:TrackPointExtension>
        </extensions>
      </trkpt>
      <trkpt lat="31.97934499941766262054443359375" lon="118.769826181232929229736328125">
        <ele>26</ele>
        <time>2024-10-14T12:05:39.000Z</time>
        <extensions>
          <ns3:TrackPointExtension>
            <ns3:atemp>27.0</ns3:atemp>
            <ns3:hr>172</ns3:hr>
            <ns3:cad>87</ns3:cad>
          </ns3:TrackPointExtension>
        </extensions>
      </trkpt>
      <trkpt lat="31.9793596677482128143310546875" lon="118.7698062323033809661865234375">
        <ele>26</ele>
        <time>2024-10-14T12:05:40.000Z</time>
        <extensions>
          <ns3:TrackPointExtension>
            <ns3:atemp>27.0</ns3:atemp>
            <ns3:hr>172</ns3:hr>
            <ns3:cad>87</ns3:cad>
          </ns3:TrackPointExtension>
        </extensions>
      </trkpt>
      <trkpt lat="31.97937215678393840789794921875" lon="118.7697794102132320404052734375">
        <ele>26</ele>
        <time>2024-10-14T12:05:41.000Z</time>
        <extensions>
          <ns3:TrackPointExtension>
            <ns3:atemp>27.0</ns3:atemp>
            <ns3:hr>172</ns3:hr>
            <ns3:cad>87</ns3:cad>
          </ns3:TrackPointExtension>
        </extensions>
      </trkpt>
      <trkpt lat="31.979385651648044586181640625" lon="118.7697542645037174224853515625">
        <ele>26.200000762939453125</ele>
        <time>2024-10-14T12:05:42.000Z</time>
        <extensions>
          <ns3:TrackPointExtension>
            <ns3:atemp>27.0</ns3:atemp>
            <ns3:hr>172</ns3:hr>
            <ns3:cad>87</ns3:cad>
          </ns3:TrackPointExtension>
        </extensions>
      </trkpt>
      <trkpt lat="31.9794005714356899261474609375" lon="118.7697338126599788665771484375">
        <ele>26.200000762939453125</ele>
        <time>2024-10-14T12:05:43.000Z</time>
        <extensions>
          <ns3:TrackPointExtension>
            <ns3:atemp>27.0</ns3:atemp>
            <ns3:hr>172</ns3:hr>
            <ns3:cad>88</ns3:cad>
          </ns3:TrackPointExtension>
        </extensions>
      </trkpt>
      <trkpt lat="31.9794129766523838043212890625" lon="118.7697150371968746185302734375">
        <ele>26.200000762939453125</ele>
        <time>2024-10-14T12:05:44.000Z</time>
        <extensions>
          <ns3:TrackPointExtension>
            <ns3:atemp>27.0</ns3:atemp>
            <ns3:hr>172</ns3:hr>
            <ns3:cad>88</ns3:cad>
          </ns3:TrackPointExtension>
        </extensions>
      </trkpt>
      <trkpt lat="31.97940719313919544219970703125" lon="118.76969014294445514678955078125">
        <ele>26.799999237060546875</ele>
        <time>2024-10-14T12:06:02.000Z</time>
        <extensions>
          <ns3:TrackPointExtension>
            <ns3:atemp>28.0</ns3:atemp>
            <ns3:hr>170</ns3:hr>
            <ns3:cad>0</ns3:cad>
          </ns3:TrackPointExtension>
        </extensions>
      </trkpt>
      <trkpt lat="31.9794045947492122650146484375" lon="118.7696878798305988311767578125">
        <ele>26.799999237060546875</ele>
        <time>2024-10-14T12:06:03.000Z</time>
        <extensions>
          <ns3:TrackPointExtension>
            <ns3:atemp>28.0</ns3:atemp>
            <ns3:hr>170</ns3:hr>
            <ns3:cad>0</ns3:cad>
          </ns3:TrackPointExtension>
        </extensions>
      </trkpt>
      <trkpt lat="31.9794019125401973724365234375" lon="118.76966248266398906707763671875">
        <ele>26.799999237060546875</ele>
        <time>2024-10-14T12:06:04.000Z</time>
        <extensions>
          <ns3:TrackPointExtension>
            <ns3:atemp>27.0</ns3:atemp>
            <ns3:hr>169</ns3:hr>
            <ns3:cad>0</ns3:cad>
          </ns3:TrackPointExtension>
        </extensions>
      </trkpt>
      <trkpt lat="31.9793978892266750335693359375" lon="118.7696275301277637481689453125">
        <ele>26.6000003814697265625</ele>
        <time>2024-10-14T12:06:05.000Z</time>
        <extensions>
          <ns3:TrackPointExtension>
            <ns3:atemp>28.0</ns3:atemp>
            <ns3:hr>169</ns3:hr>
            <ns3:cad>0</ns3:cad>
          </ns3:TrackPointExtension>
        </extensions>
      </trkpt>
      <trkpt lat="31.97939076460897922515869140625" lon="118.76958637498319149017333984375">
        <ele>26.6000003814697265625</ele>
        <time>2024-10-14T12:06:06.000Z</time>
        <extensions>
          <ns3:TrackPointExtension>
            <ns3:atemp>28.0</ns3:atemp>
            <ns3:hr>168</ns3:hr>
            <ns3:cad>0</ns3:cad>
          </ns3:TrackPointExtension>
        </extensions>
      </trkpt>
      <trkpt lat="31.9793841429054737091064453125" lon="118.76955552957952022552490234375">
        <ele>26.3999996185302734375</ele>
        <time>2024-10-14T12:06:07.000Z</time>
        <extensions>
          <ns3:TrackPointExtension>
            <ns3:atemp>28.0</ns3:atemp>
            <ns3:hr>168</ns3:hr>
            <ns3:cad>0</ns3:cad>
          </ns3:TrackPointExtension>
        </extensions>
      </trkpt>
      <trkpt lat="31.97937785647809505462646484375" lon="118.7695222534239292144775390625">
        <ele>26.200000762939453125</ele>
        <time>2024-10-14T12:06:08.000Z</time>
        <extensions>
          <ns3:TrackPointExtension>
            <ns3:atemp>28.0</ns3:atemp>
            <ns3:hr>168</ns3:hr>
            <ns3:cad>88</ns3:cad>
          </ns3:TrackPointExtension>
        </extensions>
      </trkpt>
      <trkpt lat="31.97937115095555782318115234375" lon="118.7694924138486385345458984375">
        <ele>26.200000762939453125</ele>
        <time>2024-10-14T12:06:09.000Z</time>
        <extensions>
          <ns3:TrackPointExtension>
            <ns3:atemp>28.0</ns3:atemp>
            <ns3:hr>167</ns3:hr>
            <ns3:cad>90</ns3:cad>
          </ns3:TrackPointExtension>
        </extensions>
      </trkpt>
      <trkpt lat="31.979364864528179168701171875" lon="118.76946148462593555450439453125">
        <ele>26.200000762939453125</ele>
        <time>2024-10-14T12:06:10.000Z</time>
        <extensions>
          <ns3:TrackPointExtension>
            <ns3:atemp>28.0</ns3:atemp>
            <ns3:hr>167</ns3:hr>
            <ns3:cad>90</ns3:cad>
          </ns3:TrackPointExtension>
        </extensions>
      </trkpt>
      <trkpt lat="31.97935975156724452972412109375" lon="118.76943365670740604400634765625">
        <ele>26.200000762939453125</ele>
        <time>2024-10-14T12:06:11.000Z</time>
        <extensions>
          <ns3:TrackPointExtension>
            <ns3:atemp>27.0</ns3:atemp>
            <ns3:hr>167</ns3:hr>
            <ns3:cad>90</ns3:cad>
          </ns3:TrackPointExtension>
        </extensions>
      </trkpt>
      <trkpt lat="31.9793569855391979217529296875" lon="118.76939979381859302520751953125">
        <ele>26.3999996185302734375</ele>
        <time>2024-10-14T12:06:12.000Z</time>
        <extensions>
          <ns3:TrackPointExtension>
            <ns3:atemp>28.0</ns3:atemp>
            <ns3:hr>167</ns3:hr>
            <ns3:cad>90</ns3:cad>
          </ns3:TrackPointExtension>
        </extensions>
      </trkpt>
      <trkpt lat="31.9793563149869441986083984375" lon="118.76936978660523891448974609375">
        <ele>26.3999996185302734375</ele>
        <time>2024-10-14T12:06:13.000Z</time>
        <extensions>
          <ns3:TrackPointExtension>
            <ns3:atemp>27.0</ns3:atemp>
            <ns3:hr>167</ns3:hr>
            <ns3:cad>90</ns3:cad>
          </ns3:TrackPointExtension>
        </extensions>
      </trkpt>
      <trkpt lat="31.97935740463435649871826171875" lon="118.76933625899255275726318359375">
        <ele>26.3999996185302734375</ele>
        <time>2024-10-14T12:06:14.000Z</time>
        <extensions>
          <ns3:TrackPointExtension>
            <ns3:atemp>27.0</ns3:atemp>
            <ns3:hr>167</ns3:hr>
            <ns3:cad>90</ns3:cad>
          </ns3:TrackPointExtension>
        </extensions>
      </trkpt>
      <trkpt lat="31.97936159558594226837158203125" lon="118.76930759288370609283447265625">
        <ele>26.3999996185302734375</ele>
        <time>2024-10-14T12:06:15.000Z</time>
        <extensions>
          <ns3:TrackPointExtension>
            <ns3:atemp>28.0</ns3:atemp>
            <ns3:hr>166</ns3:hr>
            <ns3:cad>89</ns3:cad>
          </ns3:TrackPointExtension>
        </extensions>
      </trkpt>
      <trkpt lat="31.979370228946208953857421875" lon="118.76927775330841541290283203125">
        <ele>26.3999996185302734375</ele>
        <time>2024-10-14T12:06:16.000Z</time>
        <extensions>
          <ns3:TrackPointExtension>
            <ns3:atemp>28.0</ns3:atemp>
            <ns3:hr>166</ns3:hr>
            <ns3:cad>89</ns3:cad>
          </ns3:TrackPointExtension>
        </extensions>
      </trkpt>
      <trkpt lat="31.979380287230014801025390625" lon="118.7692490033805370330810546875">
        <ele>26.3999996185302734375</ele>
        <time>2024-10-14T12:06:17.000Z</time>
        <extensions>
          <ns3:TrackPointExtension>
            <ns3:atemp>28.0</ns3:atemp>
            <ns3:hr>166</ns3:hr>
            <ns3:cad>89</ns3:cad>
          </ns3:TrackPointExtension>
        </extensions>
      </trkpt>
      <trkpt lat="31.97939411737024784088134765625" lon="118.7692169845104217529296875">
        <ele>26.3999996185302734375</ele>
        <time>2024-10-14T12:06:18.000Z</time>
        <extensions>
          <ns3:TrackPointExtension>
            <ns3:atemp>28.0</ns3:atemp>
            <ns3:hr>165</ns3:hr>
            <ns3:cad>89</ns3:cad>
          </ns3:TrackPointExtension>
        </extensions>
      </trkpt>
      <trkpt lat="31.97940886951982975006103515625" lon="118.7691910006105899810791015625">
        <ele>26.3999996185302734375</ele>
        <time>2024-10-14T12:06:19.000Z</time>
        <extensions>
          <ns3:TrackPointExtension>
            <ns3:atemp>28.0</ns3:atemp>
            <ns3:hr>165</ns3:hr>
            <ns3:cad>89</ns3:cad>
          </ns3:TrackPointExtension>
        </extensions>
      </trkpt>
      <trkpt lat="31.97941892780363559722900390625" lon="118.769166357815265655517578125">
        <ele>26.3999996185302734375</ele>
        <time>2024-10-14T12:06:20.000Z</time>
        <extensions>
          <ns3:TrackPointExtension>
            <ns3:atemp>28.0</ns3:atemp>
            <ns3:hr>164</ns3:hr>
            <ns3:cad>89</ns3:cad>
          </ns3:TrackPointExtension>
        </extensions>
      </trkpt>
      <trkpt lat="31.979422532021999359130859375" lon="118.76914515160024166107177734375">
        <ele>26.3999996185302734375</ele>
        <time>2024-10-14T12:06:21.000Z</time>
        <extensions>
          <ns3:TrackPointExtension>
            <ns3:atemp>27.0</ns3:atemp>
            <ns3:hr>164</ns3:hr>
            <ns3:cad>89</ns3:cad>
          </ns3:TrackPointExtension>
        </extensions>
      </trkpt>
      <trkpt lat="31.97941574268043041229248046875" lon="118.76911832951009273529052734375">
        <ele>26.3999996185302734375</ele>
        <time>2024-10-14T12:06:22.000Z</time>
        <extensions>
          <ns3:TrackPointExtension>
            <ns3:atemp>27.0</ns3:atemp>
            <ns3:hr>164</ns3:hr>
            <ns3:cad>89</ns3:cad>
          </ns3:TrackPointExtension>
        </extensions>
      </trkpt>
      <trkpt lat="31.9794052653014659881591796875" lon="118.7690924294292926788330078125">
        <ele>26.3999996185302734375</ele>
        <time>2024-10-14T12:06:23.000Z</time>
        <extensions>
          <ns3:TrackPointExtension>
            <ns3:atemp>27.0</ns3:atemp>
            <ns3:hr>163</ns3:hr>
            <ns3:cad>89</ns3:cad>
          </ns3:TrackPointExtension>
        </extensions>
      </trkpt>
      <trkpt lat="31.9793864898383617401123046875" lon="118.76906183548271656036376953125">
        <ele>26.3999996185302734375</ele>
        <time>2024-10-14T12:06:24.000Z</time>
        <extensions>
          <ns3:TrackPointExtension>
            <ns3:atemp>27.0</ns3:atemp>
            <ns3:hr>163</ns3:hr>
            <ns3:cad>89</ns3:cad>
          </ns3:TrackPointExtension>
        </extensions>
      </trkpt>
      <trkpt lat="31.979358829557895660400390625" lon="118.76904808916151523590087890625">
        <ele>26.3999996185302734375</ele>
        <time>2024-10-14T12:06:25.000Z</time>
        <extensions>
          <ns3:TrackPointExtension>
            <ns3:atemp>28.0</ns3:atemp>
            <ns3:hr>162</ns3:hr>
            <ns3:cad>89</ns3:cad>
          </ns3:TrackPointExtension>
        </extensions>
      </trkpt>
      <trkpt lat="31.97933326475322246551513671875" lon="118.769026882946491241455078125">
        <ele>26.3999996185302734375</ele>
        <time>2024-10-14T12:06:26.000Z</time>
        <extensions>
          <ns3:TrackPointExtension>
            <ns3:atemp>27.0</ns3:atemp>
            <ns3:hr>162</ns3:hr>
            <ns3:cad>89</ns3:cad>
          </ns3:TrackPointExtension>
        </extensions>
      </trkpt>
      <trkpt lat="31.97930526919662952423095703125" lon="118.7690112926065921783447265625">
        <ele>26.3999996185302734375</ele>
        <time>2024-10-14T12:06:27.000Z</time>
        <extensions>
          <ns3:TrackPointExtension>
            <ns3:atemp>27.0</ns3:atemp>
            <ns3:hr>163</ns3:hr>
            <ns3:cad>89</ns3:cad>
          </ns3:TrackPointExtension>
        </extensions>
      </trkpt>
      <trkpt lat="31.9792778603732585906982421875" lon="118.7689889967441558837890625">
        <ele>26.3999996185302734375</ele>
        <time>2024-10-14T12:06:28.000Z</time>
        <extensions>
          <ns3:TrackPointExtension>
            <ns3:atemp>27.0</ns3:atemp>
            <ns3:hr>163</ns3:hr>
            <ns3:cad>89</ns3:cad>
          </ns3:TrackPointExtension>
        </extensions>
      </trkpt>
      <trkpt lat="31.97925128974020481109619140625" lon="118.76896963454782962799072265625">
        <ele>26.3999996185302734375</ele>
        <time>2024-10-14T12:06:29.000Z</time>
        <extensions>
          <ns3:TrackPointExtension>
            <ns3:atemp>27.0</ns3:atemp>
            <ns3:hr>163</ns3:hr>
            <ns3:cad>89</ns3:cad>
          </ns3:TrackPointExtension>
        </extensions>
      </trkpt>
      <trkpt lat="31.97923117317259311676025390625" lon="118.76895136199891567230224609375">
        <ele>26.3999996185302734375</ele>
        <time>2024-10-14T12:06:30.000Z</time>
        <extensions>
          <ns3:TrackPointExtension>
            <ns3:atemp>27.0</ns3:atemp>
            <ns3:hr>163</ns3:hr>
            <ns3:cad>89</ns3:cad>
          </ns3:TrackPointExtension>
        </extensions>
      </trkpt>
      <trkpt lat="31.979214660823345184326171875" lon="118.76893199980258941650390625">
        <ele>26.3999996185302734375</ele>
        <time>2024-10-14T12:06:31.000Z</time>
        <extensions>
          <ns3:TrackPointExtension>
            <ns3:atemp>27.0</ns3:atemp>
            <ns3:hr>164</ns3:hr>
            <ns3:cad>89</ns3:cad>
          </ns3:TrackPointExtension>
        </extensions>
      </trkpt>
      <trkpt lat="31.97919781319797039031982421875" lon="118.76891029067337512969970703125">
        <ele>26.200000762939453125</ele>
        <time>2024-10-14T12:06:32.000Z</time>
        <extensions>
          <ns3:TrackPointExtension>
            <ns3:atemp>28.0</ns3:atemp>
            <ns3:hr>164</ns3:hr>
            <ns3:cad>89</ns3:cad>
          </ns3:TrackPointExtension>
        </extensions>
      </trkpt>
      <trkpt lat="31.979183815419673919677734375" lon="118.7688889168202877044677734375">
        <ele>26.200000762939453125</ele>
        <time>2024-10-14T12:06:33.000Z</time>
        <extensions>
          <ns3:TrackPointExtension>
            <ns3:atemp>27.0</ns3:atemp>
            <ns3:hr>164</ns3:hr>
            <ns3:cad>89</ns3:cad>
          </ns3:TrackPointExtension>
        </extensions>
      </trkpt>
      <trkpt lat="31.9791766069829463958740234375" lon="118.7688600830733776092529296875">
        <ele>26.200000762939453125</ele>
        <time>2024-10-14T12:06:34.000Z</time>
        <extensions>
          <ns3:TrackPointExtension>
            <ns3:atemp>28.0</ns3:atemp>
            <ns3:hr>165</ns3:hr>
            <ns3:cad>88</ns3:cad>
          </ns3:TrackPointExtension>
        </extensions>
      </trkpt>
      <trkpt lat="31.97918004356324672698974609375" lon="118.76883066259324550628662109375">
        <ele>26.200000762939453125</ele>
        <time>2024-10-14T12:06:35.000Z</time>
        <extensions>
          <ns3:TrackPointExtension>
            <ns3:atemp>27.0</ns3:atemp>
            <ns3:hr>165</ns3:hr>
            <ns3:cad>88</ns3:cad>
          </ns3:TrackPointExtension>
        </extensions>
      </trkpt>
      <trkpt lat="31.97919194586575031280517578125" lon="118.76880216412246227264404296875">
        <ele>26.200000762939453125</ele>
        <time>2024-10-14T12:06:36.000Z</time>
        <extensions>
          <ns3:TrackPointExtension>
            <ns3:atemp>27.0</ns3:atemp>
            <ns3:hr>165</ns3:hr>
            <ns3:cad>89</ns3:cad>
          </ns3:TrackPointExtension>
        </extensions>
      </trkpt>
      <trkpt lat="31.97920954786241054534912109375" lon="118.76877316273748874664306640625">
        <ele>26.200000762939453125</ele>
        <time>2024-10-14T12:06:37.000Z</time>
        <extensions>
          <ns3:TrackPointExtension>
            <ns3:atemp>27.0</ns3:atemp>
            <ns3:hr>165</ns3:hr>
            <ns3:cad>89</ns3:cad>
          </ns3:TrackPointExtension>
        </extensions>
      </trkpt>
      <trkpt lat="31.97922631166875362396240234375" lon="118.7687487713992595672607421875">
        <ele>26.200000762939453125</ele>
        <time>2024-10-14T12:06:38.000Z</time>
        <extensions>
          <ns3:TrackPointExtension>
            <ns3:atemp>28.0</ns3:atemp>
            <ns3:hr>165</ns3:hr>
            <ns3:cad>88</ns3:cad>
          </ns3:TrackPointExtension>
        </extensions>
      </trkpt>
      <trkpt lat="31.97924659587442874908447265625" lon="118.76873125322163105010986328125">
        <ele>26.200000762939453125</ele>
        <time>2024-10-14T12:06:39.000Z</time>
        <extensions>
          <ns3:TrackPointExtension>
            <ns3:atemp>27.0</ns3:atemp>
            <ns3:hr>165</ns3:hr>
            <ns3:cad>88</ns3:cad>
          </ns3:TrackPointExtension>
        </extensions>
      </trkpt>
      <trkpt lat="31.97926604188978672027587890625" lon="118.768724463880062103271484375">
        <ele>26.3999996185302734375</ele>
        <time>2024-10-14T12:06:40.000Z</time>
        <extensions>
          <ns3:TrackPointExtension>
            <ns3:atemp>27.0</ns3:atemp>
            <ns3:hr>165</ns3:hr>
            <ns3:cad>88</ns3:cad>
          </ns3:TrackPointExtension>
        </extensions>
      </trkpt>
      <trkpt lat="31.979287751019001007080078125" lon="118.76873158849775791168212890625">
        <ele>26.3999996185302734375</ele>
        <time>2024-10-14T12:06:41.000Z</time>
        <extensions>
          <ns3:TrackPointExtension>
            <ns3:atemp>27.0</ns3:atemp>
            <ns3:hr>165</ns3:hr>
            <ns3:cad>88</ns3:cad>
          </ns3:TrackPointExtension>
        </extensions>
      </trkpt>
      <trkpt lat="31.97930828668177127838134765625" lon="118.76875103451311588287353515625">
        <ele>26.799999237060546875</ele>
        <time>2024-10-14T12:06:42.000Z</time>
        <extensions>
          <ns3:TrackPointExtension>
            <ns3:atemp>28.0</ns3:atemp>
            <ns3:hr>165</ns3:hr>
            <ns3:cad>88</ns3:cad>
          </ns3:TrackPointExtension>
        </extensions>
      </trkpt>
      <trkpt lat="31.97932739742100238800048828125" lon="118.7687717378139495849609375">
        <ele>27</ele>
        <time>2024-10-14T12:06:43.000Z</time>
        <extensions>
          <ns3:TrackPointExtension>
            <ns3:atemp>27.0</ns3:atemp>
            <ns3:hr>165</ns3:hr>
            <ns3:cad>87</ns3:cad>
          </ns3:TrackPointExtension>
        </extensions>
      </trkpt>
      <trkpt lat="31.9793415628373622894287109375" lon="118.7687958776950836181640625">
        <ele>27.200000762939453125</ele>
        <time>2024-10-14T12:06:44.000Z</time>
        <extensions>
          <ns3:TrackPointExtension>
            <ns3:atemp>27.0</ns3:atemp>
            <ns3:hr>165</ns3:hr>
            <ns3:cad>87</ns3:cad>
          </ns3:TrackPointExtension>
        </extensions>
      </trkpt>
      <trkpt lat="31.9793529622256755828857421875" lon="118.76881658099591732025146484375">
        <ele>27.3999996185302734375</ele>
        <time>2024-10-14T12:06:45.000Z</time>
        <extensions>
          <ns3:TrackPointExtension>
            <ns3:atemp>27.0</ns3:atemp>
            <ns3:hr>165</ns3:hr>
            <ns3:cad>85</ns3:cad>
          </ns3:TrackPointExtension>
        </extensions>
      </trkpt>
      <trkpt lat="31.979363523423671722412109375" lon="118.76883535645902156829833984375">
        <ele>27.3999996185302734375</ele>
        <time>2024-10-14T12:06:46.000Z</time>
        <extensions>
          <ns3:TrackPointExtension>
            <ns3:atemp>28.0</ns3:atemp>
            <ns3:hr>165</ns3:hr>
            <ns3:cad>85</ns3:cad>
          </ns3:TrackPointExtension>
        </extensions>
      </trkpt>
      <trkpt lat="31.97937467135488986968994140625" lon="118.76885346136987209320068359375">
        <ele>27.6000003814697265625</ele>
        <time>2024-10-14T12:06:47.000Z</time>
        <extensions>
          <ns3:TrackPointExtension>
            <ns3:atemp>27.0</ns3:atemp>
            <ns3:hr>166</ns3:hr>
            <ns3:cad>85</ns3:cad>
          </ns3:TrackPointExtension>
        </extensions>
      </trkpt>
      <trkpt lat="31.9793898425996303558349609375" lon="118.768873326480388641357421875">
        <ele>27.799999237060546875</ele>
        <time>2024-10-14T12:06:48.000Z</time>
        <extensions>
          <ns3:TrackPointExtension>
            <ns3:atemp>27.0</ns3:atemp>
            <ns3:hr>166</ns3:hr>
            <ns3:cad>87</ns3:cad>
          </ns3:TrackPointExtension>
        </extensions>
      </trkpt>
      <trkpt lat="31.97940618731081485748291015625" lon="118.76889402978122234344482421875">
        <ele>28</ele>
        <time>2024-10-14T12:06:49.000Z</time>
        <extensions>
          <ns3:TrackPointExtension>
            <ns3:atemp>27.0</ns3:atemp>
            <ns3:hr>166</ns3:hr>
            <ns3:cad>87</ns3:cad>
          </ns3:TrackPointExtension>
        </extensions>
      </trkpt>
      <trkpt lat="31.9794216938316822052001953125" lon="118.7689137272536754608154296875">
        <ele>28</ele>
        <time>2024-10-14T12:06:50.000Z</time>
        <extensions>
          <ns3:TrackPointExtension>
            <ns3:atemp>27.0</ns3:atemp>
            <ns3:hr>166</ns3:hr>
            <ns3:cad>86</ns3:cad>
          </ns3:TrackPointExtension>
        </extensions>
      </trkpt>
      <trkpt lat="31.979439966380596160888671875" lon="118.7689335085451602935791015625">
        <ele>28.200000762939453125</ele>
        <time>2024-10-14T12:06:51.000Z</time>
        <extensions>
          <ns3:TrackPointExtension>
            <ns3:atemp>27.0</ns3:atemp>
            <ns3:hr>166</ns3:hr>
            <ns3:cad>86</ns3:cad>
          </ns3:TrackPointExtension>
        </extensions>
      </trkpt>
      <trkpt lat="31.97945882566273212432861328125" lon="118.76895169727504253387451171875">
        <ele>28.3999996185302734375</ele>
        <time>2024-10-14T12:06:52.000Z</time>
        <extensions>
          <ns3:TrackPointExtension>
            <ns3:atemp>28.0</ns3:atemp>
            <ns3:hr>166</ns3:hr>
            <ns3:cad>85</ns3:cad>
          </ns3:TrackPointExtension>
        </extensions>
      </trkpt>
      <trkpt lat="31.9794790260493755340576171875" lon="118.7689700536429882049560546875">
        <ele>28.3999996185302734375</ele>
        <time>2024-10-14T12:06:53.000Z</time>
        <extensions>
          <ns3:TrackPointExtension>
            <ns3:atemp>28.0</ns3:atemp>
            <ns3:hr>166</ns3:hr>
            <ns3:cad>85</ns3:cad>
          </ns3:TrackPointExtension>
        </extensions>
      </trkpt>
      <trkpt lat="31.9794988073408603668212890625" lon="118.76898505724966526031494140625">
        <ele>28.6000003814697265625</ele>
        <time>2024-10-14T12:06:54.000Z</time>
        <extensions>
          <ns3:TrackPointExtension>
            <ns3:atemp>27.0</ns3:atemp>
            <ns3:hr>166</ns3:hr>
            <ns3:cad>85</ns3:cad>
          </ns3:TrackPointExtension>
        </extensions>
      </trkpt>
      <trkpt lat="31.97952085174620151519775390625" lon="118.76899980939924716949462890625">
        <ele>29</ele>
        <time>2024-10-14T12:06:55.000Z</time>
        <extensions>
          <ns3:TrackPointExtension>
            <ns3:atemp>27.0</ns3:atemp>
            <ns3:hr>166</ns3:hr>
            <ns3:cad>85</ns3:cad>
          </ns3:TrackPointExtension>
        </extensions>
      </trkpt>
      <trkpt lat="31.97954214178025722503662109375" lon="118.76901112496852874755859375">
        <ele>29.200000762939453125</ele>
        <time>2024-10-14T12:06:56.000Z</time>
        <extensions>
          <ns3:TrackPointExtension>
            <ns3:atemp>27.0</ns3:atemp>
            <ns3:hr>166</ns3:hr>
            <ns3:cad>85</ns3:cad>
          </ns3:TrackPointExtension>
        </extensions>
      </trkpt>
      <trkpt lat="31.97956427000463008880615234375" lon="118.76902059651911258697509765625">
        <ele>29.200000762939453125</ele>
        <time>2024-10-14T12:06:57.000Z</time>
        <extensions>
          <ns3:TrackPointExtension>
            <ns3:atemp>27.0</ns3:atemp>
            <ns3:hr>167</ns3:hr>
            <ns3:cad>85</ns3:cad>
          </ns3:TrackPointExtension>
        </extensions>
      </trkpt>
      <trkpt lat="31.97958505712449550628662109375" lon="118.76902629621326923370361328125">
        <ele>29.3999996185302734375</ele>
        <time>2024-10-14T12:06:58.000Z</time>
        <extensions>
          <ns3:TrackPointExtension>
            <ns3:atemp>28.0</ns3:atemp>
            <ns3:hr>167</ns3:hr>
            <ns3:cad>85</ns3:cad>
          </ns3:TrackPointExtension>
        </extensions>
      </trkpt>
      <trkpt lat="31.97960349731147289276123046875" lon="118.76903015188872814178466796875">
        <ele>29.6000003814697265625</ele>
        <time>2024-10-14T12:06:59.000Z</time>
        <extensions>
          <ns3:TrackPointExtension>
            <ns3:atemp>27.0</ns3:atemp>
            <ns3:hr>167</ns3:hr>
            <ns3:cad>85</ns3:cad>
          </ns3:TrackPointExtension>
        </extensions>
      </trkpt>
      <trkpt lat="31.9796248711645603179931640625" lon="118.76903534866869449615478515625">
        <ele>29.799999237060546875</ele>
        <time>2024-10-14T12:07:00.000Z</time>
        <extensions>
          <ns3:TrackPointExtension>
            <ns3:atemp>27.0</ns3:atemp>
            <ns3:hr>168</ns3:hr>
            <ns3:cad>85</ns3:cad>
          </ns3:TrackPointExtension>
        </extensions>
      </trkpt>
      <trkpt lat="31.9796459935605525970458984375" lon="118.7690391205251216888427734375">
        <ele>29.799999237060546875</ele>
        <time>2024-10-14T12:07:01.000Z</time>
        <extensions>
          <ns3:TrackPointExtension>
            <ns3:atemp>27.0</ns3:atemp>
            <ns3:hr>169</ns3:hr>
            <ns3:cad>85</ns3:cad>
          </ns3:TrackPointExtension>
        </extensions>
      </trkpt>
      <trkpt lat="31.97966837324202060699462890625" lon="118.7690431438386440277099609375">
        <ele>29.799999237060546875</ele>
        <time>2024-10-14T12:07:02.000Z</time>
        <extensions>
          <ns3:TrackPointExtension>
            <ns3:atemp>27.0</ns3:atemp>
            <ns3:hr>170</ns3:hr>
            <ns3:cad>85</ns3:cad>
          </ns3:TrackPointExtension>
        </extensions>
      </trkpt>
      <trkpt lat="31.979691088199615478515625" lon="118.7690458260476589202880859375">
        <ele>29.799999237060546875</ele>
        <time>2024-10-14T12:07:03.000Z</time>
        <extensions>
          <ns3:TrackPointExtension>
            <ns3:atemp>27.0</ns3:atemp>
            <ns3:hr>171</ns3:hr>
            <ns3:cad>86</ns3:cad>
          </ns3:TrackPointExtension>
        </extensions>
      </trkpt>
      <trkpt lat="31.97971589863300323486328125" lon="118.76905026845633983612060546875">
        <ele>29.799999237060546875</ele>
        <time>2024-10-14T12:07:04.000Z</time>
        <extensions>
          <ns3:TrackPointExtension>
            <ns3:atemp>28.0</ns3:atemp>
            <ns3:hr>171</ns3:hr>
            <ns3:cad>87</ns3:cad>
          </ns3:TrackPointExtension>
        </extensions>
      </trkpt>
      <trkpt lat="31.979739032685756683349609375" lon="118.76905269920825958251953125">
        <ele>29.799999237060546875</ele>
        <time>2024-10-14T12:07:05.000Z</time>
        <extensions>
          <ns3:TrackPointExtension>
            <ns3:atemp>28.0</ns3:atemp>
            <ns3:hr>172</ns3:hr>
            <ns3:cad>87</ns3:cad>
          </ns3:TrackPointExtension>
        </extensions>
      </trkpt>
      <trkpt lat="31.9797630049288272857666015625" lon="118.76905412413179874420166015625">
        <ele>29.799999237060546875</ele>
        <time>2024-10-14T12:07:06.000Z</time>
        <extensions>
          <ns3:TrackPointExtension>
            <ns3:atemp>27.0</ns3:atemp>
            <ns3:hr>172</ns3:hr>
            <ns3:cad>87</ns3:cad>
          </ns3:TrackPointExtension>
        </extensions>
      </trkpt>
      <trkpt lat="31.97978991083800792694091796875" lon="118.7690558843314647674560546875">
        <ele>29.799999237060546875</ele>
        <time>2024-10-14T12:07:07.000Z</time>
        <extensions>
          <ns3:TrackPointExtension>
            <ns3:atemp>28.0</ns3:atemp>
            <ns3:hr>173</ns3:hr>
            <ns3:cad>87</ns3:cad>
          </ns3:TrackPointExtension>
        </extensions>
      </trkpt>
      <trkpt lat="31.97981907986104488372802734375" lon="118.7690587341785430908203125">
        <ele>29.6000003814697265625</ele>
        <time>2024-10-14T12:07:08.000Z</time>
        <extensions>
          <ns3:TrackPointExtension>
            <ns3:atemp>27.0</ns3:atemp>
            <ns3:hr>173</ns3:hr>
            <ns3:cad>87</ns3:cad>
          </ns3:TrackPointExtension>
        </extensions>
      </trkpt>
      <trkpt lat="31.97984606958925724029541015625" lon="118.76905797980725765228271484375">
        <ele>29.6000003814697265625</ele>
        <time>2024-10-14T12:07:09.000Z</time>
        <extensions>
          <ns3:TrackPointExtension>
            <ns3:atemp>27.0</ns3:atemp>
            <ns3:hr>173</ns3:hr>
            <ns3:cad>87</ns3:cad>
          </ns3:TrackPointExtension>
        </extensions>
      </trkpt>
      <trkpt lat="31.97986903600394725799560546875" lon="118.7690548785030841827392578125">
        <ele>29.6000003814697265625</ele>
        <time>2024-10-14T12:07:10.000Z</time>
        <extensions>
          <ns3:TrackPointExtension>
            <ns3:atemp>28.0</ns3:atemp>
            <ns3:hr>173</ns3:hr>
            <ns3:cad>87</ns3:cad>
          </ns3:TrackPointExtension>
        </extensions>
      </trkpt>
      <trkpt lat="31.97989501990377902984619140625" lon="118.76905060373246669769287109375">
        <ele>29.6000003814697265625</ele>
        <time>2024-10-14T12:07:11.000Z</time>
        <extensions>
          <ns3:TrackPointExtension>
            <ns3:atemp>27.0</ns3:atemp>
            <ns3:hr>173</ns3:hr>
            <ns3:cad>87</ns3:cad>
          </ns3:TrackPointExtension>
        </extensions>
      </trkpt>
      <trkpt lat="31.979916729032993316650390625" lon="118.7690451554954051971435546875">
        <ele>29.3999996185302734375</ele>
        <time>2024-10-14T12:07:12.000Z</time>
        <extensions>
          <ns3:TrackPointExtension>
            <ns3:atemp>27.0</ns3:atemp>
            <ns3:hr>173</ns3:hr>
            <ns3:cad>87</ns3:cad>
          </ns3:TrackPointExtension>
        </extensions>
      </trkpt>
      <trkpt lat="31.97994531132280826568603515625" lon="118.76904021017253398895263671875">
        <ele>29.3999996185302734375</ele>
        <time>2024-10-14T12:07:13.000Z</time>
        <extensions>
          <ns3:TrackPointExtension>
            <ns3:atemp>27.0</ns3:atemp>
            <ns3:hr>173</ns3:hr>
            <ns3:cad>87</ns3:cad>
          </ns3:TrackPointExtension>
        </extensions>
      </trkpt>
      <trkpt lat="31.9799712114036083221435546875" lon="118.76903316937386989593505859375">
        <ele>29.3999996185302734375</ele>
        <time>2024-10-14T12:07:14.000Z</time>
        <extensions>
          <ns3:TrackPointExtension>
            <ns3:atemp>27.0</ns3:atemp>
            <ns3:hr>173</ns3:hr>
            <ns3:cad>87</ns3:cad>
          </ns3:TrackPointExtension>
        </extensions>
      </trkpt>
      <trkpt lat="31.97999610565602779388427734375" lon="118.7690265476703643798828125">
        <ele>29.3999996185302734375</ele>
        <time>2024-10-14T12:07:15.000Z</time>
        <extensions>
          <ns3:TrackPointExtension>
            <ns3:atemp>27.0</ns3:atemp>
            <ns3:hr>174</ns3:hr>
            <ns3:cad>87</ns3:cad>
          </ns3:TrackPointExtension>
        </extensions>
      </trkpt>
      <trkpt lat="31.9800223410129547119140625" lon="118.7690185010433197021484375">
        <ele>29.200000762939453125</ele>
        <time>2024-10-14T12:07:16.000Z</time>
        <extensions>
          <ns3:TrackPointExtension>
            <ns3:atemp>27.0</ns3:atemp>
            <ns3:hr>174</ns3:hr>
            <ns3:cad>87</ns3:cad>
          </ns3:TrackPointExtension>
        </extensions>
      </trkpt>
      <trkpt lat="31.9800496660172939300537109375" lon="118.769011795520782470703125">
        <ele>29.200000762939453125</ele>
        <time>2024-10-14T12:07:17.000Z</time>
        <extensions>
          <ns3:TrackPointExtension>
            <ns3:atemp>27.0</ns3:atemp>
            <ns3:hr>174</ns3:hr>
            <ns3:cad>88</ns3:cad>
          </ns3:TrackPointExtension>
        </extensions>
      </trkpt>
      <trkpt lat="31.980073638260364532470703125" lon="118.76900500617921352386474609375">
        <ele>29.200000762939453125</ele>
        <time>2024-10-14T12:07:18.000Z</time>
        <extensions>
          <ns3:TrackPointExtension>
            <ns3:atemp>28.0</ns3:atemp>
            <ns3:hr>174</ns3:hr>
            <ns3:cad>88</ns3:cad>
          </ns3:TrackPointExtension>
        </extensions>
      </trkpt>
      <trkpt lat="31.98009350337088108062744140625" lon="118.76900014467537403106689453125">
        <ele>29.200000762939453125</ele>
        <time>2024-10-14T12:07:19.000Z</time>
        <extensions>
          <ns3:TrackPointExtension>
            <ns3:atemp>28.0</ns3:atemp>
            <ns3:hr>174</ns3:hr>
            <ns3:cad>87</ns3:cad>
          </ns3:TrackPointExtension>
        </extensions>
      </trkpt>
      <trkpt lat="31.980117224156856536865234375" lon="118.768997378647327423095703125">
        <ele>29.200000762939453125</ele>
        <time>2024-10-14T12:07:20.000Z</time>
        <extensions>
          <ns3:TrackPointExtension>
            <ns3:atemp>27.0</ns3:atemp>
            <ns3:hr>174</ns3:hr>
            <ns3:cad>87</ns3:cad>
          </ns3:TrackPointExtension>
        </extensions>
      </trkpt>
      <trkpt lat="31.98013641871511936187744140625" lon="118.768995702266693115234375">
        <ele>29</ele>
        <time>2024-10-14T12:07:21.000Z</time>
        <extensions>
          <ns3:TrackPointExtension>
            <ns3:atemp>27.0</ns3:atemp>
            <ns3:hr>174</ns3:hr>
            <ns3:cad>87</ns3:cad>
          </ns3:TrackPointExtension>
        </extensions>
      </trkpt>
      <trkpt lat="31.98015636764466762542724609375" lon="118.7689951993525028228759765625">
        <ele>29</ele>
        <time>2024-10-14T12:07:22.000Z</time>
        <extensions>
          <ns3:TrackPointExtension>
            <ns3:atemp>27.0</ns3:atemp>
            <ns3:hr>174</ns3:hr>
            <ns3:cad>86</ns3:cad>
          </ns3:TrackPointExtension>
        </extensions>
      </trkpt>
      <trkpt lat="31.980179585516452789306640625" lon="118.768996037542819976806640625">
        <ele>28.799999237060546875</ele>
        <time>2024-10-14T12:07:23.000Z</time>
        <extensions>
          <ns3:TrackPointExtension>
            <ns3:atemp>27.0</ns3:atemp>
            <ns3:hr>174</ns3:hr>
            <ns3:cad>86</ns3:cad>
          </ns3:TrackPointExtension>
        </extensions>
      </trkpt>
      <trkpt lat="31.9802062399685382843017578125" lon="118.7689972110092639923095703125">
        <ele>28.6000003814697265625</ele>
        <time>2024-10-14T12:07:24.000Z</time>
        <extensions>
          <ns3:TrackPointExtension>
            <ns3:atemp>27.0</ns3:atemp>
            <ns3:hr>174</ns3:hr>
            <ns3:cad>86</ns3:cad>
          </ns3:TrackPointExtension>
        </extensions>
      </trkpt>
      <trkpt lat="31.980234570801258087158203125" lon="118.7690005637705326080322265625">
        <ele>28.6000003814697265625</ele>
        <time>2024-10-14T12:07:25.000Z</time>
        <extensions>
          <ns3:TrackPointExtension>
            <ns3:atemp>27.0</ns3:atemp>
            <ns3:hr>174</ns3:hr>
            <ns3:cad>86</ns3:cad>
          </ns3:TrackPointExtension>
        </extensions>
      </trkpt>
      <trkpt lat="31.98026566766202449798583984375" lon="118.76900668255984783172607421875">
        <ele>28.3999996185302734375</ele>
        <time>2024-10-14T12:07:26.000Z</time>
        <extensions>
          <ns3:TrackPointExtension>
            <ns3:atemp>27.0</ns3:atemp>
            <ns3:hr>174</ns3:hr>
            <ns3:cad>86</ns3:cad>
          </ns3:TrackPointExtension>
        </extensions>
      </trkpt>
      <trkpt lat="31.98031059466302394866943359375" lon="118.76901640556752681732177734375">
        <ele>28.3999996185302734375</ele>
        <time>2024-10-14T12:07:27.000Z</time>
        <extensions>
          <ns3:TrackPointExtension>
            <ns3:atemp>27.0</ns3:atemp>
            <ns3:hr>174</ns3:hr>
            <ns3:cad>86</ns3:cad>
          </ns3:TrackPointExtension>
        </extensions>
      </trkpt>
      <trkpt lat="31.98033674620091915130615234375" lon="118.7690236978232860565185546875">
        <ele>28</ele>
        <time>2024-10-14T12:07:28.000Z</time>
        <extensions>
          <ns3:TrackPointExtension>
            <ns3:atemp>27.0</ns3:atemp>
            <ns3:hr>174</ns3:hr>
            <ns3:cad>86</ns3:cad>
          </ns3:TrackPointExtension>
        </extensions>
      </trkpt>
      <trkpt lat="31.9803641550242900848388671875" lon="118.76903266645967960357666015625">
        <ele>27.799999237060546875</ele>
        <time>2024-10-14T12:07:29.000Z</time>
        <extensions>
          <ns3:TrackPointExtension>
            <ns3:atemp>28.0</ns3:atemp>
            <ns3:hr>174</ns3:hr>
            <ns3:cad>87</ns3:cad>
          </ns3:TrackPointExtension>
        </extensions>
      </trkpt>
      <trkpt lat="31.98038586415350437164306640625" lon="118.769040293991565704345703125">
        <ele>27.6000003814697265625</ele>
        <time>2024-10-14T12:07:30.000Z</time>
        <extensions>
          <ns3:TrackPointExtension>
            <ns3:atemp>27.0</ns3:atemp>
            <ns3:hr>174</ns3:hr>
            <ns3:cad>87</ns3:cad>
          </ns3:TrackPointExtension>
        </extensions>
      </trkpt>
      <trkpt lat="31.98041059076786041259765625" lon="118.7690501846373081207275390625">
        <ele>27.3999996185302734375</ele>
        <time>2024-10-14T12:07:31.000Z</time>
        <extensions>
          <ns3:TrackPointExtension>
            <ns3:atemp>27.0</ns3:atemp>
            <ns3:hr>174</ns3:hr>
            <ns3:cad>87</ns3:cad>
          </ns3:TrackPointExtension>
        </extensions>
      </trkpt>
      <trkpt lat="31.9804327189922332763671875" lon="118.7690599076449871063232421875">
        <ele>27.3999996185302734375</ele>
        <time>2024-10-14T12:07:32.000Z</time>
        <extensions>
          <ns3:TrackPointExtension>
            <ns3:atemp>27.0</ns3:atemp>
            <ns3:hr>174</ns3:hr>
            <ns3:cad>87</ns3:cad>
          </ns3:TrackPointExtension>
        </extensions>
      </trkpt>
      <trkpt lat="31.98045618832111358642578125" lon="118.76907038502395153045654296875">
        <ele>27.3999996185302734375</ele>
        <time>2024-10-14T12:07:33.000Z</time>
        <extensions>
          <ns3:TrackPointExtension>
            <ns3:atemp>27.0</ns3:atemp>
            <ns3:hr>174</ns3:hr>
            <ns3:cad>87</ns3:cad>
          </ns3:TrackPointExtension>
        </extensions>
      </trkpt>
      <trkpt lat="31.9804727844893932342529296875" lon="118.769075162708759307861328125">
        <ele>27.200000762939453125</ele>
        <time>2024-10-14T12:07:34.000Z</time>
        <extensions>
          <ns3:TrackPointExtension>
            <ns3:atemp>27.0</ns3:atemp>
            <ns3:hr>174</ns3:hr>
            <ns3:cad>87</ns3:cad>
          </ns3:TrackPointExtension>
        </extensions>
      </trkpt>
      <trkpt lat="31.98049415834248065948486328125" lon="118.769080527126789093017578125">
        <ele>27.200000762939453125</ele>
        <time>2024-10-14T12:07:35.000Z</time>
        <extensions>
          <ns3:TrackPointExtension>
            <ns3:atemp>27.0</ns3:atemp>
            <ns3:hr>174</ns3:hr>
            <ns3:cad>87</ns3:cad>
          </ns3:TrackPointExtension>
        </extensions>
      </trkpt>
      <trkpt lat="31.98051477782428264617919921875" lon="118.76908597536385059356689453125">
        <ele>27.200000762939453125</ele>
        <time>2024-10-14T12:07:36.000Z</time>
        <extensions>
          <ns3:TrackPointExtension>
            <ns3:atemp>27.0</ns3:atemp>
            <ns3:hr>174</ns3:hr>
            <ns3:cad>87</ns3:cad>
          </ns3:TrackPointExtension>
        </extensions>
      </trkpt>
      <trkpt lat="31.980535984039306640625" lon="118.7690887413918972015380859375">
        <ele>27</ele>
        <time>2024-10-14T12:07:37.000Z</time>
        <extensions>
          <ns3:TrackPointExtension>
            <ns3:atemp>27.0</ns3:atemp>
            <ns3:hr>174</ns3:hr>
            <ns3:cad>87</ns3:cad>
          </ns3:TrackPointExtension>
        </extensions>
      </trkpt>
      <trkpt lat="31.98056347668170928955078125" lon="118.7690877355635166168212890625">
        <ele>27</ele>
        <time>2024-10-14T12:07:38.000Z</time>
        <extensions>
          <ns3:TrackPointExtension>
            <ns3:atemp>27.0</ns3:atemp>
            <ns3:hr>174</ns3:hr>
            <ns3:cad>87</ns3:cad>
          </ns3:TrackPointExtension>
        </extensions>
      </trkpt>
      <trkpt lat="31.98058820329606533050537109375" lon="118.7690847180783748626708984375">
        <ele>27</ele>
        <time>2024-10-14T12:07:39.000Z</time>
        <extensions>
          <ns3:TrackPointExtension>
            <ns3:atemp>27.0</ns3:atemp>
            <ns3:hr>174</ns3:hr>
            <ns3:cad>87</ns3:cad>
          </ns3:TrackPointExtension>
        </extensions>
      </trkpt>
      <trkpt lat="31.980618126690387725830078125" lon="118.76908178441226482391357421875">
        <ele>27</ele>
        <time>2024-10-14T12:07:40.000Z</time>
        <extensions>
          <ns3:TrackPointExtension>
            <ns3:atemp>27.0</ns3:atemp>
            <ns3:hr>175</ns3:hr>
            <ns3:cad>87</ns3:cad>
          </ns3:TrackPointExtension>
        </extensions>
      </trkpt>
      <trkpt lat="31.980645619332790374755859375" lon="118.76907994039356708526611328125">
        <ele>27</ele>
        <time>2024-10-14T12:07:41.000Z</time>
        <extensions>
          <ns3:TrackPointExtension>
            <ns3:atemp>27.0</ns3:atemp>
            <ns3:hr>175</ns3:hr>
            <ns3:cad>87</ns3:cad>
          </ns3:TrackPointExtension>
        </extensions>
      </trkpt>
      <trkpt lat="31.98067286051809787750244140625" lon="118.76907683908939361572265625">
        <ele>27</ele>
        <time>2024-10-14T12:07:42.000Z</time>
        <extensions>
          <ns3:TrackPointExtension>
            <ns3:atemp>27.0</ns3:atemp>
            <ns3:hr>175</ns3:hr>
            <ns3:cad>87</ns3:cad>
          </ns3:TrackPointExtension>
        </extensions>
      </trkpt>
      <trkpt lat="31.98069632984697818756103515625" lon="118.76907541416585445404052734375">
        <ele>27</ele>
        <time>2024-10-14T12:07:43.000Z</time>
        <extensions>
          <ns3:TrackPointExtension>
            <ns3:atemp>27.0</ns3:atemp>
            <ns3:hr>175</ns3:hr>
            <ns3:cad>87</ns3:cad>
          </ns3:TrackPointExtension>
        </extensions>
      </trkpt>
      <trkpt lat="31.98072382248938083648681640625" lon="118.76907256431877613067626953125">
        <ele>27</ele>
        <time>2024-10-14T12:07:44.000Z</time>
        <extensions>
          <ns3:TrackPointExtension>
            <ns3:atemp>27.0</ns3:atemp>
            <ns3:hr>175</ns3:hr>
            <ns3:cad>87</ns3:cad>
          </ns3:TrackPointExtension>
        </extensions>
      </trkpt>
      <trkpt lat="31.98074829764664173126220703125" lon="118.76906879246234893798828125">
        <ele>27</ele>
        <time>2024-10-14T12:07:45.000Z</time>
        <extensions>
          <ns3:TrackPointExtension>
            <ns3:atemp>27.0</ns3:atemp>
            <ns3:hr>175</ns3:hr>
            <ns3:cad>88</ns3:cad>
          </ns3:TrackPointExtension>
        </extensions>
      </trkpt>
      <trkpt lat="31.98076925240457057952880859375" lon="118.7690652720630168914794921875">
        <ele>26.799999237060546875</ele>
        <time>2024-10-14T12:07:46.000Z</time>
        <extensions>
          <ns3:TrackPointExtension>
            <ns3:atemp>27.0</ns3:atemp>
            <ns3:hr>175</ns3:hr>
            <ns3:cad>88</ns3:cad>
          </ns3:TrackPointExtension>
        </extensions>
      </trkpt>
      <trkpt lat="31.980793476104736328125" lon="118.76906418241560459136962890625">
        <ele>26.799999237060546875</ele>
        <time>2024-10-14T12:07:47.000Z</time>
        <extensions>
          <ns3:TrackPointExtension>
            <ns3:atemp>27.0</ns3:atemp>
            <ns3:hr>175</ns3:hr>
            <ns3:cad>87</ns3:cad>
          </ns3:TrackPointExtension>
        </extensions>
      </trkpt>
      <trkpt lat="31.98081434704363346099853515625" lon="118.7690615840256214141845703125">
        <ele>26.799999237060546875</ele>
        <time>2024-10-14T12:07:48.000Z</time>
        <extensions>
          <ns3:TrackPointExtension>
            <ns3:atemp>28.0</ns3:atemp>
            <ns3:hr>175</ns3:hr>
            <ns3:cad>87</ns3:cad>
          </ns3:TrackPointExtension>
        </extensions>
      </trkpt>
      <trkpt lat="31.9808385707437992095947265625" lon="118.7690602429211139678955078125">
        <ele>26.799999237060546875</ele>
        <time>2024-10-14T12:07:49.000Z</time>
        <extensions>
          <ns3:TrackPointExtension>
            <ns3:atemp>27.0</ns3:atemp>
            <ns3:hr>175</ns3:hr>
            <ns3:cad>87</ns3:cad>
          </ns3:TrackPointExtension>
        </extensions>
      </trkpt>
      <trkpt lat="31.9808606989681720733642578125" lon="118.7690582312643527984619140625">
        <ele>26.799999237060546875</ele>
        <time>2024-10-14T12:07:50.000Z</time>
        <extensions>
          <ns3:TrackPointExtension>
            <ns3:atemp>27.0</ns3:atemp>
            <ns3:hr>175</ns3:hr>
            <ns3:cad>87</ns3:cad>
          </ns3:TrackPointExtension>
        </extensions>
      </trkpt>
      <trkpt lat="31.98088307864964008331298828125" lon="118.76905378885567188262939453125">
        <ele>26.799999237060546875</ele>
        <time>2024-10-14T12:07:51.000Z</time>
        <extensions>
          <ns3:TrackPointExtension>
            <ns3:atemp>27.0</ns3:atemp>
            <ns3:hr>175</ns3:hr>
            <ns3:cad>88</ns3:cad>
          </ns3:TrackPointExtension>
        </extensions>
      </trkpt>
      <trkpt lat="31.98090436868369579315185546875" lon="118.7690518610179424285888671875">
        <ele>26.799999237060546875</ele>
        <time>2024-10-14T12:07:52.000Z</time>
        <extensions>
          <ns3:TrackPointExtension>
            <ns3:atemp>27.0</ns3:atemp>
            <ns3:hr>175</ns3:hr>
            <ns3:cad>88</ns3:cad>
          </ns3:TrackPointExtension>
        </extensions>
      </trkpt>
      <trkpt lat="31.98093169368803501129150390625" lon="118.7690498493611812591552734375">
        <ele>26.799999237060546875</ele>
        <time>2024-10-14T12:07:53.000Z</time>
        <extensions>
          <ns3:TrackPointExtension>
            <ns3:atemp>27.0</ns3:atemp>
            <ns3:hr>175</ns3:hr>
            <ns3:cad>88</ns3:cad>
          </ns3:TrackPointExtension>
        </extensions>
      </trkpt>
      <trkpt lat="31.98095734231173992156982421875" lon="118.7690481729805469512939453125">
        <ele>26.799999237060546875</ele>
        <time>2024-10-14T12:07:54.000Z</time>
        <extensions>
          <ns3:TrackPointExtension>
            <ns3:atemp>27.0</ns3:atemp>
            <ns3:hr>175</ns3:hr>
            <ns3:cad>87</ns3:cad>
          </ns3:TrackPointExtension>
        </extensions>
      </trkpt>
      <trkpt lat="31.98098667897284030914306640625" lon="118.76904490403831005096435546875">
        <ele>26.799999237060546875</ele>
        <time>2024-10-14T12:07:55.000Z</time>
        <extensions>
          <ns3:TrackPointExtension>
            <ns3:atemp>27.0</ns3:atemp>
            <ns3:hr>175</ns3:hr>
            <ns3:cad>87</ns3:cad>
          </ns3:TrackPointExtension>
        </extensions>
      </trkpt>
      <trkpt lat="31.9810122437775135040283203125" lon="118.7690428085625171661376953125">
        <ele>26.799999237060546875</ele>
        <time>2024-10-14T12:07:56.000Z</time>
        <extensions>
          <ns3:TrackPointExtension>
            <ns3:atemp>27.0</ns3:atemp>
            <ns3:hr>175</ns3:hr>
            <ns3:cad>88</ns3:cad>
          </ns3:TrackPointExtension>
        </extensions>
      </trkpt>
      <trkpt lat="31.98103881441056728363037109375" lon="118.76903870142996311187744140625">
        <ele>26.799999237060546875</ele>
        <time>2024-10-14T12:07:57.000Z</time>
        <extensions>
          <ns3:TrackPointExtension>
            <ns3:atemp>27.0</ns3:atemp>
            <ns3:hr>175</ns3:hr>
            <ns3:cad>87</ns3:cad>
          </ns3:TrackPointExtension>
        </extensions>
      </trkpt>
      <trkpt lat="31.98106530122458934783935546875" lon="118.7690372765064239501953125">
        <ele>26.799999237060546875</ele>
        <time>2024-10-14T12:07:58.000Z</time>
        <extensions>
          <ns3:TrackPointExtension>
            <ns3:atemp>27.0</ns3:atemp>
            <ns3:hr>175</ns3:hr>
            <ns3:cad>87</ns3:cad>
          </ns3:TrackPointExtension>
        </extensions>
      </trkpt>
      <trkpt lat="31.98108977638185024261474609375" lon="118.76903534866869449615478515625">
        <ele>26.799999237060546875</ele>
        <time>2024-10-14T12:07:59.000Z</time>
        <extensions>
          <ns3:TrackPointExtension>
            <ns3:atemp>27.0</ns3:atemp>
            <ns3:hr>175</ns3:hr>
            <ns3:cad>87</ns3:cad>
          </ns3:TrackPointExtension>
        </extensions>
      </trkpt>
      <trkpt lat="31.98111643083393573760986328125" lon="118.76903803087770938873291015625">
        <ele>26.799999237060546875</ele>
        <time>2024-10-14T12:08:00.000Z</time>
        <extensions>
          <ns3:TrackPointExtension>
            <ns3:atemp>27.0</ns3:atemp>
            <ns3:hr>175</ns3:hr>
            <ns3:cad>87</ns3:cad>
          </ns3:TrackPointExtension>
        </extensions>
      </trkpt>
      <trkpt lat="31.98113721795380115509033203125" lon="118.76903903670608997344970703125">
        <ele>26.799999237060546875</ele>
        <time>2024-10-14T12:08:01.000Z</time>
        <extensions>
          <ns3:TrackPointExtension>
            <ns3:atemp>27.0</ns3:atemp>
            <ns3:hr>175</ns3:hr>
            <ns3:cad>88</ns3:cad>
          </ns3:TrackPointExtension>
        </extensions>
      </trkpt>
      <trkpt lat="31.98115884326398372650146484375" lon="118.76903920434415340423583984375">
        <ele>26.799999237060546875</ele>
        <time>2024-10-14T12:08:02.000Z</time>
        <extensions>
          <ns3:TrackPointExtension>
            <ns3:atemp>27.0</ns3:atemp>
            <ns3:hr>175</ns3:hr>
            <ns3:cad>88</ns3:cad>
          </ns3:TrackPointExtension>
        </extensions>
      </trkpt>
      <trkpt lat="31.98117845691740512847900390625" lon="118.7690394558012485504150390625">
        <ele>27</ele>
        <time>2024-10-14T12:08:03.000Z</time>
        <extensions>
          <ns3:TrackPointExtension>
            <ns3:atemp>27.0</ns3:atemp>
            <ns3:hr>175</ns3:hr>
            <ns3:cad>87</ns3:cad>
          </ns3:TrackPointExtension>
        </extensions>
      </trkpt>
      <trkpt lat="31.98120209388434886932373046875" lon="118.7690414674580097198486328125">
        <ele>27</ele>
        <time>2024-10-14T12:08:04.000Z</time>
        <extensions>
          <ns3:TrackPointExtension>
            <ns3:atemp>27.0</ns3:atemp>
            <ns3:hr>175</ns3:hr>
            <ns3:cad>87</ns3:cad>
          </ns3:TrackPointExtension>
        </extensions>
      </trkpt>
      <trkpt lat="31.98122086934745311737060546875" lon="118.76904289238154888153076171875">
        <ele>27</ele>
        <time>2024-10-14T12:08:05.000Z</time>
        <extensions>
          <ns3:TrackPointExtension>
            <ns3:atemp>27.0</ns3:atemp>
            <ns3:hr>175</ns3:hr>
            <ns3:cad>87</ns3:cad>
          </ns3:TrackPointExtension>
        </extensions>
      </trkpt>
      <trkpt lat="31.98124333284795284271240234375" lon="118.76904272474348545074462890625">
        <ele>27</ele>
        <time>2024-10-14T12:08:06.000Z</time>
        <extensions>
          <ns3:TrackPointExtension>
            <ns3:atemp>27.0</ns3:atemp>
            <ns3:hr>175</ns3:hr>
            <ns3:cad>87</ns3:cad>
          </ns3:TrackPointExtension>
        </extensions>
      </trkpt>
      <trkpt lat="31.98126026429235935211181640625" lon="118.769043982028961181640625">
        <ele>27</ele>
        <time>2024-10-14T12:08:07.000Z</time>
        <extensions>
          <ns3:TrackPointExtension>
            <ns3:atemp>27.0</ns3:atemp>
            <ns3:hr>175</ns3:hr>
            <ns3:cad>87</ns3:cad>
          </ns3:TrackPointExtension>
        </extensions>
      </trkpt>
      <trkpt lat="31.98128524236381053924560546875" lon="118.7690401263535022735595703125">
        <ele>27</ele>
        <time>2024-10-14T12:08:08.000Z</time>
        <extensions>
          <ns3:TrackPointExtension>
            <ns3:atemp>27.0</ns3:atemp>
            <ns3:hr>175</ns3:hr>
            <ns3:cad>87</ns3:cad>
          </ns3:TrackPointExtension>
        </extensions>
      </trkpt>
      <trkpt lat="31.981314159929752349853515625" lon="118.76903618685901165008544921875">
        <ele>27</ele>
        <time>2024-10-14T12:08:09.000Z</time>
        <extensions>
          <ns3:TrackPointExtension>
            <ns3:atemp>27.0</ns3:atemp>
            <ns3:hr>175</ns3:hr>
            <ns3:cad>87</ns3:cad>
          </ns3:TrackPointExtension>
        </extensions>
      </trkpt>
      <trkpt lat="31.98134140111505985260009765625" lon="118.7690330855548381805419921875">
        <ele>27</ele>
        <time>2024-10-14T12:08:10.000Z</time>
        <extensions>
          <ns3:TrackPointExtension>
            <ns3:atemp>27.0</ns3:atemp>
            <ns3:hr>175</ns3:hr>
            <ns3:cad>87</ns3:cad>
          </ns3:TrackPointExtension>
        </extensions>
      </trkpt>
      <trkpt lat="31.98137174360454082489013671875" lon="118.76903065480291843414306640625">
        <ele>27</ele>
        <time>2024-10-14T12:08:11.000Z</time>
        <extensions>
          <ns3:TrackPointExtension>
            <ns3:atemp>27.0</ns3:atemp>
            <ns3:hr>175</ns3:hr>
            <ns3:cad>87</ns3:cad>
          </ns3:TrackPointExtension>
        </extensions>
      </trkpt>
      <trkpt lat="31.98139839805662631988525390625" lon="118.7690324150025844573974609375">
        <ele>27</ele>
        <time>2024-10-14T12:08:12.000Z</time>
        <extensions>
          <ns3:TrackPointExtension>
            <ns3:atemp>27.0</ns3:atemp>
            <ns3:hr>175</ns3:hr>
            <ns3:cad>87</ns3:cad>
          </ns3:TrackPointExtension>
        </extensions>
      </trkpt>
      <trkpt lat="31.98142446577548980712890625" lon="118.76903132535517215728759765625">
        <ele>27</ele>
        <time>2024-10-14T12:08:13.000Z</time>
        <extensions>
          <ns3:TrackPointExtension>
            <ns3:atemp>27.0</ns3:atemp>
            <ns3:hr>175</ns3:hr>
            <ns3:cad>87</ns3:cad>
          </ns3:TrackPointExtension>
        </extensions>
      </trkpt>
      <trkpt lat="31.98144726455211639404296875" lon="118.769028224050998687744140625">
        <ele>27</ele>
        <time>2024-10-14T12:08:14.000Z</time>
        <extensions>
          <ns3:TrackPointExtension>
            <ns3:atemp>27.0</ns3:atemp>
            <ns3:hr>175</ns3:hr>
            <ns3:cad>87</ns3:cad>
          </ns3:TrackPointExtension>
        </extensions>
      </trkpt>
      <trkpt lat="31.98147668503224849700927734375" lon="118.76902746967971324920654296875">
        <ele>27</ele>
        <time>2024-10-14T12:08:15.000Z</time>
        <extensions>
          <ns3:TrackPointExtension>
            <ns3:atemp>27.0</ns3:atemp>
            <ns3:hr>175</ns3:hr>
            <ns3:cad>87</ns3:cad>
          </ns3:TrackPointExtension>
        </extensions>
      </trkpt>
      <trkpt lat="31.98149898089468479156494140625" lon="118.76902864314615726470947265625">
        <ele>27</ele>
        <time>2024-10-14T12:08:16.000Z</time>
        <extensions>
          <ns3:TrackPointExtension>
            <ns3:atemp>27.0</ns3:atemp>
            <ns3:hr>175</ns3:hr>
            <ns3:cad>87</ns3:cad>
          </ns3:TrackPointExtension>
        </extensions>
      </trkpt>
      <trkpt lat="31.98152613826096057891845703125" lon="118.76903216354548931121826171875">
        <ele>26.799999237060546875</ele>
        <time>2024-10-14T12:08:17.000Z</time>
        <extensions>
          <ns3:TrackPointExtension>
            <ns3:atemp>27.0</ns3:atemp>
            <ns3:hr>175</ns3:hr>
            <ns3:cad>87</ns3:cad>
          </ns3:TrackPointExtension>
        </extensions>
      </trkpt>
      <trkpt lat="31.98155078105628490447998046875" lon="118.7690345942974090576171875">
        <ele>26.799999237060546875</ele>
        <time>2024-10-14T12:08:18.000Z</time>
        <extensions>
          <ns3:TrackPointExtension>
            <ns3:atemp>27.0</ns3:atemp>
            <ns3:hr>175</ns3:hr>
            <ns3:cad>87</ns3:cad>
          </ns3:TrackPointExtension>
        </extensions>
      </trkpt>
      <trkpt lat="31.98157869279384613037109375" lon="118.7690337561070919036865234375">
        <ele>26.799999237060546875</ele>
        <time>2024-10-14T12:08:19.000Z</time>
        <extensions>
          <ns3:TrackPointExtension>
            <ns3:atemp>27.0</ns3:atemp>
            <ns3:hr>175</ns3:hr>
            <ns3:cad>88</ns3:cad>
          </ns3:TrackPointExtension>
        </extensions>
      </trkpt>
      <trkpt lat="31.9816048443317413330078125" lon="118.769030235707759857177734375">
        <ele>26.799999237060546875</ele>
        <time>2024-10-14T12:08:20.000Z</time>
        <extensions>
          <ns3:TrackPointExtension>
            <ns3:atemp>27.0</ns3:atemp>
            <ns3:hr>175</ns3:hr>
            <ns3:cad>88</ns3:cad>
          </ns3:TrackPointExtension>
        </extensions>
      </trkpt>
      <trkpt lat="31.98163233697414398193359375" lon="118.7690250389277935028076171875">
        <ele>26.799999237060546875</ele>
        <time>2024-10-14T12:08:21.000Z</time>
        <extensions>
          <ns3:TrackPointExtension>
            <ns3:atemp>27.0</ns3:atemp>
            <ns3:hr>175</ns3:hr>
            <ns3:cad>88</ns3:cad>
          </ns3:TrackPointExtension>
        </extensions>
      </trkpt>
      <trkpt lat="31.98165538720786571502685546875" lon="118.76902143470942974090576171875">
        <ele>26.799999237060546875</ele>
        <time>2024-10-14T12:08:22.000Z</time>
        <extensions>
          <ns3:TrackPointExtension>
            <ns3:atemp>27.0</ns3:atemp>
            <ns3:hr>175</ns3:hr>
            <ns3:cad>87</ns3:cad>
          </ns3:TrackPointExtension>
        </extensions>
      </trkpt>
      <trkpt lat="31.98168170638382434844970703125" lon="118.76901875250041484832763671875">
        <ele>26.799999237060546875</ele>
        <time>2024-10-14T12:08:23.000Z</time>
        <extensions>
          <ns3:TrackPointExtension>
            <ns3:atemp>27.0</ns3:atemp>
            <ns3:hr>175</ns3:hr>
            <ns3:cad>87</ns3:cad>
          </ns3:TrackPointExtension>
        </extensions>
      </trkpt>
      <trkpt lat="31.98171255178749561309814453125" lon="118.76901221461594104766845703125">
        <ele>26.799999237060546875</ele>
        <time>2024-10-14T12:08:24.000Z</time>
        <extensions>
          <ns3:TrackPointExtension>
            <ns3:atemp>27.0</ns3:atemp>
            <ns3:hr>175</ns3:hr>
            <ns3:cad>87</ns3:cad>
          </ns3:TrackPointExtension>
        </extensions>
      </trkpt>
      <trkpt lat="31.9817364402115345001220703125" lon="118.768999390304088592529296875">
        <ele>26.799999237060546875</ele>
        <time>2024-10-14T12:08:25.000Z</time>
        <extensions>
          <ns3:TrackPointExtension>
            <ns3:atemp>27.0</ns3:atemp>
            <ns3:hr>175</ns3:hr>
            <ns3:cad>87</ns3:cad>
          </ns3:TrackPointExtension>
        </extensions>
      </trkpt>
      <trkpt lat="31.98176636360585689544677734375" lon="118.76899461261928081512451171875">
        <ele>26.799999237060546875</ele>
        <time>2024-10-14T12:08:26.000Z</time>
        <extensions>
          <ns3:TrackPointExtension>
            <ns3:atemp>27.0</ns3:atemp>
            <ns3:hr>175</ns3:hr>
            <ns3:cad>87</ns3:cad>
          </ns3:TrackPointExtension>
        </extensions>
      </trkpt>
      <trkpt lat="31.98179268278181552886962890625" lon="118.76898623071610927581787109375">
        <ele>26.799999237060546875</ele>
        <time>2024-10-14T12:08:27.000Z</time>
        <extensions>
          <ns3:TrackPointExtension>
            <ns3:atemp>27.0</ns3:atemp>
            <ns3:hr>174</ns3:hr>
            <ns3:cad>87</ns3:cad>
          </ns3:TrackPointExtension>
        </extensions>
      </trkpt>
      <trkpt lat="31.981819756329059600830078125" lon="118.76898455433547496795654296875">
        <ele>26.799999237060546875</ele>
        <time>2024-10-14T12:08:28.000Z</time>
        <extensions>
          <ns3:TrackPointExtension>
            <ns3:atemp>27.0</ns3:atemp>
            <ns3:hr>174</ns3:hr>
            <ns3:cad>87</ns3:cad>
          </ns3:TrackPointExtension>
        </extensions>
      </trkpt>
      <trkpt lat="31.9818440638482570648193359375" lon="118.76898455433547496795654296875">
        <ele>26.799999237060546875</ele>
        <time>2024-10-14T12:08:29.000Z</time>
        <extensions>
          <ns3:TrackPointExtension>
            <ns3:atemp>27.0</ns3:atemp>
            <ns3:hr>174</ns3:hr>
            <ns3:cad>87</ns3:cad>
          </ns3:TrackPointExtension>
        </extensions>
      </trkpt>
      <trkpt lat="31.98186644352972507476806640625" lon="118.768983297049999237060546875">
        <ele>26.799999237060546875</ele>
        <time>2024-10-14T12:08:30.000Z</time>
        <extensions>
          <ns3:TrackPointExtension>
            <ns3:atemp>27.0</ns3:atemp>
            <ns3:hr>174</ns3:hr>
            <ns3:cad>87</ns3:cad>
          </ns3:TrackPointExtension>
        </extensions>
      </trkpt>
      <trkpt lat="31.9818896614015102386474609375" lon="118.7689831294119358062744140625">
        <ele>26.6000003814697265625</ele>
        <time>2024-10-14T12:08:31.000Z</time>
        <extensions>
          <ns3:TrackPointExtension>
            <ns3:atemp>27.0</ns3:atemp>
            <ns3:hr>174</ns3:hr>
            <ns3:cad>87</ns3:cad>
          </ns3:TrackPointExtension>
        </extensions>
      </trkpt>
      <trkpt lat="31.98191396892070770263671875" lon="118.76898388378322124481201171875">
        <ele>26.6000003814697265625</ele>
        <time>2024-10-14T12:08:32.000Z</time>
        <extensions>
          <ns3:TrackPointExtension>
            <ns3:atemp>27.0</ns3:atemp>
            <ns3:hr>174</ns3:hr>
            <ns3:cad>87</ns3:cad>
          </ns3:TrackPointExtension>
        </extensions>
      </trkpt>
      <trkpt lat="31.98193986900150775909423828125" lon="118.76898153685033321380615234375">
        <ele>26.6000003814697265625</ele>
        <time>2024-10-14T12:08:33.000Z</time>
        <extensions>
          <ns3:TrackPointExtension>
            <ns3:atemp>27.0</ns3:atemp>
            <ns3:hr>174</ns3:hr>
            <ns3:cad>88</ns3:cad>
          </ns3:TrackPointExtension>
        </extensions>
      </trkpt>
      <trkpt lat="31.9819650985300540924072265625" lon="118.76898162066936492919921875">
        <ele>26.6000003814697265625</ele>
        <time>2024-10-14T12:08:34.000Z</time>
        <extensions>
          <ns3:TrackPointExtension>
            <ns3:atemp>27.0</ns3:atemp>
            <ns3:hr>175</ns3:hr>
            <ns3:cad>88</ns3:cad>
          </ns3:TrackPointExtension>
        </extensions>
      </trkpt>
      <trkpt lat="31.98199016042053699493408203125" lon="118.76898136921226978302001953125">
        <ele>26.6000003814697265625</ele>
        <time>2024-10-14T12:08:35.000Z</time>
        <extensions>
          <ns3:TrackPointExtension>
            <ns3:atemp>27.0</ns3:atemp>
            <ns3:hr>175</ns3:hr>
            <ns3:cad>87</ns3:cad>
          </ns3:TrackPointExtension>
        </extensions>
      </trkpt>
      <trkpt lat="31.9820137135684490203857421875" lon="118.76898103393614292144775390625">
        <ele>26.3999996185302734375</ele>
        <time>2024-10-14T12:08:36.000Z</time>
        <extensions>
          <ns3:TrackPointExtension>
            <ns3:atemp>27.0</ns3:atemp>
            <ns3:hr>175</ns3:hr>
            <ns3:cad>87</ns3:cad>
          </ns3:TrackPointExtension>
        </extensions>
      </trkpt>
      <trkpt lat="31.982038356363773345947265625" lon="118.76898162066936492919921875">
        <ele>26.3999996185302734375</ele>
        <time>2024-10-14T12:08:37.000Z</time>
        <extensions>
          <ns3:TrackPointExtension>
            <ns3:atemp>27.0</ns3:atemp>
            <ns3:hr>175</ns3:hr>
            <ns3:cad>88</ns3:cad>
          </ns3:TrackPointExtension>
        </extensions>
      </trkpt>
      <trkpt lat="31.98205855675041675567626953125" lon="118.768981285393238067626953125">
        <ele>26.3999996185302734375</ele>
        <time>2024-10-14T12:08:38.000Z</time>
        <extensions>
          <ns3:TrackPointExtension>
            <ns3:atemp>27.0</ns3:atemp>
            <ns3:hr>175</ns3:hr>
            <ns3:cad>88</ns3:cad>
          </ns3:TrackPointExtension>
        </extensions>
      </trkpt>
      <trkpt lat="31.982079260051250457763671875" lon="118.76898405142128467559814453125">
        <ele>26.3999996185302734375</ele>
        <time>2024-10-14T12:08:39.000Z</time>
        <extensions>
          <ns3:TrackPointExtension>
            <ns3:atemp>27.0</ns3:atemp>
            <ns3:hr>175</ns3:hr>
            <ns3:cad>88</ns3:cad>
          </ns3:TrackPointExtension>
        </extensions>
      </trkpt>
      <trkpt lat="31.98209501802921295166015625" lon="118.7689851410686969757080078125">
        <ele>26.3999996185302734375</ele>
        <time>2024-10-14T12:08:40.000Z</time>
        <extensions>
          <ns3:TrackPointExtension>
            <ns3:atemp>27.0</ns3:atemp>
            <ns3:hr>175</ns3:hr>
            <ns3:cad>87</ns3:cad>
          </ns3:TrackPointExtension>
        </extensions>
      </trkpt>
      <trkpt lat="31.9821149669587612152099609375" lon="118.76898757182061672210693359375">
        <ele>26.3999996185302734375</ele>
        <time>2024-10-14T12:08:41.000Z</time>
        <extensions>
          <ns3:TrackPointExtension>
            <ns3:atemp>27.0</ns3:atemp>
            <ns3:hr>175</ns3:hr>
            <ns3:cad>87</ns3:cad>
          </ns3:TrackPointExtension>
        </extensions>
      </trkpt>
      <trkpt lat="31.982135586440563201904296875" lon="118.768990002572536468505859375">
        <ele>26.3999996185302734375</ele>
        <time>2024-10-14T12:08:42.000Z</time>
        <extensions>
          <ns3:TrackPointExtension>
            <ns3:atemp>27.0</ns3:atemp>
            <ns3:hr>175</ns3:hr>
            <ns3:cad>87</ns3:cad>
          </ns3:TrackPointExtension>
        </extensions>
      </trkpt>
      <trkpt lat="31.98215746320784091949462890625" lon="118.76899310387670993804931640625">
        <ele>26.3999996185302734375</ele>
        <time>2024-10-14T12:08:43.000Z</time>
        <extensions>
          <ns3:TrackPointExtension>
            <ns3:atemp>27.0</ns3:atemp>
            <ns3:hr>175</ns3:hr>
            <ns3:cad>87</ns3:cad>
          </ns3:TrackPointExtension>
        </extensions>
      </trkpt>
      <trkpt lat="31.982179172337055206298828125" lon="118.7689941935241222381591796875">
        <ele>26.200000762939453125</ele>
        <time>2024-10-14T12:08:44.000Z</time>
        <extensions>
          <ns3:TrackPointExtension>
            <ns3:atemp>27.0</ns3:atemp>
            <ns3:hr>175</ns3:hr>
            <ns3:cad>87</ns3:cad>
          </ns3:TrackPointExtension>
        </extensions>
      </trkpt>
      <trkpt lat="31.98220306076109409332275390625" lon="118.76899612136185169219970703125">
        <ele>26.200000762939453125</ele>
        <time>2024-10-14T12:08:45.000Z</time>
        <extensions>
          <ns3:TrackPointExtension>
            <ns3:atemp>27.0</ns3:atemp>
            <ns3:hr>175</ns3:hr>
            <ns3:cad>87</ns3:cad>
          </ns3:TrackPointExtension>
        </extensions>
      </trkpt>
      <trkpt lat="31.98222854174673557281494140625" lon="118.76899545080959796905517578125">
        <ele>26.200000762939453125</ele>
        <time>2024-10-14T12:08:46.000Z</time>
        <extensions>
          <ns3:TrackPointExtension>
            <ns3:atemp>27.0</ns3:atemp>
            <ns3:hr>175</ns3:hr>
            <ns3:cad>87</ns3:cad>
          </ns3:TrackPointExtension>
        </extensions>
      </trkpt>
      <trkpt lat="31.982252597808837890625" lon="118.76899545080959796905517578125">
        <ele>26.200000762939453125</ele>
        <time>2024-10-14T12:08:47.000Z</time>
        <extensions>
          <ns3:TrackPointExtension>
            <ns3:atemp>27.0</ns3:atemp>
            <ns3:hr>175</ns3:hr>
            <ns3:cad>87</ns3:cad>
          </ns3:TrackPointExtension>
        </extensions>
      </trkpt>
      <trkpt lat="31.9822780787944793701171875" lon="118.76899578608572483062744140625">
        <ele>26.200000762939453125</ele>
        <time>2024-10-14T12:08:48.000Z</time>
        <extensions>
          <ns3:TrackPointExtension>
            <ns3:atemp>27.0</ns3:atemp>
            <ns3:hr>175</ns3:hr>
            <ns3:cad>87</ns3:cad>
          </ns3:TrackPointExtension>
        </extensions>
      </trkpt>
      <trkpt lat="31.98230179958045482635498046875" lon="118.768996037542819976806640625">
        <ele>26.200000762939453125</ele>
        <time>2024-10-14T12:08:49.000Z</time>
        <extensions>
          <ns3:TrackPointExtension>
            <ns3:atemp>27.0</ns3:atemp>
            <ns3:hr>175</ns3:hr>
            <ns3:cad>88</ns3:cad>
          </ns3:TrackPointExtension>
        </extensions>
      </trkpt>
      <trkpt lat="31.98233013041317462921142578125" lon="118.768998049199581146240234375">
        <ele>26.200000762939453125</ele>
        <time>2024-10-14T12:08:50.000Z</time>
        <extensions>
          <ns3:TrackPointExtension>
            <ns3:atemp>27.0</ns3:atemp>
            <ns3:hr>175</ns3:hr>
            <ns3:cad>88</ns3:cad>
          </ns3:TrackPointExtension>
        </extensions>
      </trkpt>
      <trkpt lat="31.98235653340816497802734375" lon="118.7689988873898983001708984375">
        <ele>26.200000762939453125</ele>
        <time>2024-10-14T12:08:51.000Z</time>
        <extensions>
          <ns3:TrackPointExtension>
            <ns3:atemp>27.0</ns3:atemp>
            <ns3:hr>175</ns3:hr>
            <ns3:cad>88</ns3:cad>
          </ns3:TrackPointExtension>
        </extensions>
      </trkpt>
      <trkpt lat="31.98238243348896503448486328125" lon="118.76900039613246917724609375">
        <ele>26.3999996185302734375</ele>
        <time>2024-10-14T12:08:52.000Z</time>
        <extensions>
          <ns3:TrackPointExtension>
            <ns3:atemp>27.0</ns3:atemp>
            <ns3:hr>175</ns3:hr>
            <ns3:cad>88</ns3:cad>
          </ns3:TrackPointExtension>
        </extensions>
      </trkpt>
      <trkpt lat="31.98240615427494049072265625" lon="118.76900282688438892364501953125">
        <ele>26.3999996185302734375</ele>
        <time>2024-10-14T12:08:53.000Z</time>
        <extensions>
          <ns3:TrackPointExtension>
            <ns3:atemp>27.0</ns3:atemp>
            <ns3:hr>175</ns3:hr>
            <ns3:cad>88</ns3:cad>
          </ns3:TrackPointExtension>
        </extensions>
      </trkpt>
      <trkpt lat="31.98243163526058197021484375" lon="118.76900701783597469329833984375">
        <ele>26.3999996185302734375</ele>
        <time>2024-10-14T12:08:54.000Z</time>
        <extensions>
          <ns3:TrackPointExtension>
            <ns3:atemp>27.0</ns3:atemp>
            <ns3:hr>175</ns3:hr>
            <ns3:cad>88</ns3:cad>
          </ns3:TrackPointExtension>
        </extensions>
      </trkpt>
      <trkpt lat="31.98245367966592311859130859375" lon="118.76900718547403812408447265625">
        <ele>26.3999996185302734375</ele>
        <time>2024-10-14T12:08:55.000Z</time>
        <extensions>
          <ns3:TrackPointExtension>
            <ns3:atemp>27.0</ns3:atemp>
            <ns3:hr>174</ns3:hr>
            <ns3:cad>87</ns3:cad>
          </ns3:TrackPointExtension>
        </extensions>
      </trkpt>
      <trkpt lat="31.9824774004518985748291015625" lon="118.769009113311767578125">
        <ele>26.3999996185302734375</ele>
        <time>2024-10-14T12:08:56.000Z</time>
        <extensions>
          <ns3:TrackPointExtension>
            <ns3:atemp>27.0</ns3:atemp>
            <ns3:hr>174</ns3:hr>
            <ns3:cad>87</ns3:cad>
          </ns3:TrackPointExtension>
        </extensions>
      </trkpt>
      <trkpt lat="31.9825015403330326080322265625" lon="118.769010789692401885986328125">
        <ele>26.200000762939453125</ele>
        <time>2024-10-14T12:08:57.000Z</time>
        <extensions>
          <ns3:TrackPointExtension>
            <ns3:atemp>27.0</ns3:atemp>
            <ns3:hr>174</ns3:hr>
            <ns3:cad>87</ns3:cad>
          </ns3:TrackPointExtension>
        </extensions>
      </trkpt>
      <trkpt lat="31.98252392001450061798095703125" lon="118.769011460244655609130859375">
        <ele>26.200000762939453125</ele>
        <time>2024-10-14T12:08:58.000Z</time>
        <extensions>
          <ns3:TrackPointExtension>
            <ns3:atemp>27.0</ns3:atemp>
            <ns3:hr>174</ns3:hr>
            <ns3:cad>87</ns3:cad>
          </ns3:TrackPointExtension>
        </extensions>
      </trkpt>
      <trkpt lat="31.9825451262295246124267578125" lon="118.769012801349163055419921875">
        <ele>26.200000762939453125</ele>
        <time>2024-10-14T12:08:59.000Z</time>
        <extensions>
          <ns3:TrackPointExtension>
            <ns3:atemp>27.0</ns3:atemp>
            <ns3:hr>174</ns3:hr>
            <ns3:cad>87</ns3:cad>
          </ns3:TrackPointExtension>
        </extensions>
      </trkpt>
      <trkpt lat="31.98256918229162693023681640625" lon="118.76901447772979736328125">
        <ele>26.3999996185302734375</ele>
        <time>2024-10-14T12:09:00.000Z</time>
        <extensions>
          <ns3:TrackPointExtension>
            <ns3:atemp>27.0</ns3:atemp>
            <ns3:hr>174</ns3:hr>
            <ns3:cad>88</ns3:cad>
          </ns3:TrackPointExtension>
        </extensions>
      </trkpt>
      <trkpt lat="31.9825913943350315093994140625" lon="118.76901674084365367889404296875">
        <ele>26.3999996185302734375</ele>
        <time>2024-10-14T12:09:01.000Z</time>
        <extensions>
          <ns3:TrackPointExtension>
            <ns3:atemp>27.0</ns3:atemp>
            <ns3:hr>174</ns3:hr>
            <ns3:cad>88</ns3:cad>
          </ns3:TrackPointExtension>
        </extensions>
      </trkpt>
      <trkpt lat="31.98261042125523090362548828125" lon="118.76901783049106597900390625">
        <ele>26.3999996185302734375</ele>
        <time>2024-10-14T12:09:02.000Z</time>
        <extensions>
          <ns3:TrackPointExtension>
            <ns3:atemp>27.0</ns3:atemp>
            <ns3:hr>174</ns3:hr>
            <ns3:cad>87</ns3:cad>
          </ns3:TrackPointExtension>
        </extensions>
      </trkpt>
      <trkpt lat="31.98263104073703289031982421875" lon="118.7690203450620174407958984375">
        <ele>26.6000003814697265625</ele>
        <time>2024-10-14T12:09:03.000Z</time>
        <extensions>
          <ns3:TrackPointExtension>
            <ns3:atemp>27.0</ns3:atemp>
            <ns3:hr>174</ns3:hr>
            <ns3:cad>87</ns3:cad>
          </ns3:TrackPointExtension>
        </extensions>
      </trkpt>
      <trkpt lat="31.98265157639980316162109375" lon="118.76902093179523944854736328125">
        <ele>26.6000003814697265625</ele>
        <time>2024-10-14T12:09:04.000Z</time>
        <extensions>
          <ns3:TrackPointExtension>
            <ns3:atemp>27.0</ns3:atemp>
            <ns3:hr>174</ns3:hr>
            <ns3:cad>87</ns3:cad>
          </ns3:TrackPointExtension>
        </extensions>
      </trkpt>
      <trkpt lat="31.9826789014041423797607421875" lon="118.76902176998555660247802734375">
        <ele>26.799999237060546875</ele>
        <time>2024-10-14T12:09:05.000Z</time>
        <extensions>
          <ns3:TrackPointExtension>
            <ns3:atemp>27.0</ns3:atemp>
            <ns3:hr>174</ns3:hr>
            <ns3:cad>87</ns3:cad>
          </ns3:TrackPointExtension>
        </extensions>
      </trkpt>
      <trkpt lat="31.9827063940465450286865234375" lon="118.76901783049106597900390625">
        <ele>26.799999237060546875</ele>
        <time>2024-10-14T12:09:06.000Z</time>
        <extensions>
          <ns3:TrackPointExtension>
            <ns3:atemp>27.0</ns3:atemp>
            <ns3:hr>174</ns3:hr>
            <ns3:cad>87</ns3:cad>
          </ns3:TrackPointExtension>
        </extensions>
      </trkpt>
      <trkpt lat="31.98273497633635997772216796875" lon="118.76901514828205108642578125">
        <ele>27</ele>
        <time>2024-10-14T12:09:07.000Z</time>
        <extensions>
          <ns3:TrackPointExtension>
            <ns3:atemp>27.0</ns3:atemp>
            <ns3:hr>174</ns3:hr>
            <ns3:cad>86</ns3:cad>
          </ns3:TrackPointExtension>
        </extensions>
      </trkpt>
      <trkpt lat="31.98276213370263576507568359375" lon="118.76900953240692615509033203125">
        <ele>27</ele>
        <time>2024-10-14T12:09:08.000Z</time>
        <extensions>
          <ns3:TrackPointExtension>
            <ns3:atemp>27.0</ns3:atemp>
            <ns3:hr>174</ns3:hr>
            <ns3:cad>86</ns3:cad>
          </ns3:TrackPointExtension>
        </extensions>
      </trkpt>
      <trkpt lat="31.982788704335689544677734375" lon="118.76900819130241870880126953125">
        <ele>27</ele>
        <time>2024-10-14T12:09:09.000Z</time>
        <extensions>
          <ns3:TrackPointExtension>
            <ns3:atemp>27.0</ns3:atemp>
            <ns3:hr>174</ns3:hr>
            <ns3:cad>87</ns3:cad>
          </ns3:TrackPointExtension>
        </extensions>
      </trkpt>
      <trkpt lat="31.98281385004520416259765625" lon="118.76900441944599151611328125">
        <ele>27.200000762939453125</ele>
        <time>2024-10-14T12:09:10.000Z</time>
        <extensions>
          <ns3:TrackPointExtension>
            <ns3:atemp>27.0</ns3:atemp>
            <ns3:hr>174</ns3:hr>
            <ns3:cad>87</ns3:cad>
          </ns3:TrackPointExtension>
        </extensions>
      </trkpt>
      <trkpt lat="31.98283664882183074951171875" lon="118.76900416798889636993408203125">
        <ele>27.200000762939453125</ele>
        <time>2024-10-14T12:09:11.000Z</time>
        <extensions>
          <ns3:TrackPointExtension>
            <ns3:atemp>27.0</ns3:atemp>
            <ns3:hr>174</ns3:hr>
            <ns3:cad>88</ns3:cad>
          </ns3:TrackPointExtension>
        </extensions>
      </trkpt>
      <trkpt lat="31.9828606210649013519287109375" lon="118.76900307834148406982421875">
        <ele>27.200000762939453125</ele>
        <time>2024-10-14T12:09:12.000Z</time>
        <extensions>
          <ns3:TrackPointExtension>
            <ns3:atemp>27.0</ns3:atemp>
            <ns3:hr>174</ns3:hr>
            <ns3:cad>88</ns3:cad>
          </ns3:TrackPointExtension>
        </extensions>
      </trkpt>
      <trkpt lat="31.98288165964186191558837890625" lon="118.76900047995150089263916015625">
        <ele>27.200000762939453125</ele>
        <time>2024-10-14T12:09:13.000Z</time>
        <extensions>
          <ns3:TrackPointExtension>
            <ns3:atemp>27.0</ns3:atemp>
            <ns3:hr>174</ns3:hr>
            <ns3:cad>88</ns3:cad>
          </ns3:TrackPointExtension>
        </extensions>
      </trkpt>
      <trkpt lat="31.98290579952299594879150390625" lon="118.76900047995150089263916015625">
        <ele>27.3999996185302734375</ele>
        <time>2024-10-14T12:09:14.000Z</time>
        <extensions>
          <ns3:TrackPointExtension>
            <ns3:atemp>27.0</ns3:atemp>
            <ns3:hr>174</ns3:hr>
            <ns3:cad>88</ns3:cad>
          </ns3:TrackPointExtension>
        </extensions>
      </trkpt>
      <trkpt lat="31.98292373679578304290771484375" lon="118.76900173723697662353515625">
        <ele>27.3999996185302734375</ele>
        <time>2024-10-14T12:09:15.000Z</time>
        <extensions>
          <ns3:TrackPointExtension>
            <ns3:atemp>27.0</ns3:atemp>
            <ns3:hr>174</ns3:hr>
            <ns3:cad>88</ns3:cad>
          </ns3:TrackPointExtension>
        </extensions>
      </trkpt>
      <trkpt lat="31.98294083587825298309326171875" lon="118.7690086103975772857666015625">
        <ele>27.3999996185302734375</ele>
        <time>2024-10-14T12:09:16.000Z</time>
        <extensions>
          <ns3:TrackPointExtension>
            <ns3:atemp>27.0</ns3:atemp>
            <ns3:hr>174</ns3:hr>
            <ns3:cad>88</ns3:cad>
          </ns3:TrackPointExtension>
        </extensions>
      </trkpt>
      <trkpt lat="31.9829541631042957305908203125" lon="118.769026212394237518310546875">
        <ele>27.3999996185302734375</ele>
        <time>2024-10-14T12:09:17.000Z</time>
        <extensions>
          <ns3:TrackPointExtension>
            <ns3:atemp>27.0</ns3:atemp>
            <ns3:hr>174</ns3:hr>
            <ns3:cad>87</ns3:cad>
          </ns3:TrackPointExtension>
        </extensions>
      </trkpt>
      <trkpt lat="31.98296606540679931640625" lon="118.76904892735183238983154296875">
        <ele>27.3999996185302734375</ele>
        <time>2024-10-14T12:09:18.000Z</time>
        <extensions>
          <ns3:TrackPointExtension>
            <ns3:atemp>27.0</ns3:atemp>
            <ns3:hr>174</ns3:hr>
            <ns3:cad>87</ns3:cad>
          </ns3:TrackPointExtension>
        </extensions>
      </trkpt>
      <trkpt lat="31.9829712621867656707763671875" lon="118.76908195205032825469970703125">
        <ele>27.6000003814697265625</ele>
        <time>2024-10-14T12:09:19.000Z</time>
        <extensions>
          <ns3:TrackPointExtension>
            <ns3:atemp>27.0</ns3:atemp>
            <ns3:hr>174</ns3:hr>
            <ns3:cad>87</ns3:cad>
          </ns3:TrackPointExtension>
        </extensions>
      </trkpt>
      <trkpt lat="31.9829726032912731170654296875" lon="118.76911598257720470428466796875">
        <ele>27.6000003814697265625</ele>
        <time>2024-10-14T12:09:20.000Z</time>
        <extensions>
          <ns3:TrackPointExtension>
            <ns3:atemp>27.0</ns3:atemp>
            <ns3:hr>174</ns3:hr>
            <ns3:cad>87</ns3:cad>
          </ns3:TrackPointExtension>
        </extensions>
      </trkpt>
      <trkpt lat="31.982974447309970855712890625" lon="118.7691541202366352081298828125">
        <ele>27.6000003814697265625</ele>
        <time>2024-10-14T12:09:21.000Z</time>
        <extensions>
          <ns3:TrackPointExtension>
            <ns3:atemp>27.0</ns3:atemp>
            <ns3:hr>174</ns3:hr>
            <ns3:cad>87</ns3:cad>
          </ns3:TrackPointExtension>
        </extensions>
      </trkpt>
      <trkpt lat="31.98297771625220775604248046875" lon="118.76918370835483074188232421875">
        <ele>27.6000003814697265625</ele>
        <time>2024-10-14T12:09:22.000Z</time>
        <extensions>
          <ns3:TrackPointExtension>
            <ns3:atemp>27.0</ns3:atemp>
            <ns3:hr>174</ns3:hr>
            <ns3:cad>86</ns3:cad>
          </ns3:TrackPointExtension>
        </extensions>
      </trkpt>
      <trkpt lat="31.9829866848886013031005859375" lon="118.76920633949339389801025390625">
        <ele>27.3999996185302734375</ele>
        <time>2024-10-14T12:09:23.000Z</time>
        <extensions>
          <ns3:TrackPointExtension>
            <ns3:atemp>27.0</ns3:atemp>
            <ns3:hr>174</ns3:hr>
            <ns3:cad>86</ns3:cad>
          </ns3:TrackPointExtension>
        </extensions>
      </trkpt>
      <trkpt lat="31.98300118558108806610107421875" lon="118.769223690032958984375">
        <ele>27.200000762939453125</ele>
        <time>2024-10-14T12:09:24.000Z</time>
        <extensions>
          <ns3:TrackPointExtension>
            <ns3:atemp>27.0</ns3:atemp>
            <ns3:hr>174</ns3:hr>
            <ns3:cad>86</ns3:cad>
          </ns3:TrackPointExtension>
        </extensions>
      </trkpt>
      <trkpt lat="31.9830178655683994293212890625" lon="118.76922570168972015380859375">
        <ele>27.200000762939453125</ele>
        <time>2024-10-14T12:09:25.000Z</time>
        <extensions>
          <ns3:TrackPointExtension>
            <ns3:atemp>27.0</ns3:atemp>
            <ns3:hr>174</ns3:hr>
            <ns3:cad>86</ns3:cad>
          </ns3:TrackPointExtension>
        </extensions>
      </trkpt>
      <trkpt lat="31.98303647339344024658203125" lon="118.76922176219522953033447265625">
        <ele>27.200000762939453125</ele>
        <time>2024-10-14T12:09:26.000Z</time>
        <extensions>
          <ns3:TrackPointExtension>
            <ns3:atemp>27.0</ns3:atemp>
            <ns3:hr>174</ns3:hr>
            <ns3:cad>87</ns3:cad>
          </ns3:TrackPointExtension>
        </extensions>
      </trkpt>
      <trkpt lat="31.98306069709360599517822265625" lon="118.76922209747135639190673828125">
        <ele>27</ele>
        <time>2024-10-14T12:09:27.000Z</time>
        <extensions>
          <ns3:TrackPointExtension>
            <ns3:atemp>27.0</ns3:atemp>
            <ns3:hr>174</ns3:hr>
            <ns3:cad>86</ns3:cad>
          </ns3:TrackPointExtension>
        </extensions>
      </trkpt>
      <trkpt lat="31.9830869324505329132080078125" lon="118.7692235223948955535888671875">
        <ele>27</ele>
        <time>2024-10-14T12:09:28.000Z</time>
        <extensions>
          <ns3:TrackPointExtension>
            <ns3:atemp>27.0</ns3:atemp>
            <ns3:hr>174</ns3:hr>
            <ns3:cad>86</ns3:cad>
          </ns3:TrackPointExtension>
        </extensions>
      </trkpt>
      <trkpt lat="31.98311283253133296966552734375" lon="118.7692245282232761383056640625">
        <ele>27</ele>
        <time>2024-10-14T12:09:29.000Z</time>
        <extensions>
          <ns3:TrackPointExtension>
            <ns3:atemp>27.0</ns3:atemp>
            <ns3:hr>174</ns3:hr>
            <ns3:cad>86</ns3:cad>
          </ns3:TrackPointExtension>
        </extensions>
      </trkpt>
      <trkpt lat="31.98314032517373561859130859375" lon="118.76922578550875186920166015625">
        <ele>27</ele>
        <time>2024-10-14T12:09:30.000Z</time>
        <extensions>
          <ns3:TrackPointExtension>
            <ns3:atemp>27.0</ns3:atemp>
            <ns3:hr>174</ns3:hr>
            <ns3:cad>86</ns3:cad>
          </ns3:TrackPointExtension>
        </extensions>
      </trkpt>
      <trkpt lat="31.98316530324518680572509765625" lon="118.7692258693277835845947265625">
        <ele>27</ele>
        <time>2024-10-14T12:09:31.000Z</time>
        <extensions>
          <ns3:TrackPointExtension>
            <ns3:atemp>27.0</ns3:atemp>
            <ns3:hr>174</ns3:hr>
            <ns3:cad>87</ns3:cad>
          </ns3:TrackPointExtension>
        </extensions>
      </trkpt>
      <trkpt lat="31.98319195769727230072021484375" lon="118.76922662369906902313232421875">
        <ele>27</ele>
        <time>2024-10-14T12:09:32.000Z</time>
        <extensions>
          <ns3:TrackPointExtension>
            <ns3:atemp>27.0</ns3:atemp>
            <ns3:hr>174</ns3:hr>
            <ns3:cad>87</ns3:cad>
          </ns3:TrackPointExtension>
        </extensions>
      </trkpt>
      <trkpt lat="31.983215846121311187744140625" lon="118.76922511495649814605712890625">
        <ele>27</ele>
        <time>2024-10-14T12:09:33.000Z</time>
        <extensions>
          <ns3:TrackPointExtension>
            <ns3:atemp>27.0</ns3:atemp>
            <ns3:hr>174</ns3:hr>
            <ns3:cad>86</ns3:cad>
          </ns3:TrackPointExtension>
        </extensions>
      </trkpt>
      <trkpt lat="31.9832391478121280670166015625" lon="118.76922570168972015380859375">
        <ele>27</ele>
        <time>2024-10-14T12:09:34.000Z</time>
        <extensions>
          <ns3:TrackPointExtension>
            <ns3:atemp>27.0</ns3:atemp>
            <ns3:hr>174</ns3:hr>
            <ns3:cad>86</ns3:cad>
          </ns3:TrackPointExtension>
        </extensions>
      </trkpt>
      <trkpt lat="31.98326177895069122314453125" lon="118.7692231871187686920166015625">
        <ele>27</ele>
        <time>2024-10-14T12:09:35.000Z</time>
        <extensions>
          <ns3:TrackPointExtension>
            <ns3:atemp>27.0</ns3:atemp>
            <ns3:hr>174</ns3:hr>
            <ns3:cad>86</ns3:cad>
          </ns3:TrackPointExtension>
        </extensions>
      </trkpt>
      <trkpt lat="31.98328197933733463287353515625" lon="118.76922142691910266876220703125">
        <ele>27.200000762939453125</ele>
        <time>2024-10-14T12:09:36.000Z</time>
        <extensions>
          <ns3:TrackPointExtension>
            <ns3:atemp>27.0</ns3:atemp>
            <ns3:hr>174</ns3:hr>
            <ns3:cad>86</ns3:cad>
          </ns3:TrackPointExtension>
        </extensions>
      </trkpt>
      <trkpt lat="31.98330678977072238922119140625" lon="118.76922301948070526123046875">
        <ele>27.200000762939453125</ele>
        <time>2024-10-14T12:09:37.000Z</time>
        <extensions>
          <ns3:TrackPointExtension>
            <ns3:atemp>27.0</ns3:atemp>
            <ns3:hr>174</ns3:hr>
            <ns3:cad>86</ns3:cad>
          </ns3:TrackPointExtension>
        </extensions>
      </trkpt>
      <trkpt lat="31.9833279959857463836669921875" lon="118.7692211754620075225830078125">
        <ele>27.200000762939453125</ele>
        <time>2024-10-14T12:09:38.000Z</time>
        <extensions>
          <ns3:TrackPointExtension>
            <ns3:atemp>27.0</ns3:atemp>
            <ns3:hr>174</ns3:hr>
            <ns3:cad>86</ns3:cad>
          </ns3:TrackPointExtension>
        </extensions>
      </trkpt>
      <trkpt lat="31.98335188440978527069091796875" lon="118.7692198343575000762939453125">
        <ele>27.3999996185302734375</ele>
        <time>2024-10-14T12:09:39.000Z</time>
        <extensions>
          <ns3:TrackPointExtension>
            <ns3:atemp>27.0</ns3:atemp>
            <ns3:hr>174</ns3:hr>
            <ns3:cad>86</ns3:cad>
          </ns3:TrackPointExtension>
        </extensions>
      </trkpt>
      <trkpt lat="31.98336814530193805694580078125" lon="118.76921555958688259124755859375">
        <ele>27.3999996185302734375</ele>
        <time>2024-10-14T12:09:40.000Z</time>
        <extensions>
          <ns3:TrackPointExtension>
            <ns3:atemp>27.0</ns3:atemp>
            <ns3:hr>174</ns3:hr>
            <ns3:cad>86</ns3:cad>
          </ns3:TrackPointExtension>
        </extensions>
      </trkpt>
      <trkpt lat="31.9833856634795665740966796875" lon="118.76920826733112335205078125">
        <ele>27.3999996185302734375</ele>
        <time>2024-10-14T12:09:41.000Z</time>
        <extensions>
          <ns3:TrackPointExtension>
            <ns3:atemp>27.0</ns3:atemp>
            <ns3:hr>174</ns3:hr>
            <ns3:cad>86</ns3:cad>
          </ns3:TrackPointExtension>
        </extensions>
      </trkpt>
      <trkpt lat="31.98340393602848052978515625" lon="118.76919192261993885040283203125">
        <ele>27.3999996185302734375</ele>
        <time>2024-10-14T12:09:42.000Z</time>
        <extensions>
          <ns3:TrackPointExtension>
            <ns3:atemp>27.0</ns3:atemp>
            <ns3:hr>174</ns3:hr>
            <ns3:cad>86</ns3:cad>
          </ns3:TrackPointExtension>
        </extensions>
      </trkpt>
      <trkpt lat="31.983417682349681854248046875" lon="118.76917851157486438751220703125">
        <ele>27.3999996185302734375</ele>
        <time>2024-10-14T12:09:43.000Z</time>
        <extensions>
          <ns3:TrackPointExtension>
            <ns3:atemp>27.0</ns3:atemp>
            <ns3:hr>174</ns3:hr>
            <ns3:cad>86</ns3:cad>
          </ns3:TrackPointExtension>
        </extensions>
      </trkpt>
      <trkpt lat="31.98343251831829547882080078125" lon="118.76917012967169284820556640625">
        <ele>27.6000003814697265625</ele>
        <time>2024-10-14T12:09:44.000Z</time>
        <extensions>
          <ns3:TrackPointExtension>
            <ns3:atemp>27.0</ns3:atemp>
            <ns3:hr>174</ns3:hr>
            <ns3:cad>85</ns3:cad>
          </ns3:TrackPointExtension>
        </extensions>
      </trkpt>
      <trkpt lat="31.98344685137271881103515625" lon="118.76915973611176013946533203125">
        <ele>27.6000003814697265625</ele>
        <time>2024-10-14T12:09:45.000Z</time>
        <extensions>
          <ns3:TrackPointExtension>
            <ns3:atemp>27.0</ns3:atemp>
            <ns3:hr>174</ns3:hr>
            <ns3:cad>85</ns3:cad>
          </ns3:TrackPointExtension>
        </extensions>
      </trkpt>
      <trkpt lat="31.98346587829291820526123046875" lon="118.76915487460792064666748046875">
        <ele>27.6000003814697265625</ele>
        <time>2024-10-14T12:09:46.000Z</time>
        <extensions>
          <ns3:TrackPointExtension>
            <ns3:atemp>27.0</ns3:atemp>
            <ns3:hr>174</ns3:hr>
            <ns3:cad>85</ns3:cad>
          </ns3:TrackPointExtension>
        </extensions>
      </trkpt>
      <trkpt lat="31.98348230682313442230224609375" lon="118.7691504321992397308349609375">
        <ele>27.6000003814697265625</ele>
        <time>2024-10-14T12:09:47.000Z</time>
        <extensions>
          <ns3:TrackPointExtension>
            <ns3:atemp>27.0</ns3:atemp>
            <ns3:hr>174</ns3:hr>
            <ns3:cad>85</ns3:cad>
          </ns3:TrackPointExtension>
        </extensions>
      </trkpt>
      <trkpt lat="31.98350309394299983978271484375" lon="118.76914783380925655364990234375">
        <ele>27.6000003814697265625</ele>
        <time>2024-10-14T12:09:48.000Z</time>
        <extensions>
          <ns3:TrackPointExtension>
            <ns3:atemp>27.0</ns3:atemp>
            <ns3:hr>173</ns3:hr>
            <ns3:cad>86</ns3:cad>
          </ns3:TrackPointExtension>
        </extensions>
      </trkpt>
      <trkpt lat="31.98352790437638759613037109375" lon="118.7691433914005756378173828125">
        <ele>27.6000003814697265625</ele>
        <time>2024-10-14T12:09:49.000Z</time>
        <extensions>
          <ns3:TrackPointExtension>
            <ns3:atemp>27.0</ns3:atemp>
            <ns3:hr>173</ns3:hr>
            <ns3:cad>86</ns3:cad>
          </ns3:TrackPointExtension>
        </extensions>
      </trkpt>
      <trkpt lat="31.98355271480977535247802734375" lon="118.76914230175316333770751953125">
        <ele>27.799999237060546875</ele>
        <time>2024-10-14T12:09:50.000Z</time>
        <extensions>
          <ns3:TrackPointExtension>
            <ns3:atemp>27.0</ns3:atemp>
            <ns3:hr>173</ns3:hr>
            <ns3:cad>86</ns3:cad>
          </ns3:TrackPointExtension>
        </extensions>
      </trkpt>
      <trkpt lat="31.9835797883570194244384765625" lon="118.7691417150199413299560546875">
        <ele>27.799999237060546875</ele>
        <time>2024-10-14T12:09:51.000Z</time>
        <extensions>
          <ns3:TrackPointExtension>
            <ns3:atemp>27.0</ns3:atemp>
            <ns3:hr>173</ns3:hr>
            <ns3:cad>87</ns3:cad>
          </ns3:TrackPointExtension>
        </extensions>
      </trkpt>
      <trkpt lat="31.98360401205718517303466796875" lon="118.769139535725116729736328125">
        <ele>27.799999237060546875</ele>
        <time>2024-10-14T12:09:52.000Z</time>
        <extensions>
          <ns3:TrackPointExtension>
            <ns3:atemp>27.0</ns3:atemp>
            <ns3:hr>173</ns3:hr>
            <ns3:cad>87</ns3:cad>
          </ns3:TrackPointExtension>
        </extensions>
      </trkpt>
      <trkpt lat="31.983633600175380706787109375" lon="118.76913911662995815277099609375">
        <ele>27.799999237060546875</ele>
        <time>2024-10-14T12:09:53.000Z</time>
        <extensions>
          <ns3:TrackPointExtension>
            <ns3:atemp>27.0</ns3:atemp>
            <ns3:hr>173</ns3:hr>
            <ns3:cad>87</ns3:cad>
          </ns3:TrackPointExtension>
        </extensions>
      </trkpt>
      <trkpt lat="31.98365832678973674774169921875" lon="118.7691366858780384063720703125">
        <ele>27.799999237060546875</ele>
        <time>2024-10-14T12:09:54.000Z</time>
        <extensions>
          <ns3:TrackPointExtension>
            <ns3:atemp>27.0</ns3:atemp>
            <ns3:hr>173</ns3:hr>
            <ns3:cad>87</ns3:cad>
          </ns3:TrackPointExtension>
        </extensions>
      </trkpt>
      <trkpt lat="31.9836843945086002349853515625" lon="118.7691365182399749755859375">
        <ele>28</ele>
        <time>2024-10-14T12:09:55.000Z</time>
        <extensions>
          <ns3:TrackPointExtension>
            <ns3:atemp>27.0</ns3:atemp>
            <ns3:hr>173</ns3:hr>
            <ns3:cad>87</ns3:cad>
          </ns3:TrackPointExtension>
        </extensions>
      </trkpt>
      <trkpt lat="31.98370744474232196807861328125" lon="118.76913442276418209075927734375">
        <ele>28</ele>
        <time>2024-10-14T12:09:56.000Z</time>
        <extensions>
          <ns3:TrackPointExtension>
            <ns3:atemp>27.0</ns3:atemp>
            <ns3:hr>173</ns3:hr>
            <ns3:cad>87</ns3:cad>
          </ns3:TrackPointExtension>
        </extensions>
      </trkpt>
      <trkpt lat="31.983730830252170562744140625" lon="118.76913207583129405975341796875">
        <ele>28</ele>
        <time>2024-10-14T12:09:57.000Z</time>
        <extensions>
          <ns3:TrackPointExtension>
            <ns3:atemp>27.0</ns3:atemp>
            <ns3:hr>173</ns3:hr>
            <ns3:cad>87</ns3:cad>
          </ns3:TrackPointExtension>
        </extensions>
      </trkpt>
      <trkpt lat="31.983757317066192626953125" lon="118.76912989653646945953369140625">
        <ele>28</ele>
        <time>2024-10-14T12:09:58.000Z</time>
        <extensions>
          <ns3:TrackPointExtension>
            <ns3:atemp>27.0</ns3:atemp>
            <ns3:hr>173</ns3:hr>
            <ns3:cad>87</ns3:cad>
          </ns3:TrackPointExtension>
        </extensions>
      </trkpt>
      <trkpt lat="31.9837827980518341064453125" lon="118.7691289745271205902099609375">
        <ele>28</ele>
        <time>2024-10-14T12:09:59.000Z</time>
        <extensions>
          <ns3:TrackPointExtension>
            <ns3:atemp>27.0</ns3:atemp>
            <ns3:hr>173</ns3:hr>
            <ns3:cad>87</ns3:cad>
          </ns3:TrackPointExtension>
        </extensions>
      </trkpt>
      <trkpt lat="31.98381054215133190155029296875" lon="118.7691284716129302978515625">
        <ele>28</ele>
        <time>2024-10-14T12:10:00.000Z</time>
        <extensions>
          <ns3:TrackPointExtension>
            <ns3:atemp>27.0</ns3:atemp>
            <ns3:hr>173</ns3:hr>
            <ns3:cad>87</ns3:cad>
          </ns3:TrackPointExtension>
        </extensions>
      </trkpt>
      <trkpt lat="31.9838312454521656036376953125" lon="118.769126124680042266845703125">
        <ele>28.200000762939453125</ele>
        <time>2024-10-14T12:10:01.000Z</time>
        <extensions>
          <ns3:TrackPointExtension>
            <ns3:atemp>27.0</ns3:atemp>
            <ns3:hr>173</ns3:hr>
            <ns3:cad>87</ns3:cad>
          </ns3:TrackPointExtension>
        </extensions>
      </trkpt>
      <trkpt lat="31.9838567264378070831298828125" lon="118.7691259570419788360595703125">
        <ele>28.200000762939453125</ele>
        <time>2024-10-14T12:10:02.000Z</time>
        <extensions>
          <ns3:TrackPointExtension>
            <ns3:atemp>27.0</ns3:atemp>
            <ns3:hr>173</ns3:hr>
            <ns3:cad>87</ns3:cad>
          </ns3:TrackPointExtension>
        </extensions>
      </trkpt>
      <trkpt lat="31.98387558571994304656982421875" lon="118.7691257894039154052734375">
        <ele>28.200000762939453125</ele>
        <time>2024-10-14T12:10:03.000Z</time>
        <extensions>
          <ns3:TrackPointExtension>
            <ns3:atemp>27.0</ns3:atemp>
            <ns3:hr>173</ns3:hr>
            <ns3:cad>87</ns3:cad>
          </ns3:TrackPointExtension>
        </extensions>
      </trkpt>
      <trkpt lat="31.9838966242969036102294921875" lon="118.76912721432745456695556640625">
        <ele>28.200000762939453125</ele>
        <time>2024-10-14T12:10:04.000Z</time>
        <extensions>
          <ns3:TrackPointExtension>
            <ns3:atemp>27.0</ns3:atemp>
            <ns3:hr>173</ns3:hr>
            <ns3:cad>87</ns3:cad>
          </ns3:TrackPointExtension>
        </extensions>
      </trkpt>
      <trkpt lat="31.9839140586555004119873046875" lon="118.76912469975650310516357421875">
        <ele>28.3999996185302734375</ele>
        <time>2024-10-14T12:10:05.000Z</time>
        <extensions>
          <ns3:TrackPointExtension>
            <ns3:atemp>27.0</ns3:atemp>
            <ns3:hr>173</ns3:hr>
            <ns3:cad>87</ns3:cad>
          </ns3:TrackPointExtension>
        </extensions>
      </trkpt>
      <trkpt lat="31.98393627069890499114990234375" lon="118.7691226042807102203369140625">
        <ele>28.3999996185302734375</ele>
        <time>2024-10-14T12:10:06.000Z</time>
        <extensions>
          <ns3:TrackPointExtension>
            <ns3:atemp>27.0</ns3:atemp>
            <ns3:hr>174</ns3:hr>
            <ns3:cad>86</ns3:cad>
          </ns3:TrackPointExtension>
        </extensions>
      </trkpt>
      <trkpt lat="31.98395789600908756256103515625" lon="118.7691195867955684661865234375">
        <ele>28.3999996185302734375</ele>
        <time>2024-10-14T12:10:07.000Z</time>
        <extensions>
          <ns3:TrackPointExtension>
            <ns3:atemp>27.0</ns3:atemp>
            <ns3:hr>174</ns3:hr>
            <ns3:cad>86</ns3:cad>
          </ns3:TrackPointExtension>
        </extensions>
      </trkpt>
      <trkpt lat="31.9839747436344623565673828125" lon="118.76911447383463382720947265625">
        <ele>28.3999996185302734375</ele>
        <time>2024-10-14T12:10:08.000Z</time>
        <extensions>
          <ns3:TrackPointExtension>
            <ns3:atemp>27.0</ns3:atemp>
            <ns3:hr>174</ns3:hr>
            <ns3:cad>86</ns3:cad>
          </ns3:TrackPointExtension>
        </extensions>
      </trkpt>
      <trkpt lat="31.98400097899138927459716796875" lon="118.7691125459969043731689453125">
        <ele>28.3999996185302734375</ele>
        <time>2024-10-14T12:10:09.000Z</time>
        <extensions>
          <ns3:TrackPointExtension>
            <ns3:atemp>27.0</ns3:atemp>
            <ns3:hr>174</ns3:hr>
            <ns3:cad>86</ns3:cad>
          </ns3:TrackPointExtension>
        </extensions>
      </trkpt>
      <trkpt lat="31.98402361012995243072509765625" lon="118.76910843886435031890869140625">
        <ele>28.3999996185302734375</ele>
        <time>2024-10-14T12:10:10.000Z</time>
        <extensions>
          <ns3:TrackPointExtension>
            <ns3:atemp>27.0</ns3:atemp>
            <ns3:hr>175</ns3:hr>
            <ns3:cad>86</ns3:cad>
          </ns3:TrackPointExtension>
        </extensions>
      </trkpt>
      <trkpt lat="31.98404422961175441741943359375" lon="118.76910441555082798004150390625">
        <ele>28.6000003814697265625</ele>
        <time>2024-10-14T12:10:11.000Z</time>
        <extensions>
          <ns3:TrackPointExtension>
            <ns3:atemp>27.0</ns3:atemp>
            <ns3:hr>175</ns3:hr>
            <ns3:cad>86</ns3:cad>
          </ns3:TrackPointExtension>
        </extensions>
      </trkpt>
      <trkpt lat="31.98406887240707874298095703125" lon="118.76909854821860790252685546875">
        <ele>28.799999237060546875</ele>
        <time>2024-10-14T12:10:12.000Z</time>
        <extensions>
          <ns3:TrackPointExtension>
            <ns3:atemp>27.0</ns3:atemp>
            <ns3:hr>175</ns3:hr>
            <ns3:cad>86</ns3:cad>
          </ns3:TrackPointExtension>
        </extensions>
      </trkpt>
      <trkpt lat="31.9840984605252742767333984375" lon="118.7690934352576732635498046875">
        <ele>28.799999237060546875</ele>
        <time>2024-10-14T12:10:13.000Z</time>
        <extensions>
          <ns3:TrackPointExtension>
            <ns3:atemp>27.0</ns3:atemp>
            <ns3:hr>175</ns3:hr>
            <ns3:cad>86</ns3:cad>
          </ns3:TrackPointExtension>
        </extensions>
      </trkpt>
      <trkpt lat="31.9841276295483112335205078125" lon="118.7690880708396434783935546875">
        <ele>28.799999237060546875</ele>
        <time>2024-10-14T12:10:14.000Z</time>
        <extensions>
          <ns3:TrackPointExtension>
            <ns3:atemp>27.0</ns3:atemp>
            <ns3:hr>176</ns3:hr>
            <ns3:cad>86</ns3:cad>
          </ns3:TrackPointExtension>
        </extensions>
      </trkpt>
      <trkpt lat="31.98415218852460384368896484375" lon="118.7690842151641845703125">
        <ele>29</ele>
        <time>2024-10-14T12:10:15.000Z</time>
        <extensions>
          <ns3:TrackPointExtension>
            <ns3:atemp>27.0</ns3:atemp>
            <ns3:hr>176</ns3:hr>
            <ns3:cad>87</ns3:cad>
          </ns3:TrackPointExtension>
        </extensions>
      </trkpt>
      <trkpt lat="31.98417297564446926116943359375" lon="118.7690817005932331085205078125">
        <ele>29</ele>
        <time>2024-10-14T12:10:16.000Z</time>
        <extensions>
          <ns3:TrackPointExtension>
            <ns3:atemp>27.0</ns3:atemp>
            <ns3:hr>176</ns3:hr>
            <ns3:cad>87</ns3:cad>
          </ns3:TrackPointExtension>
        </extensions>
      </trkpt>
      <trkpt lat="31.98418973945081233978271484375" lon="118.76907843165099620819091796875">
        <ele>29</ele>
        <time>2024-10-14T12:10:17.000Z</time>
        <extensions>
          <ns3:TrackPointExtension>
            <ns3:atemp>27.0</ns3:atemp>
            <ns3:hr>176</ns3:hr>
            <ns3:cad>87</ns3:cad>
          </ns3:TrackPointExtension>
        </extensions>
      </trkpt>
      <trkpt lat="31.98421354405581951141357421875" lon="118.76907407306134700775146484375">
        <ele>29</ele>
        <time>2024-10-14T12:10:18.000Z</time>
        <extensions>
          <ns3:TrackPointExtension>
            <ns3:atemp>27.0</ns3:atemp>
            <ns3:hr>176</ns3:hr>
            <ns3:cad>87</ns3:cad>
          </ns3:TrackPointExtension>
        </extensions>
      </trkpt>
      <trkpt lat="31.98423600755631923675537109375" lon="118.76907013356685638427734375">
        <ele>29</ele>
        <time>2024-10-14T12:10:19.000Z</time>
        <extensions>
          <ns3:TrackPointExtension>
            <ns3:atemp>27.0</ns3:atemp>
            <ns3:hr>176</ns3:hr>
            <ns3:cad>87</ns3:cad>
          </ns3:TrackPointExtension>
        </extensions>
      </trkpt>
      <trkpt lat="31.9842583872377872467041015625" lon="118.76906686462461948394775390625">
        <ele>29</ele>
        <time>2024-10-14T12:10:20.000Z</time>
        <extensions>
          <ns3:TrackPointExtension>
            <ns3:atemp>27.0</ns3:atemp>
            <ns3:hr>176</ns3:hr>
            <ns3:cad>87</ns3:cad>
          </ns3:TrackPointExtension>
        </extensions>
      </trkpt>
      <trkpt lat="31.984278671443462371826171875" lon="118.7690652720630168914794921875">
        <ele>29.200000762939453125</ele>
        <time>2024-10-14T12:10:21.000Z</time>
        <extensions>
          <ns3:TrackPointExtension>
            <ns3:atemp>27.0</ns3:atemp>
            <ns3:hr>176</ns3:hr>
            <ns3:cad>87</ns3:cad>
          </ns3:TrackPointExtension>
        </extensions>
      </trkpt>
      <trkpt lat="31.984302811324596405029296875" lon="118.7690656073391437530517578125">
        <ele>29.200000762939453125</ele>
        <time>2024-10-14T12:10:22.000Z</time>
        <extensions>
          <ns3:TrackPointExtension>
            <ns3:atemp>27.0</ns3:atemp>
            <ns3:hr>176</ns3:hr>
            <ns3:cad>87</ns3:cad>
          </ns3:TrackPointExtension>
        </extensions>
      </trkpt>
      <trkpt lat="31.98432200588285923004150390625" lon="118.7690662778913974761962890625">
        <ele>29.3999996185302734375</ele>
        <time>2024-10-14T12:10:23.000Z</time>
        <extensions>
          <ns3:TrackPointExtension>
            <ns3:atemp>27.0</ns3:atemp>
            <ns3:hr>176</ns3:hr>
            <ns3:cad>87</ns3:cad>
          </ns3:TrackPointExtension>
        </extensions>
      </trkpt>
      <trkpt lat="31.98434581048786640167236328125" lon="118.769069127738475799560546875">
        <ele>29.3999996185302734375</ele>
        <time>2024-10-14T12:10:24.000Z</time>
        <extensions>
          <ns3:TrackPointExtension>
            <ns3:atemp>27.0</ns3:atemp>
            <ns3:hr>176</ns3:hr>
            <ns3:cad>88</ns3:cad>
          </ns3:TrackPointExtension>
        </extensions>
      </trkpt>
      <trkpt lat="31.984368860721588134765625" lon="118.769071809947490692138671875">
        <ele>29.3999996185302734375</ele>
        <time>2024-10-14T12:10:25.000Z</time>
        <extensions>
          <ns3:TrackPointExtension>
            <ns3:atemp>27.0</ns3:atemp>
            <ns3:hr>176</ns3:hr>
            <ns3:cad>88</ns3:cad>
          </ns3:TrackPointExtension>
        </extensions>
      </trkpt>
      <trkpt lat="31.9843898154795169830322265625" lon="118.76907147467136383056640625">
        <ele>29.6000003814697265625</ele>
        <time>2024-10-14T12:10:26.000Z</time>
        <extensions>
          <ns3:TrackPointExtension>
            <ns3:atemp>27.0</ns3:atemp>
            <ns3:hr>176</ns3:hr>
            <ns3:cad>88</ns3:cad>
          </ns3:TrackPointExtension>
        </extensions>
      </trkpt>
      <trkpt lat="31.98441068641841411590576171875" lon="118.769072480499744415283203125">
        <ele>29.6000003814697265625</ele>
        <time>2024-10-14T12:10:27.000Z</time>
        <extensions>
          <ns3:TrackPointExtension>
            <ns3:atemp>27.0</ns3:atemp>
            <ns3:hr>176</ns3:hr>
            <ns3:cad>88</ns3:cad>
          </ns3:TrackPointExtension>
        </extensions>
      </trkpt>
      <trkpt lat="31.984428204596042633056640625" lon="118.76907281577587127685546875">
        <ele>29.6000003814697265625</ele>
        <time>2024-10-14T12:10:28.000Z</time>
        <extensions>
          <ns3:TrackPointExtension>
            <ns3:atemp>27.0</ns3:atemp>
            <ns3:hr>176</ns3:hr>
            <ns3:cad>87</ns3:cad>
          </ns3:TrackPointExtension>
        </extensions>
      </trkpt>
      <trkpt lat="31.9844518415629863739013671875" lon="118.7690721452236175537109375">
        <ele>29.6000003814697265625</ele>
        <time>2024-10-14T12:10:29.000Z</time>
        <extensions>
          <ns3:TrackPointExtension>
            <ns3:atemp>27.0</ns3:atemp>
            <ns3:hr>176</ns3:hr>
            <ns3:cad>87</ns3:cad>
          </ns3:TrackPointExtension>
        </extensions>
      </trkpt>
      <trkpt lat="31.9844766519963741302490234375" lon="118.7690726481378078460693359375">
        <ele>29.6000003814697265625</ele>
        <time>2024-10-14T12:10:30.000Z</time>
        <extensions>
          <ns3:TrackPointExtension>
            <ns3:atemp>27.0</ns3:atemp>
            <ns3:hr>176</ns3:hr>
            <ns3:cad>87</ns3:cad>
          </ns3:TrackPointExtension>
        </extensions>
      </trkpt>
      <trkpt lat="31.9845028035342693328857421875" lon="118.7690723128616809844970703125">
        <ele>29.6000003814697265625</ele>
        <time>2024-10-14T12:10:31.000Z</time>
        <extensions>
          <ns3:TrackPointExtension>
            <ns3:atemp>27.0</ns3:atemp>
            <ns3:hr>176</ns3:hr>
            <ns3:cad>87</ns3:cad>
          </ns3:TrackPointExtension>
        </extensions>
      </trkpt>
      <trkpt lat="31.9845257699489593505859375" lon="118.7690716423094272613525390625">
        <ele>29.6000003814697265625</ele>
        <time>2024-10-14T12:10:32.000Z</time>
        <extensions>
          <ns3:TrackPointExtension>
            <ns3:atemp>27.0</ns3:atemp>
            <ns3:hr>176</ns3:hr>
            <ns3:cad>87</ns3:cad>
          </ns3:TrackPointExtension>
        </extensions>
      </trkpt>
      <trkpt lat="31.984552927315235137939453125" lon="118.76907088793814182281494140625">
        <ele>29.6000003814697265625</ele>
        <time>2024-10-14T12:10:33.000Z</time>
        <extensions>
          <ns3:TrackPointExtension>
            <ns3:atemp>27.0</ns3:atemp>
            <ns3:hr>176</ns3:hr>
            <ns3:cad>87</ns3:cad>
          </ns3:TrackPointExtension>
        </extensions>
      </trkpt>
      <trkpt lat="31.9845698587596416473388671875" lon="118.76907055266201496124267578125">
        <ele>29.6000003814697265625</ele>
        <time>2024-10-14T12:10:34.000Z</time>
        <extensions>
          <ns3:TrackPointExtension>
            <ns3:atemp>27.0</ns3:atemp>
            <ns3:hr>176</ns3:hr>
            <ns3:cad>87</ns3:cad>
          </ns3:TrackPointExtension>
        </extensions>
      </trkpt>
      <trkpt lat="31.98458938859403133392333984375" lon="118.76907172612845897674560546875">
        <ele>29.6000003814697265625</ele>
        <time>2024-10-14T12:10:35.000Z</time>
        <extensions>
          <ns3:TrackPointExtension>
            <ns3:atemp>27.0</ns3:atemp>
            <ns3:hr>176</ns3:hr>
            <ns3:cad>88</ns3:cad>
          </ns3:TrackPointExtension>
        </extensions>
      </trkpt>
      <trkpt lat="31.98461218737065792083740234375" lon="118.7690719775855541229248046875">
        <ele>29.799999237060546875</ele>
        <time>2024-10-14T12:10:36.000Z</time>
        <extensions>
          <ns3:TrackPointExtension>
            <ns3:atemp>27.0</ns3:atemp>
            <ns3:hr>176</ns3:hr>
            <ns3:cad>88</ns3:cad>
          </ns3:TrackPointExtension>
        </extensions>
      </trkpt>
      <trkpt lat="31.9846355728805065155029296875" lon="118.769071139395236968994140625">
        <ele>29.799999237060546875</ele>
        <time>2024-10-14T12:10:37.000Z</time>
        <extensions>
          <ns3:TrackPointExtension>
            <ns3:atemp>27.0</ns3:atemp>
            <ns3:hr>176</ns3:hr>
            <ns3:cad>87</ns3:cad>
          </ns3:TrackPointExtension>
        </extensions>
      </trkpt>
      <trkpt lat="31.9846573658287525177001953125" lon="118.76907122321426868438720703125">
        <ele>29.799999237060546875</ele>
        <time>2024-10-14T12:10:38.000Z</time>
        <extensions>
          <ns3:TrackPointExtension>
            <ns3:atemp>27.0</ns3:atemp>
            <ns3:hr>176</ns3:hr>
            <ns3:cad>87</ns3:cad>
          </ns3:TrackPointExtension>
        </extensions>
      </trkpt>
      <trkpt lat="31.9846794940531253814697265625" lon="118.769072480499744415283203125">
        <ele>29.799999237060546875</ele>
        <time>2024-10-14T12:10:39.000Z</time>
        <extensions>
          <ns3:TrackPointExtension>
            <ns3:atemp>27.0</ns3:atemp>
            <ns3:hr>176</ns3:hr>
            <ns3:cad>87</ns3:cad>
          </ns3:TrackPointExtension>
        </extensions>
      </trkpt>
      <trkpt lat="31.9847043044865131378173828125" lon="118.76907507888972759246826171875">
        <ele>30</ele>
        <time>2024-10-14T12:10:40.000Z</time>
        <extensions>
          <ns3:TrackPointExtension>
            <ns3:atemp>27.0</ns3:atemp>
            <ns3:hr>176</ns3:hr>
            <ns3:cad>87</ns3:cad>
          </ns3:TrackPointExtension>
        </extensions>
      </trkpt>
      <trkpt lat="31.98472919873893260955810546875" lon="118.76907491125166416168212890625">
        <ele>30</ele>
        <time>2024-10-14T12:10:41.000Z</time>
        <extensions>
          <ns3:TrackPointExtension>
            <ns3:atemp>27.0</ns3:atemp>
            <ns3:hr>176</ns3:hr>
            <ns3:cad>87</ns3:cad>
          </ns3:TrackPointExtension>
        </extensions>
      </trkpt>
      <trkpt lat="31.98475467972457408905029296875" lon="118.769075162708759307861328125">
        <ele>30</ele>
        <time>2024-10-14T12:10:42.000Z</time>
        <extensions>
          <ns3:TrackPointExtension>
            <ns3:atemp>27.0</ns3:atemp>
            <ns3:hr>177</ns3:hr>
            <ns3:cad>87</ns3:cad>
          </ns3:TrackPointExtension>
        </extensions>
      </trkpt>
      <trkpt lat="31.9847794063389301300048828125" lon="118.76907558180391788482666015625">
        <ele>30</ele>
        <time>2024-10-14T12:10:43.000Z</time>
        <extensions>
          <ns3:TrackPointExtension>
            <ns3:atemp>27.0</ns3:atemp>
            <ns3:hr>177</ns3:hr>
            <ns3:cad>87</ns3:cad>
          </ns3:TrackPointExtension>
        </extensions>
      </trkpt>
      <trkpt lat="31.9848082400858402252197265625" lon="118.76907709054648876190185546875">
        <ele>30</ele>
        <time>2024-10-14T12:10:44.000Z</time>
        <extensions>
          <ns3:TrackPointExtension>
            <ns3:atemp>27.0</ns3:atemp>
            <ns3:hr>177</ns3:hr>
            <ns3:cad>87</ns3:cad>
          </ns3:TrackPointExtension>
        </extensions>
      </trkpt>
      <trkpt lat="31.98483179323375225067138671875" lon="118.76907558180391788482666015625">
        <ele>30</ele>
        <time>2024-10-14T12:10:45.000Z</time>
        <extensions>
          <ns3:TrackPointExtension>
            <ns3:atemp>27.0</ns3:atemp>
            <ns3:hr>177</ns3:hr>
            <ns3:cad>87</ns3:cad>
          </ns3:TrackPointExtension>
        </extensions>
      </trkpt>
      <trkpt lat="31.9848545081913471221923828125" lon="118.7690763361752033233642578125">
        <ele>30</ele>
        <time>2024-10-14T12:10:46.000Z</time>
        <extensions>
          <ns3:TrackPointExtension>
            <ns3:atemp>27.0</ns3:atemp>
            <ns3:hr>177</ns3:hr>
            <ns3:cad>87</ns3:cad>
          </ns3:TrackPointExtension>
        </extensions>
      </trkpt>
      <trkpt lat="31.98487512767314910888671875" lon="118.769077844917774200439453125">
        <ele>30</ele>
        <time>2024-10-14T12:10:47.000Z</time>
        <extensions>
          <ns3:TrackPointExtension>
            <ns3:atemp>27.0</ns3:atemp>
            <ns3:hr>177</ns3:hr>
            <ns3:cad>87</ns3:cad>
          </ns3:TrackPointExtension>
        </extensions>
      </trkpt>
      <trkpt lat="31.9848944060504436492919921875" lon="118.76907876692712306976318359375">
        <ele>30</ele>
        <time>2024-10-14T12:10:48.000Z</time>
        <extensions>
          <ns3:TrackPointExtension>
            <ns3:atemp>27.0</ns3:atemp>
            <ns3:hr>177</ns3:hr>
            <ns3:cad>87</ns3:cad>
          </ns3:TrackPointExtension>
        </extensions>
      </trkpt>
      <trkpt lat="31.9849148578941822052001953125" lon="118.769078515470027923583984375">
        <ele>30</ele>
        <time>2024-10-14T12:10:49.000Z</time>
        <extensions>
          <ns3:TrackPointExtension>
            <ns3:atemp>27.0</ns3:atemp>
            <ns3:hr>177</ns3:hr>
            <ns3:cad>87</ns3:cad>
          </ns3:TrackPointExtension>
        </extensions>
      </trkpt>
      <trkpt lat="31.98493690229952335357666015625" lon="118.7690773420035839080810546875">
        <ele>30.200000762939453125</ele>
        <time>2024-10-14T12:10:50.000Z</time>
        <extensions>
          <ns3:TrackPointExtension>
            <ns3:atemp>27.0</ns3:atemp>
            <ns3:hr>177</ns3:hr>
            <ns3:cad>87</ns3:cad>
          </ns3:TrackPointExtension>
        </extensions>
      </trkpt>
      <trkpt lat="31.9849601201713085174560546875" lon="118.7690783478319644927978515625">
        <ele>30.200000762939453125</ele>
        <time>2024-10-14T12:10:51.000Z</time>
        <extensions>
          <ns3:TrackPointExtension>
            <ns3:atemp>27.0</ns3:atemp>
            <ns3:hr>177</ns3:hr>
            <ns3:cad>88</ns3:cad>
          </ns3:TrackPointExtension>
        </extensions>
      </trkpt>
      <trkpt lat="31.98498484678566455841064453125" lon="118.76907859928905963897705078125">
        <ele>30.200000762939453125</ele>
        <time>2024-10-14T12:10:52.000Z</time>
        <extensions>
          <ns3:TrackPointExtension>
            <ns3:atemp>27.0</ns3:atemp>
            <ns3:hr>177</ns3:hr>
            <ns3:cad>88</ns3:cad>
          </ns3:TrackPointExtension>
        </extensions>
      </trkpt>
      <trkpt lat="31.9850085675716400146484375" lon="118.76907876692712306976318359375">
        <ele>30.200000762939453125</ele>
        <time>2024-10-14T12:10:53.000Z</time>
        <extensions>
          <ns3:TrackPointExtension>
            <ns3:atemp>27.0</ns3:atemp>
            <ns3:hr>177</ns3:hr>
            <ns3:cad>88</ns3:cad>
          </ns3:TrackPointExtension>
        </extensions>
      </trkpt>
      <trkpt lat="31.985030360519886016845703125" lon="118.7690773420035839080810546875">
        <ele>30.200000762939453125</ele>
        <time>2024-10-14T12:10:54.000Z</time>
        <extensions>
          <ns3:TrackPointExtension>
            <ns3:atemp>27.0</ns3:atemp>
            <ns3:hr>177</ns3:hr>
            <ns3:cad>88</ns3:cad>
          </ns3:TrackPointExtension>
        </extensions>
      </trkpt>
      <trkpt lat="31.98505349457263946533203125" lon="118.76907625235617160797119140625">
        <ele>30.3999996185302734375</ele>
        <time>2024-10-14T12:10:55.000Z</time>
        <extensions>
          <ns3:TrackPointExtension>
            <ns3:atemp>27.0</ns3:atemp>
            <ns3:hr>177</ns3:hr>
            <ns3:cad>87</ns3:cad>
          </ns3:TrackPointExtension>
        </extensions>
      </trkpt>
      <trkpt lat="31.9850791431963443756103515625" lon="118.7690721452236175537109375">
        <ele>30.3999996185302734375</ele>
        <time>2024-10-14T12:10:56.000Z</time>
        <extensions>
          <ns3:TrackPointExtension>
            <ns3:atemp>27.0</ns3:atemp>
            <ns3:hr>177</ns3:hr>
            <ns3:cad>87</ns3:cad>
          </ns3:TrackPointExtension>
        </extensions>
      </trkpt>
      <trkpt lat="31.9851032830774784088134765625" lon="118.7690694630146026611328125">
        <ele>30.3999996185302734375</ele>
        <time>2024-10-14T12:10:57.000Z</time>
        <extensions>
          <ns3:TrackPointExtension>
            <ns3:atemp>27.0</ns3:atemp>
            <ns3:hr>177</ns3:hr>
            <ns3:cad>88</ns3:cad>
          </ns3:TrackPointExtension>
        </extensions>
      </trkpt>
      <trkpt lat="31.98512666858732700347900390625" lon="118.7690667808055877685546875">
        <ele>30.6000003814697265625</ele>
        <time>2024-10-14T12:10:58.000Z</time>
        <extensions>
          <ns3:TrackPointExtension>
            <ns3:atemp>27.0</ns3:atemp>
            <ns3:hr>177</ns3:hr>
            <ns3:cad>88</ns3:cad>
          </ns3:TrackPointExtension>
        </extensions>
      </trkpt>
      <trkpt lat="31.9851435162127017974853515625" lon="118.76906468532979488372802734375">
        <ele>30.6000003814697265625</ele>
        <time>2024-10-14T12:10:59.000Z</time>
        <extensions>
          <ns3:TrackPointExtension>
            <ns3:atemp>27.0</ns3:atemp>
            <ns3:hr>177</ns3:hr>
            <ns3:cad>88</ns3:cad>
          </ns3:TrackPointExtension>
        </extensions>
      </trkpt>
      <trkpt lat="31.9851641356945037841796875" lon="118.76906418241560459136962890625">
        <ele>30.6000003814697265625</ele>
        <time>2024-10-14T12:11:00.000Z</time>
        <extensions>
          <ns3:TrackPointExtension>
            <ns3:atemp>27.0</ns3:atemp>
            <ns3:hr>177</ns3:hr>
            <ns3:cad>88</ns3:cad>
          </ns3:TrackPointExtension>
        </extensions>
      </trkpt>
      <trkpt lat="31.9851834140717983245849609375" lon="118.769064433872699737548828125">
        <ele>30.799999237060546875</ele>
        <time>2024-10-14T12:11:01.000Z</time>
        <extensions>
          <ns3:TrackPointExtension>
            <ns3:atemp>27.0</ns3:atemp>
            <ns3:hr>177</ns3:hr>
            <ns3:cad>88</ns3:cad>
          </ns3:TrackPointExtension>
        </extensions>
      </trkpt>
      <trkpt lat="31.9852088950574398040771484375" lon="118.76906585879623889923095703125">
        <ele>30.799999237060546875</ele>
        <time>2024-10-14T12:11:02.000Z</time>
        <extensions>
          <ns3:TrackPointExtension>
            <ns3:atemp>26.0</ns3:atemp>
            <ns3:hr>177</ns3:hr>
            <ns3:cad>87</ns3:cad>
          </ns3:TrackPointExtension>
        </extensions>
      </trkpt>
      <trkpt lat="31.98523228056728839874267578125" lon="118.769067786633968353271484375">
        <ele>30.799999237060546875</ele>
        <time>2024-10-14T12:11:03.000Z</time>
        <extensions>
          <ns3:TrackPointExtension>
            <ns3:atemp>27.0</ns3:atemp>
            <ns3:hr>177</ns3:hr>
            <ns3:cad>87</ns3:cad>
          </ns3:TrackPointExtension>
        </extensions>
      </trkpt>
      <trkpt lat="31.98525466024875640869140625" lon="118.7690721452236175537109375">
        <ele>31</ele>
        <time>2024-10-14T12:11:04.000Z</time>
        <extensions>
          <ns3:TrackPointExtension>
            <ns3:atemp>27.0</ns3:atemp>
            <ns3:hr>177</ns3:hr>
            <ns3:cad>87</ns3:cad>
          </ns3:TrackPointExtension>
        </extensions>
      </trkpt>
      <trkpt lat="31.98527469299733638763427734375" lon="118.76907440833747386932373046875">
        <ele>31</ele>
        <time>2024-10-14T12:11:05.000Z</time>
        <extensions>
          <ns3:TrackPointExtension>
            <ns3:atemp>27.0</ns3:atemp>
            <ns3:hr>177</ns3:hr>
            <ns3:cad>87</ns3:cad>
          </ns3:TrackPointExtension>
        </extensions>
      </trkpt>
      <trkpt lat="31.98529665358364582061767578125" lon="118.7690753303468227386474609375">
        <ele>31.200000762939453125</ele>
        <time>2024-10-14T12:11:06.000Z</time>
        <extensions>
          <ns3:TrackPointExtension>
            <ns3:atemp>27.0</ns3:atemp>
            <ns3:hr>177</ns3:hr>
            <ns3:cad>87</ns3:cad>
          </ns3:TrackPointExtension>
        </extensions>
      </trkpt>
      <trkpt lat="31.9853143393993377685546875" lon="118.76907524652779102325439453125">
        <ele>31.200000762939453125</ele>
        <time>2024-10-14T12:11:07.000Z</time>
        <extensions>
          <ns3:TrackPointExtension>
            <ns3:atemp>27.0</ns3:atemp>
            <ns3:hr>177</ns3:hr>
            <ns3:cad>87</ns3:cad>
          </ns3:TrackPointExtension>
        </extensions>
      </trkpt>
      <trkpt lat="31.98533110320568084716796875" lon="118.76907474361360073089599609375">
        <ele>31.3999996185302734375</ele>
        <time>2024-10-14T12:11:08.000Z</time>
        <extensions>
          <ns3:TrackPointExtension>
            <ns3:atemp>27.0</ns3:atemp>
            <ns3:hr>177</ns3:hr>
            <ns3:cad>87</ns3:cad>
          </ns3:TrackPointExtension>
        </extensions>
      </trkpt>
      <trkpt lat="31.98534987866878509521484375" lon="118.76907658763229846954345703125">
        <ele>31.3999996185302734375</ele>
        <time>2024-10-14T12:11:09.000Z</time>
        <extensions>
          <ns3:TrackPointExtension>
            <ns3:atemp>27.0</ns3:atemp>
            <ns3:hr>177</ns3:hr>
            <ns3:cad>87</ns3:cad>
          </ns3:TrackPointExtension>
        </extensions>
      </trkpt>
      <trkpt lat="31.98536597192287445068359375" lon="118.769077174365520477294921875">
        <ele>31.3999996185302734375</ele>
        <time>2024-10-14T12:11:10.000Z</time>
        <extensions>
          <ns3:TrackPointExtension>
            <ns3:atemp>27.0</ns3:atemp>
            <ns3:hr>177</ns3:hr>
            <ns3:cad>87</ns3:cad>
          </ns3:TrackPointExtension>
        </extensions>
      </trkpt>
      <trkpt lat="31.985389776527881622314453125" lon="118.7690770067274570465087890625">
        <ele>31.3999996185302734375</ele>
        <time>2024-10-14T12:11:11.000Z</time>
        <extensions>
          <ns3:TrackPointExtension>
            <ns3:atemp>27.0</ns3:atemp>
            <ns3:hr>177</ns3:hr>
            <ns3:cad>87</ns3:cad>
          </ns3:TrackPointExtension>
        </extensions>
      </trkpt>
      <trkpt lat="31.9854108989238739013671875" lon="118.76907524652779102325439453125">
        <ele>31.6000003814697265625</ele>
        <time>2024-10-14T12:11:12.000Z</time>
        <extensions>
          <ns3:TrackPointExtension>
            <ns3:atemp>27.0</ns3:atemp>
            <ns3:hr>177</ns3:hr>
            <ns3:cad>87</ns3:cad>
          </ns3:TrackPointExtension>
        </extensions>
      </trkpt>
      <trkpt lat="31.9854342006146907806396484375" lon="118.769073821604251861572265625">
        <ele>31.6000003814697265625</ele>
        <time>2024-10-14T12:11:13.000Z</time>
        <extensions>
          <ns3:TrackPointExtension>
            <ns3:atemp>27.0</ns3:atemp>
            <ns3:hr>177</ns3:hr>
            <ns3:cad>86</ns3:cad>
          </ns3:TrackPointExtension>
        </extensions>
      </trkpt>
      <trkpt lat="31.98545775376260280609130859375" lon="118.7690686248242855072021484375">
        <ele>31.799999237060546875</ele>
        <time>2024-10-14T12:11:14.000Z</time>
        <extensions>
          <ns3:TrackPointExtension>
            <ns3:atemp>27.0</ns3:atemp>
            <ns3:hr>177</ns3:hr>
            <ns3:cad>86</ns3:cad>
          </ns3:TrackPointExtension>
        </extensions>
      </trkpt>
      <trkpt lat="31.9854787923395633697509765625" lon="118.76906602643430233001708984375">
        <ele>31.799999237060546875</ele>
        <time>2024-10-14T12:11:15.000Z</time>
        <extensions>
          <ns3:TrackPointExtension>
            <ns3:atemp>27.0</ns3:atemp>
            <ns3:hr>177</ns3:hr>
            <ns3:cad>85</ns3:cad>
          </ns3:TrackPointExtension>
        </extensions>
      </trkpt>
      <trkpt lat="31.9855029322206974029541015625" lon="118.7690669484436511993408203125">
        <ele>32</ele>
        <time>2024-10-14T12:11:16.000Z</time>
        <extensions>
          <ns3:TrackPointExtension>
            <ns3:atemp>27.0</ns3:atemp>
            <ns3:hr>177</ns3:hr>
            <ns3:cad>85</ns3:cad>
          </ns3:TrackPointExtension>
        </extensions>
      </trkpt>
      <trkpt lat="31.98552413843572139739990234375" lon="118.76906703226268291473388671875">
        <ele>32</ele>
        <time>2024-10-14T12:11:17.000Z</time>
        <extensions>
          <ns3:TrackPointExtension>
            <ns3:atemp>27.0</ns3:atemp>
            <ns3:hr>177</ns3:hr>
            <ns3:cad>85</ns3:cad>
          </ns3:TrackPointExtension>
        </extensions>
      </trkpt>
      <trkpt lat="31.985548697412014007568359375" lon="118.7690679542720317840576171875">
        <ele>32</ele>
        <time>2024-10-14T12:11:18.000Z</time>
        <extensions>
          <ns3:TrackPointExtension>
            <ns3:atemp>27.0</ns3:atemp>
            <ns3:hr>177</ns3:hr>
            <ns3:cad>85</ns3:cad>
          </ns3:TrackPointExtension>
        </extensions>
      </trkpt>
      <trkpt lat="31.9855689816176891326904296875" lon="118.76906854100525379180908203125">
        <ele>32.200000762939453125</ele>
        <time>2024-10-14T12:11:19.000Z</time>
        <extensions>
          <ns3:TrackPointExtension>
            <ns3:atemp>27.0</ns3:atemp>
            <ns3:hr>177</ns3:hr>
            <ns3:cad>86</ns3:cad>
          </ns3:TrackPointExtension>
        </extensions>
      </trkpt>
      <trkpt lat="31.9855894334614276885986328125" lon="118.76907122321426868438720703125">
        <ele>32.200000762939453125</ele>
        <time>2024-10-14T12:11:20.000Z</time>
        <extensions>
          <ns3:TrackPointExtension>
            <ns3:atemp>27.0</ns3:atemp>
            <ns3:hr>177</ns3:hr>
            <ns3:cad>86</ns3:cad>
          </ns3:TrackPointExtension>
        </extensions>
      </trkpt>
      <trkpt lat="31.98560745455324649810791015625" lon="118.76907155849039554595947265625">
        <ele>32.200000762939453125</ele>
        <time>2024-10-14T12:11:21.000Z</time>
        <extensions>
          <ns3:TrackPointExtension>
            <ns3:atemp>27.0</ns3:atemp>
            <ns3:hr>177</ns3:hr>
            <ns3:cad>87</ns3:cad>
          </ns3:TrackPointExtension>
        </extensions>
      </trkpt>
      <trkpt lat="31.9856273196637630462646484375" lon="118.76907273195683956146240234375">
        <ele>32.40000152587890625</ele>
        <time>2024-10-14T12:11:22.000Z</time>
        <extensions>
          <ns3:TrackPointExtension>
            <ns3:atemp>27.0</ns3:atemp>
            <ns3:hr>176</ns3:hr>
            <ns3:cad>87</ns3:cad>
          </ns3:TrackPointExtension>
        </extensions>
      </trkpt>
      <trkpt lat="31.98564919643104076385498046875" lon="118.76907440833747386932373046875">
        <ele>32.40000152587890625</ele>
        <time>2024-10-14T12:11:23.000Z</time>
        <extensions>
          <ns3:TrackPointExtension>
            <ns3:atemp>27.0</ns3:atemp>
            <ns3:hr>176</ns3:hr>
            <ns3:cad>87</ns3:cad>
          </ns3:TrackPointExtension>
        </extensions>
      </trkpt>
      <trkpt lat="31.9856688939034938812255859375" lon="118.76907591708004474639892578125">
        <ele>32.40000152587890625</ele>
        <time>2024-10-14T12:11:24.000Z</time>
        <extensions>
          <ns3:TrackPointExtension>
            <ns3:atemp>27.0</ns3:atemp>
            <ns3:hr>175</ns3:hr>
            <ns3:cad>85</ns3:cad>
          </ns3:TrackPointExtension>
        </extensions>
      </trkpt>
      <trkpt lat="31.98569043539464473724365234375" lon="118.76907826401293277740478515625">
        <ele>32.59999847412109375</ele>
        <time>2024-10-14T12:11:25.000Z</time>
        <extensions>
          <ns3:TrackPointExtension>
            <ns3:atemp>27.0</ns3:atemp>
            <ns3:hr>175</ns3:hr>
            <ns3:cad>85</ns3:cad>
          </ns3:TrackPointExtension>
        </extensions>
      </trkpt>
      <trkpt lat="31.9857141561806201934814453125" lon="118.769080527126789093017578125">
        <ele>32.59999847412109375</ele>
        <time>2024-10-14T12:11:26.000Z</time>
        <extensions>
          <ns3:TrackPointExtension>
            <ns3:atemp>27.0</ns3:atemp>
            <ns3:hr>175</ns3:hr>
            <ns3:cad>86</ns3:cad>
          </ns3:TrackPointExtension>
        </extensions>
      </trkpt>
      <trkpt lat="31.9857359491288661956787109375" lon="118.76907952129840850830078125">
        <ele>32.799999237060546875</ele>
        <time>2024-10-14T12:11:27.000Z</time>
        <extensions>
          <ns3:TrackPointExtension>
            <ns3:atemp>27.0</ns3:atemp>
            <ns3:hr>175</ns3:hr>
            <ns3:cad>86</ns3:cad>
          </ns3:TrackPointExtension>
        </extensions>
      </trkpt>
      <trkpt lat="31.9857584126293659210205078125" lon="118.769081197679042816162109375">
        <ele>32.799999237060546875</ele>
        <time>2024-10-14T12:11:28.000Z</time>
        <extensions>
          <ns3:TrackPointExtension>
            <ns3:atemp>27.0</ns3:atemp>
            <ns3:hr>175</ns3:hr>
            <ns3:cad>87</ns3:cad>
          </ns3:TrackPointExtension>
        </extensions>
      </trkpt>
      <trkpt lat="31.98578028939664363861083984375" lon="118.769080527126789093017578125">
        <ele>32.799999237060546875</ele>
        <time>2024-10-14T12:11:29.000Z</time>
        <extensions>
          <ns3:TrackPointExtension>
            <ns3:atemp>27.0</ns3:atemp>
            <ns3:hr>175</ns3:hr>
            <ns3:cad>87</ns3:cad>
          </ns3:TrackPointExtension>
        </extensions>
      </trkpt>
      <trkpt lat="31.98580627329647541046142578125" lon="118.7690828740596771240234375">
        <ele>32.799999237060546875</ele>
        <time>2024-10-14T12:11:30.000Z</time>
        <extensions>
          <ns3:TrackPointExtension>
            <ns3:atemp>27.0</ns3:atemp>
            <ns3:hr>175</ns3:hr>
            <ns3:cad>87</ns3:cad>
          </ns3:TrackPointExtension>
        </extensions>
      </trkpt>
      <trkpt lat="31.98582722805440425872802734375" lon="118.76908379606902599334716796875">
        <ele>32.799999237060546875</ele>
        <time>2024-10-14T12:11:31.000Z</time>
        <extensions>
          <ns3:TrackPointExtension>
            <ns3:atemp>27.0</ns3:atemp>
            <ns3:hr>174</ns3:hr>
            <ns3:cad>87</ns3:cad>
          </ns3:TrackPointExtension>
        </extensions>
      </trkpt>
      <trkpt lat="31.98584868572652339935302734375" lon="118.76908681355416774749755859375">
        <ele>32.799999237060546875</ele>
        <time>2024-10-14T12:11:32.000Z</time>
        <extensions>
          <ns3:TrackPointExtension>
            <ns3:atemp>27.0</ns3:atemp>
            <ns3:hr>174</ns3:hr>
            <ns3:cad>87</ns3:cad>
          </ns3:TrackPointExtension>
        </extensions>
      </trkpt>
      <trkpt lat="31.98586813174188137054443359375" lon="118.76908664591610431671142578125">
        <ele>32.799999237060546875</ele>
        <time>2024-10-14T12:11:33.000Z</time>
        <extensions>
          <ns3:TrackPointExtension>
            <ns3:atemp>27.0</ns3:atemp>
            <ns3:hr>172</ns3:hr>
            <ns3:cad>87</ns3:cad>
          </ns3:TrackPointExtension>
        </extensions>
      </trkpt>
      <trkpt lat="31.9858895055949687957763671875" lon="118.769086562097072601318359375">
        <ele>32.799999237060546875</ele>
        <time>2024-10-14T12:11:34.000Z</time>
        <extensions>
          <ns3:TrackPointExtension>
            <ns3:atemp>27.0</ns3:atemp>
            <ns3:hr>171</ns3:hr>
            <ns3:cad>88</ns3:cad>
          </ns3:TrackPointExtension>
        </extensions>
      </trkpt>
      <trkpt lat="31.98591020889580249786376953125" lon="118.7690850533545017242431640625">
        <ele>32.799999237060546875</ele>
        <time>2024-10-14T12:11:35.000Z</time>
        <extensions>
          <ns3:TrackPointExtension>
            <ns3:atemp>27.0</ns3:atemp>
            <ns3:hr>171</ns3:hr>
            <ns3:cad>88</ns3:cad>
          </ns3:TrackPointExtension>
        </extensions>
      </trkpt>
      <trkpt lat="31.98592982254922389984130859375" lon="118.76908346079289913177490234375">
        <ele>33</ele>
        <time>2024-10-14T12:11:36.000Z</time>
        <extensions>
          <ns3:TrackPointExtension>
            <ns3:atemp>27.0</ns3:atemp>
            <ns3:hr>171</ns3:hr>
            <ns3:cad>88</ns3:cad>
          </ns3:TrackPointExtension>
        </extensions>
      </trkpt>
      <trkpt lat="31.98594935238361358642578125" lon="118.76908279024064540863037109375">
        <ele>33</ele>
        <time>2024-10-14T12:11:37.000Z</time>
        <extensions>
          <ns3:TrackPointExtension>
            <ns3:atemp>27.0</ns3:atemp>
            <ns3:hr>171</ns3:hr>
            <ns3:cad>87</ns3:cad>
          </ns3:TrackPointExtension>
        </extensions>
      </trkpt>
      <trkpt lat="31.985969804227352142333984375" lon="118.76908195205032825469970703125">
        <ele>33.200000762939453125</ele>
        <time>2024-10-14T12:11:38.000Z</time>
        <extensions>
          <ns3:TrackPointExtension>
            <ns3:atemp>27.0</ns3:atemp>
            <ns3:hr>171</ns3:hr>
            <ns3:cad>87</ns3:cad>
          </ns3:TrackPointExtension>
        </extensions>
      </trkpt>
      <trkpt lat="31.98599151335656642913818359375" lon="118.769081868231296539306640625">
        <ele>33.40000152587890625</ele>
        <time>2024-10-14T12:11:39.000Z</time>
        <extensions>
          <ns3:TrackPointExtension>
            <ns3:atemp>27.0</ns3:atemp>
            <ns3:hr>172</ns3:hr>
            <ns3:cad>87</ns3:cad>
          </ns3:TrackPointExtension>
        </extensions>
      </trkpt>
      <trkpt lat="31.9860162399709224700927734375" lon="118.76908312551677227020263671875">
        <ele>33.59999847412109375</ele>
        <time>2024-10-14T12:11:40.000Z</time>
        <extensions>
          <ns3:TrackPointExtension>
            <ns3:atemp>27.0</ns3:atemp>
            <ns3:hr>172</ns3:hr>
            <ns3:cad>87</ns3:cad>
          </ns3:TrackPointExtension>
        </extensions>
      </trkpt>
      <trkpt lat="31.9860397092998027801513671875" lon="118.76908614300191402435302734375">
        <ele>33.799999237060546875</ele>
        <time>2024-10-14T12:11:41.000Z</time>
        <extensions>
          <ns3:TrackPointExtension>
            <ns3:atemp>27.0</ns3:atemp>
            <ns3:hr>171</ns3:hr>
            <ns3:cad>86</ns3:cad>
          </ns3:TrackPointExtension>
        </extensions>
      </trkpt>
      <trkpt lat="31.98605739511549472808837890625" lon="118.76908488571643829345703125">
        <ele>33.799999237060546875</ele>
        <time>2024-10-14T12:11:42.000Z</time>
        <extensions>
          <ns3:TrackPointExtension>
            <ns3:atemp>27.0</ns3:atemp>
            <ns3:hr>171</ns3:hr>
            <ns3:cad>86</ns3:cad>
          </ns3:TrackPointExtension>
        </extensions>
      </trkpt>
      <trkpt lat="31.9860796071588993072509765625" lon="118.76908346079289913177490234375">
        <ele>33.799999237060546875</ele>
        <time>2024-10-14T12:11:43.000Z</time>
        <extensions>
          <ns3:TrackPointExtension>
            <ns3:atemp>27.0</ns3:atemp>
            <ns3:hr>171</ns3:hr>
            <ns3:cad>86</ns3:cad>
          </ns3:TrackPointExtension>
        </extensions>
      </trkpt>
      <trkpt lat="31.98609947226941585540771484375" lon="118.76908262260258197784423828125">
        <ele>34</ele>
        <time>2024-10-14T12:11:44.000Z</time>
        <extensions>
          <ns3:TrackPointExtension>
            <ns3:atemp>27.0</ns3:atemp>
            <ns3:hr>171</ns3:hr>
            <ns3:cad>87</ns3:cad>
          </ns3:TrackPointExtension>
        </extensions>
      </trkpt>
      <trkpt lat="31.98612327687442302703857421875" lon="118.76908329315483570098876953125">
        <ele>34</ele>
        <time>2024-10-14T12:11:45.000Z</time>
        <extensions>
          <ns3:TrackPointExtension>
            <ns3:atemp>27.0</ns3:atemp>
            <ns3:hr>171</ns3:hr>
            <ns3:cad>87</ns3:cad>
          </ns3:TrackPointExtension>
        </extensions>
      </trkpt>
      <trkpt lat="31.98614171706140041351318359375" lon="118.76908262260258197784423828125">
        <ele>34</ele>
        <time>2024-10-14T12:11:46.000Z</time>
        <extensions>
          <ns3:TrackPointExtension>
            <ns3:atemp>27.0</ns3:atemp>
            <ns3:hr>171</ns3:hr>
            <ns3:cad>88</ns3:cad>
          </ns3:TrackPointExtension>
        </extensions>
      </trkpt>
      <trkpt lat="31.98616216890513896942138671875" lon="118.76908354461193084716796875">
        <ele>34</ele>
        <time>2024-10-14T12:11:47.000Z</time>
        <extensions>
          <ns3:TrackPointExtension>
            <ns3:atemp>27.0</ns3:atemp>
            <ns3:hr>171</ns3:hr>
            <ns3:cad>88</ns3:cad>
          </ns3:TrackPointExtension>
        </extensions>
      </trkpt>
      <trkpt lat="31.986182369291782379150390625" lon="118.769081532955169677734375">
        <ele>34</ele>
        <time>2024-10-14T12:11:48.000Z</time>
        <extensions>
          <ns3:TrackPointExtension>
            <ns3:atemp>27.0</ns3:atemp>
            <ns3:hr>171</ns3:hr>
            <ns3:cad>88</ns3:cad>
          </ns3:TrackPointExtension>
        </extensions>
      </trkpt>
      <trkpt lat="31.98620324023067951202392578125" lon="118.76907994039356708526611328125">
        <ele>34</ele>
        <time>2024-10-14T12:11:49.000Z</time>
        <extensions>
          <ns3:TrackPointExtension>
            <ns3:atemp>27.0</ns3:atemp>
            <ns3:hr>171</ns3:hr>
            <ns3:cad>88</ns3:cad>
          </ns3:TrackPointExtension>
        </extensions>
      </trkpt>
      <trkpt lat="31.9862254522740840911865234375" lon="118.76907742582261562347412109375">
        <ele>34</ele>
        <time>2024-10-14T12:11:50.000Z</time>
        <extensions>
          <ns3:TrackPointExtension>
            <ns3:atemp>27.0</ns3:atemp>
            <ns3:hr>172</ns3:hr>
            <ns3:cad>88</ns3:cad>
          </ns3:TrackPointExtension>
        </extensions>
      </trkpt>
      <trkpt lat="31.98625017888844013214111328125" lon="118.76907608471810817718505859375">
        <ele>34.200000762939453125</ele>
        <time>2024-10-14T12:11:51.000Z</time>
        <extensions>
          <ns3:TrackPointExtension>
            <ns3:atemp>27.0</ns3:atemp>
            <ns3:hr>172</ns3:hr>
            <ns3:cad>88</ns3:cad>
          </ns3:TrackPointExtension>
        </extensions>
      </trkpt>
      <trkpt lat="31.98627850972115993499755859375" lon="118.7690773420035839080810546875">
        <ele>34.200000762939453125</ele>
        <time>2024-10-14T12:11:52.000Z</time>
        <extensions>
          <ns3:TrackPointExtension>
            <ns3:atemp>27.0</ns3:atemp>
            <ns3:hr>172</ns3:hr>
            <ns3:cad>88</ns3:cad>
          </ns3:TrackPointExtension>
        </extensions>
      </trkpt>
      <trkpt lat="31.98630399070680141448974609375" lon="118.76907818019390106201171875">
        <ele>34.200000762939453125</ele>
        <time>2024-10-14T12:11:53.000Z</time>
        <extensions>
          <ns3:TrackPointExtension>
            <ns3:atemp>27.0</ns3:atemp>
            <ns3:hr>172</ns3:hr>
            <ns3:cad>88</ns3:cad>
          </ns3:TrackPointExtension>
        </extensions>
      </trkpt>
      <trkpt lat="31.98633299209177494049072265625" lon="118.76907818019390106201171875">
        <ele>34.40000152587890625</ele>
        <time>2024-10-14T12:11:54.000Z</time>
        <extensions>
          <ns3:TrackPointExtension>
            <ns3:atemp>27.0</ns3:atemp>
            <ns3:hr>172</ns3:hr>
            <ns3:cad>88</ns3:cad>
          </ns3:TrackPointExtension>
        </extensions>
      </trkpt>
      <trkpt lat="31.9863592274487018585205078125" lon="118.7690766714513301849365234375">
        <ele>34.40000152587890625</ele>
        <time>2024-10-14T12:11:55.000Z</time>
        <extensions>
          <ns3:TrackPointExtension>
            <ns3:atemp>27.0</ns3:atemp>
            <ns3:hr>172</ns3:hr>
            <ns3:cad>87</ns3:cad>
          </ns3:TrackPointExtension>
        </extensions>
      </trkpt>
      <trkpt lat="31.986382864415645599365234375" lon="118.7690766714513301849365234375">
        <ele>34.40000152587890625</ele>
        <time>2024-10-14T12:11:56.000Z</time>
        <extensions>
          <ns3:TrackPointExtension>
            <ns3:atemp>27.0</ns3:atemp>
            <ns3:hr>172</ns3:hr>
            <ns3:cad>87</ns3:cad>
          </ns3:TrackPointExtension>
        </extensions>
      </trkpt>
      <trkpt lat="31.986411027610301971435546875" lon="118.76907709054648876190185546875">
        <ele>34.40000152587890625</ele>
        <time>2024-10-14T12:11:57.000Z</time>
        <extensions>
          <ns3:TrackPointExtension>
            <ns3:atemp>27.0</ns3:atemp>
            <ns3:hr>172</ns3:hr>
            <ns3:cad>88</ns3:cad>
          </ns3:TrackPointExtension>
        </extensions>
      </trkpt>
      <trkpt lat="31.98643189854919910430908203125" lon="118.76907876692712306976318359375">
        <ele>34.40000152587890625</ele>
        <time>2024-10-14T12:11:58.000Z</time>
        <extensions>
          <ns3:TrackPointExtension>
            <ns3:atemp>27.0</ns3:atemp>
            <ns3:hr>172</ns3:hr>
            <ns3:cad>88</ns3:cad>
          </ns3:TrackPointExtension>
        </extensions>
      </trkpt>
      <trkpt lat="31.986460648477077484130859375" lon="118.76907876692712306976318359375">
        <ele>34.40000152587890625</ele>
        <time>2024-10-14T12:11:59.000Z</time>
        <extensions>
          <ns3:TrackPointExtension>
            <ns3:atemp>27.0</ns3:atemp>
            <ns3:hr>172</ns3:hr>
            <ns3:cad>88</ns3:cad>
          </ns3:TrackPointExtension>
        </extensions>
      </trkpt>
      <trkpt lat="31.9864839501678943634033203125" lon="118.7690790183842182159423828125">
        <ele>34.40000152587890625</ele>
        <time>2024-10-14T12:12:00.000Z</time>
        <extensions>
          <ns3:TrackPointExtension>
            <ns3:atemp>27.0</ns3:atemp>
            <ns3:hr>172</ns3:hr>
            <ns3:cad>88</ns3:cad>
          </ns3:TrackPointExtension>
        </extensions>
      </trkpt>
      <trkpt lat="31.986509263515472412109375" lon="118.76907876692712306976318359375">
        <ele>34.59999847412109375</ele>
        <time>2024-10-14T12:12:01.000Z</time>
        <extensions>
          <ns3:TrackPointExtension>
            <ns3:atemp>27.0</ns3:atemp>
            <ns3:hr>172</ns3:hr>
            <ns3:cad>88</ns3:cad>
          </ns3:TrackPointExtension>
        </extensions>
      </trkpt>
      <trkpt lat="31.98653583414852619171142578125" lon="118.76908010803163051605224609375">
        <ele>34.59999847412109375</ele>
        <time>2024-10-14T12:12:02.000Z</time>
        <extensions>
          <ns3:TrackPointExtension>
            <ns3:atemp>27.0</ns3:atemp>
            <ns3:hr>172</ns3:hr>
            <ns3:cad>88</ns3:cad>
          </ns3:TrackPointExtension>
        </extensions>
      </trkpt>
      <trkpt lat="31.98656248860061168670654296875" lon="118.76908295787870883941650390625">
        <ele>34.59999847412109375</ele>
        <time>2024-10-14T12:12:03.000Z</time>
        <extensions>
          <ns3:TrackPointExtension>
            <ns3:atemp>27.0</ns3:atemp>
            <ns3:hr>172</ns3:hr>
            <ns3:cad>88</ns3:cad>
          </ns3:TrackPointExtension>
        </extensions>
      </trkpt>
      <trkpt lat="31.98659165762364864349365234375" lon="118.76908496953547000885009765625">
        <ele>34.799999237060546875</ele>
        <time>2024-10-14T12:12:04.000Z</time>
        <extensions>
          <ns3:TrackPointExtension>
            <ns3:atemp>27.0</ns3:atemp>
            <ns3:hr>172</ns3:hr>
            <ns3:cad>88</ns3:cad>
          </ns3:TrackPointExtension>
        </extensions>
      </trkpt>
      <trkpt lat="31.98661780916154384613037109375" lon="118.7690850533545017242431640625">
        <ele>35</ele>
        <time>2024-10-14T12:12:05.000Z</time>
        <extensions>
          <ns3:TrackPointExtension>
            <ns3:atemp>27.0</ns3:atemp>
            <ns3:hr>172</ns3:hr>
            <ns3:cad>88</ns3:cad>
          </ns3:TrackPointExtension>
        </extensions>
      </trkpt>
      <trkpt lat="31.98664362542331218719482421875" lon="118.7690860591828823089599609375">
        <ele>35</ele>
        <time>2024-10-14T12:12:06.000Z</time>
        <extensions>
          <ns3:TrackPointExtension>
            <ns3:atemp>27.0</ns3:atemp>
            <ns3:hr>172</ns3:hr>
            <ns3:cad>88</ns3:cad>
          </ns3:TrackPointExtension>
        </extensions>
      </trkpt>
      <trkpt lat="31.98666826821863651275634765625" lon="118.76908765174448490142822265625">
        <ele>35.200000762939453125</ele>
        <time>2024-10-14T12:12:07.000Z</time>
        <extensions>
          <ns3:TrackPointExtension>
            <ns3:atemp>27.0</ns3:atemp>
            <ns3:hr>172</ns3:hr>
            <ns3:cad>88</ns3:cad>
          </ns3:TrackPointExtension>
        </extensions>
      </trkpt>
      <trkpt lat="31.9866924919188022613525390625" lon="118.76908890902996063232421875">
        <ele>35.200000762939453125</ele>
        <time>2024-10-14T12:12:08.000Z</time>
        <extensions>
          <ns3:TrackPointExtension>
            <ns3:atemp>27.0</ns3:atemp>
            <ns3:hr>172</ns3:hr>
            <ns3:cad>88</ns3:cad>
          </ns3:TrackPointExtension>
        </extensions>
      </trkpt>
      <trkpt lat="31.9867176376283168792724609375" lon="118.7690917588770389556884765625">
        <ele>35.40000152587890625</ele>
        <time>2024-10-14T12:12:09.000Z</time>
        <extensions>
          <ns3:TrackPointExtension>
            <ns3:atemp>27.0</ns3:atemp>
            <ns3:hr>172</ns3:hr>
            <ns3:cad>88</ns3:cad>
          </ns3:TrackPointExtension>
        </extensions>
      </trkpt>
      <trkpt lat="31.98673926293849945068359375" lon="118.7690917588770389556884765625">
        <ele>35.40000152587890625</ele>
        <time>2024-10-14T12:12:10.000Z</time>
        <extensions>
          <ns3:TrackPointExtension>
            <ns3:atemp>27.0</ns3:atemp>
            <ns3:hr>172</ns3:hr>
            <ns3:cad>88</ns3:cad>
          </ns3:TrackPointExtension>
        </extensions>
      </trkpt>
      <trkpt lat="31.986766420304775238037109375" lon="118.76909335143864154815673828125">
        <ele>35.59999847412109375</ele>
        <time>2024-10-14T12:12:11.000Z</time>
        <extensions>
          <ns3:TrackPointExtension>
            <ns3:atemp>27.0</ns3:atemp>
            <ns3:hr>172</ns3:hr>
            <ns3:cad>88</ns3:cad>
          </ns3:TrackPointExtension>
        </extensions>
      </trkpt>
      <trkpt lat="31.9867922365665435791015625" lon="118.7690974585711956024169921875">
        <ele>35.799999237060546875</ele>
        <time>2024-10-14T12:12:12.000Z</time>
        <extensions>
          <ns3:TrackPointExtension>
            <ns3:atemp>27.0</ns3:atemp>
            <ns3:hr>172</ns3:hr>
            <ns3:cad>88</ns3:cad>
          </ns3:TrackPointExtension>
        </extensions>
      </trkpt>
      <trkpt lat="31.9868185557425022125244140625" lon="118.7690984643995761871337890625">
        <ele>35.799999237060546875</ele>
        <time>2024-10-14T12:12:13.000Z</time>
        <extensions>
          <ns3:TrackPointExtension>
            <ns3:atemp>27.0</ns3:atemp>
            <ns3:hr>172</ns3:hr>
            <ns3:cad>88</ns3:cad>
          </ns3:TrackPointExtension>
        </extensions>
      </trkpt>
      <trkpt lat="31.98684529401361942291259765625" lon="118.769101314246654510498046875">
        <ele>36.200000762939453125</ele>
        <time>2024-10-14T12:12:14.000Z</time>
        <extensions>
          <ns3:TrackPointExtension>
            <ns3:atemp>27.0</ns3:atemp>
            <ns3:hr>172</ns3:hr>
            <ns3:cad>88</ns3:cad>
          </ns3:TrackPointExtension>
        </extensions>
      </trkpt>
      <trkpt lat="31.9868668355047702789306640625" lon="118.7691031582653522491455078125">
        <ele>36.200000762939453125</ele>
        <time>2024-10-14T12:12:15.000Z</time>
        <extensions>
          <ns3:TrackPointExtension>
            <ns3:atemp>27.0</ns3:atemp>
            <ns3:hr>172</ns3:hr>
            <ns3:cad>88</ns3:cad>
          </ns3:TrackPointExtension>
        </extensions>
      </trkpt>
      <trkpt lat="31.98688410222530364990234375" lon="118.76910366117954254150390625">
        <ele>36.200000762939453125</ele>
        <time>2024-10-14T12:12:16.000Z</time>
        <extensions>
          <ns3:TrackPointExtension>
            <ns3:atemp>27.0</ns3:atemp>
            <ns3:hr>172</ns3:hr>
            <ns3:cad>88</ns3:cad>
          </ns3:TrackPointExtension>
        </extensions>
      </trkpt>
      <trkpt lat="31.986903212964534759521484375" lon="118.76910500228404998779296875">
        <ele>36.200000762939453125</ele>
        <time>2024-10-14T12:12:17.000Z</time>
        <extensions>
          <ns3:TrackPointExtension>
            <ns3:atemp>27.0</ns3:atemp>
            <ns3:hr>172</ns3:hr>
            <ns3:cad>88</ns3:cad>
          </ns3:TrackPointExtension>
        </extensions>
      </trkpt>
      <trkpt lat="31.98692039586603641510009765625" lon="118.769104667007923126220703125">
        <ele>36.40000152587890625</ele>
        <time>2024-10-14T12:12:18.000Z</time>
        <extensions>
          <ns3:TrackPointExtension>
            <ns3:atemp>27.0</ns3:atemp>
            <ns3:hr>173</ns3:hr>
            <ns3:cad>88</ns3:cad>
          </ns3:TrackPointExtension>
        </extensions>
      </trkpt>
      <trkpt lat="31.98693774640560150146484375" lon="118.76910366117954254150390625">
        <ele>36.40000152587890625</ele>
        <time>2024-10-14T12:12:19.000Z</time>
        <extensions>
          <ns3:TrackPointExtension>
            <ns3:atemp>27.0</ns3:atemp>
            <ns3:hr>173</ns3:hr>
            <ns3:cad>88</ns3:cad>
          </ns3:TrackPointExtension>
        </extensions>
      </trkpt>
      <trkpt lat="31.98695928789675235748291015625" lon="118.76910173334181308746337890625">
        <ele>36.40000152587890625</ele>
        <time>2024-10-14T12:12:20.000Z</time>
        <extensions>
          <ns3:TrackPointExtension>
            <ns3:atemp>27.0</ns3:atemp>
            <ns3:hr>173</ns3:hr>
            <ns3:cad>88</ns3:cad>
          </ns3:TrackPointExtension>
        </extensions>
      </trkpt>
      <trkpt lat="31.9869773089885711669921875" lon="118.76909871585667133331298828125">
        <ele>36.59999847412109375</ele>
        <time>2024-10-14T12:12:21.000Z</time>
        <extensions>
          <ns3:TrackPointExtension>
            <ns3:atemp>27.0</ns3:atemp>
            <ns3:hr>173</ns3:hr>
            <ns3:cad>87</ns3:cad>
          </ns3:TrackPointExtension>
        </extensions>
      </trkpt>
      <trkpt lat="31.98699767701327800750732421875" lon="118.769096620380878448486328125">
        <ele>36.59999847412109375</ele>
        <time>2024-10-14T12:12:22.000Z</time>
        <extensions>
          <ns3:TrackPointExtension>
            <ns3:atemp>27.0</ns3:atemp>
            <ns3:hr>173</ns3:hr>
            <ns3:cad>87</ns3:cad>
          </ns3:TrackPointExtension>
        </extensions>
      </trkpt>
      <trkpt lat="31.987021900713443756103515625" lon="118.7690957821905612945556640625">
        <ele>36.59999847412109375</ele>
        <time>2024-10-14T12:12:23.000Z</time>
        <extensions>
          <ns3:TrackPointExtension>
            <ns3:atemp>27.0</ns3:atemp>
            <ns3:hr>173</ns3:hr>
            <ns3:cad>87</ns3:cad>
          </ns3:TrackPointExtension>
        </extensions>
      </trkpt>
      <trkpt lat="31.98704905807971954345703125" lon="118.76909402199089527130126953125">
        <ele>36.59999847412109375</ele>
        <time>2024-10-14T12:12:24.000Z</time>
        <extensions>
          <ns3:TrackPointExtension>
            <ns3:atemp>27.0</ns3:atemp>
            <ns3:hr>173</ns3:hr>
            <ns3:cad>87</ns3:cad>
          </ns3:TrackPointExtension>
        </extensions>
      </trkpt>
      <trkpt lat="31.9870726950466632843017578125" lon="118.76909268088638782501220703125">
        <ele>36.799999237060546875</ele>
        <time>2024-10-14T12:12:25.000Z</time>
        <extensions>
          <ns3:TrackPointExtension>
            <ns3:atemp>27.0</ns3:atemp>
            <ns3:hr>173</ns3:hr>
            <ns3:cad>86</ns3:cad>
          </ns3:TrackPointExtension>
        </extensions>
      </trkpt>
      <trkpt lat="31.98709423653781414031982421875" lon="118.76909133978188037872314453125">
        <ele>36.799999237060546875</ele>
        <time>2024-10-14T12:12:26.000Z</time>
        <extensions>
          <ns3:TrackPointExtension>
            <ns3:atemp>27.0</ns3:atemp>
            <ns3:hr>173</ns3:hr>
            <ns3:cad>86</ns3:cad>
          </ns3:TrackPointExtension>
        </extensions>
      </trkpt>
      <trkpt lat="31.98711385019123554229736328125" lon="118.76909150741994380950927734375">
        <ele>36.799999237060546875</ele>
        <time>2024-10-14T12:12:27.000Z</time>
        <extensions>
          <ns3:TrackPointExtension>
            <ns3:atemp>27.0</ns3:atemp>
            <ns3:hr>173</ns3:hr>
            <ns3:cad>87</ns3:cad>
          </ns3:TrackPointExtension>
        </extensions>
      </trkpt>
      <trkpt lat="31.987134553492069244384765625" lon="118.7690934352576732635498046875">
        <ele>36.799999237060546875</ele>
        <time>2024-10-14T12:12:28.000Z</time>
        <extensions>
          <ns3:TrackPointExtension>
            <ns3:atemp>27.0</ns3:atemp>
            <ns3:hr>173</ns3:hr>
            <ns3:cad>87</ns3:cad>
          </ns3:TrackPointExtension>
        </extensions>
      </trkpt>
      <trkpt lat="31.9871585257351398468017578125" lon="118.76909519545733928680419921875">
        <ele>36.799999237060546875</ele>
        <time>2024-10-14T12:12:29.000Z</time>
        <extensions>
          <ns3:TrackPointExtension>
            <ns3:atemp>27.0</ns3:atemp>
            <ns3:hr>173</ns3:hr>
            <ns3:cad>87</ns3:cad>
          </ns3:TrackPointExtension>
        </extensions>
      </trkpt>
      <trkpt lat="31.98717646300792694091796875" lon="118.76908932812511920928955078125">
        <ele>36.799999237060546875</ele>
        <time>2024-10-14T12:12:30.000Z</time>
        <extensions>
          <ns3:TrackPointExtension>
            <ns3:atemp>27.0</ns3:atemp>
            <ns3:hr>173</ns3:hr>
            <ns3:cad>87</ns3:cad>
          </ns3:TrackPointExtension>
        </extensions>
      </trkpt>
      <trkpt lat="31.98720538057386875152587890625" lon="118.7690907530486583709716796875">
        <ele>36.799999237060546875</ele>
        <time>2024-10-14T12:12:31.000Z</time>
        <extensions>
          <ns3:TrackPointExtension>
            <ns3:atemp>27.0</ns3:atemp>
            <ns3:hr>173</ns3:hr>
            <ns3:cad>87</ns3:cad>
          </ns3:TrackPointExtension>
        </extensions>
      </trkpt>
      <trkpt lat="31.987234465777873992919921875" lon="118.7690904177725315093994140625">
        <ele>36.799999237060546875</ele>
        <time>2024-10-14T12:12:32.000Z</time>
        <extensions>
          <ns3:TrackPointExtension>
            <ns3:atemp>27.0</ns3:atemp>
            <ns3:hr>173</ns3:hr>
            <ns3:cad>88</ns3:cad>
          </ns3:TrackPointExtension>
        </extensions>
      </trkpt>
      <trkpt lat="31.9872651435434818267822265625" lon="118.76909167505800724029541015625">
        <ele>36.799999237060546875</ele>
        <time>2024-10-14T12:12:33.000Z</time>
        <extensions>
          <ns3:TrackPointExtension>
            <ns3:atemp>27.0</ns3:atemp>
            <ns3:hr>173</ns3:hr>
            <ns3:cad>88</ns3:cad>
          </ns3:TrackPointExtension>
        </extensions>
      </trkpt>
      <trkpt lat="31.98729288764297962188720703125" lon="118.7690914236009120941162109375">
        <ele>36.799999237060546875</ele>
        <time>2024-10-14T12:12:34.000Z</time>
        <extensions>
          <ns3:TrackPointExtension>
            <ns3:atemp>27.0</ns3:atemp>
            <ns3:hr>173</ns3:hr>
            <ns3:cad>87</ns3:cad>
          </ns3:TrackPointExtension>
        </extensions>
      </trkpt>
      <trkpt lat="31.98731702752411365509033203125" lon="118.7690897472202777862548828125">
        <ele>37</ele>
        <time>2024-10-14T12:12:35.000Z</time>
        <extensions>
          <ns3:TrackPointExtension>
            <ns3:atemp>27.0</ns3:atemp>
            <ns3:hr>173</ns3:hr>
            <ns3:cad>87</ns3:cad>
          </ns3:TrackPointExtension>
        </extensions>
      </trkpt>
      <trkpt lat="31.98733949102461338043212890625" lon="118.769086562097072601318359375">
        <ele>37</ele>
        <time>2024-10-14T12:12:36.000Z</time>
        <extensions>
          <ns3:TrackPointExtension>
            <ns3:atemp>27.0</ns3:atemp>
            <ns3:hr>173</ns3:hr>
            <ns3:cad>87</ns3:cad>
          </ns3:TrackPointExtension>
        </extensions>
      </trkpt>
      <trkpt lat="31.9873620383441448211669921875" lon="118.76908622682094573974609375">
        <ele>37</ele>
        <time>2024-10-14T12:12:37.000Z</time>
        <extensions>
          <ns3:TrackPointExtension>
            <ns3:atemp>27.0</ns3:atemp>
            <ns3:hr>173</ns3:hr>
            <ns3:cad>87</ns3:cad>
          </ns3:TrackPointExtension>
        </extensions>
      </trkpt>
      <trkpt lat="31.98738165199756622314453125" lon="118.76908756792545318603515625">
        <ele>37</ele>
        <time>2024-10-14T12:12:38.000Z</time>
        <extensions>
          <ns3:TrackPointExtension>
            <ns3:atemp>27.0</ns3:atemp>
            <ns3:hr>173</ns3:hr>
            <ns3:cad>87</ns3:cad>
          </ns3:TrackPointExtension>
        </extensions>
      </trkpt>
      <trkpt lat="31.98740285821259021759033203125" lon="118.76908966340124607086181640625">
        <ele>37</ele>
        <time>2024-10-14T12:12:39.000Z</time>
        <extensions>
          <ns3:TrackPointExtension>
            <ns3:atemp>27.0</ns3:atemp>
            <ns3:hr>173</ns3:hr>
            <ns3:cad>86</ns3:cad>
          </ns3:TrackPointExtension>
        </extensions>
      </trkpt>
      <trkpt lat="31.98742414824664592742919921875" lon="118.76909351907670497894287109375">
        <ele>37</ele>
        <time>2024-10-14T12:12:40.000Z</time>
        <extensions>
          <ns3:TrackPointExtension>
            <ns3:atemp>27.0</ns3:atemp>
            <ns3:hr>173</ns3:hr>
            <ns3:cad>86</ns3:cad>
          </ns3:TrackPointExtension>
        </extensions>
      </trkpt>
      <trkpt lat="31.987441666424274444580078125" lon="118.7690937705338001251220703125">
        <ele>37</ele>
        <time>2024-10-14T12:12:41.000Z</time>
        <extensions>
          <ns3:TrackPointExtension>
            <ns3:atemp>27.0</ns3:atemp>
            <ns3:hr>174</ns3:hr>
            <ns3:cad>87</ns3:cad>
          </ns3:TrackPointExtension>
        </extensions>
      </trkpt>
      <trkpt lat="31.98746019043028354644775390625" lon="118.7690962851047515869140625">
        <ele>37</ele>
        <time>2024-10-14T12:12:42.000Z</time>
        <extensions>
          <ns3:TrackPointExtension>
            <ns3:atemp>27.0</ns3:atemp>
            <ns3:hr>174</ns3:hr>
            <ns3:cad>87</ns3:cad>
          </ns3:TrackPointExtension>
        </extensions>
      </trkpt>
      <trkpt lat="31.98748089373111724853515625" lon="118.7690977938473224639892578125">
        <ele>37.200000762939453125</ele>
        <time>2024-10-14T12:12:43.000Z</time>
        <extensions>
          <ns3:TrackPointExtension>
            <ns3:atemp>27.0</ns3:atemp>
            <ns3:hr>174</ns3:hr>
            <ns3:cad>87</ns3:cad>
          </ns3:TrackPointExtension>
        </extensions>
      </trkpt>
      <trkpt lat="31.98750696144998073577880859375" lon="118.76910055987536907196044921875">
        <ele>37.200000762939453125</ele>
        <time>2024-10-14T12:12:44.000Z</time>
        <extensions>
          <ns3:TrackPointExtension>
            <ns3:atemp>27.0</ns3:atemp>
            <ns3:hr>174</ns3:hr>
            <ns3:cad>87</ns3:cad>
          </ns3:TrackPointExtension>
        </extensions>
      </trkpt>
      <trkpt lat="31.98753043077886104583740234375" lon="118.769101314246654510498046875">
        <ele>37.200000762939453125</ele>
        <time>2024-10-14T12:12:45.000Z</time>
        <extensions>
          <ns3:TrackPointExtension>
            <ns3:atemp>27.0</ns3:atemp>
            <ns3:hr>174</ns3:hr>
            <ns3:cad>87</ns3:cad>
          </ns3:TrackPointExtension>
        </extensions>
      </trkpt>
      <trkpt lat="31.9875554926693439483642578125" lon="118.76910232007503509521484375">
        <ele>37.200000762939453125</ele>
        <time>2024-10-14T12:12:46.000Z</time>
        <extensions>
          <ns3:TrackPointExtension>
            <ns3:atemp>27.0</ns3:atemp>
            <ns3:hr>174</ns3:hr>
            <ns3:cad>88</ns3:cad>
          </ns3:TrackPointExtension>
        </extensions>
      </trkpt>
      <trkpt lat="31.9875806383788585662841796875" lon="118.76910156570374965667724609375">
        <ele>37.200000762939453125</ele>
        <time>2024-10-14T12:12:47.000Z</time>
        <extensions>
          <ns3:TrackPointExtension>
            <ns3:atemp>27.0</ns3:atemp>
            <ns3:hr>174</ns3:hr>
            <ns3:cad>88</ns3:cad>
          </ns3:TrackPointExtension>
        </extensions>
      </trkpt>
      <trkpt lat="31.9876044429838657379150390625" lon="118.769100643694400787353515625">
        <ele>37.200000762939453125</ele>
        <time>2024-10-14T12:12:48.000Z</time>
        <extensions>
          <ns3:TrackPointExtension>
            <ns3:atemp>27.0</ns3:atemp>
            <ns3:hr>174</ns3:hr>
            <ns3:cad>88</ns3:cad>
          </ns3:TrackPointExtension>
        </extensions>
      </trkpt>
      <trkpt lat="31.9876289181411266326904296875" lon="118.76909972168505191802978515625">
        <ele>37.200000762939453125</ele>
        <time>2024-10-14T12:12:49.000Z</time>
        <extensions>
          <ns3:TrackPointExtension>
            <ns3:atemp>27.0</ns3:atemp>
            <ns3:hr>174</ns3:hr>
            <ns3:cad>88</ns3:cad>
          </ns3:TrackPointExtension>
        </extensions>
      </trkpt>
      <trkpt lat="31.98764987289905548095703125" lon="118.76909972168505191802978515625">
        <ele>37.200000762939453125</ele>
        <time>2024-10-14T12:12:50.000Z</time>
        <extensions>
          <ns3:TrackPointExtension>
            <ns3:atemp>27.0</ns3:atemp>
            <ns3:hr>174</ns3:hr>
            <ns3:cad>88</ns3:cad>
          </ns3:TrackPointExtension>
        </extensions>
      </trkpt>
      <trkpt lat="31.98767141439020633697509765625" lon="118.76910022459924221038818359375">
        <ele>37.200000762939453125</ele>
        <time>2024-10-14T12:12:51.000Z</time>
        <extensions>
          <ns3:TrackPointExtension>
            <ns3:atemp>27.0</ns3:atemp>
            <ns3:hr>174</ns3:hr>
            <ns3:cad>88</ns3:cad>
          </ns3:TrackPointExtension>
        </extensions>
      </trkpt>
      <trkpt lat="31.98768801055848598480224609375" lon="118.769099302589893341064453125">
        <ele>37.200000762939453125</ele>
        <time>2024-10-14T12:12:52.000Z</time>
        <extensions>
          <ns3:TrackPointExtension>
            <ns3:atemp>27.0</ns3:atemp>
            <ns3:hr>174</ns3:hr>
            <ns3:cad>88</ns3:cad>
          </ns3:TrackPointExtension>
        </extensions>
      </trkpt>
      <trkpt lat="31.98771114461123943328857421875" lon="118.76910005696117877960205078125">
        <ele>37.200000762939453125</ele>
        <time>2024-10-14T12:12:53.000Z</time>
        <extensions>
          <ns3:TrackPointExtension>
            <ns3:atemp>27.0</ns3:atemp>
            <ns3:hr>175</ns3:hr>
            <ns3:cad>88</ns3:cad>
          </ns3:TrackPointExtension>
        </extensions>
      </trkpt>
      <trkpt lat="31.98773444630205631256103515625" lon="118.769099973142147064208984375">
        <ele>37.200000762939453125</ele>
        <time>2024-10-14T12:12:54.000Z</time>
        <extensions>
          <ns3:TrackPointExtension>
            <ns3:atemp>27.0</ns3:atemp>
            <ns3:hr>175</ns3:hr>
            <ns3:cad>88</ns3:cad>
          </ns3:TrackPointExtension>
        </extensions>
      </trkpt>
      <trkpt lat="31.9877586700022220611572265625" lon="118.76909972168505191802978515625">
        <ele>37.200000762939453125</ele>
        <time>2024-10-14T12:12:55.000Z</time>
        <extensions>
          <ns3:TrackPointExtension>
            <ns3:atemp>27.0</ns3:atemp>
            <ns3:hr>175</ns3:hr>
            <ns3:cad>88</ns3:cad>
          </ns3:TrackPointExtension>
        </extensions>
      </trkpt>
      <trkpt lat="31.98778331279754638671875" lon="118.76910097897052764892578125">
        <ele>37.200000762939453125</ele>
        <time>2024-10-14T12:12:56.000Z</time>
        <extensions>
          <ns3:TrackPointExtension>
            <ns3:atemp>27.0</ns3:atemp>
            <ns3:hr>174</ns3:hr>
            <ns3:cad>88</ns3:cad>
          </ns3:TrackPointExtension>
        </extensions>
      </trkpt>
      <trkpt lat="31.98780870996415615081787109375" lon="118.76910173334181308746337890625">
        <ele>37.200000762939453125</ele>
        <time>2024-10-14T12:12:57.000Z</time>
        <extensions>
          <ns3:TrackPointExtension>
            <ns3:atemp>27.0</ns3:atemp>
            <ns3:hr>174</ns3:hr>
            <ns3:cad>87</ns3:cad>
          </ns3:TrackPointExtension>
        </extensions>
      </trkpt>
      <trkpt lat="31.98783150874078273773193359375" lon="118.769101984798908233642578125">
        <ele>37.200000762939453125</ele>
        <time>2024-10-14T12:12:58.000Z</time>
        <extensions>
          <ns3:TrackPointExtension>
            <ns3:atemp>27.0</ns3:atemp>
            <ns3:hr>174</ns3:hr>
            <ns3:cad>87</ns3:cad>
          </ns3:TrackPointExtension>
        </extensions>
      </trkpt>
      <trkpt lat="31.9878555648028850555419921875" lon="118.7691044993698596954345703125">
        <ele>37.200000762939453125</ele>
        <time>2024-10-14T12:12:59.000Z</time>
        <extensions>
          <ns3:TrackPointExtension>
            <ns3:atemp>27.0</ns3:atemp>
            <ns3:hr>174</ns3:hr>
            <ns3:cad>87</ns3:cad>
          </ns3:TrackPointExtension>
        </extensions>
      </trkpt>
      <trkpt lat="31.98787995614111423492431640625" lon="118.76910609193146228790283203125">
        <ele>37.200000762939453125</ele>
        <time>2024-10-14T12:13:00.000Z</time>
        <extensions>
          <ns3:TrackPointExtension>
            <ns3:atemp>27.0</ns3:atemp>
            <ns3:hr>174</ns3:hr>
            <ns3:cad>87</ns3:cad>
          </ns3:TrackPointExtension>
        </extensions>
      </trkpt>
      <trkpt lat="31.98790376074612140655517578125" lon="118.76910860650241374969482421875">
        <ele>37.200000762939453125</ele>
        <time>2024-10-14T12:13:01.000Z</time>
        <extensions>
          <ns3:TrackPointExtension>
            <ns3:atemp>27.0</ns3:atemp>
            <ns3:hr>174</ns3:hr>
            <ns3:cad>88</ns3:cad>
          </ns3:TrackPointExtension>
        </extensions>
      </trkpt>
      <trkpt lat="31.987932510673999786376953125" lon="118.76910894177854061126708984375">
        <ele>37.200000762939453125</ele>
        <time>2024-10-14T12:13:02.000Z</time>
        <extensions>
          <ns3:TrackPointExtension>
            <ns3:atemp>27.0</ns3:atemp>
            <ns3:hr>174</ns3:hr>
            <ns3:cad>88</ns3:cad>
          </ns3:TrackPointExtension>
        </extensions>
      </trkpt>
      <trkpt lat="31.987958662211894989013671875" lon="118.76910634338855743408203125">
        <ele>37.200000762939453125</ele>
        <time>2024-10-14T12:13:03.000Z</time>
        <extensions>
          <ns3:TrackPointExtension>
            <ns3:atemp>27.0</ns3:atemp>
            <ns3:hr>175</ns3:hr>
            <ns3:cad>87</ns3:cad>
          </ns3:TrackPointExtension>
        </extensions>
      </trkpt>
      <trkpt lat="31.987983472645282745361328125" lon="118.76910575665533542633056640625">
        <ele>37.200000762939453125</ele>
        <time>2024-10-14T12:13:04.000Z</time>
        <extensions>
          <ns3:TrackPointExtension>
            <ns3:atemp>27.0</ns3:atemp>
            <ns3:hr>175</ns3:hr>
            <ns3:cad>87</ns3:cad>
          </ns3:TrackPointExtension>
        </extensions>
      </trkpt>
      <trkpt lat="31.98801121674478054046630859375" lon="118.7691055051982402801513671875">
        <ele>37.40000152587890625</ele>
        <time>2024-10-14T12:13:05.000Z</time>
        <extensions>
          <ns3:TrackPointExtension>
            <ns3:atemp>27.0</ns3:atemp>
            <ns3:hr>175</ns3:hr>
            <ns3:cad>87</ns3:cad>
          </ns3:TrackPointExtension>
        </extensions>
      </trkpt>
      <trkpt lat="31.9880367815494537353515625" lon="118.76910491846501827239990234375">
        <ele>37.40000152587890625</ele>
        <time>2024-10-14T12:13:06.000Z</time>
        <extensions>
          <ns3:TrackPointExtension>
            <ns3:atemp>27.0</ns3:atemp>
            <ns3:hr>175</ns3:hr>
            <ns3:cad>87</ns3:cad>
          </ns3:TrackPointExtension>
        </extensions>
      </trkpt>
      <trkpt lat="31.98805999942123889923095703125" lon="118.7691068463027477264404296875">
        <ele>37.40000152587890625</ele>
        <time>2024-10-14T12:13:07.000Z</time>
        <extensions>
          <ns3:TrackPointExtension>
            <ns3:atemp>27.0</ns3:atemp>
            <ns3:hr>175</ns3:hr>
            <ns3:cad>87</ns3:cad>
          </ns3:TrackPointExtension>
        </extensions>
      </trkpt>
      <trkpt lat="31.9880838878452777862548828125" lon="118.76911078579723834991455078125">
        <ele>37.40000152587890625</ele>
        <time>2024-10-14T12:13:08.000Z</time>
        <extensions>
          <ns3:TrackPointExtension>
            <ns3:atemp>27.0</ns3:atemp>
            <ns3:hr>175</ns3:hr>
            <ns3:cad>87</ns3:cad>
          </ns3:TrackPointExtension>
        </extensions>
      </trkpt>
      <trkpt lat="31.98810609988868236541748046875" lon="118.7691132165491580963134765625">
        <ele>37.40000152587890625</ele>
        <time>2024-10-14T12:13:09.000Z</time>
        <extensions>
          <ns3:TrackPointExtension>
            <ns3:atemp>27.0</ns3:atemp>
            <ns3:hr>175</ns3:hr>
            <ns3:cad>87</ns3:cad>
          </ns3:TrackPointExtension>
        </extensions>
      </trkpt>
      <trkpt lat="31.98812772519886493682861328125" lon="118.76911573112010955810546875">
        <ele>37.40000152587890625</ele>
        <time>2024-10-14T12:13:10.000Z</time>
        <extensions>
          <ns3:TrackPointExtension>
            <ns3:atemp>27.0</ns3:atemp>
            <ns3:hr>175</ns3:hr>
            <ns3:cad>87</ns3:cad>
          </ns3:TrackPointExtension>
        </extensions>
      </trkpt>
      <trkpt lat="31.9881469197571277618408203125" lon="118.7691169045865535736083984375">
        <ele>37.40000152587890625</ele>
        <time>2024-10-14T12:13:11.000Z</time>
        <extensions>
          <ns3:TrackPointExtension>
            <ns3:atemp>27.0</ns3:atemp>
            <ns3:hr>174</ns3:hr>
            <ns3:cad>87</ns3:cad>
          </ns3:TrackPointExtension>
        </extensions>
      </trkpt>
      <trkpt lat="31.98816594667732715606689453125" lon="118.76911430619657039642333984375">
        <ele>37.40000152587890625</ele>
        <time>2024-10-14T12:13:12.000Z</time>
        <extensions>
          <ns3:TrackPointExtension>
            <ns3:atemp>27.0</ns3:atemp>
            <ns3:hr>174</ns3:hr>
            <ns3:cad>87</ns3:cad>
          </ns3:TrackPointExtension>
        </extensions>
      </trkpt>
      <trkpt lat="31.98819126002490520477294921875" lon="118.7691123783588409423828125">
        <ele>37.40000152587890625</ele>
        <time>2024-10-14T12:13:13.000Z</time>
        <extensions>
          <ns3:TrackPointExtension>
            <ns3:atemp>27.0</ns3:atemp>
            <ns3:hr>175</ns3:hr>
            <ns3:cad>87</ns3:cad>
          </ns3:TrackPointExtension>
        </extensions>
      </trkpt>
      <trkpt lat="31.98821154423058032989501953125" lon="118.76910609193146228790283203125">
        <ele>37.40000152587890625</ele>
        <time>2024-10-14T12:13:14.000Z</time>
        <extensions>
          <ns3:TrackPointExtension>
            <ns3:atemp>27.0</ns3:atemp>
            <ns3:hr>175</ns3:hr>
            <ns3:cad>87</ns3:cad>
          </ns3:TrackPointExtension>
        </extensions>
      </trkpt>
      <trkpt lat="31.98823593556880950927734375" lon="118.7691056728363037109375">
        <ele>37.40000152587890625</ele>
        <time>2024-10-14T12:13:15.000Z</time>
        <extensions>
          <ns3:TrackPointExtension>
            <ns3:atemp>27.0</ns3:atemp>
            <ns3:hr>175</ns3:hr>
            <ns3:cad>87</ns3:cad>
          </ns3:TrackPointExtension>
        </extensions>
      </trkpt>
      <trkpt lat="31.98825797997415065765380859375" lon="118.76910676248371601104736328125">
        <ele>37.59999847412109375</ele>
        <time>2024-10-14T12:13:16.000Z</time>
        <extensions>
          <ns3:TrackPointExtension>
            <ns3:atemp>27.0</ns3:atemp>
            <ns3:hr>175</ns3:hr>
            <ns3:cad>87</ns3:cad>
          </ns3:TrackPointExtension>
        </extensions>
      </trkpt>
      <trkpt lat="31.988284550607204437255859375" lon="118.76910760067403316497802734375">
        <ele>37.59999847412109375</ele>
        <time>2024-10-14T12:13:17.000Z</time>
        <extensions>
          <ns3:TrackPointExtension>
            <ns3:atemp>27.0</ns3:atemp>
            <ns3:hr>175</ns3:hr>
            <ns3:cad>87</ns3:cad>
          </ns3:TrackPointExtension>
        </extensions>
      </trkpt>
      <trkpt lat="31.98831103742122650146484375" lon="118.76910910941660404205322265625">
        <ele>37.59999847412109375</ele>
        <time>2024-10-14T12:13:18.000Z</time>
        <extensions>
          <ns3:TrackPointExtension>
            <ns3:atemp>27.0</ns3:atemp>
            <ns3:hr>175</ns3:hr>
            <ns3:cad>87</ns3:cad>
          </ns3:TrackPointExtension>
        </extensions>
      </trkpt>
      <trkpt lat="31.98833651840686798095703125" lon="118.7691085226833820343017578125">
        <ele>37.59999847412109375</ele>
        <time>2024-10-14T12:13:19.000Z</time>
        <extensions>
          <ns3:TrackPointExtension>
            <ns3:atemp>27.0</ns3:atemp>
            <ns3:hr>175</ns3:hr>
            <ns3:cad>87</ns3:cad>
          </ns3:TrackPointExtension>
        </extensions>
      </trkpt>
      <trkpt lat="31.98836007155478000640869140625" lon="118.7691078521311283111572265625">
        <ele>37.59999847412109375</ele>
        <time>2024-10-14T12:13:20.000Z</time>
        <extensions>
          <ns3:TrackPointExtension>
            <ns3:atemp>27.0</ns3:atemp>
            <ns3:hr>175</ns3:hr>
            <ns3:cad>87</ns3:cad>
          </ns3:TrackPointExtension>
        </extensions>
      </trkpt>
      <trkpt lat="31.988381445407867431640625" lon="118.769107349216938018798828125">
        <ele>37.59999847412109375</ele>
        <time>2024-10-14T12:13:21.000Z</time>
        <extensions>
          <ns3:TrackPointExtension>
            <ns3:atemp>27.0</ns3:atemp>
            <ns3:hr>176</ns3:hr>
            <ns3:cad>87</ns3:cad>
          </ns3:TrackPointExtension>
        </extensions>
      </trkpt>
      <trkpt lat="31.98840382508933544158935546875" lon="118.76910843886435031890869140625">
        <ele>37.799999237060546875</ele>
        <time>2024-10-14T12:13:22.000Z</time>
        <extensions>
          <ns3:TrackPointExtension>
            <ns3:atemp>27.0</ns3:atemp>
            <ns3:hr>176</ns3:hr>
            <ns3:cad>87</ns3:cad>
          </ns3:TrackPointExtension>
        </extensions>
      </trkpt>
      <trkpt lat="31.9884238578379154205322265625" lon="118.76910642720758914947509765625">
        <ele>37.799999237060546875</ele>
        <time>2024-10-14T12:13:23.000Z</time>
        <extensions>
          <ns3:TrackPointExtension>
            <ns3:atemp>27.0</ns3:atemp>
            <ns3:hr>176</ns3:hr>
            <ns3:cad>87</ns3:cad>
          </ns3:TrackPointExtension>
        </extensions>
      </trkpt>
      <trkpt lat="31.98845009319484233856201171875" lon="118.76910659484565258026123046875">
        <ele>37.799999237060546875</ele>
        <time>2024-10-14T12:13:24.000Z</time>
        <extensions>
          <ns3:TrackPointExtension>
            <ns3:atemp>27.0</ns3:atemp>
            <ns3:hr>176</ns3:hr>
            <ns3:cad>87</ns3:cad>
          </ns3:TrackPointExtension>
        </extensions>
      </trkpt>
      <trkpt lat="31.988470964133739471435546875" lon="118.7691043317317962646484375">
        <ele>37.799999237060546875</ele>
        <time>2024-10-14T12:13:25.000Z</time>
        <extensions>
          <ns3:TrackPointExtension>
            <ns3:atemp>27.0</ns3:atemp>
            <ns3:hr>176</ns3:hr>
            <ns3:cad>87</ns3:cad>
          </ns3:TrackPointExtension>
        </extensions>
      </trkpt>
      <trkpt lat="31.98849502019584178924560546875" lon="118.76910634338855743408203125">
        <ele>37.799999237060546875</ele>
        <time>2024-10-14T12:13:26.000Z</time>
        <extensions>
          <ns3:TrackPointExtension>
            <ns3:atemp>27.0</ns3:atemp>
            <ns3:hr>176</ns3:hr>
            <ns3:cad>88</ns3:cad>
          </ns3:TrackPointExtension>
        </extensions>
      </trkpt>
      <trkpt lat="31.988521255552768707275390625" lon="118.76910500228404998779296875">
        <ele>38</ele>
        <time>2024-10-14T12:13:27.000Z</time>
        <extensions>
          <ns3:TrackPointExtension>
            <ns3:atemp>27.0</ns3:atemp>
            <ns3:hr>176</ns3:hr>
            <ns3:cad>88</ns3:cad>
          </ns3:TrackPointExtension>
        </extensions>
      </trkpt>
      <trkpt lat="31.988542042672634124755859375" lon="118.7691031582653522491455078125">
        <ele>38</ele>
        <time>2024-10-14T12:13:28.000Z</time>
        <extensions>
          <ns3:TrackPointExtension>
            <ns3:atemp>27.0</ns3:atemp>
            <ns3:hr>176</ns3:hr>
            <ns3:cad>87</ns3:cad>
          </ns3:TrackPointExtension>
        </extensions>
      </trkpt>
      <trkpt lat="31.988564170897006988525390625" lon="118.76910190097987651824951171875">
        <ele>38</ele>
        <time>2024-10-14T12:13:29.000Z</time>
        <extensions>
          <ns3:TrackPointExtension>
            <ns3:atemp>27.0</ns3:atemp>
            <ns3:hr>176</ns3:hr>
            <ns3:cad>87</ns3:cad>
          </ns3:TrackPointExtension>
        </extensions>
      </trkpt>
      <trkpt lat="31.98858638294041156768798828125" lon="118.7690989673137664794921875">
        <ele>38</ele>
        <time>2024-10-14T12:13:30.000Z</time>
        <extensions>
          <ns3:TrackPointExtension>
            <ns3:atemp>27.0</ns3:atemp>
            <ns3:hr>176</ns3:hr>
            <ns3:cad>87</ns3:cad>
          </ns3:TrackPointExtension>
        </extensions>
      </trkpt>
      <trkpt lat="31.98861010372638702392578125" lon="118.7690981291234493255615234375">
        <ele>38.200000762939453125</ele>
        <time>2024-10-14T12:13:31.000Z</time>
        <extensions>
          <ns3:TrackPointExtension>
            <ns3:atemp>27.0</ns3:atemp>
            <ns3:hr>176</ns3:hr>
            <ns3:cad>87</ns3:cad>
          </ns3:TrackPointExtension>
        </extensions>
      </trkpt>
      <trkpt lat="31.98862980119884014129638671875" lon="118.769097961485385894775390625">
        <ele>38.200000762939453125</ele>
        <time>2024-10-14T12:13:32.000Z</time>
        <extensions>
          <ns3:TrackPointExtension>
            <ns3:atemp>27.0</ns3:atemp>
            <ns3:hr>176</ns3:hr>
            <ns3:cad>87</ns3:cad>
          </ns3:TrackPointExtension>
        </extensions>
      </trkpt>
      <trkpt lat="31.98865075595676898956298828125" lon="118.76909938640892505645751953125">
        <ele>38.200000762939453125</ele>
        <time>2024-10-14T12:13:33.000Z</time>
        <extensions>
          <ns3:TrackPointExtension>
            <ns3:atemp>27.0</ns3:atemp>
            <ns3:hr>176</ns3:hr>
            <ns3:cad>87</ns3:cad>
          </ns3:TrackPointExtension>
        </extensions>
      </trkpt>
      <trkpt lat="31.9886719621717929840087890625" lon="118.76909888349473476409912109375">
        <ele>38.40000152587890625</ele>
        <time>2024-10-14T12:13:34.000Z</time>
        <extensions>
          <ns3:TrackPointExtension>
            <ns3:atemp>27.0</ns3:atemp>
            <ns3:hr>176</ns3:hr>
            <ns3:cad>87</ns3:cad>
          </ns3:TrackPointExtension>
        </extensions>
      </trkpt>
      <trkpt lat="31.98869417421519756317138671875" lon="118.7690987996757030487060546875">
        <ele>38.40000152587890625</ele>
        <time>2024-10-14T12:13:35.000Z</time>
        <extensions>
          <ns3:TrackPointExtension>
            <ns3:atemp>27.0</ns3:atemp>
            <ns3:hr>176</ns3:hr>
            <ns3:cad>87</ns3:cad>
          </ns3:TrackPointExtension>
        </extensions>
      </trkpt>
      <trkpt lat="31.98871647007763385772705078125" lon="118.7690987996757030487060546875">
        <ele>38.40000152587890625</ele>
        <time>2024-10-14T12:13:36.000Z</time>
        <extensions>
          <ns3:TrackPointExtension>
            <ns3:atemp>27.0</ns3:atemp>
            <ns3:hr>176</ns3:hr>
            <ns3:cad>87</ns3:cad>
          </ns3:TrackPointExtension>
        </extensions>
      </trkpt>
      <trkpt lat="31.98873859830200672149658203125" lon="118.76910030841827392578125">
        <ele>38.59999847412109375</ele>
        <time>2024-10-14T12:13:37.000Z</time>
        <extensions>
          <ns3:TrackPointExtension>
            <ns3:atemp>27.0</ns3:atemp>
            <ns3:hr>176</ns3:hr>
            <ns3:cad>87</ns3:cad>
          </ns3:TrackPointExtension>
        </extensions>
      </trkpt>
      <trkpt lat="31.9887604750692844390869140625" lon="118.76910391263663768768310546875">
        <ele>38.59999847412109375</ele>
        <time>2024-10-14T12:13:38.000Z</time>
        <extensions>
          <ns3:TrackPointExtension>
            <ns3:atemp>27.0</ns3:atemp>
            <ns3:hr>176</ns3:hr>
            <ns3:cad>87</ns3:cad>
          </ns3:TrackPointExtension>
        </extensions>
      </trkpt>
      <trkpt lat="31.98878369294106960296630859375" lon="118.76910768449306488037109375">
        <ele>38.59999847412109375</ele>
        <time>2024-10-14T12:13:39.000Z</time>
        <extensions>
          <ns3:TrackPointExtension>
            <ns3:atemp>27.0</ns3:atemp>
            <ns3:hr>175</ns3:hr>
            <ns3:cad>87</ns3:cad>
          </ns3:TrackPointExtension>
        </extensions>
      </trkpt>
      <trkpt lat="31.98880431242287158966064453125" lon="118.76911028288304805755615234375">
        <ele>38.799999237060546875</ele>
        <time>2024-10-14T12:13:40.000Z</time>
        <extensions>
          <ns3:TrackPointExtension>
            <ns3:atemp>27.0</ns3:atemp>
            <ns3:hr>175</ns3:hr>
            <ns3:cad>87</ns3:cad>
          </ns3:TrackPointExtension>
        </extensions>
      </trkpt>
      <trkpt lat="31.98882727883756160736083984375" lon="118.76911313273012638092041015625">
        <ele>38.799999237060546875</ele>
        <time>2024-10-14T12:13:41.000Z</time>
        <extensions>
          <ns3:TrackPointExtension>
            <ns3:atemp>27.0</ns3:atemp>
            <ns3:hr>174</ns3:hr>
            <ns3:cad>87</ns3:cad>
          </ns3:TrackPointExtension>
        </extensions>
      </trkpt>
      <trkpt lat="31.988848485052585601806640625" lon="118.76911464147269725799560546875">
        <ele>38.799999237060546875</ele>
        <time>2024-10-14T12:13:42.000Z</time>
        <extensions>
          <ns3:TrackPointExtension>
            <ns3:atemp>27.0</ns3:atemp>
            <ns3:hr>173</ns3:hr>
            <ns3:cad>87</ns3:cad>
          </ns3:TrackPointExtension>
        </extensions>
      </trkpt>
      <trkpt lat="31.988869942724704742431640625" lon="118.769115395843982696533203125">
        <ele>39</ele>
        <time>2024-10-14T12:13:43.000Z</time>
        <extensions>
          <ns3:TrackPointExtension>
            <ns3:atemp>27.0</ns3:atemp>
            <ns3:hr>173</ns3:hr>
            <ns3:cad>87</ns3:cad>
          </ns3:TrackPointExtension>
        </extensions>
      </trkpt>
      <trkpt lat="31.98890640400350093841552734375" lon="118.769115395843982696533203125">
        <ele>39</ele>
        <time>2024-10-14T12:13:44.000Z</time>
        <extensions>
          <ns3:TrackPointExtension>
            <ns3:atemp>27.0</ns3:atemp>
            <ns3:hr>172</ns3:hr>
            <ns3:cad>87</ns3:cad>
          </ns3:TrackPointExtension>
        </extensions>
      </trkpt>
      <trkpt lat="31.98893054388463497161865234375" lon="118.769120089709758758544921875">
        <ele>39</ele>
        <time>2024-10-14T12:13:45.000Z</time>
        <extensions>
          <ns3:TrackPointExtension>
            <ns3:atemp>27.0</ns3:atemp>
            <ns3:hr>172</ns3:hr>
            <ns3:cad>86</ns3:cad>
          </ns3:TrackPointExtension>
        </extensions>
      </trkpt>
      <trkpt lat="31.98895602487027645111083984375" lon="118.76912117935717105865478515625">
        <ele>39</ele>
        <time>2024-10-14T12:13:46.000Z</time>
        <extensions>
          <ns3:TrackPointExtension>
            <ns3:atemp>27.0</ns3:atemp>
            <ns3:hr>171</ns3:hr>
            <ns3:cad>86</ns3:cad>
          </ns3:TrackPointExtension>
        </extensions>
      </trkpt>
      <trkpt lat="31.988977231085300445556640625" lon="118.7691229395568370819091796875">
        <ele>39</ele>
        <time>2024-10-14T12:13:47.000Z</time>
        <extensions>
          <ns3:TrackPointExtension>
            <ns3:atemp>27.0</ns3:atemp>
            <ns3:hr>170</ns3:hr>
            <ns3:cad>87</ns3:cad>
          </ns3:TrackPointExtension>
        </extensions>
      </trkpt>
      <trkpt lat="31.98899424634873867034912109375" lon="118.76912469975650310516357421875">
        <ele>39.200000762939453125</ele>
        <time>2024-10-14T12:13:48.000Z</time>
        <extensions>
          <ns3:TrackPointExtension>
            <ns3:atemp>27.0</ns3:atemp>
            <ns3:hr>170</ns3:hr>
            <ns3:cad>87</ns3:cad>
          </ns3:TrackPointExtension>
        </extensions>
      </trkpt>
      <trkpt lat="31.98900983668863773345947265625" lon="118.76912872307002544403076171875">
        <ele>39.200000762939453125</ele>
        <time>2024-10-14T12:13:49.000Z</time>
        <extensions>
          <ns3:TrackPointExtension>
            <ns3:atemp>27.0</ns3:atemp>
            <ns3:hr>170</ns3:hr>
            <ns3:cad>87</ns3:cad>
          </ns3:TrackPointExtension>
        </extensions>
      </trkpt>
      <trkpt lat="31.9890238344669342041015625" lon="118.76912939362227916717529296875">
        <ele>39.200000762939453125</ele>
        <time>2024-10-14T12:13:50.000Z</time>
        <extensions>
          <ns3:TrackPointExtension>
            <ns3:atemp>27.0</ns3:atemp>
            <ns3:hr>170</ns3:hr>
            <ns3:cad>87</ns3:cad>
          </ns3:TrackPointExtension>
        </extensions>
      </trkpt>
      <trkpt lat="31.98904168792068958282470703125" lon="118.7691356800496578216552734375">
        <ele>39.200000762939453125</ele>
        <time>2024-10-14T12:13:51.000Z</time>
        <extensions>
          <ns3:TrackPointExtension>
            <ns3:atemp>27.0</ns3:atemp>
            <ns3:hr>170</ns3:hr>
            <ns3:cad>87</ns3:cad>
          </ns3:TrackPointExtension>
        </extensions>
      </trkpt>
      <trkpt lat="31.989058367908000946044921875" lon="118.76914297230541706085205078125">
        <ele>39.200000762939453125</ele>
        <time>2024-10-14T12:13:52.000Z</time>
        <extensions>
          <ns3:TrackPointExtension>
            <ns3:atemp>27.0</ns3:atemp>
            <ns3:hr>170</ns3:hr>
            <ns3:cad>87</ns3:cad>
          </ns3:TrackPointExtension>
        </extensions>
      </trkpt>
      <trkpt lat="31.98908611200749874114990234375" lon="118.76914816908538341522216796875">
        <ele>39</ele>
        <time>2024-10-14T12:13:53.000Z</time>
        <extensions>
          <ns3:TrackPointExtension>
            <ns3:atemp>27.0</ns3:atemp>
            <ns3:hr>170</ns3:hr>
            <ns3:cad>87</ns3:cad>
          </ns3:TrackPointExtension>
        </extensions>
      </trkpt>
      <trkpt lat="31.9890964217483997344970703125" lon="118.76913961954414844512939453125">
        <ele>39</ele>
        <time>2024-10-14T12:13:54.000Z</time>
        <extensions>
          <ns3:TrackPointExtension>
            <ns3:atemp>27.0</ns3:atemp>
            <ns3:hr>170</ns3:hr>
            <ns3:cad>86</ns3:cad>
          </ns3:TrackPointExtension>
        </extensions>
      </trkpt>
      <trkpt lat="31.98908745311200618743896484375" lon="118.769133500754833221435546875">
        <ele>38.799999237060546875</ele>
        <time>2024-10-14T12:13:55.000Z</time>
        <extensions>
          <ns3:TrackPointExtension>
            <ns3:atemp>27.0</ns3:atemp>
            <ns3:hr>170</ns3:hr>
            <ns3:cad>85</ns3:cad>
          </ns3:TrackPointExtension>
        </extensions>
      </trkpt>
      <trkpt lat="31.98907555080950260162353515625" lon="118.76912872307002544403076171875">
        <ele>38.799999237060546875</ele>
        <time>2024-10-14T12:13:56.000Z</time>
        <extensions>
          <ns3:TrackPointExtension>
            <ns3:atemp>27.0</ns3:atemp>
            <ns3:hr>170</ns3:hr>
            <ns3:cad>85</ns3:cad>
          </ns3:TrackPointExtension>
        </extensions>
      </trkpt>
      <trkpt lat="31.98905861936509609222412109375" lon="118.7691259570419788360595703125">
        <ele>38.799999237060546875</ele>
        <time>2024-10-14T12:13:57.000Z</time>
        <extensions>
          <ns3:TrackPointExtension>
            <ns3:atemp>27.0</ns3:atemp>
            <ns3:hr>170</ns3:hr>
            <ns3:cad>84</ns3:cad>
          </ns3:TrackPointExtension>
        </extensions>
      </trkpt>
      <trkpt lat="31.98904587887227535247802734375" lon="118.7691257894039154052734375">
        <ele>38.799999237060546875</ele>
        <time>2024-10-14T12:13:58.000Z</time>
        <extensions>
          <ns3:TrackPointExtension>
            <ns3:atemp>27.0</ns3:atemp>
            <ns3:hr>170</ns3:hr>
            <ns3:cad>82</ns3:cad>
          </ns3:TrackPointExtension>
        </extensions>
      </trkpt>
      <trkpt lat="31.98902224190533161163330078125" lon="118.76912184990942478179931640625">
        <ele>39</ele>
        <time>2024-10-14T12:13:59.000Z</time>
        <extensions>
          <ns3:TrackPointExtension>
            <ns3:atemp>27.0</ns3:atemp>
            <ns3:hr>170</ns3:hr>
            <ns3:cad>82</ns3:cad>
          </ns3:TrackPointExtension>
        </extensions>
      </trkpt>
      <trkpt lat="31.98900246061384677886962890625" lon="118.7691219337284564971923828125">
        <ele>39</ele>
        <time>2024-10-14T12:14:00.000Z</time>
        <extensions>
          <ns3:TrackPointExtension>
            <ns3:atemp>27.0</ns3:atemp>
            <ns3:hr>171</ns3:hr>
            <ns3:cad>82</ns3:cad>
          </ns3:TrackPointExtension>
        </extensions>
      </trkpt>
      <trkpt lat="31.98898318223655223846435546875" lon="118.76912168227136135101318359375">
        <ele>39.200000762939453125</ele>
        <time>2024-10-14T12:14:01.000Z</time>
        <extensions>
          <ns3:TrackPointExtension>
            <ns3:atemp>27.0</ns3:atemp>
            <ns3:hr>171</ns3:hr>
            <ns3:cad>82</ns3:cad>
          </ns3:TrackPointExtension>
        </extensions>
      </trkpt>
      <trkpt lat="31.98896340094506740570068359375" lon="118.76912335865199565887451171875">
        <ele>39.200000762939453125</ele>
        <time>2024-10-14T12:14:02.000Z</time>
        <extensions>
          <ns3:TrackPointExtension>
            <ns3:atemp>27.0</ns3:atemp>
            <ns3:hr>171</ns3:hr>
            <ns3:cad>82</ns3:cad>
          </ns3:TrackPointExtension>
        </extensions>
      </trkpt>
      <trkpt lat="31.9889421947300434112548828125" lon="118.769124113023281097412109375">
        <ele>39.200000762939453125</ele>
        <time>2024-10-14T12:14:03.000Z</time>
        <extensions>
          <ns3:TrackPointExtension>
            <ns3:atemp>27.0</ns3:atemp>
            <ns3:hr>172</ns3:hr>
            <ns3:cad>85</ns3:cad>
          </ns3:TrackPointExtension>
        </extensions>
      </trkpt>
      <trkpt lat="31.98891947977244853973388671875" lon="118.76912319101393222808837890625">
        <ele>39.200000762939453125</ele>
        <time>2024-10-14T12:14:04.000Z</time>
        <extensions>
          <ns3:TrackPointExtension>
            <ns3:atemp>27.0</ns3:atemp>
            <ns3:hr>172</ns3:hr>
            <ns3:cad>85</ns3:cad>
          </ns3:TrackPointExtension>
        </extensions>
      </trkpt>
      <trkpt lat="31.98890103958547115325927734375" lon="118.76912268809974193572998046875">
        <ele>39.200000762939453125</ele>
        <time>2024-10-14T12:14:05.000Z</time>
        <extensions>
          <ns3:TrackPointExtension>
            <ns3:atemp>27.0</ns3:atemp>
            <ns3:hr>173</ns3:hr>
            <ns3:cad>86</ns3:cad>
          </ns3:TrackPointExtension>
        </extensions>
      </trkpt>
      <trkpt lat="31.9888798333704471588134765625" lon="118.7691202573478221893310546875">
        <ele>39.200000762939453125</ele>
        <time>2024-10-14T12:14:06.000Z</time>
        <extensions>
          <ns3:TrackPointExtension>
            <ns3:atemp>27.0</ns3:atemp>
            <ns3:hr>173</ns3:hr>
            <ns3:cad>86</ns3:cad>
          </ns3:TrackPointExtension>
        </extensions>
      </trkpt>
      <trkpt lat="31.98885560967028141021728515625" lon="118.7691222690045833587646484375">
        <ele>39.200000762939453125</ele>
        <time>2024-10-14T12:14:07.000Z</time>
        <extensions>
          <ns3:TrackPointExtension>
            <ns3:atemp>27.0</ns3:atemp>
            <ns3:hr>173</ns3:hr>
            <ns3:cad>87</ns3:cad>
          </ns3:TrackPointExtension>
        </extensions>
      </trkpt>
      <trkpt lat="31.98882845230400562286376953125" lon="118.76912377774715423583984375">
        <ele>39.200000762939453125</ele>
        <time>2024-10-14T12:14:08.000Z</time>
        <extensions>
          <ns3:TrackPointExtension>
            <ns3:atemp>27.0</ns3:atemp>
            <ns3:hr>173</ns3:hr>
            <ns3:cad>87</ns3:cad>
          </ns3:TrackPointExtension>
        </extensions>
      </trkpt>
      <trkpt lat="31.98880649171769618988037109375" lon="118.769125454127788543701171875">
        <ele>39.200000762939453125</ele>
        <time>2024-10-14T12:14:09.000Z</time>
        <extensions>
          <ns3:TrackPointExtension>
            <ns3:atemp>27.0</ns3:atemp>
            <ns3:hr>173</ns3:hr>
            <ns3:cad>88</ns3:cad>
          </ns3:TrackPointExtension>
        </extensions>
      </trkpt>
      <trkpt lat="31.9887826032936573028564453125" lon="118.7691269628703594207763671875">
        <ele>39.200000762939453125</ele>
        <time>2024-10-14T12:14:10.000Z</time>
        <extensions>
          <ns3:TrackPointExtension>
            <ns3:atemp>27.0</ns3:atemp>
            <ns3:hr>173</ns3:hr>
            <ns3:cad>88</ns3:cad>
          </ns3:TrackPointExtension>
        </extensions>
      </trkpt>
      <trkpt lat="31.98876290582120418548583984375" lon="118.7691279686987400054931640625">
        <ele>39</ele>
        <time>2024-10-14T12:14:11.000Z</time>
        <extensions>
          <ns3:TrackPointExtension>
            <ns3:atemp>27.0</ns3:atemp>
            <ns3:hr>173</ns3:hr>
            <ns3:cad>88</ns3:cad>
          </ns3:TrackPointExtension>
        </extensions>
      </trkpt>
      <trkpt lat="31.9887403585016727447509765625" lon="118.76912956126034259796142578125">
        <ele>39</ele>
        <time>2024-10-14T12:14:12.000Z</time>
        <extensions>
          <ns3:TrackPointExtension>
            <ns3:atemp>27.0</ns3:atemp>
            <ns3:hr>173</ns3:hr>
            <ns3:cad>88</ns3:cad>
          </ns3:TrackPointExtension>
        </extensions>
      </trkpt>
      <trkpt lat="31.98872351087629795074462890625" lon="118.76913140527904033660888671875">
        <ele>39</ele>
        <time>2024-10-14T12:14:13.000Z</time>
        <extensions>
          <ns3:TrackPointExtension>
            <ns3:atemp>27.0</ns3:atemp>
            <ns3:hr>173</ns3:hr>
            <ns3:cad>88</ns3:cad>
          </ns3:TrackPointExtension>
        </extensions>
      </trkpt>
      <trkpt lat="31.98869903571903705596923828125" lon="118.76913157291710376739501953125">
        <ele>38.799999237060546875</ele>
        <time>2024-10-14T12:14:14.000Z</time>
        <extensions>
          <ns3:TrackPointExtension>
            <ns3:atemp>27.0</ns3:atemp>
            <ns3:hr>173</ns3:hr>
            <ns3:cad>88</ns3:cad>
          </ns3:TrackPointExtension>
        </extensions>
      </trkpt>
      <trkpt lat="31.9886783324182033538818359375" lon="118.769132830202579498291015625">
        <ele>38.799999237060546875</ele>
        <time>2024-10-14T12:14:15.000Z</time>
        <extensions>
          <ns3:TrackPointExtension>
            <ns3:atemp>27.0</ns3:atemp>
            <ns3:hr>173</ns3:hr>
            <ns3:cad>88</ns3:cad>
          </ns3:TrackPointExtension>
        </extensions>
      </trkpt>
      <trkpt lat="31.988652013242244720458984375" lon="118.76913039945065975189208984375">
        <ele>38.59999847412109375</ele>
        <time>2024-10-14T12:14:16.000Z</time>
        <extensions>
          <ns3:TrackPointExtension>
            <ns3:atemp>27.0</ns3:atemp>
            <ns3:hr>173</ns3:hr>
            <ns3:cad>88</ns3:cad>
          </ns3:TrackPointExtension>
        </extensions>
      </trkpt>
      <trkpt lat="31.9886287115514278411865234375" lon="118.7691283039748668670654296875">
        <ele>38.59999847412109375</ele>
        <time>2024-10-14T12:14:17.000Z</time>
        <extensions>
          <ns3:TrackPointExtension>
            <ns3:atemp>27.0</ns3:atemp>
            <ns3:hr>173</ns3:hr>
            <ns3:cad>88</ns3:cad>
          </ns3:TrackPointExtension>
        </extensions>
      </trkpt>
      <trkpt lat="31.98860473930835723876953125" lon="118.7691272981464862823486328125">
        <ele>38.59999847412109375</ele>
        <time>2024-10-14T12:14:18.000Z</time>
        <extensions>
          <ns3:TrackPointExtension>
            <ns3:atemp>27.0</ns3:atemp>
            <ns3:hr>173</ns3:hr>
            <ns3:cad>88</ns3:cad>
          </ns3:TrackPointExtension>
        </extensions>
      </trkpt>
      <trkpt lat="31.9885831139981746673583984375" lon="118.76912637613713741302490234375">
        <ele>38.59999847412109375</ele>
        <time>2024-10-14T12:14:19.000Z</time>
        <extensions>
          <ns3:TrackPointExtension>
            <ns3:atemp>27.0</ns3:atemp>
            <ns3:hr>173</ns3:hr>
            <ns3:cad>88</ns3:cad>
          </ns3:TrackPointExtension>
        </extensions>
      </trkpt>
      <trkpt lat="31.988558135926723480224609375" lon="118.7691279686987400054931640625">
        <ele>38.40000152587890625</ele>
        <time>2024-10-14T12:14:20.000Z</time>
        <extensions>
          <ns3:TrackPointExtension>
            <ns3:atemp>27.0</ns3:atemp>
            <ns3:hr>173</ns3:hr>
            <ns3:cad>88</ns3:cad>
          </ns3:TrackPointExtension>
        </extensions>
      </trkpt>
      <trkpt lat="31.98853097856044769287109375" lon="118.76912687905132770538330078125">
        <ele>38.40000152587890625</ele>
        <time>2024-10-14T12:14:21.000Z</time>
        <extensions>
          <ns3:TrackPointExtension>
            <ns3:atemp>27.0</ns3:atemp>
            <ns3:hr>173</ns3:hr>
            <ns3:cad>88</ns3:cad>
          </ns3:TrackPointExtension>
        </extensions>
      </trkpt>
      <trkpt lat="31.9885061681270599365234375" lon="118.76912872307002544403076171875">
        <ele>38.200000762939453125</ele>
        <time>2024-10-14T12:14:22.000Z</time>
        <extensions>
          <ns3:TrackPointExtension>
            <ns3:atemp>27.0</ns3:atemp>
            <ns3:hr>174</ns3:hr>
            <ns3:cad>88</ns3:cad>
          </ns3:TrackPointExtension>
        </extensions>
      </trkpt>
      <trkpt lat="31.98847540654242038726806640625" lon="118.7691257894039154052734375">
        <ele>38.200000762939453125</ele>
        <time>2024-10-14T12:14:23.000Z</time>
        <extensions>
          <ns3:TrackPointExtension>
            <ns3:atemp>27.0</ns3:atemp>
            <ns3:hr>174</ns3:hr>
            <ns3:cad>88</ns3:cad>
          </ns3:TrackPointExtension>
        </extensions>
      </trkpt>
      <trkpt lat="31.988450177013874053955078125" lon="118.7691276334226131439208984375">
        <ele>38.200000762939453125</ele>
        <time>2024-10-14T12:14:24.000Z</time>
        <extensions>
          <ns3:TrackPointExtension>
            <ns3:atemp>27.0</ns3:atemp>
            <ns3:hr>174</ns3:hr>
            <ns3:cad>88</ns3:cad>
          </ns3:TrackPointExtension>
        </extensions>
      </trkpt>
      <trkpt lat="31.9884218461811542510986328125" lon="118.7691293098032474517822265625">
        <ele>38</ele>
        <time>2024-10-14T12:14:25.000Z</time>
        <extensions>
          <ns3:TrackPointExtension>
            <ns3:atemp>27.0</ns3:atemp>
            <ns3:hr>174</ns3:hr>
            <ns3:cad>88</ns3:cad>
          </ns3:TrackPointExtension>
        </extensions>
      </trkpt>
      <trkpt lat="31.98839410208165645599365234375" lon="118.76913048326969146728515625">
        <ele>38</ele>
        <time>2024-10-14T12:14:26.000Z</time>
        <extensions>
          <ns3:TrackPointExtension>
            <ns3:atemp>27.0</ns3:atemp>
            <ns3:hr>174</ns3:hr>
            <ns3:cad>88</ns3:cad>
          </ns3:TrackPointExtension>
        </extensions>
      </trkpt>
      <trkpt lat="31.9883666932582855224609375" lon="118.76913123764097690582275390625">
        <ele>38</ele>
        <time>2024-10-14T12:14:27.000Z</time>
        <extensions>
          <ns3:TrackPointExtension>
            <ns3:atemp>27.0</ns3:atemp>
            <ns3:hr>174</ns3:hr>
            <ns3:cad>88</ns3:cad>
          </ns3:TrackPointExtension>
        </extensions>
      </trkpt>
      <trkpt lat="31.9883443973958492279052734375" lon="118.7691323272883892059326171875">
        <ele>38</ele>
        <time>2024-10-14T12:14:28.000Z</time>
        <extensions>
          <ns3:TrackPointExtension>
            <ns3:atemp>27.0</ns3:atemp>
            <ns3:hr>174</ns3:hr>
            <ns3:cad>88</ns3:cad>
          </ns3:TrackPointExtension>
        </extensions>
      </trkpt>
      <trkpt lat="31.98832034133374691009521484375" lon="118.7691329978406429290771484375">
        <ele>37.799999237060546875</ele>
        <time>2024-10-14T12:14:29.000Z</time>
        <extensions>
          <ns3:TrackPointExtension>
            <ns3:atemp>27.0</ns3:atemp>
            <ns3:hr>174</ns3:hr>
            <ns3:cad>88</ns3:cad>
          </ns3:TrackPointExtension>
        </extensions>
      </trkpt>
      <trkpt lat="31.98829771019518375396728515625" lon="118.76913073472678661346435546875">
        <ele>37.799999237060546875</ele>
        <time>2024-10-14T12:14:30.000Z</time>
        <extensions>
          <ns3:TrackPointExtension>
            <ns3:atemp>27.0</ns3:atemp>
            <ns3:hr>174</ns3:hr>
            <ns3:cad>88</ns3:cad>
          </ns3:TrackPointExtension>
        </extensions>
      </trkpt>
      <trkpt lat="31.98826820589601993560791015625" lon="118.76912838779389858245849609375">
        <ele>37.799999237060546875</ele>
        <time>2024-10-14T12:14:31.000Z</time>
        <extensions>
          <ns3:TrackPointExtension>
            <ns3:atemp>27.0</ns3:atemp>
            <ns3:hr>174</ns3:hr>
            <ns3:cad>88</ns3:cad>
          </ns3:TrackPointExtension>
        </extensions>
      </trkpt>
      <trkpt lat="31.98824264109134674072265625" lon="118.76912386156618595123291015625">
        <ele>37.799999237060546875</ele>
        <time>2024-10-14T12:14:32.000Z</time>
        <extensions>
          <ns3:TrackPointExtension>
            <ns3:atemp>27.0</ns3:atemp>
            <ns3:hr>174</ns3:hr>
            <ns3:cad>88</ns3:cad>
          </ns3:TrackPointExtension>
        </extensions>
      </trkpt>
      <trkpt lat="31.98821875266730785369873046875" lon="118.7691249512135982513427734375">
        <ele>37.799999237060546875</ele>
        <time>2024-10-14T12:14:33.000Z</time>
        <extensions>
          <ns3:TrackPointExtension>
            <ns3:atemp>27.0</ns3:atemp>
            <ns3:hr>174</ns3:hr>
            <ns3:cad>87</ns3:cad>
          </ns3:TrackPointExtension>
        </extensions>
      </trkpt>
      <trkpt lat="31.98819545097649097442626953125" lon="118.7691257894039154052734375">
        <ele>37.59999847412109375</ele>
        <time>2024-10-14T12:14:34.000Z</time>
        <extensions>
          <ns3:TrackPointExtension>
            <ns3:atemp>27.0</ns3:atemp>
            <ns3:hr>174</ns3:hr>
            <ns3:cad>87</ns3:cad>
          </ns3:TrackPointExtension>
        </extensions>
      </trkpt>
      <trkpt lat="31.98817156255245208740234375" lon="118.76912511885166168212890625">
        <ele>37.59999847412109375</ele>
        <time>2024-10-14T12:14:35.000Z</time>
        <extensions>
          <ns3:TrackPointExtension>
            <ns3:atemp>27.0</ns3:atemp>
            <ns3:hr>174</ns3:hr>
            <ns3:cad>87</ns3:cad>
          </ns3:TrackPointExtension>
        </extensions>
      </trkpt>
      <trkpt lat="31.98814851231873035430908203125" lon="118.76912604086101055145263671875">
        <ele>37.59999847412109375</ele>
        <time>2024-10-14T12:14:36.000Z</time>
        <extensions>
          <ns3:TrackPointExtension>
            <ns3:atemp>27.0</ns3:atemp>
            <ns3:hr>174</ns3:hr>
            <ns3:cad>87</ns3:cad>
          </ns3:TrackPointExtension>
        </extensions>
      </trkpt>
      <trkpt lat="31.9881252944469451904296875" lon="118.76913023181259632110595703125">
        <ele>37.59999847412109375</ele>
        <time>2024-10-14T12:14:37.000Z</time>
        <extensions>
          <ns3:TrackPointExtension>
            <ns3:atemp>27.0</ns3:atemp>
            <ns3:hr>173</ns3:hr>
            <ns3:cad>87</ns3:cad>
          </ns3:TrackPointExtension>
        </extensions>
      </trkpt>
      <trkpt lat="31.98810140602290630340576171875" lon="118.769134171307086944580078125">
        <ele>37.40000152587890625</ele>
        <time>2024-10-14T12:14:38.000Z</time>
        <extensions>
          <ns3:TrackPointExtension>
            <ns3:atemp>27.0</ns3:atemp>
            <ns3:hr>173</ns3:hr>
            <ns3:cad>88</ns3:cad>
          </ns3:TrackPointExtension>
        </extensions>
      </trkpt>
      <trkpt lat="31.98807902634143829345703125" lon="118.76913794316351413726806640625">
        <ele>37.40000152587890625</ele>
        <time>2024-10-14T12:14:39.000Z</time>
        <extensions>
          <ns3:TrackPointExtension>
            <ns3:atemp>27.0</ns3:atemp>
            <ns3:hr>172</ns3:hr>
            <ns3:cad>88</ns3:cad>
          </ns3:TrackPointExtension>
        </extensions>
      </trkpt>
      <trkpt lat="31.98805279098451137542724609375" lon="118.76914096064865589141845703125">
        <ele>37.40000152587890625</ele>
        <time>2024-10-14T12:14:40.000Z</time>
        <extensions>
          <ns3:TrackPointExtension>
            <ns3:atemp>27.0</ns3:atemp>
            <ns3:hr>172</ns3:hr>
            <ns3:cad>88</ns3:cad>
          </ns3:TrackPointExtension>
        </extensions>
      </trkpt>
      <trkpt lat="31.9880268909037113189697265625" lon="118.76914464868605136871337890625">
        <ele>37.40000152587890625</ele>
        <time>2024-10-14T12:14:41.000Z</time>
        <extensions>
          <ns3:TrackPointExtension>
            <ns3:atemp>27.0</ns3:atemp>
            <ns3:hr>172</ns3:hr>
            <ns3:cad>88</ns3:cad>
          </ns3:TrackPointExtension>
        </extensions>
      </trkpt>
      <trkpt lat="31.988000236451625823974609375" lon="118.76914414577186107635498046875">
        <ele>37.40000152587890625</ele>
        <time>2024-10-14T12:14:42.000Z</time>
        <extensions>
          <ns3:TrackPointExtension>
            <ns3:atemp>27.0</ns3:atemp>
            <ns3:hr>173</ns3:hr>
            <ns3:cad>88</ns3:cad>
          </ns3:TrackPointExtension>
        </extensions>
      </trkpt>
      <trkpt lat="31.98798338882625102996826171875" lon="118.76913987100124359130859375">
        <ele>37.40000152587890625</ele>
        <time>2024-10-14T12:14:43.000Z</time>
        <extensions>
          <ns3:TrackPointExtension>
            <ns3:atemp>27.0</ns3:atemp>
            <ns3:hr>173</ns3:hr>
            <ns3:cad>88</ns3:cad>
          </ns3:TrackPointExtension>
        </extensions>
      </trkpt>
      <trkpt lat="31.9879635237157344818115234375" lon="118.7691363506019115447998046875">
        <ele>37.40000152587890625</ele>
        <time>2024-10-14T12:14:44.000Z</time>
        <extensions>
          <ns3:TrackPointExtension>
            <ns3:atemp>27.0</ns3:atemp>
            <ns3:hr>173</ns3:hr>
            <ns3:cad>88</ns3:cad>
          </ns3:TrackPointExtension>
        </extensions>
      </trkpt>
      <trkpt lat="31.9879400543868541717529296875" lon="118.7691319920122623443603515625">
        <ele>37.40000152587890625</ele>
        <time>2024-10-14T12:14:45.000Z</time>
        <extensions>
          <ns3:TrackPointExtension>
            <ns3:atemp>27.0</ns3:atemp>
            <ns3:hr>173</ns3:hr>
            <ns3:cad>87</ns3:cad>
          </ns3:TrackPointExtension>
        </extensions>
      </trkpt>
      <trkpt lat="31.9879080355167388916015625" lon="118.76913157291710376739501953125">
        <ele>37.40000152587890625</ele>
        <time>2024-10-14T12:14:46.000Z</time>
        <extensions>
          <ns3:TrackPointExtension>
            <ns3:atemp>27.0</ns3:atemp>
            <ns3:hr>173</ns3:hr>
            <ns3:cad>87</ns3:cad>
          </ns3:TrackPointExtension>
        </extensions>
      </trkpt>
      <trkpt lat="31.987878195941448211669921875" lon="118.76912956126034259796142578125">
        <ele>37.40000152587890625</ele>
        <time>2024-10-14T12:14:47.000Z</time>
        <extensions>
          <ns3:TrackPointExtension>
            <ns3:atemp>27.0</ns3:atemp>
            <ns3:hr>173</ns3:hr>
            <ns3:cad>87</ns3:cad>
          </ns3:TrackPointExtension>
        </extensions>
      </trkpt>
      <trkpt lat="31.98784835636615753173828125" lon="118.76912922598421573638916015625">
        <ele>37.40000152587890625</ele>
        <time>2024-10-14T12:14:48.000Z</time>
        <extensions>
          <ns3:TrackPointExtension>
            <ns3:atemp>27.0</ns3:atemp>
            <ns3:hr>173</ns3:hr>
            <ns3:cad>87</ns3:cad>
          </ns3:TrackPointExtension>
        </extensions>
      </trkpt>
      <trkpt lat="31.9878168404102325439453125" lon="118.76912922598421573638916015625">
        <ele>37.40000152587890625</ele>
        <time>2024-10-14T12:14:49.000Z</time>
        <extensions>
          <ns3:TrackPointExtension>
            <ns3:atemp>27.0</ns3:atemp>
            <ns3:hr>173</ns3:hr>
            <ns3:cad>87</ns3:cad>
          </ns3:TrackPointExtension>
        </extensions>
      </trkpt>
      <trkpt lat="31.9877915270626544952392578125" lon="118.76913174055516719818115234375">
        <ele>37.40000152587890625</ele>
        <time>2024-10-14T12:14:50.000Z</time>
        <extensions>
          <ns3:TrackPointExtension>
            <ns3:atemp>27.0</ns3:atemp>
            <ns3:hr>173</ns3:hr>
            <ns3:cad>87</ns3:cad>
          </ns3:TrackPointExtension>
        </extensions>
      </trkpt>
      <trkpt lat="31.98776462115347385406494140625" lon="118.7691350094974040985107421875">
        <ele>37.40000152587890625</ele>
        <time>2024-10-14T12:14:51.000Z</time>
        <extensions>
          <ns3:TrackPointExtension>
            <ns3:atemp>27.0</ns3:atemp>
            <ns3:hr>173</ns3:hr>
            <ns3:cad>87</ns3:cad>
          </ns3:TrackPointExtension>
        </extensions>
      </trkpt>
      <trkpt lat="31.98773947544395923614501953125" lon="118.7691390328109264373779296875">
        <ele>37.40000152587890625</ele>
        <time>2024-10-14T12:14:52.000Z</time>
        <extensions>
          <ns3:TrackPointExtension>
            <ns3:atemp>27.0</ns3:atemp>
            <ns3:hr>173</ns3:hr>
            <ns3:cad>87</ns3:cad>
          </ns3:TrackPointExtension>
        </extensions>
      </trkpt>
      <trkpt lat="31.98771483264863491058349609375" lon="118.76914464868605136871337890625">
        <ele>37.40000152587890625</ele>
        <time>2024-10-14T12:14:53.000Z</time>
        <extensions>
          <ns3:TrackPointExtension>
            <ns3:atemp>27.0</ns3:atemp>
            <ns3:hr>173</ns3:hr>
            <ns3:cad>88</ns3:cad>
          </ns3:TrackPointExtension>
        </extensions>
      </trkpt>
      <trkpt lat="31.98769144713878631591796875" lon="118.76914867199957370758056640625">
        <ele>37.40000152587890625</ele>
        <time>2024-10-14T12:14:54.000Z</time>
        <extensions>
          <ns3:TrackPointExtension>
            <ns3:atemp>27.0</ns3:atemp>
            <ns3:hr>173</ns3:hr>
            <ns3:cad>88</ns3:cad>
          </ns3:TrackPointExtension>
        </extensions>
      </trkpt>
      <trkpt lat="31.9876647926867008209228515625" lon="118.769149594008922576904296875">
        <ele>37.40000152587890625</ele>
        <time>2024-10-14T12:14:55.000Z</time>
        <extensions>
          <ns3:TrackPointExtension>
            <ns3:atemp>27.0</ns3:atemp>
            <ns3:hr>173</ns3:hr>
            <ns3:cad>88</ns3:cad>
          </ns3:TrackPointExtension>
        </extensions>
      </trkpt>
      <trkpt lat="31.98764006607234477996826171875" lon="118.76915018074214458465576171875">
        <ele>37.40000152587890625</ele>
        <time>2024-10-14T12:14:56.000Z</time>
        <extensions>
          <ns3:TrackPointExtension>
            <ns3:atemp>27.0</ns3:atemp>
            <ns3:hr>173</ns3:hr>
            <ns3:cad>88</ns3:cad>
          </ns3:TrackPointExtension>
        </extensions>
      </trkpt>
      <trkpt lat="31.9876103103160858154296875" lon="118.769151270389556884765625">
        <ele>37.40000152587890625</ele>
        <time>2024-10-14T12:14:57.000Z</time>
        <extensions>
          <ns3:TrackPointExtension>
            <ns3:atemp>27.0</ns3:atemp>
            <ns3:hr>173</ns3:hr>
            <ns3:cad>88</ns3:cad>
          </ns3:TrackPointExtension>
        </extensions>
      </trkpt>
      <trkpt lat="31.987587176263332366943359375" lon="118.76914833672344684600830078125">
        <ele>37.40000152587890625</ele>
        <time>2024-10-14T12:14:58.000Z</time>
        <extensions>
          <ns3:TrackPointExtension>
            <ns3:atemp>27.0</ns3:atemp>
            <ns3:hr>173</ns3:hr>
            <ns3:cad>88</ns3:cad>
          </ns3:TrackPointExtension>
        </extensions>
      </trkpt>
      <trkpt lat="31.98756211437284946441650390625" lon="118.76914565451443195343017578125">
        <ele>37.40000152587890625</ele>
        <time>2024-10-14T12:14:59.000Z</time>
        <extensions>
          <ns3:TrackPointExtension>
            <ns3:atemp>27.0</ns3:atemp>
            <ns3:hr>173</ns3:hr>
            <ns3:cad>88</ns3:cad>
          </ns3:TrackPointExtension>
        </extensions>
      </trkpt>
      <trkpt lat="31.98754048906266689300537109375" lon="118.76914045773446559906005859375">
        <ele>37.40000152587890625</ele>
        <time>2024-10-14T12:15:00.000Z</time>
        <extensions>
          <ns3:TrackPointExtension>
            <ns3:atemp>27.0</ns3:atemp>
            <ns3:hr>173</ns3:hr>
            <ns3:cad>88</ns3:cad>
          </ns3:TrackPointExtension>
        </extensions>
      </trkpt>
      <trkpt lat="31.98751819320023059844970703125" lon="118.7691360153257846832275390625">
        <ele>37.40000152587890625</ele>
        <time>2024-10-14T12:15:01.000Z</time>
        <extensions>
          <ns3:TrackPointExtension>
            <ns3:atemp>27.0</ns3:atemp>
            <ns3:hr>173</ns3:hr>
            <ns3:cad>88</ns3:cad>
          </ns3:TrackPointExtension>
        </extensions>
      </trkpt>
      <trkpt lat="31.9874938018620014190673828125" lon="118.76912989653646945953369140625">
        <ele>37.40000152587890625</ele>
        <time>2024-10-14T12:15:02.000Z</time>
        <extensions>
          <ns3:TrackPointExtension>
            <ns3:atemp>27.0</ns3:atemp>
            <ns3:hr>173</ns3:hr>
            <ns3:cad>87</ns3:cad>
          </ns3:TrackPointExtension>
        </extensions>
      </trkpt>
      <trkpt lat="31.9874686561524868011474609375" lon="118.76912604086101055145263671875">
        <ele>37.40000152587890625</ele>
        <time>2024-10-14T12:15:03.000Z</time>
        <extensions>
          <ns3:TrackPointExtension>
            <ns3:atemp>27.0</ns3:atemp>
            <ns3:hr>173</ns3:hr>
            <ns3:cad>87</ns3:cad>
          </ns3:TrackPointExtension>
        </extensions>
      </trkpt>
      <trkpt lat="31.98743772692978382110595703125" lon="118.7691185809671878814697265625">
        <ele>37.40000152587890625</ele>
        <time>2024-10-14T12:15:04.000Z</time>
        <extensions>
          <ns3:TrackPointExtension>
            <ns3:atemp>27.0</ns3:atemp>
            <ns3:hr>173</ns3:hr>
            <ns3:cad>87</ns3:cad>
          </ns3:TrackPointExtension>
        </extensions>
      </trkpt>
      <trkpt lat="31.98740855790674686431884765625" lon="118.76911564730107784271240234375">
        <ele>37.40000152587890625</ele>
        <time>2024-10-14T12:15:05.000Z</time>
        <extensions>
          <ns3:TrackPointExtension>
            <ns3:atemp>27.0</ns3:atemp>
            <ns3:hr>173</ns3:hr>
            <ns3:cad>87</ns3:cad>
          </ns3:TrackPointExtension>
        </extensions>
      </trkpt>
      <trkpt lat="31.987377963960170745849609375" lon="118.7691125459969043731689453125">
        <ele>37.40000152587890625</ele>
        <time>2024-10-14T12:15:06.000Z</time>
        <extensions>
          <ns3:TrackPointExtension>
            <ns3:atemp>27.0</ns3:atemp>
            <ns3:hr>173</ns3:hr>
            <ns3:cad>87</ns3:cad>
          </ns3:TrackPointExtension>
        </extensions>
      </trkpt>
      <trkpt lat="31.98734770528972148895263671875" lon="118.769113719463348388671875">
        <ele>37.200000762939453125</ele>
        <time>2024-10-14T12:15:07.000Z</time>
        <extensions>
          <ns3:TrackPointExtension>
            <ns3:atemp>27.0</ns3:atemp>
            <ns3:hr>173</ns3:hr>
            <ns3:cad>88</ns3:cad>
          </ns3:TrackPointExtension>
        </extensions>
      </trkpt>
      <trkpt lat="31.9873197935521602630615234375" lon="118.76911363564431667327880859375">
        <ele>37.200000762939453125</ele>
        <time>2024-10-14T12:15:08.000Z</time>
        <extensions>
          <ns3:TrackPointExtension>
            <ns3:atemp>27.0</ns3:atemp>
            <ns3:hr>173</ns3:hr>
            <ns3:cad>88</ns3:cad>
          </ns3:TrackPointExtension>
        </extensions>
      </trkpt>
      <trkpt lat="31.98729448020458221435546875" lon="118.76911447383463382720947265625">
        <ele>37.200000762939453125</ele>
        <time>2024-10-14T12:15:09.000Z</time>
        <extensions>
          <ns3:TrackPointExtension>
            <ns3:atemp>27.0</ns3:atemp>
            <ns3:hr>173</ns3:hr>
            <ns3:cad>88</ns3:cad>
          </ns3:TrackPointExtension>
        </extensions>
      </trkpt>
      <trkpt lat="31.9872674904763698577880859375" lon="118.7691150605678558349609375">
        <ele>37</ele>
        <time>2024-10-14T12:15:10.000Z</time>
        <extensions>
          <ns3:TrackPointExtension>
            <ns3:atemp>27.0</ns3:atemp>
            <ns3:hr>173</ns3:hr>
            <ns3:cad>88</ns3:cad>
          </ns3:TrackPointExtension>
        </extensions>
      </trkpt>
      <trkpt lat="31.987243853509426116943359375" lon="118.76911564730107784271240234375">
        <ele>37</ele>
        <time>2024-10-14T12:15:11.000Z</time>
        <extensions>
          <ns3:TrackPointExtension>
            <ns3:atemp>27.0</ns3:atemp>
            <ns3:hr>173</ns3:hr>
            <ns3:cad>88</ns3:cad>
          </ns3:TrackPointExtension>
        </extensions>
      </trkpt>
      <trkpt lat="31.98721728287637233734130859375" lon="118.7691150605678558349609375">
        <ele>37</ele>
        <time>2024-10-14T12:15:12.000Z</time>
        <extensions>
          <ns3:TrackPointExtension>
            <ns3:atemp>27.0</ns3:atemp>
            <ns3:hr>174</ns3:hr>
            <ns3:cad>88</ns3:cad>
          </ns3:TrackPointExtension>
        </extensions>
      </trkpt>
      <trkpt lat="31.98719247244298458099365234375" lon="118.7691152282059192657470703125">
        <ele>37</ele>
        <time>2024-10-14T12:15:13.000Z</time>
        <extensions>
          <ns3:TrackPointExtension>
            <ns3:atemp>27.0</ns3:atemp>
            <ns3:hr>174</ns3:hr>
            <ns3:cad>88</ns3:cad>
          </ns3:TrackPointExtension>
        </extensions>
      </trkpt>
      <trkpt lat="31.98716280050575733184814453125" lon="118.76911640167236328125">
        <ele>37</ele>
        <time>2024-10-14T12:15:14.000Z</time>
        <extensions>
          <ns3:TrackPointExtension>
            <ns3:atemp>27.0</ns3:atemp>
            <ns3:hr>174</ns3:hr>
            <ns3:cad>88</ns3:cad>
          </ns3:TrackPointExtension>
        </extensions>
      </trkpt>
      <trkpt lat="31.98713891208171844482421875" lon="118.76911682076752185821533203125">
        <ele>37</ele>
        <time>2024-10-14T12:15:15.000Z</time>
        <extensions>
          <ns3:TrackPointExtension>
            <ns3:atemp>27.0</ns3:atemp>
            <ns3:hr>174</ns3:hr>
            <ns3:cad>88</ns3:cad>
          </ns3:TrackPointExtension>
        </extensions>
      </trkpt>
      <trkpt lat="31.9871114194393157958984375" lon="118.76911782659590244293212890625">
        <ele>37</ele>
        <time>2024-10-14T12:15:16.000Z</time>
        <extensions>
          <ns3:TrackPointExtension>
            <ns3:atemp>27.0</ns3:atemp>
            <ns3:hr>174</ns3:hr>
            <ns3:cad>88</ns3:cad>
          </ns3:TrackPointExtension>
        </extensions>
      </trkpt>
      <trkpt lat="31.98709121905267238616943359375" lon="118.76911631785333156585693359375">
        <ele>37</ele>
        <time>2024-10-14T12:15:17.000Z</time>
        <extensions>
          <ns3:TrackPointExtension>
            <ns3:atemp>27.0</ns3:atemp>
            <ns3:hr>174</ns3:hr>
            <ns3:cad>88</ns3:cad>
          </ns3:TrackPointExtension>
        </extensions>
      </trkpt>
      <trkpt lat="31.98706339113414287567138671875" lon="118.76911380328238010406494140625">
        <ele>37</ele>
        <time>2024-10-14T12:15:18.000Z</time>
        <extensions>
          <ns3:TrackPointExtension>
            <ns3:atemp>27.0</ns3:atemp>
            <ns3:hr>174</ns3:hr>
            <ns3:cad>89</ns3:cad>
          </ns3:TrackPointExtension>
        </extensions>
      </trkpt>
      <trkpt lat="31.98703807778656482696533203125" lon="118.7691145576536655426025390625">
        <ele>37</ele>
        <time>2024-10-14T12:15:19.000Z</time>
        <extensions>
          <ns3:TrackPointExtension>
            <ns3:atemp>27.0</ns3:atemp>
            <ns3:hr>174</ns3:hr>
            <ns3:cad>89</ns3:cad>
          </ns3:TrackPointExtension>
        </extensions>
      </trkpt>
      <trkpt lat="31.987007819116115570068359375" lon="118.76911732368171215057373046875">
        <ele>37</ele>
        <time>2024-10-14T12:15:20.000Z</time>
        <extensions>
          <ns3:TrackPointExtension>
            <ns3:atemp>27.0</ns3:atemp>
            <ns3:hr>174</ns3:hr>
            <ns3:cad>89</ns3:cad>
          </ns3:TrackPointExtension>
        </extensions>
      </trkpt>
      <trkpt lat="31.9869828410446643829345703125" lon="118.7691185809671878814697265625">
        <ele>37</ele>
        <time>2024-10-14T12:15:21.000Z</time>
        <extensions>
          <ns3:TrackPointExtension>
            <ns3:atemp>27.0</ns3:atemp>
            <ns3:hr>174</ns3:hr>
            <ns3:cad>89</ns3:cad>
          </ns3:TrackPointExtension>
        </extensions>
      </trkpt>
      <trkpt lat="31.98695543222129344940185546875" lon="118.76911832951009273529052734375">
        <ele>37</ele>
        <time>2024-10-14T12:15:22.000Z</time>
        <extensions>
          <ns3:TrackPointExtension>
            <ns3:atemp>27.0</ns3:atemp>
            <ns3:hr>174</ns3:hr>
            <ns3:cad>89</ns3:cad>
          </ns3:TrackPointExtension>
        </extensions>
      </trkpt>
      <trkpt lat="31.9869317114353179931640625" lon="118.769119419157505035400390625">
        <ele>37</ele>
        <time>2024-10-14T12:15:23.000Z</time>
        <extensions>
          <ns3:TrackPointExtension>
            <ns3:atemp>27.0</ns3:atemp>
            <ns3:hr>174</ns3:hr>
            <ns3:cad>89</ns3:cad>
          </ns3:TrackPointExtension>
        </extensions>
      </trkpt>
      <trkpt lat="31.9869030453264713287353515625" lon="118.76912117935717105865478515625">
        <ele>37</ele>
        <time>2024-10-14T12:15:24.000Z</time>
        <extensions>
          <ns3:TrackPointExtension>
            <ns3:atemp>27.0</ns3:atemp>
            <ns3:hr>174</ns3:hr>
            <ns3:cad>89</ns3:cad>
          </ns3:TrackPointExtension>
        </extensions>
      </trkpt>
      <trkpt lat="31.98687882162630558013916015625" lon="118.7691215984523296356201171875">
        <ele>37</ele>
        <time>2024-10-14T12:15:25.000Z</time>
        <extensions>
          <ns3:TrackPointExtension>
            <ns3:atemp>27.0</ns3:atemp>
            <ns3:hr>174</ns3:hr>
            <ns3:cad>88</ns3:cad>
          </ns3:TrackPointExtension>
        </extensions>
      </trkpt>
      <trkpt lat="31.98685015551745891571044921875" lon="118.769122101366519927978515625">
        <ele>36.799999237060546875</ele>
        <time>2024-10-14T12:15:26.000Z</time>
        <extensions>
          <ns3:TrackPointExtension>
            <ns3:atemp>27.0</ns3:atemp>
            <ns3:hr>175</ns3:hr>
            <ns3:cad>88</ns3:cad>
          </ns3:TrackPointExtension>
        </extensions>
      </trkpt>
      <trkpt lat="31.986824758350849151611328125" lon="118.76912235282361507415771484375">
        <ele>36.799999237060546875</ele>
        <time>2024-10-14T12:15:27.000Z</time>
        <extensions>
          <ns3:TrackPointExtension>
            <ns3:atemp>26.0</ns3:atemp>
            <ns3:hr>174</ns3:hr>
            <ns3:cad>89</ns3:cad>
          </ns3:TrackPointExtension>
        </extensions>
      </trkpt>
      <trkpt lat="31.98679634369909763336181640625" lon="118.7691236101090908050537109375">
        <ele>36.799999237060546875</ele>
        <time>2024-10-14T12:15:28.000Z</time>
        <extensions>
          <ns3:TrackPointExtension>
            <ns3:atemp>27.0</ns3:atemp>
            <ns3:hr>174</ns3:hr>
            <ns3:cad>89</ns3:cad>
          </ns3:TrackPointExtension>
        </extensions>
      </trkpt>
      <trkpt lat="31.98676784522831439971923828125" lon="118.76912377774715423583984375">
        <ele>36.59999847412109375</ele>
        <time>2024-10-14T12:15:29.000Z</time>
        <extensions>
          <ns3:TrackPointExtension>
            <ns3:atemp>27.0</ns3:atemp>
            <ns3:hr>174</ns3:hr>
            <ns3:cad>89</ns3:cad>
          </ns3:TrackPointExtension>
        </extensions>
      </trkpt>
      <trkpt lat="31.98673984967172145843505859375" lon="118.769124113023281097412109375">
        <ele>36.40000152587890625</ele>
        <time>2024-10-14T12:15:30.000Z</time>
        <extensions>
          <ns3:TrackPointExtension>
            <ns3:atemp>27.0</ns3:atemp>
            <ns3:hr>174</ns3:hr>
            <ns3:cad>90</ns3:cad>
          </ns3:TrackPointExtension>
        </extensions>
      </trkpt>
      <trkpt lat="31.98671378195285797119140625" lon="118.76912511885166168212890625">
        <ele>36.40000152587890625</ele>
        <time>2024-10-14T12:15:31.000Z</time>
        <extensions>
          <ns3:TrackPointExtension>
            <ns3:atemp>26.0</ns3:atemp>
            <ns3:hr>173</ns3:hr>
            <ns3:cad>90</ns3:cad>
          </ns3:TrackPointExtension>
        </extensions>
      </trkpt>
      <trkpt lat="31.98668452911078929901123046875" lon="118.76912620849907398223876953125">
        <ele>36.40000152587890625</ele>
        <time>2024-10-14T12:15:32.000Z</time>
        <extensions>
          <ns3:TrackPointExtension>
            <ns3:atemp>26.0</ns3:atemp>
            <ns3:hr>174</ns3:hr>
            <ns3:cad>90</ns3:cad>
          </ns3:TrackPointExtension>
        </extensions>
      </trkpt>
      <trkpt lat="31.9866586290299892425537109375" lon="118.7691272981464862823486328125">
        <ele>36.200000762939453125</ele>
        <time>2024-10-14T12:15:33.000Z</time>
        <extensions>
          <ns3:TrackPointExtension>
            <ns3:atemp>27.0</ns3:atemp>
            <ns3:hr>174</ns3:hr>
            <ns3:cad>90</ns3:cad>
          </ns3:TrackPointExtension>
        </extensions>
      </trkpt>
      <trkpt lat="31.986627615988254547119140625" lon="118.76912604086101055145263671875">
        <ele>36</ele>
        <time>2024-10-14T12:15:34.000Z</time>
        <extensions>
          <ns3:TrackPointExtension>
            <ns3:atemp>27.0</ns3:atemp>
            <ns3:hr>174</ns3:hr>
            <ns3:cad>91</ns3:cad>
          </ns3:TrackPointExtension>
        </extensions>
      </trkpt>
      <trkpt lat="31.9865991175174713134765625" lon="118.7691276334226131439208984375">
        <ele>36</ele>
        <time>2024-10-14T12:15:35.000Z</time>
        <extensions>
          <ns3:TrackPointExtension>
            <ns3:atemp>27.0</ns3:atemp>
            <ns3:hr>174</ns3:hr>
            <ns3:cad>91</ns3:cad>
          </ns3:TrackPointExtension>
        </extensions>
      </trkpt>
      <trkpt lat="31.98656634427607059478759765625" lon="118.76912889070808887481689453125">
        <ele>35.799999237060546875</ele>
        <time>2024-10-14T12:15:36.000Z</time>
        <extensions>
          <ns3:TrackPointExtension>
            <ns3:atemp>27.0</ns3:atemp>
            <ns3:hr>174</ns3:hr>
            <ns3:cad>92</ns3:cad>
          </ns3:TrackPointExtension>
        </extensions>
      </trkpt>
      <trkpt lat="31.98653801344335079193115234375" lon="118.76913048326969146728515625">
        <ele>35.799999237060546875</ele>
        <time>2024-10-14T12:15:37.000Z</time>
        <extensions>
          <ns3:TrackPointExtension>
            <ns3:atemp>27.0</ns3:atemp>
            <ns3:hr>174</ns3:hr>
            <ns3:cad>91</ns3:cad>
          </ns3:TrackPointExtension>
        </extensions>
      </trkpt>
      <trkpt lat="31.9865070842206478118896484375" lon="118.76913090236485004425048828125">
        <ele>35.59999847412109375</ele>
        <time>2024-10-14T12:15:38.000Z</time>
        <extensions>
          <ns3:TrackPointExtension>
            <ns3:atemp>27.0</ns3:atemp>
            <ns3:hr>174</ns3:hr>
            <ns3:cad>91</ns3:cad>
          </ns3:TrackPointExtension>
        </extensions>
      </trkpt>
      <trkpt lat="31.9864779151976108551025390625" lon="118.76913123764097690582275390625">
        <ele>35.59999847412109375</ele>
        <time>2024-10-14T12:15:39.000Z</time>
        <extensions>
          <ns3:TrackPointExtension>
            <ns3:atemp>27.0</ns3:atemp>
            <ns3:hr>174</ns3:hr>
            <ns3:cad>91</ns3:cad>
          </ns3:TrackPointExtension>
        </extensions>
      </trkpt>
      <trkpt lat="31.9864524342119693756103515625" lon="118.7691309861838817596435546875">
        <ele>35.40000152587890625</ele>
        <time>2024-10-14T12:15:40.000Z</time>
        <extensions>
          <ns3:TrackPointExtension>
            <ns3:atemp>27.0</ns3:atemp>
            <ns3:hr>174</ns3:hr>
            <ns3:cad>91</ns3:cad>
          </ns3:TrackPointExtension>
        </extensions>
      </trkpt>
      <trkpt lat="31.9864279590547084808349609375" lon="118.7691306509077548980712890625">
        <ele>35.200000762939453125</ele>
        <time>2024-10-14T12:15:41.000Z</time>
        <extensions>
          <ns3:TrackPointExtension>
            <ns3:atemp>26.0</ns3:atemp>
            <ns3:hr>174</ns3:hr>
            <ns3:cad>92</ns3:cad>
          </ns3:TrackPointExtension>
        </extensions>
      </trkpt>
      <trkpt lat="31.98640390299260616302490234375" lon="118.76913157291710376739501953125">
        <ele>35</ele>
        <time>2024-10-14T12:15:42.000Z</time>
        <extensions>
          <ns3:TrackPointExtension>
            <ns3:atemp>27.0</ns3:atemp>
            <ns3:hr>174</ns3:hr>
            <ns3:cad>92</ns3:cad>
          </ns3:TrackPointExtension>
        </extensions>
      </trkpt>
      <trkpt lat="31.9863786734640598297119140625" lon="118.7691316567361354827880859375">
        <ele>35</ele>
        <time>2024-10-14T12:15:43.000Z</time>
        <extensions>
          <ns3:TrackPointExtension>
            <ns3:atemp>27.0</ns3:atemp>
            <ns3:hr>174</ns3:hr>
            <ns3:cad>92</ns3:cad>
          </ns3:TrackPointExtension>
        </extensions>
      </trkpt>
      <trkpt lat="31.9863545335829257965087890625" lon="118.76913107000291347503662109375">
        <ele>34.799999237060546875</ele>
        <time>2024-10-14T12:15:44.000Z</time>
        <extensions>
          <ns3:TrackPointExtension>
            <ns3:atemp>27.0</ns3:atemp>
            <ns3:hr>174</ns3:hr>
            <ns3:cad>92</ns3:cad>
          </ns3:TrackPointExtension>
        </extensions>
      </trkpt>
      <trkpt lat="31.98632746003568172454833984375" lon="118.76912905834615230560302734375">
        <ele>34.799999237060546875</ele>
        <time>2024-10-14T12:15:45.000Z</time>
        <extensions>
          <ns3:TrackPointExtension>
            <ns3:atemp>26.0</ns3:atemp>
            <ns3:hr>174</ns3:hr>
            <ns3:cad>92</ns3:cad>
          </ns3:TrackPointExtension>
        </extensions>
      </trkpt>
      <trkpt lat="31.98629829101264476776123046875" lon="118.76912687905132770538330078125">
        <ele>34.799999237060546875</ele>
        <time>2024-10-14T12:15:46.000Z</time>
        <extensions>
          <ns3:TrackPointExtension>
            <ns3:atemp>27.0</ns3:atemp>
            <ns3:hr>174</ns3:hr>
            <ns3:cad>90</ns3:cad>
          </ns3:TrackPointExtension>
        </extensions>
      </trkpt>
      <trkpt lat="31.98626987636089324951171875" lon="118.76912738196551799774169921875">
        <ele>34.799999237060546875</ele>
        <time>2024-10-14T12:15:47.000Z</time>
        <extensions>
          <ns3:TrackPointExtension>
            <ns3:atemp>27.0</ns3:atemp>
            <ns3:hr>175</ns3:hr>
            <ns3:cad>90</ns3:cad>
          </ns3:TrackPointExtension>
        </extensions>
      </trkpt>
      <trkpt lat="31.98624573647975921630859375" lon="118.76912537030875682830810546875">
        <ele>34.799999237060546875</ele>
        <time>2024-10-14T12:15:48.000Z</time>
        <extensions>
          <ns3:TrackPointExtension>
            <ns3:atemp>27.0</ns3:atemp>
            <ns3:hr>175</ns3:hr>
            <ns3:cad>90</ns3:cad>
          </ns3:TrackPointExtension>
        </extensions>
      </trkpt>
      <trkpt lat="31.98622235096991062164306640625" lon="118.769125454127788543701171875">
        <ele>34.59999847412109375</ele>
        <time>2024-10-14T12:15:49.000Z</time>
        <extensions>
          <ns3:TrackPointExtension>
            <ns3:atemp>27.0</ns3:atemp>
            <ns3:hr>175</ns3:hr>
            <ns3:cad>90</ns3:cad>
          </ns3:TrackPointExtension>
        </extensions>
      </trkpt>
      <trkpt lat="31.98619837872684001922607421875" lon="118.7691246159374713897705078125">
        <ele>34.59999847412109375</ele>
        <time>2024-10-14T12:15:50.000Z</time>
        <extensions>
          <ns3:TrackPointExtension>
            <ns3:atemp>27.0</ns3:atemp>
            <ns3:hr>175</ns3:hr>
            <ns3:cad>89</ns3:cad>
          </ns3:TrackPointExtension>
        </extensions>
      </trkpt>
      <trkpt lat="31.9861734844744205474853515625" lon="118.7691289745271205902099609375">
        <ele>34.59999847412109375</ele>
        <time>2024-10-14T12:15:51.000Z</time>
        <extensions>
          <ns3:TrackPointExtension>
            <ns3:atemp>27.0</ns3:atemp>
            <ns3:hr>175</ns3:hr>
            <ns3:cad>89</ns3:cad>
          </ns3:TrackPointExtension>
        </extensions>
      </trkpt>
      <trkpt lat="31.9861476682126522064208984375" lon="118.76913090236485004425048828125">
        <ele>34.59999847412109375</ele>
        <time>2024-10-14T12:15:52.000Z</time>
        <extensions>
          <ns3:TrackPointExtension>
            <ns3:atemp>26.0</ns3:atemp>
            <ns3:hr>175</ns3:hr>
            <ns3:cad>89</ns3:cad>
          </ns3:TrackPointExtension>
        </extensions>
      </trkpt>
      <trkpt lat="31.98612210340797901153564453125" lon="118.76913391984999179840087890625">
        <ele>34.40000152587890625</ele>
        <time>2024-10-14T12:15:53.000Z</time>
        <extensions>
          <ns3:TrackPointExtension>
            <ns3:atemp>27.0</ns3:atemp>
            <ns3:hr>175</ns3:hr>
            <ns3:cad>89</ns3:cad>
          </ns3:TrackPointExtension>
        </extensions>
      </trkpt>
      <trkpt lat="31.9860943593084812164306640625" lon="118.76913710497319698333740234375">
        <ele>34.40000152587890625</ele>
        <time>2024-10-14T12:15:54.000Z</time>
        <extensions>
          <ns3:TrackPointExtension>
            <ns3:atemp>26.0</ns3:atemp>
            <ns3:hr>175</ns3:hr>
            <ns3:cad>90</ns3:cad>
          </ns3:TrackPointExtension>
        </extensions>
      </trkpt>
      <trkpt lat="31.98606477119028568267822265625" lon="118.76914029009640216827392578125">
        <ele>34.40000152587890625</ele>
        <time>2024-10-14T12:15:55.000Z</time>
        <extensions>
          <ns3:TrackPointExtension>
            <ns3:atemp>27.0</ns3:atemp>
            <ns3:hr>175</ns3:hr>
            <ns3:cad>90</ns3:cad>
          </ns3:TrackPointExtension>
        </extensions>
      </trkpt>
      <trkpt lat="31.98603115975856781005859375" lon="118.76914280466735363006591796875">
        <ele>34.40000152587890625</ele>
        <time>2024-10-14T12:15:56.000Z</time>
        <extensions>
          <ns3:TrackPointExtension>
            <ns3:atemp>27.0</ns3:atemp>
            <ns3:hr>175</ns3:hr>
            <ns3:cad>90</ns3:cad>
          </ns3:TrackPointExtension>
        </extensions>
      </trkpt>
      <trkpt lat="31.9860034994781017303466796875" lon="118.76914330758154392242431640625">
        <ele>34.40000152587890625</ele>
        <time>2024-10-14T12:15:57.000Z</time>
        <extensions>
          <ns3:TrackPointExtension>
            <ns3:atemp>27.0</ns3:atemp>
            <ns3:hr>175</ns3:hr>
            <ns3:cad>89</ns3:cad>
          </ns3:TrackPointExtension>
        </extensions>
      </trkpt>
      <trkpt lat="31.98597407899796962738037109375" lon="118.76914280466735363006591796875">
        <ele>34.40000152587890625</ele>
        <time>2024-10-14T12:15:58.000Z</time>
        <extensions>
          <ns3:TrackPointExtension>
            <ns3:atemp>26.0</ns3:atemp>
            <ns3:hr>175</ns3:hr>
            <ns3:cad>89</ns3:cad>
          </ns3:TrackPointExtension>
        </extensions>
      </trkpt>
      <trkpt lat="31.98594893328845500946044921875" lon="118.7691403739154338836669921875">
        <ele>34.40000152587890625</ele>
        <time>2024-10-14T12:15:59.000Z</time>
        <extensions>
          <ns3:TrackPointExtension>
            <ns3:atemp>26.0</ns3:atemp>
            <ns3:hr>175</ns3:hr>
            <ns3:cad>90</ns3:cad>
          </ns3:TrackPointExtension>
        </extensions>
      </trkpt>
      <trkpt lat="31.9859232008457183837890625" lon="118.76913643442094326019287109375">
        <ele>34.40000152587890625</ele>
        <time>2024-10-14T12:16:00.000Z</time>
        <extensions>
          <ns3:TrackPointExtension>
            <ns3:atemp>26.0</ns3:atemp>
            <ns3:hr>175</ns3:hr>
            <ns3:cad>90</ns3:cad>
          </ns3:TrackPointExtension>
        </extensions>
      </trkpt>
      <trkpt lat="31.9858962111175060272216796875" lon="118.769134171307086944580078125">
        <ele>34.200000762939453125</ele>
        <time>2024-10-14T12:16:01.000Z</time>
        <extensions>
          <ns3:TrackPointExtension>
            <ns3:atemp>27.0</ns3:atemp>
            <ns3:hr>175</ns3:hr>
            <ns3:cad>90</ns3:cad>
          </ns3:TrackPointExtension>
        </extensions>
      </trkpt>
      <trkpt lat="31.9858693890273571014404296875" lon="118.7691309861838817596435546875">
        <ele>34</ele>
        <time>2024-10-14T12:16:02.000Z</time>
        <extensions>
          <ns3:TrackPointExtension>
            <ns3:atemp>26.0</ns3:atemp>
            <ns3:hr>175</ns3:hr>
            <ns3:cad>90</ns3:cad>
          </ns3:TrackPointExtension>
        </extensions>
      </trkpt>
      <trkpt lat="31.98584072291851043701171875" lon="118.76912855543196201324462890625">
        <ele>33.799999237060546875</ele>
        <time>2024-10-14T12:16:03.000Z</time>
        <extensions>
          <ns3:TrackPointExtension>
            <ns3:atemp>27.0</ns3:atemp>
            <ns3:hr>175</ns3:hr>
            <ns3:cad>90</ns3:cad>
          </ns3:TrackPointExtension>
        </extensions>
      </trkpt>
      <trkpt lat="31.98581566102802753448486328125" lon="118.76912553794682025909423828125">
        <ele>33.59999847412109375</ele>
        <time>2024-10-14T12:16:04.000Z</time>
        <extensions>
          <ns3:TrackPointExtension>
            <ns3:atemp>27.0</ns3:atemp>
            <ns3:hr>175</ns3:hr>
            <ns3:cad>90</ns3:cad>
          </ns3:TrackPointExtension>
        </extensions>
      </trkpt>
      <trkpt lat="31.985786743462085723876953125" lon="118.76912218518555164337158203125">
        <ele>33.40000152587890625</ele>
        <time>2024-10-14T12:16:05.000Z</time>
        <extensions>
          <ns3:TrackPointExtension>
            <ns3:atemp>27.0</ns3:atemp>
            <ns3:hr>175</ns3:hr>
            <ns3:cad>93</ns3:cad>
          </ns3:TrackPointExtension>
        </extensions>
      </trkpt>
      <trkpt lat="31.98576067574322223663330078125" lon="118.769118748605251312255859375">
        <ele>33.40000152587890625</ele>
        <time>2024-10-14T12:16:06.000Z</time>
        <extensions>
          <ns3:TrackPointExtension>
            <ns3:atemp>27.0</ns3:atemp>
            <ns3:hr>175</ns3:hr>
            <ns3:cad>93</ns3:cad>
          </ns3:TrackPointExtension>
        </extensions>
      </trkpt>
      <trkpt lat="31.98572983033955097198486328125" lon="118.76911883242428302764892578125">
        <ele>33.40000152587890625</ele>
        <time>2024-10-14T12:16:07.000Z</time>
        <extensions>
          <ns3:TrackPointExtension>
            <ns3:atemp>26.0</ns3:atemp>
            <ns3:hr>175</ns3:hr>
            <ns3:cad>93</ns3:cad>
          </ns3:TrackPointExtension>
        </extensions>
      </trkpt>
      <trkpt lat="31.98570393025875091552734375" lon="118.76911732368171215057373046875">
        <ele>33.200000762939453125</ele>
        <time>2024-10-14T12:16:08.000Z</time>
        <extensions>
          <ns3:TrackPointExtension>
            <ns3:atemp>27.0</ns3:atemp>
            <ns3:hr>175</ns3:hr>
            <ns3:cad>93</ns3:cad>
          </ns3:TrackPointExtension>
        </extensions>
      </trkpt>
      <trkpt lat="31.98567903600633144378662109375" lon="118.76911640167236328125">
        <ele>33.200000762939453125</ele>
        <time>2024-10-14T12:16:09.000Z</time>
        <extensions>
          <ns3:TrackPointExtension>
            <ns3:atemp>27.0</ns3:atemp>
            <ns3:hr>175</ns3:hr>
            <ns3:cad>93</ns3:cad>
          </ns3:TrackPointExtension>
        </extensions>
      </trkpt>
      <trkpt lat="31.98565003462135791778564453125" lon="118.76911640167236328125">
        <ele>33.200000762939453125</ele>
        <time>2024-10-14T12:16:10.000Z</time>
        <extensions>
          <ns3:TrackPointExtension>
            <ns3:atemp>26.0</ns3:atemp>
            <ns3:hr>175</ns3:hr>
            <ns3:cad>93</ns3:cad>
          </ns3:TrackPointExtension>
        </extensions>
      </trkpt>
      <trkpt lat="31.985619105398654937744140625" lon="118.7691158987581729888916015625">
        <ele>33.200000762939453125</ele>
        <time>2024-10-14T12:16:11.000Z</time>
        <extensions>
          <ns3:TrackPointExtension>
            <ns3:atemp>26.0</ns3:atemp>
            <ns3:hr>175</ns3:hr>
            <ns3:cad>93</ns3:cad>
          </ns3:TrackPointExtension>
        </extensions>
      </trkpt>
      <trkpt lat="31.98558934964239597320556640625" lon="118.76911480911076068878173828125">
        <ele>33</ele>
        <time>2024-10-14T12:16:12.000Z</time>
        <extensions>
          <ns3:TrackPointExtension>
            <ns3:atemp>26.0</ns3:atemp>
            <ns3:hr>175</ns3:hr>
            <ns3:cad>93</ns3:cad>
          </ns3:TrackPointExtension>
        </extensions>
      </trkpt>
      <trkpt lat="31.9855579175055027008056640625" lon="118.76911531202495098114013671875">
        <ele>33</ele>
        <time>2024-10-14T12:16:13.000Z</time>
        <extensions>
          <ns3:TrackPointExtension>
            <ns3:atemp>26.0</ns3:atemp>
            <ns3:hr>175</ns3:hr>
            <ns3:cad>93</ns3:cad>
          </ns3:TrackPointExtension>
        </extensions>
      </trkpt>
      <trkpt lat="31.9855307601392269134521484375" lon="118.7691158987581729888916015625">
        <ele>33</ele>
        <time>2024-10-14T12:16:14.000Z</time>
        <extensions>
          <ns3:TrackPointExtension>
            <ns3:atemp>26.0</ns3:atemp>
            <ns3:hr>175</ns3:hr>
            <ns3:cad>93</ns3:cad>
          </ns3:TrackPointExtension>
        </extensions>
      </trkpt>
      <trkpt lat="31.985503770411014556884765625" lon="118.7691158987581729888916015625">
        <ele>32.799999237060546875</ele>
        <time>2024-10-14T12:16:15.000Z</time>
        <extensions>
          <ns3:TrackPointExtension>
            <ns3:atemp>26.0</ns3:atemp>
            <ns3:hr>175</ns3:hr>
            <ns3:cad>93</ns3:cad>
          </ns3:TrackPointExtension>
        </extensions>
      </trkpt>
      <trkpt lat="31.9854727573692798614501953125" lon="118.76911631785333156585693359375">
        <ele>32.799999237060546875</ele>
        <time>2024-10-14T12:16:16.000Z</time>
        <extensions>
          <ns3:TrackPointExtension>
            <ns3:atemp>26.0</ns3:atemp>
            <ns3:hr>175</ns3:hr>
            <ns3:cad>91</ns3:cad>
          </ns3:TrackPointExtension>
        </extensions>
      </trkpt>
      <trkpt lat="31.98544484563171863555908203125" lon="118.76911715604364871978759765625">
        <ele>32.799999237060546875</ele>
        <time>2024-10-14T12:16:17.000Z</time>
        <extensions>
          <ns3:TrackPointExtension>
            <ns3:atemp>26.0</ns3:atemp>
            <ns3:hr>175</ns3:hr>
            <ns3:cad>92</ns3:cad>
          </ns3:TrackPointExtension>
        </extensions>
      </trkpt>
      <trkpt lat="31.98541785590350627899169921875" lon="118.769118078052997589111328125">
        <ele>32.59999847412109375</ele>
        <time>2024-10-14T12:16:18.000Z</time>
        <extensions>
          <ns3:TrackPointExtension>
            <ns3:atemp>27.0</ns3:atemp>
            <ns3:hr>175</ns3:hr>
            <ns3:cad>92</ns3:cad>
          </ns3:TrackPointExtension>
        </extensions>
      </trkpt>
      <trkpt lat="31.9853906147181987762451171875" lon="118.7691165693104267120361328125">
        <ele>32.59999847412109375</ele>
        <time>2024-10-14T12:16:19.000Z</time>
        <extensions>
          <ns3:TrackPointExtension>
            <ns3:atemp>26.0</ns3:atemp>
            <ns3:hr>175</ns3:hr>
            <ns3:cad>92</ns3:cad>
          </ns3:TrackPointExtension>
        </extensions>
      </trkpt>
      <trkpt lat="31.98535968549549579620361328125" lon="118.7691179104149341583251953125">
        <ele>32.59999847412109375</ele>
        <time>2024-10-14T12:16:20.000Z</time>
        <extensions>
          <ns3:TrackPointExtension>
            <ns3:atemp>27.0</ns3:atemp>
            <ns3:hr>176</ns3:hr>
            <ns3:cad>92</ns3:cad>
          </ns3:TrackPointExtension>
        </extensions>
      </trkpt>
      <trkpt lat="31.9853309355676174163818359375" lon="118.76911816187202930450439453125">
        <ele>32.40000152587890625</ele>
        <time>2024-10-14T12:16:21.000Z</time>
        <extensions>
          <ns3:TrackPointExtension>
            <ns3:atemp>26.0</ns3:atemp>
            <ns3:hr>176</ns3:hr>
            <ns3:cad>92</ns3:cad>
          </ns3:TrackPointExtension>
        </extensions>
      </trkpt>
      <trkpt lat="31.98530168272554874420166015625" lon="118.7691182456910610198974609375">
        <ele>32.40000152587890625</ele>
        <time>2024-10-14T12:16:22.000Z</time>
        <extensions>
          <ns3:TrackPointExtension>
            <ns3:atemp>26.0</ns3:atemp>
            <ns3:hr>176</ns3:hr>
            <ns3:cad>92</ns3:cad>
          </ns3:TrackPointExtension>
        </extensions>
      </trkpt>
      <trkpt lat="31.9852746091783046722412109375" lon="118.76911648549139499664306640625">
        <ele>32.200000762939453125</ele>
        <time>2024-10-14T12:16:23.000Z</time>
        <extensions>
          <ns3:TrackPointExtension>
            <ns3:atemp>27.0</ns3:atemp>
            <ns3:hr>176</ns3:hr>
            <ns3:cad>91</ns3:cad>
          </ns3:TrackPointExtension>
        </extensions>
      </trkpt>
      <trkpt lat="31.9852444343268871307373046875" lon="118.76911279745399951934814453125">
        <ele>32</ele>
        <time>2024-10-14T12:16:24.000Z</time>
        <extensions>
          <ns3:TrackPointExtension>
            <ns3:atemp>26.0</ns3:atemp>
            <ns3:hr>176</ns3:hr>
            <ns3:cad>92</ns3:cad>
          </ns3:TrackPointExtension>
        </extensions>
      </trkpt>
      <trkpt lat="31.9852179475128650665283203125" lon="118.76911112107336521148681640625">
        <ele>32</ele>
        <time>2024-10-14T12:16:25.000Z</time>
        <extensions>
          <ns3:TrackPointExtension>
            <ns3:atemp>26.0</ns3:atemp>
            <ns3:hr>177</ns3:hr>
            <ns3:cad>92</ns3:cad>
          </ns3:TrackPointExtension>
        </extensions>
      </trkpt>
      <trkpt lat="31.985187269747257232666015625" lon="118.7691070139408111572265625">
        <ele>31.799999237060546875</ele>
        <time>2024-10-14T12:16:26.000Z</time>
        <extensions>
          <ns3:TrackPointExtension>
            <ns3:atemp>26.0</ns3:atemp>
            <ns3:hr>177</ns3:hr>
            <ns3:cad>92</ns3:cad>
          </ns3:TrackPointExtension>
        </extensions>
      </trkpt>
      <trkpt lat="31.98515935800969600677490234375" lon="118.76910634338855743408203125">
        <ele>31.799999237060546875</ele>
        <time>2024-10-14T12:16:27.000Z</time>
        <extensions>
          <ns3:TrackPointExtension>
            <ns3:atemp>26.0</ns3:atemp>
            <ns3:hr>177</ns3:hr>
            <ns3:cad>93</ns3:cad>
          </ns3:TrackPointExtension>
        </extensions>
      </trkpt>
      <trkpt lat="31.98513119481503963470458984375" lon="118.7691070139408111572265625">
        <ele>31.6000003814697265625</ele>
        <time>2024-10-14T12:16:28.000Z</time>
        <extensions>
          <ns3:TrackPointExtension>
            <ns3:atemp>27.0</ns3:atemp>
            <ns3:hr>177</ns3:hr>
            <ns3:cad>93</ns3:cad>
          </ns3:TrackPointExtension>
        </extensions>
      </trkpt>
      <trkpt lat="31.98510437272489070892333984375" lon="118.76910843886435031890869140625">
        <ele>31.6000003814697265625</ele>
        <time>2024-10-14T12:16:29.000Z</time>
        <extensions>
          <ns3:TrackPointExtension>
            <ns3:atemp>26.0</ns3:atemp>
            <ns3:hr>177</ns3:hr>
            <ns3:cad>92</ns3:cad>
          </ns3:TrackPointExtension>
        </extensions>
      </trkpt>
      <trkpt lat="31.98507939465343952178955078125" lon="118.7691112048923969268798828125">
        <ele>31.3999996185302734375</ele>
        <time>2024-10-14T12:16:30.000Z</time>
        <extensions>
          <ns3:TrackPointExtension>
            <ns3:atemp>26.0</ns3:atemp>
            <ns3:hr>177</ns3:hr>
            <ns3:cad>92</ns3:cad>
          </ns3:TrackPointExtension>
        </extensions>
      </trkpt>
      <trkpt lat="31.98504871688783168792724609375" lon="118.7691145576536655426025390625">
        <ele>31.3999996185302734375</ele>
        <time>2024-10-14T12:16:31.000Z</time>
        <extensions>
          <ns3:TrackPointExtension>
            <ns3:atemp>27.0</ns3:atemp>
            <ns3:hr>177</ns3:hr>
            <ns3:cad>92</ns3:cad>
          </ns3:TrackPointExtension>
        </extensions>
      </trkpt>
      <trkpt lat="31.985020302236080169677734375" lon="118.76911782659590244293212890625">
        <ele>31.200000762939453125</ele>
        <time>2024-10-14T12:16:32.000Z</time>
        <extensions>
          <ns3:TrackPointExtension>
            <ns3:atemp>26.0</ns3:atemp>
            <ns3:hr>177</ns3:hr>
            <ns3:cad>91</ns3:cad>
          </ns3:TrackPointExtension>
        </extensions>
      </trkpt>
      <trkpt lat="31.9849936477839946746826171875" lon="118.769119083881378173828125">
        <ele>31.200000762939453125</ele>
        <time>2024-10-14T12:16:33.000Z</time>
        <extensions>
          <ns3:TrackPointExtension>
            <ns3:atemp>26.0</ns3:atemp>
            <ns3:hr>177</ns3:hr>
            <ns3:cad>91</ns3:cad>
          </ns3:TrackPointExtension>
        </extensions>
      </trkpt>
      <trkpt lat="31.98496724478900432586669921875" lon="118.76911849714815616607666015625">
        <ele>31</ele>
        <time>2024-10-14T12:16:34.000Z</time>
        <extensions>
          <ns3:TrackPointExtension>
            <ns3:atemp>27.0</ns3:atemp>
            <ns3:hr>177</ns3:hr>
            <ns3:cad>91</ns3:cad>
          </ns3:TrackPointExtension>
        </extensions>
      </trkpt>
      <trkpt lat="31.984937824308872222900390625" lon="118.7691172398626804351806640625">
        <ele>31</ele>
        <time>2024-10-14T12:16:35.000Z</time>
        <extensions>
          <ns3:TrackPointExtension>
            <ns3:atemp>26.0</ns3:atemp>
            <ns3:hr>177</ns3:hr>
            <ns3:cad>91</ns3:cad>
          </ns3:TrackPointExtension>
        </extensions>
      </trkpt>
      <trkpt lat="31.9849081523716449737548828125" lon="118.769116066396236419677734375">
        <ele>31</ele>
        <time>2024-10-14T12:16:36.000Z</time>
        <extensions>
          <ns3:TrackPointExtension>
            <ns3:atemp>26.0</ns3:atemp>
            <ns3:hr>177</ns3:hr>
            <ns3:cad>91</ns3:cad>
          </ns3:TrackPointExtension>
        </extensions>
      </trkpt>
      <trkpt lat="31.98487856425344944000244140625" lon="118.76911765895783901214599609375">
        <ele>30.799999237060546875</ele>
        <time>2024-10-14T12:16:37.000Z</time>
        <extensions>
          <ns3:TrackPointExtension>
            <ns3:atemp>26.0</ns3:atemp>
            <ns3:hr>177</ns3:hr>
            <ns3:cad>91</ns3:cad>
          </ns3:TrackPointExtension>
        </extensions>
      </trkpt>
      <trkpt lat="31.98485174216330051422119140625" lon="118.76912117935717105865478515625">
        <ele>30.6000003814697265625</ele>
        <time>2024-10-14T12:16:38.000Z</time>
        <extensions>
          <ns3:TrackPointExtension>
            <ns3:atemp>26.0</ns3:atemp>
            <ns3:hr>177</ns3:hr>
            <ns3:cad>90</ns3:cad>
          </ns3:TrackPointExtension>
        </extensions>
      </trkpt>
      <trkpt lat="31.98482307605445384979248046875" lon="118.769125454127788543701171875">
        <ele>30.6000003814697265625</ele>
        <time>2024-10-14T12:16:39.000Z</time>
        <extensions>
          <ns3:TrackPointExtension>
            <ns3:atemp>26.0</ns3:atemp>
            <ns3:hr>177</ns3:hr>
            <ns3:cad>90</ns3:cad>
          </ns3:TrackPointExtension>
        </extensions>
      </trkpt>
      <trkpt lat="31.98479943908751010894775390625" lon="118.7691269628703594207763671875">
        <ele>30.6000003814697265625</ele>
        <time>2024-10-14T12:16:40.000Z</time>
        <extensions>
          <ns3:TrackPointExtension>
            <ns3:atemp>26.0</ns3:atemp>
            <ns3:hr>177</ns3:hr>
            <ns3:cad>90</ns3:cad>
          </ns3:TrackPointExtension>
        </extensions>
      </trkpt>
      <trkpt lat="31.9847738742828369140625" lon="118.76912805251777172088623046875">
        <ele>30.3999996185302734375</ele>
        <time>2024-10-14T12:16:41.000Z</time>
        <extensions>
          <ns3:TrackPointExtension>
            <ns3:atemp>26.0</ns3:atemp>
            <ns3:hr>177</ns3:hr>
            <ns3:cad>90</ns3:cad>
          </ns3:TrackPointExtension>
        </extensions>
      </trkpt>
      <trkpt lat="31.98475149460136890411376953125" lon="118.76912671141326427459716796875">
        <ele>30.3999996185302734375</ele>
        <time>2024-10-14T12:16:42.000Z</time>
        <extensions>
          <ns3:TrackPointExtension>
            <ns3:atemp>26.0</ns3:atemp>
            <ns3:hr>177</ns3:hr>
            <ns3:cad>90</ns3:cad>
          </ns3:TrackPointExtension>
        </extensions>
      </trkpt>
      <trkpt lat="31.98472115211188793182373046875" lon="118.76913073472678661346435546875">
        <ele>30.3999996185302734375</ele>
        <time>2024-10-14T12:16:43.000Z</time>
        <extensions>
          <ns3:TrackPointExtension>
            <ns3:atemp>26.0</ns3:atemp>
            <ns3:hr>177</ns3:hr>
            <ns3:cad>89</ns3:cad>
          </ns3:TrackPointExtension>
        </extensions>
      </trkpt>
      <trkpt lat="31.98469600640237331390380859375" lon="118.76913073472678661346435546875">
        <ele>30.3999996185302734375</ele>
        <time>2024-10-14T12:16:44.000Z</time>
        <extensions>
          <ns3:TrackPointExtension>
            <ns3:atemp>26.0</ns3:atemp>
            <ns3:hr>177</ns3:hr>
            <ns3:cad>89</ns3:cad>
          </ns3:TrackPointExtension>
        </extensions>
      </trkpt>
      <trkpt lat="31.98466767556965351104736328125" lon="118.76913182437419891357421875">
        <ele>30.3999996185302734375</ele>
        <time>2024-10-14T12:16:45.000Z</time>
        <extensions>
          <ns3:TrackPointExtension>
            <ns3:atemp>26.0</ns3:atemp>
            <ns3:hr>177</ns3:hr>
            <ns3:cad>89</ns3:cad>
          </ns3:TrackPointExtension>
        </extensions>
      </trkpt>
      <trkpt lat="31.98464320041239261627197265625" lon="118.7691313214600086212158203125">
        <ele>30.200000762939453125</ele>
        <time>2024-10-14T12:16:46.000Z</time>
        <extensions>
          <ns3:TrackPointExtension>
            <ns3:atemp>26.0</ns3:atemp>
            <ns3:hr>177</ns3:hr>
            <ns3:cad>89</ns3:cad>
          </ns3:TrackPointExtension>
        </extensions>
      </trkpt>
      <trkpt lat="31.98461453430354595184326171875" lon="118.7691311538219451904296875">
        <ele>30.200000762939453125</ele>
        <time>2024-10-14T12:16:47.000Z</time>
        <extensions>
          <ns3:TrackPointExtension>
            <ns3:atemp>26.0</ns3:atemp>
            <ns3:hr>177</ns3:hr>
            <ns3:cad>89</ns3:cad>
          </ns3:TrackPointExtension>
        </extensions>
      </trkpt>
      <trkpt lat="31.98458637110888957977294921875" lon="118.7691284716129302978515625">
        <ele>30.200000762939453125</ele>
        <time>2024-10-14T12:16:48.000Z</time>
        <extensions>
          <ns3:TrackPointExtension>
            <ns3:atemp>26.0</ns3:atemp>
            <ns3:hr>177</ns3:hr>
            <ns3:cad>89</ns3:cad>
          </ns3:TrackPointExtension>
        </extensions>
      </trkpt>
      <trkpt lat="31.9845564477145671844482421875" lon="118.7691269628703594207763671875">
        <ele>30.200000762939453125</ele>
        <time>2024-10-14T12:16:49.000Z</time>
        <extensions>
          <ns3:TrackPointExtension>
            <ns3:atemp>26.0</ns3:atemp>
            <ns3:hr>177</ns3:hr>
            <ns3:cad>89</ns3:cad>
          </ns3:TrackPointExtension>
        </extensions>
      </trkpt>
      <trkpt lat="31.98453004471957683563232421875" lon="118.769125454127788543701171875">
        <ele>30.200000762939453125</ele>
        <time>2024-10-14T12:16:50.000Z</time>
        <extensions>
          <ns3:TrackPointExtension>
            <ns3:atemp>26.0</ns3:atemp>
            <ns3:hr>177</ns3:hr>
            <ns3:cad>89</ns3:cad>
          </ns3:TrackPointExtension>
        </extensions>
      </trkpt>
      <trkpt lat="31.984501965343952178955078125" lon="118.7691276334226131439208984375">
        <ele>30</ele>
        <time>2024-10-14T12:16:51.000Z</time>
        <extensions>
          <ns3:TrackPointExtension>
            <ns3:atemp>26.0</ns3:atemp>
            <ns3:hr>177</ns3:hr>
            <ns3:cad>89</ns3:cad>
          </ns3:TrackPointExtension>
        </extensions>
      </trkpt>
      <trkpt lat="31.98447589762508869171142578125" lon="118.76912914216518402099609375">
        <ele>29.799999237060546875</ele>
        <time>2024-10-14T12:16:52.000Z</time>
        <extensions>
          <ns3:TrackPointExtension>
            <ns3:atemp>26.0</ns3:atemp>
            <ns3:hr>177</ns3:hr>
            <ns3:cad>89</ns3:cad>
          </ns3:TrackPointExtension>
        </extensions>
      </trkpt>
      <trkpt lat="31.98444924317300319671630859375" lon="118.769128806889057159423828125">
        <ele>29.799999237060546875</ele>
        <time>2024-10-14T12:16:53.000Z</time>
        <extensions>
          <ns3:TrackPointExtension>
            <ns3:atemp>26.0</ns3:atemp>
            <ns3:hr>177</ns3:hr>
            <ns3:cad>89</ns3:cad>
          </ns3:TrackPointExtension>
        </extensions>
      </trkpt>
      <trkpt lat="31.98442610912024974822998046875" lon="118.769125454127788543701171875">
        <ele>29.799999237060546875</ele>
        <time>2024-10-14T12:16:54.000Z</time>
        <extensions>
          <ns3:TrackPointExtension>
            <ns3:atemp>26.0</ns3:atemp>
            <ns3:hr>177</ns3:hr>
            <ns3:cad>89</ns3:cad>
          </ns3:TrackPointExtension>
        </extensions>
      </trkpt>
      <trkpt lat="31.98440448381006717681884765625" lon="118.769124448299407958984375">
        <ele>29.799999237060546875</ele>
        <time>2024-10-14T12:16:55.000Z</time>
        <extensions>
          <ns3:TrackPointExtension>
            <ns3:atemp>26.0</ns3:atemp>
            <ns3:hr>178</ns3:hr>
            <ns3:cad>89</ns3:cad>
          </ns3:TrackPointExtension>
        </extensions>
      </trkpt>
      <trkpt lat="31.984384618699550628662109375" lon="118.7691242806613445281982421875">
        <ele>29.6000003814697265625</ele>
        <time>2024-10-14T12:16:56.000Z</time>
        <extensions>
          <ns3:TrackPointExtension>
            <ns3:atemp>26.0</ns3:atemp>
            <ns3:hr>178</ns3:hr>
            <ns3:cad>89</ns3:cad>
          </ns3:TrackPointExtension>
        </extensions>
      </trkpt>
      <trkpt lat="31.98436156846582889556884765625" lon="118.769124448299407958984375">
        <ele>29.6000003814697265625</ele>
        <time>2024-10-14T12:16:57.000Z</time>
        <extensions>
          <ns3:TrackPointExtension>
            <ns3:atemp>26.0</ns3:atemp>
            <ns3:hr>178</ns3:hr>
            <ns3:cad>89</ns3:cad>
          </ns3:TrackPointExtension>
        </extensions>
      </trkpt>
      <trkpt lat="31.9843368418514728546142578125" lon="118.769124783575534820556640625">
        <ele>29.6000003814697265625</ele>
        <time>2024-10-14T12:16:58.000Z</time>
        <extensions>
          <ns3:TrackPointExtension>
            <ns3:atemp>26.0</ns3:atemp>
            <ns3:hr>179</ns3:hr>
            <ns3:cad>89</ns3:cad>
          </ns3:TrackPointExtension>
        </extensions>
      </trkpt>
      <trkpt lat="31.98431094177067279815673828125" lon="118.76912570558488368988037109375">
        <ele>29.6000003814697265625</ele>
        <time>2024-10-14T12:16:59.000Z</time>
        <extensions>
          <ns3:TrackPointExtension>
            <ns3:atemp>26.0</ns3:atemp>
            <ns3:hr>179</ns3:hr>
            <ns3:cad>88</ns3:cad>
          </ns3:TrackPointExtension>
        </extensions>
      </trkpt>
      <trkpt lat="31.98428504168987274169921875" lon="118.7691262923181056976318359375">
        <ele>29.6000003814697265625</ele>
        <time>2024-10-14T12:17:00.000Z</time>
        <extensions>
          <ns3:TrackPointExtension>
            <ns3:atemp>26.0</ns3:atemp>
            <ns3:hr>179</ns3:hr>
            <ns3:cad>88</ns3:cad>
          </ns3:TrackPointExtension>
        </extensions>
      </trkpt>
      <trkpt lat="31.98426165618002414703369140625" lon="118.76912889070808887481689453125">
        <ele>29.6000003814697265625</ele>
        <time>2024-10-14T12:17:01.000Z</time>
        <extensions>
          <ns3:TrackPointExtension>
            <ns3:atemp>26.0</ns3:atemp>
            <ns3:hr>179</ns3:hr>
            <ns3:cad>88</ns3:cad>
          </ns3:TrackPointExtension>
        </extensions>
      </trkpt>
      <trkpt lat="31.98423299007117748260498046875" lon="118.76913450658321380615234375">
        <ele>29.6000003814697265625</ele>
        <time>2024-10-14T12:17:02.000Z</time>
        <extensions>
          <ns3:TrackPointExtension>
            <ns3:atemp>26.0</ns3:atemp>
            <ns3:hr>179</ns3:hr>
            <ns3:cad>88</ns3:cad>
          </ns3:TrackPointExtension>
        </extensions>
      </trkpt>
      <trkpt lat="31.9842087663710117340087890625" lon="118.7691433914005756378173828125">
        <ele>29.3999996185302734375</ele>
        <time>2024-10-14T12:17:03.000Z</time>
        <extensions>
          <ns3:TrackPointExtension>
            <ns3:atemp>26.0</ns3:atemp>
            <ns3:hr>179</ns3:hr>
            <ns3:cad>89</ns3:cad>
          </ns3:TrackPointExtension>
        </extensions>
      </trkpt>
      <trkpt lat="31.9841866381466388702392578125" lon="118.76915236003696918487548828125">
        <ele>29.3999996185302734375</ele>
        <time>2024-10-14T12:17:04.000Z</time>
        <extensions>
          <ns3:TrackPointExtension>
            <ns3:atemp>26.0</ns3:atemp>
            <ns3:hr>179</ns3:hr>
            <ns3:cad>89</ns3:cad>
          </ns3:TrackPointExtension>
        </extensions>
      </trkpt>
      <trkpt lat="31.98416207917034626007080078125" lon="118.76915998756885528564453125">
        <ele>29.3999996185302734375</ele>
        <time>2024-10-14T12:17:05.000Z</time>
        <extensions>
          <ns3:TrackPointExtension>
            <ns3:atemp>26.0</ns3:atemp>
            <ns3:hr>179</ns3:hr>
            <ns3:cad>89</ns3:cad>
          </ns3:TrackPointExtension>
        </extensions>
      </trkpt>
      <trkpt lat="31.9841353408992290496826171875" lon="118.76916727982461452484130859375">
        <ele>29.200000762939453125</ele>
        <time>2024-10-14T12:17:06.000Z</time>
        <extensions>
          <ns3:TrackPointExtension>
            <ns3:atemp>26.0</ns3:atemp>
            <ns3:hr>179</ns3:hr>
            <ns3:cad>89</ns3:cad>
          </ns3:TrackPointExtension>
        </extensions>
      </trkpt>
      <trkpt lat="31.9841101951897144317626953125" lon="118.76917071640491485595703125">
        <ele>29.200000762939453125</ele>
        <time>2024-10-14T12:17:07.000Z</time>
        <extensions>
          <ns3:TrackPointExtension>
            <ns3:atemp>26.0</ns3:atemp>
            <ns3:hr>179</ns3:hr>
            <ns3:cad>88</ns3:cad>
          </ns3:TrackPointExtension>
        </extensions>
      </trkpt>
      <trkpt lat="31.9840872287750244140625" lon="118.76917608082294464111328125">
        <ele>29</ele>
        <time>2024-10-14T12:17:08.000Z</time>
        <extensions>
          <ns3:TrackPointExtension>
            <ns3:atemp>26.0</ns3:atemp>
            <ns3:hr>179</ns3:hr>
            <ns3:cad>88</ns3:cad>
          </ns3:TrackPointExtension>
        </extensions>
      </trkpt>
      <trkpt lat="31.98406518436968326568603515625" lon="118.76917918212711811065673828125">
        <ele>29</ele>
        <time>2024-10-14T12:17:09.000Z</time>
        <extensions>
          <ns3:TrackPointExtension>
            <ns3:atemp>26.0</ns3:atemp>
            <ns3:hr>179</ns3:hr>
            <ns3:cad>88</ns3:cad>
          </ns3:TrackPointExtension>
        </extensions>
      </trkpt>
      <trkpt lat="31.98403785936534404754638671875" lon="118.76917985267937183380126953125">
        <ele>29</ele>
        <time>2024-10-14T12:17:10.000Z</time>
        <extensions>
          <ns3:TrackPointExtension>
            <ns3:atemp>26.0</ns3:atemp>
            <ns3:hr>179</ns3:hr>
            <ns3:cad>88</ns3:cad>
          </ns3:TrackPointExtension>
        </extensions>
      </trkpt>
      <trkpt lat="31.9840122945606708526611328125" lon="118.76917733810842037200927734375">
        <ele>28.799999237060546875</ele>
        <time>2024-10-14T12:17:11.000Z</time>
        <extensions>
          <ns3:TrackPointExtension>
            <ns3:atemp>26.0</ns3:atemp>
            <ns3:hr>179</ns3:hr>
            <ns3:cad>88</ns3:cad>
          </ns3:TrackPointExtension>
        </extensions>
      </trkpt>
      <trkpt lat="31.98398329317569732666015625" lon="118.7691742368042469024658203125">
        <ele>28.799999237060546875</ele>
        <time>2024-10-14T12:17:12.000Z</time>
        <extensions>
          <ns3:TrackPointExtension>
            <ns3:atemp>26.0</ns3:atemp>
            <ns3:hr>179</ns3:hr>
            <ns3:cad>89</ns3:cad>
          </ns3:TrackPointExtension>
        </extensions>
      </trkpt>
      <trkpt lat="31.983954794704914093017578125" lon="118.76917180605232715606689453125">
        <ele>28.6000003814697265625</ele>
        <time>2024-10-14T12:17:13.000Z</time>
        <extensions>
          <ns3:TrackPointExtension>
            <ns3:atemp>26.0</ns3:atemp>
            <ns3:hr>179</ns3:hr>
            <ns3:cad>89</ns3:cad>
          </ns3:TrackPointExtension>
        </extensions>
      </trkpt>
      <trkpt lat="31.9839264638721942901611328125" lon="118.76916828565299510955810546875">
        <ele>28.3999996185302734375</ele>
        <time>2024-10-14T12:17:14.000Z</time>
        <extensions>
          <ns3:TrackPointExtension>
            <ns3:atemp>26.0</ns3:atemp>
            <ns3:hr>179</ns3:hr>
            <ns3:cad>90</ns3:cad>
          </ns3:TrackPointExtension>
        </extensions>
      </trkpt>
      <trkpt lat="31.9839008152484893798828125" lon="118.76916476525366306304931640625">
        <ele>28.3999996185302734375</ele>
        <time>2024-10-14T12:17:15.000Z</time>
        <extensions>
          <ns3:TrackPointExtension>
            <ns3:atemp>26.0</ns3:atemp>
            <ns3:hr>179</ns3:hr>
            <ns3:cad>90</ns3:cad>
          </ns3:TrackPointExtension>
        </extensions>
      </trkpt>
      <trkpt lat="31.98387122713029384613037109375" lon="118.7691618315875530242919921875">
        <ele>28.200000762939453125</ele>
        <time>2024-10-14T12:17:16.000Z</time>
        <extensions>
          <ns3:TrackPointExtension>
            <ns3:atemp>26.0</ns3:atemp>
            <ns3:hr>179</ns3:hr>
            <ns3:cad>90</ns3:cad>
          </ns3:TrackPointExtension>
        </extensions>
      </trkpt>
      <trkpt lat="31.98384172283113002777099609375" lon="118.76915805973112583160400390625">
        <ele>28.200000762939453125</ele>
        <time>2024-10-14T12:17:17.000Z</time>
        <extensions>
          <ns3:TrackPointExtension>
            <ns3:atemp>26.0</ns3:atemp>
            <ns3:hr>180</ns3:hr>
            <ns3:cad>90</ns3:cad>
          </ns3:TrackPointExtension>
        </extensions>
      </trkpt>
      <trkpt lat="31.9838149845600128173828125" lon="118.769151605665683746337890625">
        <ele>28.200000762939453125</ele>
        <time>2024-10-14T12:17:18.000Z</time>
        <extensions>
          <ns3:TrackPointExtension>
            <ns3:atemp>26.0</ns3:atemp>
            <ns3:hr>180</ns3:hr>
            <ns3:cad>90</ns3:cad>
          </ns3:TrackPointExtension>
        </extensions>
      </trkpt>
      <trkpt lat="31.98379151523113250732421875" lon="118.76914951018989086151123046875">
        <ele>28.200000762939453125</ele>
        <time>2024-10-14T12:17:19.000Z</time>
        <extensions>
          <ns3:TrackPointExtension>
            <ns3:atemp>26.0</ns3:atemp>
            <ns3:hr>179</ns3:hr>
            <ns3:cad>90</ns3:cad>
          </ns3:TrackPointExtension>
        </extensions>
      </trkpt>
      <trkpt lat="31.9837641902267932891845703125" lon="118.76914649270474910736083984375">
        <ele>28.200000762939453125</ele>
        <time>2024-10-14T12:17:20.000Z</time>
        <extensions>
          <ns3:TrackPointExtension>
            <ns3:atemp>26.0</ns3:atemp>
            <ns3:hr>179</ns3:hr>
            <ns3:cad>90</ns3:cad>
          </ns3:TrackPointExtension>
        </extensions>
      </trkpt>
      <trkpt lat="31.98374063707888126373291015625" lon="118.76914481632411479949951171875">
        <ele>28.200000762939453125</ele>
        <time>2024-10-14T12:17:21.000Z</time>
        <extensions>
          <ns3:TrackPointExtension>
            <ns3:atemp>26.0</ns3:atemp>
            <ns3:hr>179</ns3:hr>
            <ns3:cad>89</ns3:cad>
          </ns3:TrackPointExtension>
        </extensions>
      </trkpt>
      <trkpt lat="31.9837152399122714996337890625" lon="118.76914347521960735321044921875">
        <ele>28.200000762939453125</ele>
        <time>2024-10-14T12:17:22.000Z</time>
        <extensions>
          <ns3:TrackPointExtension>
            <ns3:atemp>26.0</ns3:atemp>
            <ns3:hr>179</ns3:hr>
            <ns3:cad>89</ns3:cad>
          </ns3:TrackPointExtension>
        </extensions>
      </trkpt>
      <trkpt lat="31.98368917219340801239013671875" lon="118.76914112828671932220458984375">
        <ele>28</ele>
        <time>2024-10-14T12:17:23.000Z</time>
        <extensions>
          <ns3:TrackPointExtension>
            <ns3:atemp>26.0</ns3:atemp>
            <ns3:hr>179</ns3:hr>
            <ns3:cad>89</ns3:cad>
          </ns3:TrackPointExtension>
        </extensions>
      </trkpt>
      <trkpt lat="31.98366151191294193267822265625" lon="118.76914029009640216827392578125">
        <ele>28</ele>
        <time>2024-10-14T12:17:24.000Z</time>
        <extensions>
          <ns3:TrackPointExtension>
            <ns3:atemp>26.0</ns3:atemp>
            <ns3:hr>178</ns3:hr>
            <ns3:cad>89</ns3:cad>
          </ns3:TrackPointExtension>
        </extensions>
      </trkpt>
      <trkpt lat="31.983636282384395599365234375" lon="118.7691397033631801605224609375">
        <ele>27.799999237060546875</ele>
        <time>2024-10-14T12:17:25.000Z</time>
        <extensions>
          <ns3:TrackPointExtension>
            <ns3:atemp>26.0</ns3:atemp>
            <ns3:hr>178</ns3:hr>
            <ns3:cad>90</ns3:cad>
          </ns3:TrackPointExtension>
        </extensions>
      </trkpt>
      <trkpt lat="31.98360334150493144989013671875" lon="118.769141547381877899169921875">
        <ele>27.799999237060546875</ele>
        <time>2024-10-14T12:17:26.000Z</time>
        <extensions>
          <ns3:TrackPointExtension>
            <ns3:atemp>26.0</ns3:atemp>
            <ns3:hr>178</ns3:hr>
            <ns3:cad>90</ns3:cad>
          </ns3:TrackPointExtension>
        </extensions>
      </trkpt>
      <trkpt lat="31.98357232846319675445556640625" lon="118.7691464088857173919677734375">
        <ele>27.799999237060546875</ele>
        <time>2024-10-14T12:17:27.000Z</time>
        <extensions>
          <ns3:TrackPointExtension>
            <ns3:atemp>26.0</ns3:atemp>
            <ns3:hr>178</ns3:hr>
            <ns3:cad>89</ns3:cad>
          </ns3:TrackPointExtension>
        </extensions>
      </trkpt>
      <trkpt lat="31.983540393412113189697265625" lon="118.76915194094181060791015625">
        <ele>27.799999237060546875</ele>
        <time>2024-10-14T12:17:28.000Z</time>
        <extensions>
          <ns3:TrackPointExtension>
            <ns3:atemp>26.0</ns3:atemp>
            <ns3:hr>178</ns3:hr>
            <ns3:cad>89</ns3:cad>
          </ns3:TrackPointExtension>
        </extensions>
      </trkpt>
      <trkpt lat="31.9835134036839008331298828125" lon="118.7691579759120941162109375">
        <ele>27.799999237060546875</ele>
        <time>2024-10-14T12:17:29.000Z</time>
        <extensions>
          <ns3:TrackPointExtension>
            <ns3:atemp>26.0</ns3:atemp>
            <ns3:hr>178</ns3:hr>
            <ns3:cad>89</ns3:cad>
          </ns3:TrackPointExtension>
        </extensions>
      </trkpt>
      <trkpt lat="31.98348901234567165374755859375" lon="118.76916535198688507080078125">
        <ele>27.799999237060546875</ele>
        <time>2024-10-14T12:17:30.000Z</time>
        <extensions>
          <ns3:TrackPointExtension>
            <ns3:atemp>26.0</ns3:atemp>
            <ns3:hr>178</ns3:hr>
            <ns3:cad>89</ns3:cad>
          </ns3:TrackPointExtension>
        </extensions>
      </trkpt>
      <trkpt lat="31.98346755467355251312255859375" lon="118.769171722233295440673828125">
        <ele>27.6000003814697265625</ele>
        <time>2024-10-14T12:17:31.000Z</time>
        <extensions>
          <ns3:TrackPointExtension>
            <ns3:atemp>26.0</ns3:atemp>
            <ns3:hr>178</ns3:hr>
            <ns3:cad>89</ns3:cad>
          </ns3:TrackPointExtension>
        </extensions>
      </trkpt>
      <trkpt lat="31.9834473542869091033935546875" lon="118.76918136142194271087646484375">
        <ele>27.6000003814697265625</ele>
        <time>2024-10-14T12:17:32.000Z</time>
        <extensions>
          <ns3:TrackPointExtension>
            <ns3:atemp>26.0</ns3:atemp>
            <ns3:hr>178</ns3:hr>
            <ns3:cad>88</ns3:cad>
          </ns3:TrackPointExtension>
        </extensions>
      </trkpt>
      <trkpt lat="31.98342899791896343231201171875" lon="118.76919125206768512725830078125">
        <ele>27.6000003814697265625</ele>
        <time>2024-10-14T12:17:33.000Z</time>
        <extensions>
          <ns3:TrackPointExtension>
            <ns3:atemp>26.0</ns3:atemp>
            <ns3:hr>177</ns3:hr>
            <ns3:cad>88</ns3:cad>
          </ns3:TrackPointExtension>
        </extensions>
      </trkpt>
      <trkpt lat="31.98341759853065013885498046875" lon="118.7692050822079181671142578125">
        <ele>27.6000003814697265625</ele>
        <time>2024-10-14T12:17:34.000Z</time>
        <extensions>
          <ns3:TrackPointExtension>
            <ns3:atemp>26.0</ns3:atemp>
            <ns3:hr>177</ns3:hr>
            <ns3:cad>89</ns3:cad>
          </ns3:TrackPointExtension>
        </extensions>
      </trkpt>
      <trkpt lat="31.98341340757906436920166015625" lon="118.76921203918755054473876953125">
        <ele>27.6000003814697265625</ele>
        <time>2024-10-14T12:17:35.000Z</time>
        <extensions>
          <ns3:TrackPointExtension>
            <ns3:atemp>26.0</ns3:atemp>
            <ns3:hr>177</ns3:hr>
            <ns3:cad>89</ns3:cad>
          </ns3:TrackPointExtension>
        </extensions>
      </trkpt>
      <trkpt lat="31.98341391049325466156005859375" lon="118.76921270973980426788330078125">
        <ele>27.6000003814697265625</ele>
        <time>2024-10-14T12:17:36.000Z</time>
        <extensions>
          <ns3:TrackPointExtension>
            <ns3:atemp>26.0</ns3:atemp>
            <ns3:hr>177</ns3:hr>
            <ns3:cad>88</ns3:cad>
          </ns3:TrackPointExtension>
        </extensions>
      </trkpt>
      <trkpt lat="31.983432769775390625" lon="118.76919343136250972747802734375">
        <ele>27.3999996185302734375</ele>
        <time>2024-10-14T12:17:37.000Z</time>
        <extensions>
          <ns3:TrackPointExtension>
            <ns3:atemp>26.0</ns3:atemp>
            <ns3:hr>177</ns3:hr>
            <ns3:cad>88</ns3:cad>
          </ns3:TrackPointExtension>
        </extensions>
      </trkpt>
      <trkpt lat="31.983451209962368011474609375" lon="118.76917717047035694122314453125">
        <ele>27.3999996185302734375</ele>
        <time>2024-10-14T12:17:38.000Z</time>
        <extensions>
          <ns3:TrackPointExtension>
            <ns3:atemp>26.0</ns3:atemp>
            <ns3:hr>177</ns3:hr>
            <ns3:cad>87</ns3:cad>
          </ns3:TrackPointExtension>
        </extensions>
      </trkpt>
      <trkpt lat="31.98347006924450397491455078125" lon="118.7691658549010753631591796875">
        <ele>27.3999996185302734375</ele>
        <time>2024-10-14T12:17:39.000Z</time>
        <extensions>
          <ns3:TrackPointExtension>
            <ns3:atemp>26.0</ns3:atemp>
            <ns3:hr>177</ns3:hr>
            <ns3:cad>87</ns3:cad>
          </ns3:TrackPointExtension>
        </extensions>
      </trkpt>
      <trkpt lat="31.98348582722246646881103515625" lon="118.76915856264531612396240234375">
        <ele>27.3999996185302734375</ele>
        <time>2024-10-14T12:17:40.000Z</time>
        <extensions>
          <ns3:TrackPointExtension>
            <ns3:atemp>26.0</ns3:atemp>
            <ns3:hr>177</ns3:hr>
            <ns3:cad>84</ns3:cad>
          </ns3:TrackPointExtension>
        </extensions>
      </trkpt>
      <trkpt lat="31.98350057937204837799072265625" lon="118.76915470696985721588134765625">
        <ele>27.3999996185302734375</ele>
        <time>2024-10-14T12:17:41.000Z</time>
        <extensions>
          <ns3:TrackPointExtension>
            <ns3:atemp>26.0</ns3:atemp>
            <ns3:hr>177</ns3:hr>
            <ns3:cad>84</ns3:cad>
          </ns3:TrackPointExtension>
        </extensions>
      </trkpt>
      <trkpt lat="31.9835199415683746337890625" lon="118.76915135420858860015869140625">
        <ele>27.3999996185302734375</ele>
        <time>2024-10-14T12:17:42.000Z</time>
        <extensions>
          <ns3:TrackPointExtension>
            <ns3:atemp>26.0</ns3:atemp>
            <ns3:hr>177</ns3:hr>
            <ns3:cad>85</ns3:cad>
          </ns3:TrackPointExtension>
        </extensions>
      </trkpt>
      <trkpt lat="31.98354483582079410552978515625" lon="118.76914791762828826904296875">
        <ele>27.6000003814697265625</ele>
        <time>2024-10-14T12:17:43.000Z</time>
        <extensions>
          <ns3:TrackPointExtension>
            <ns3:atemp>26.0</ns3:atemp>
            <ns3:hr>177</ns3:hr>
            <ns3:cad>86</ns3:cad>
          </ns3:TrackPointExtension>
        </extensions>
      </trkpt>
      <trkpt lat="31.98356620967388153076171875" lon="118.76914481632411479949951171875">
        <ele>27.6000003814697265625</ele>
        <time>2024-10-14T12:17:44.000Z</time>
        <extensions>
          <ns3:TrackPointExtension>
            <ns3:atemp>26.0</ns3:atemp>
            <ns3:hr>177</ns3:hr>
            <ns3:cad>86</ns3:cad>
          </ns3:TrackPointExtension>
        </extensions>
      </trkpt>
      <trkpt lat="31.98359462432563304901123046875" lon="118.769140541553497314453125">
        <ele>27.6000003814697265625</ele>
        <time>2024-10-14T12:17:45.000Z</time>
        <extensions>
          <ns3:TrackPointExtension>
            <ns3:atemp>26.0</ns3:atemp>
            <ns3:hr>177</ns3:hr>
            <ns3:cad>88</ns3:cad>
          </ns3:TrackPointExtension>
        </extensions>
      </trkpt>
      <trkpt lat="31.9836193509399890899658203125" lon="118.7691365182399749755859375">
        <ele>27.799999237060546875</ele>
        <time>2024-10-14T12:17:46.000Z</time>
        <extensions>
          <ns3:TrackPointExtension>
            <ns3:atemp>26.0</ns3:atemp>
            <ns3:hr>177</ns3:hr>
            <ns3:cad>88</ns3:cad>
          </ns3:TrackPointExtension>
        </extensions>
      </trkpt>
      <trkpt lat="31.98364390991628170013427734375" lon="118.769132830202579498291015625">
        <ele>27.799999237060546875</ele>
        <time>2024-10-14T12:17:47.000Z</time>
        <extensions>
          <ns3:TrackPointExtension>
            <ns3:atemp>26.0</ns3:atemp>
            <ns3:hr>177</ns3:hr>
            <ns3:cad>89</ns3:cad>
          </ns3:TrackPointExtension>
        </extensions>
      </trkpt>
      <trkpt lat="31.98366872034966945648193359375" lon="118.76912989653646945953369140625">
        <ele>27.799999237060546875</ele>
        <time>2024-10-14T12:17:48.000Z</time>
        <extensions>
          <ns3:TrackPointExtension>
            <ns3:atemp>26.0</ns3:atemp>
            <ns3:hr>177</ns3:hr>
            <ns3:cad>89</ns3:cad>
          </ns3:TrackPointExtension>
        </extensions>
      </trkpt>
      <trkpt lat="31.98369369842112064361572265625" lon="118.76912645995616912841796875">
        <ele>27.799999237060546875</ele>
        <time>2024-10-14T12:17:49.000Z</time>
        <extensions>
          <ns3:TrackPointExtension>
            <ns3:atemp>26.0</ns3:atemp>
            <ns3:hr>177</ns3:hr>
            <ns3:cad>89</ns3:cad>
          </ns3:TrackPointExtension>
        </extensions>
      </trkpt>
      <trkpt lat="31.98371817357838153839111328125" lon="118.7691209279000759124755859375">
        <ele>27.799999237060546875</ele>
        <time>2024-10-14T12:17:50.000Z</time>
        <extensions>
          <ns3:TrackPointExtension>
            <ns3:atemp>26.0</ns3:atemp>
            <ns3:hr>177</ns3:hr>
            <ns3:cad>89</ns3:cad>
          </ns3:TrackPointExtension>
        </extensions>
      </trkpt>
      <trkpt lat="31.98374583385884761810302734375" lon="118.76911916770040988922119140625">
        <ele>27.799999237060546875</ele>
        <time>2024-10-14T12:17:51.000Z</time>
        <extensions>
          <ns3:TrackPointExtension>
            <ns3:atemp>26.0</ns3:atemp>
            <ns3:hr>177</ns3:hr>
            <ns3:cad>88</ns3:cad>
          </ns3:TrackPointExtension>
        </extensions>
      </trkpt>
      <trkpt lat="31.983769051730632781982421875" lon="118.76911665312945842742919921875">
        <ele>27.799999237060546875</ele>
        <time>2024-10-14T12:17:52.000Z</time>
        <extensions>
          <ns3:TrackPointExtension>
            <ns3:atemp>26.0</ns3:atemp>
            <ns3:hr>177</ns3:hr>
            <ns3:cad>88</ns3:cad>
          </ns3:TrackPointExtension>
        </extensions>
      </trkpt>
      <trkpt lat="31.98379176668822765350341796875" lon="118.7691165693104267120361328125">
        <ele>27.799999237060546875</ele>
        <time>2024-10-14T12:17:53.000Z</time>
        <extensions>
          <ns3:TrackPointExtension>
            <ns3:atemp>26.0</ns3:atemp>
            <ns3:hr>177</ns3:hr>
            <ns3:cad>89</ns3:cad>
          </ns3:TrackPointExtension>
        </extensions>
      </trkpt>
      <trkpt lat="31.9838151521980762481689453125" lon="118.76911531202495098114013671875">
        <ele>27.799999237060546875</ele>
        <time>2024-10-14T12:17:54.000Z</time>
        <extensions>
          <ns3:TrackPointExtension>
            <ns3:atemp>26.0</ns3:atemp>
            <ns3:hr>177</ns3:hr>
            <ns3:cad>89</ns3:cad>
          </ns3:TrackPointExtension>
        </extensions>
      </trkpt>
      <trkpt lat="31.98383702896535396575927734375" lon="118.7691155634820461273193359375">
        <ele>28</ele>
        <time>2024-10-14T12:17:55.000Z</time>
        <extensions>
          <ns3:TrackPointExtension>
            <ns3:atemp>26.0</ns3:atemp>
            <ns3:hr>177</ns3:hr>
            <ns3:cad>89</ns3:cad>
          </ns3:TrackPointExtension>
        </extensions>
      </trkpt>
      <trkpt lat="31.98385764844715595245361328125" lon="118.76911480911076068878173828125">
        <ele>28</ele>
        <time>2024-10-14T12:17:56.000Z</time>
        <extensions>
          <ns3:TrackPointExtension>
            <ns3:atemp>26.0</ns3:atemp>
            <ns3:hr>177</ns3:hr>
            <ns3:cad>88</ns3:cad>
          </ns3:TrackPointExtension>
        </extensions>
      </trkpt>
      <trkpt lat="31.9838815368711948394775390625" lon="118.76911615021526813507080078125">
        <ele>28</ele>
        <time>2024-10-14T12:17:57.000Z</time>
        <extensions>
          <ns3:TrackPointExtension>
            <ns3:atemp>26.0</ns3:atemp>
            <ns3:hr>177</ns3:hr>
            <ns3:cad>88</ns3:cad>
          </ns3:TrackPointExtension>
        </extensions>
      </trkpt>
      <trkpt lat="31.98390425182878971099853515625" lon="118.769111372530460357666015625">
        <ele>28</ele>
        <time>2024-10-14T12:17:58.000Z</time>
        <extensions>
          <ns3:TrackPointExtension>
            <ns3:atemp>26.0</ns3:atemp>
            <ns3:hr>177</ns3:hr>
            <ns3:cad>88</ns3:cad>
          </ns3:TrackPointExtension>
        </extensions>
      </trkpt>
      <trkpt lat="31.9839294813573360443115234375" lon="118.76911262981593608856201171875">
        <ele>28.200000762939453125</ele>
        <time>2024-10-14T12:17:59.000Z</time>
        <extensions>
          <ns3:TrackPointExtension>
            <ns3:atemp>26.0</ns3:atemp>
            <ns3:hr>177</ns3:hr>
            <ns3:cad>88</ns3:cad>
          </ns3:TrackPointExtension>
        </extensions>
      </trkpt>
      <trkpt lat="31.983956135809421539306640625" lon="118.7691128812730312347412109375">
        <ele>28.200000762939453125</ele>
        <time>2024-10-14T12:18:00.000Z</time>
        <extensions>
          <ns3:TrackPointExtension>
            <ns3:atemp>26.0</ns3:atemp>
            <ns3:hr>177</ns3:hr>
            <ns3:cad>89</ns3:cad>
          </ns3:TrackPointExtension>
        </extensions>
      </trkpt>
      <trkpt lat="31.9839801080524921417236328125" lon="118.76911363564431667327880859375">
        <ele>28.200000762939453125</ele>
        <time>2024-10-14T12:18:01.000Z</time>
        <extensions>
          <ns3:TrackPointExtension>
            <ns3:atemp>26.0</ns3:atemp>
            <ns3:hr>177</ns3:hr>
            <ns3:cad>89</ns3:cad>
          </ns3:TrackPointExtension>
        </extensions>
      </trkpt>
      <trkpt lat="31.98400449939072132110595703125" lon="118.76910994760692119598388671875">
        <ele>28.3999996185302734375</ele>
        <time>2024-10-14T12:18:02.000Z</time>
        <extensions>
          <ns3:TrackPointExtension>
            <ns3:atemp>26.0</ns3:atemp>
            <ns3:hr>177</ns3:hr>
            <ns3:cad>89</ns3:cad>
          </ns3:TrackPointExtension>
        </extensions>
      </trkpt>
      <trkpt lat="31.9840297289192676544189453125" lon="118.7691071815788745880126953125">
        <ele>28.3999996185302734375</ele>
        <time>2024-10-14T12:18:03.000Z</time>
        <extensions>
          <ns3:TrackPointExtension>
            <ns3:atemp>26.0</ns3:atemp>
            <ns3:hr>177</ns3:hr>
            <ns3:cad>88</ns3:cad>
          </ns3:TrackPointExtension>
        </extensions>
      </trkpt>
      <trkpt lat="31.9840535335242748260498046875" lon="118.7691024877130985260009765625">
        <ele>28.3999996185302734375</ele>
        <time>2024-10-14T12:18:04.000Z</time>
        <extensions>
          <ns3:TrackPointExtension>
            <ns3:atemp>26.0</ns3:atemp>
            <ns3:hr>177</ns3:hr>
            <ns3:cad>88</ns3:cad>
          </ns3:TrackPointExtension>
        </extensions>
      </trkpt>
      <trkpt lat="31.9840803556144237518310546875" lon="118.769097626209259033203125">
        <ele>28.3999996185302734375</ele>
        <time>2024-10-14T12:18:05.000Z</time>
        <extensions>
          <ns3:TrackPointExtension>
            <ns3:atemp>26.0</ns3:atemp>
            <ns3:hr>177</ns3:hr>
            <ns3:cad>88</ns3:cad>
          </ns3:TrackPointExtension>
        </extensions>
      </trkpt>
      <trkpt lat="31.9841004721820354461669921875" lon="118.76909133978188037872314453125">
        <ele>28.6000003814697265625</ele>
        <time>2024-10-14T12:18:06.000Z</time>
        <extensions>
          <ns3:TrackPointExtension>
            <ns3:atemp>26.0</ns3:atemp>
            <ns3:hr>177</ns3:hr>
            <ns3:cad>89</ns3:cad>
          </ns3:TrackPointExtension>
        </extensions>
      </trkpt>
      <trkpt lat="31.98412771336734294891357421875" lon="118.7690860591828823089599609375">
        <ele>28.6000003814697265625</ele>
        <time>2024-10-14T12:18:07.000Z</time>
        <extensions>
          <ns3:TrackPointExtension>
            <ns3:atemp>26.0</ns3:atemp>
            <ns3:hr>177</ns3:hr>
            <ns3:cad>89</ns3:cad>
          </ns3:TrackPointExtension>
        </extensions>
      </trkpt>
      <trkpt lat="31.984154619276523590087890625" lon="118.76907859928905963897705078125">
        <ele>28.6000003814697265625</ele>
        <time>2024-10-14T12:18:08.000Z</time>
        <extensions>
          <ns3:TrackPointExtension>
            <ns3:atemp>26.0</ns3:atemp>
            <ns3:hr>177</ns3:hr>
            <ns3:cad>89</ns3:cad>
          </ns3:TrackPointExtension>
        </extensions>
      </trkpt>
      <trkpt lat="31.98418370448052883148193359375" lon="118.7690729834139347076416015625">
        <ele>28.799999237060546875</ele>
        <time>2024-10-14T12:18:09.000Z</time>
        <extensions>
          <ns3:TrackPointExtension>
            <ns3:atemp>26.0</ns3:atemp>
            <ns3:hr>177</ns3:hr>
            <ns3:cad>89</ns3:cad>
          </ns3:TrackPointExtension>
        </extensions>
      </trkpt>
      <trkpt lat="31.98421119712293148040771484375" lon="118.7690669484436511993408203125">
        <ele>28.799999237060546875</ele>
        <time>2024-10-14T12:18:10.000Z</time>
        <extensions>
          <ns3:TrackPointExtension>
            <ns3:atemp>26.0</ns3:atemp>
            <ns3:hr>177</ns3:hr>
            <ns3:cad>89</ns3:cad>
          </ns3:TrackPointExtension>
        </extensions>
      </trkpt>
      <trkpt lat="31.9842399470508098602294921875" lon="118.7690609134733676910400390625">
        <ele>29</ele>
        <time>2024-10-14T12:18:11.000Z</time>
        <extensions>
          <ns3:TrackPointExtension>
            <ns3:atemp>26.0</ns3:atemp>
            <ns3:hr>177</ns3:hr>
            <ns3:cad>89</ns3:cad>
          </ns3:TrackPointExtension>
        </extensions>
      </trkpt>
      <trkpt lat="31.98426031507551670074462890625" lon="118.76905697397887706756591796875">
        <ele>29</ele>
        <time>2024-10-14T12:18:12.000Z</time>
        <extensions>
          <ns3:TrackPointExtension>
            <ns3:atemp>26.0</ns3:atemp>
            <ns3:hr>177</ns3:hr>
            <ns3:cad>89</ns3:cad>
          </ns3:TrackPointExtension>
        </extensions>
      </trkpt>
      <trkpt lat="31.9842825271189212799072265625" lon="118.76905697397887706756591796875">
        <ele>29</ele>
        <time>2024-10-14T12:18:13.000Z</time>
        <extensions>
          <ns3:TrackPointExtension>
            <ns3:atemp>26.0</ns3:atemp>
            <ns3:hr>177</ns3:hr>
            <ns3:cad>89</ns3:cad>
          </ns3:TrackPointExtension>
        </extensions>
      </trkpt>
      <trkpt lat="31.984304487705230712890625" lon="118.76905663870275020599365234375">
        <ele>29</ele>
        <time>2024-10-14T12:18:14.000Z</time>
        <extensions>
          <ns3:TrackPointExtension>
            <ns3:atemp>26.0</ns3:atemp>
            <ns3:hr>178</ns3:hr>
            <ns3:cad>89</ns3:cad>
          </ns3:TrackPointExtension>
        </extensions>
      </trkpt>
      <trkpt lat="31.9843284599483013153076171875" lon="118.76905680634081363677978515625">
        <ele>29.200000762939453125</ele>
        <time>2024-10-14T12:18:15.000Z</time>
        <extensions>
          <ns3:TrackPointExtension>
            <ns3:atemp>26.0</ns3:atemp>
            <ns3:hr>178</ns3:hr>
            <ns3:cad>89</ns3:cad>
          </ns3:TrackPointExtension>
        </extensions>
      </trkpt>
      <trkpt lat="31.984349749982357025146484375" lon="118.76905806362628936767578125">
        <ele>29.200000762939453125</ele>
        <time>2024-10-14T12:18:16.000Z</time>
        <extensions>
          <ns3:TrackPointExtension>
            <ns3:atemp>26.0</ns3:atemp>
            <ns3:hr>178</ns3:hr>
            <ns3:cad>89</ns3:cad>
          </ns3:TrackPointExtension>
        </extensions>
      </trkpt>
      <trkpt lat="31.9843727163970470428466796875" lon="118.76905806362628936767578125">
        <ele>29.3999996185302734375</ele>
        <time>2024-10-14T12:18:17.000Z</time>
        <extensions>
          <ns3:TrackPointExtension>
            <ns3:atemp>26.0</ns3:atemp>
            <ns3:hr>177</ns3:hr>
            <ns3:cad>89</ns3:cad>
          </ns3:TrackPointExtension>
        </extensions>
      </trkpt>
      <trkpt lat="31.98439224623143672943115234375" lon="118.76905940473079681396484375">
        <ele>29.3999996185302734375</ele>
        <time>2024-10-14T12:18:18.000Z</time>
        <extensions>
          <ns3:TrackPointExtension>
            <ns3:atemp>26.0</ns3:atemp>
            <ns3:hr>177</ns3:hr>
            <ns3:cad>89</ns3:cad>
          </ns3:TrackPointExtension>
        </extensions>
      </trkpt>
      <trkpt lat="31.984411776065826416015625" lon="118.76905965618789196014404296875">
        <ele>29.3999996185302734375</ele>
        <time>2024-10-14T12:18:19.000Z</time>
        <extensions>
          <ns3:TrackPointExtension>
            <ns3:atemp>26.0</ns3:atemp>
            <ns3:hr>177</ns3:hr>
            <ns3:cad>89</ns3:cad>
          </ns3:TrackPointExtension>
        </extensions>
      </trkpt>
      <trkpt lat="31.98443247936666011810302734375" lon="118.76905898563563823699951171875">
        <ele>29.3999996185302734375</ele>
        <time>2024-10-14T12:18:20.000Z</time>
        <extensions>
          <ns3:TrackPointExtension>
            <ns3:atemp>26.0</ns3:atemp>
            <ns3:hr>177</ns3:hr>
            <ns3:cad>90</ns3:cad>
          </ns3:TrackPointExtension>
        </extensions>
      </trkpt>
      <trkpt lat="31.984457708895206451416015625" lon="118.769057728350162506103515625">
        <ele>29.3999996185302734375</ele>
        <time>2024-10-14T12:18:21.000Z</time>
        <extensions>
          <ns3:TrackPointExtension>
            <ns3:atemp>26.0</ns3:atemp>
            <ns3:hr>177</ns3:hr>
            <ns3:cad>90</ns3:cad>
          </ns3:TrackPointExtension>
        </extensions>
      </trkpt>
      <trkpt lat="31.98448486626148223876953125" lon="118.769057728350162506103515625">
        <ele>29.3999996185302734375</ele>
        <time>2024-10-14T12:18:22.000Z</time>
        <extensions>
          <ns3:TrackPointExtension>
            <ns3:atemp>26.0</ns3:atemp>
            <ns3:hr>177</ns3:hr>
            <ns3:cad>91</ns3:cad>
          </ns3:TrackPointExtension>
        </extensions>
      </trkpt>
      <trkpt lat="31.9845115207135677337646484375" lon="118.76905806362628936767578125">
        <ele>29.3999996185302734375</ele>
        <time>2024-10-14T12:18:23.000Z</time>
        <extensions>
          <ns3:TrackPointExtension>
            <ns3:atemp>26.0</ns3:atemp>
            <ns3:hr>177</ns3:hr>
            <ns3:cad>91</ns3:cad>
          </ns3:TrackPointExtension>
        </extensions>
      </trkpt>
      <trkpt lat="31.98453892953693866729736328125" lon="118.769057728350162506103515625">
        <ele>29.3999996185302734375</ele>
        <time>2024-10-14T12:18:24.000Z</time>
        <extensions>
          <ns3:TrackPointExtension>
            <ns3:atemp>26.0</ns3:atemp>
            <ns3:hr>177</ns3:hr>
            <ns3:cad>91</ns3:cad>
          </ns3:TrackPointExtension>
        </extensions>
      </trkpt>
      <trkpt lat="31.9845631532371044158935546875" lon="118.76906032674014568328857421875">
        <ele>29.3999996185302734375</ele>
        <time>2024-10-14T12:18:25.000Z</time>
        <extensions>
          <ns3:TrackPointExtension>
            <ns3:atemp>26.0</ns3:atemp>
            <ns3:hr>177</ns3:hr>
            <ns3:cad>91</ns3:cad>
          </ns3:TrackPointExtension>
        </extensions>
      </trkpt>
      <trkpt lat="31.9845856167376041412353515625" lon="118.76906334422528743743896484375">
        <ele>29.6000003814697265625</ele>
        <time>2024-10-14T12:18:26.000Z</time>
        <extensions>
          <ns3:TrackPointExtension>
            <ns3:atemp>26.0</ns3:atemp>
            <ns3:hr>177</ns3:hr>
            <ns3:cad>90</ns3:cad>
          </ns3:TrackPointExtension>
        </extensions>
      </trkpt>
      <trkpt lat="31.9846074096858501434326171875" lon="118.76906585879623889923095703125">
        <ele>29.6000003814697265625</ele>
        <time>2024-10-14T12:18:27.000Z</time>
        <extensions>
          <ns3:TrackPointExtension>
            <ns3:atemp>26.0</ns3:atemp>
            <ns3:hr>177</ns3:hr>
            <ns3:cad>90</ns3:cad>
          </ns3:TrackPointExtension>
        </extensions>
      </trkpt>
      <trkpt lat="31.98462593369185924530029296875" lon="118.769069798290729522705078125">
        <ele>29.6000003814697265625</ele>
        <time>2024-10-14T12:18:28.000Z</time>
        <extensions>
          <ns3:TrackPointExtension>
            <ns3:atemp>26.0</ns3:atemp>
            <ns3:hr>177</ns3:hr>
            <ns3:cad>90</ns3:cad>
          </ns3:TrackPointExtension>
        </extensions>
      </trkpt>
      <trkpt lat="31.984640769660472869873046875" lon="118.7690709717571735382080078125">
        <ele>29.799999237060546875</ele>
        <time>2024-10-14T12:18:29.000Z</time>
        <extensions>
          <ns3:TrackPointExtension>
            <ns3:atemp>26.0</ns3:atemp>
            <ns3:hr>177</ns3:hr>
            <ns3:cad>90</ns3:cad>
          </ns3:TrackPointExtension>
        </extensions>
      </trkpt>
      <trkpt lat="31.98465459980070590972900390625" lon="118.76907440833747386932373046875">
        <ele>29.799999237060546875</ele>
        <time>2024-10-14T12:18:30.000Z</time>
        <extensions>
          <ns3:TrackPointExtension>
            <ns3:atemp>26.0</ns3:atemp>
            <ns3:hr>177</ns3:hr>
            <ns3:cad>90</ns3:cad>
          </ns3:TrackPointExtension>
        </extensions>
      </trkpt>
      <trkpt lat="31.984669603407382965087890625" lon="118.7690783478319644927978515625">
        <ele>30</ele>
        <time>2024-10-14T12:18:31.000Z</time>
        <extensions>
          <ns3:TrackPointExtension>
            <ns3:atemp>26.0</ns3:atemp>
            <ns3:hr>177</ns3:hr>
            <ns3:cad>90</ns3:cad>
          </ns3:TrackPointExtension>
        </extensions>
      </trkpt>
      <trkpt lat="31.98468578048050403594970703125" lon="118.7690813653171062469482421875">
        <ele>30</ele>
        <time>2024-10-14T12:18:32.000Z</time>
        <extensions>
          <ns3:TrackPointExtension>
            <ns3:atemp>26.0</ns3:atemp>
            <ns3:hr>177</ns3:hr>
            <ns3:cad>90</ns3:cad>
          </ns3:TrackPointExtension>
        </extensions>
      </trkpt>
      <trkpt lat="31.9846952520310878753662109375" lon="118.76908647827804088592529296875">
        <ele>30</ele>
        <time>2024-10-14T12:18:33.000Z</time>
        <extensions>
          <ns3:TrackPointExtension>
            <ns3:atemp>26.0</ns3:atemp>
            <ns3:hr>177</ns3:hr>
            <ns3:cad>90</ns3:cad>
          </ns3:TrackPointExtension>
        </extensions>
      </trkpt>
      <trkpt lat="31.98471193201839923858642578125" lon="118.76909050159156322479248046875">
        <ele>30</ele>
        <time>2024-10-14T12:18:34.000Z</time>
        <extensions>
          <ns3:TrackPointExtension>
            <ns3:atemp>26.0</ns3:atemp>
            <ns3:hr>177</ns3:hr>
            <ns3:cad>90</ns3:cad>
          </ns3:TrackPointExtension>
        </extensions>
      </trkpt>
      <trkpt lat="31.98473003692924976348876953125" lon="118.7690934352576732635498046875">
        <ele>30.200000762939453125</ele>
        <time>2024-10-14T12:18:35.000Z</time>
        <extensions>
          <ns3:TrackPointExtension>
            <ns3:atemp>26.0</ns3:atemp>
            <ns3:hr>177</ns3:hr>
            <ns3:cad>90</ns3:cad>
          </ns3:TrackPointExtension>
        </extensions>
      </trkpt>
    </trkseg>
  </trk>
</gpx>
