<?xml version="1.0" encoding="UTF-8"?>
<gpx creator="Garmin Connect" version="1.1"
  xsi:schemaLocation="http://www.topografix.com/GPX/1/1 http://www.topografix.com/GPX/11.xsd"
  xmlns:ns3="http://www.garmin.com/xmlschemas/TrackPointExtension/v1"
  xmlns="http://www.topografix.com/GPX/1/1"
  xmlns:xsi="http://www.w3.org/2001/XMLSchema-instance" xmlns:ns2="http://www.garmin.com/xmlschemas/GpxExtensions/v3">
  <metadata>
    <link href="connect.garmin.com">
      <text>Garmin Connect</text>
    </link>
    <time>2024-10-23T11:22:22.000Z</time>
  </metadata>
  <trk>
    <name>南京市 - 轻松跑</name>
    <desc>今天跑得很舒服</desc>
    <type>running</type>
    <trkseg>
      <trkpt lat="31.98682836256921291351318359375" lon="118.77154673449695110321044921875">
        <ele>37.59999847412109375</ele>
        <time>2024-10-23T11:22:22.000Z</time>
        <extensions>
          <ns3:TrackPointExtension>
            <ns3:atemp>26.0</ns3:atemp>
            <ns3:hr>86</ns3:hr>
            <ns3:cad>80</ns3:cad>
          </ns3:TrackPointExtension>
        </extensions>
      </trkpt>
      <trkpt lat="31.98668897151947021484375" lon="118.7715479917824268341064453125">
        <ele>37.59999847412109375</ele>
        <time>2024-10-23T11:22:23.000Z</time>
        <extensions>
          <ns3:TrackPointExtension>
            <ns3:atemp>26.0</ns3:atemp>
            <ns3:hr>86</ns3:hr>
            <ns3:cad>80</ns3:cad>
          </ns3:TrackPointExtension>
        </extensions>
      </trkpt>
      <trkpt lat="31.98664278723299503326416015625" lon="118.7716002948582172393798828125">
        <ele>37.59999847412109375</ele>
        <time>2024-10-23T11:22:24.000Z</time>
        <extensions>
          <ns3:TrackPointExtension>
            <ns3:atemp>26.0</ns3:atemp>
            <ns3:hr>86</ns3:hr>
            <ns3:cad>82</ns3:cad>
          </ns3:TrackPointExtension>
        </extensions>
      </trkpt>
      <trkpt lat="31.98661311529576778411865234375" lon="118.77159870229661464691162109375">
        <ele>37.59999847412109375</ele>
        <time>2024-10-23T11:22:25.000Z</time>
        <extensions>
          <ns3:TrackPointExtension>
            <ns3:atemp>26.0</ns3:atemp>
            <ns3:hr>88</ns3:hr>
            <ns3:cad>82</ns3:cad>
          </ns3:TrackPointExtension>
        </extensions>
      </trkpt>
      <trkpt lat="31.98662451468408107757568359375" lon="118.7716304697096347808837890625">
        <ele>37.59999847412109375</ele>
        <time>2024-10-23T11:22:26.000Z</time>
        <extensions>
          <ns3:TrackPointExtension>
            <ns3:atemp>26.0</ns3:atemp>
            <ns3:hr>91</ns3:hr>
            <ns3:cad>82</ns3:cad>
          </ns3:TrackPointExtension>
        </extensions>
      </trkpt>
      <trkpt lat="31.98663038201630115509033203125" lon="118.7715956009924411773681640625">
        <ele>37.59999847412109375</ele>
        <time>2024-10-23T11:22:27.000Z</time>
        <extensions>
          <ns3:TrackPointExtension>
            <ns3:atemp>26.0</ns3:atemp>
            <ns3:hr>92</ns3:hr>
            <ns3:cad>82</ns3:cad>
          </ns3:TrackPointExtension>
        </extensions>
      </trkpt>
      <trkpt lat="31.9866183958947658538818359375" lon="118.77156450413167476654052734375">
        <ele>37.59999847412109375</ele>
        <time>2024-10-23T11:22:28.000Z</time>
        <extensions>
          <ns3:TrackPointExtension>
            <ns3:atemp>26.0</ns3:atemp>
            <ns3:hr>94</ns3:hr>
            <ns3:cad>82</ns3:cad>
          </ns3:TrackPointExtension>
        </extensions>
      </trkpt>
      <trkpt lat="31.98660490103065967559814453125" lon="118.77153910696506500244140625">
        <ele>37.59999847412109375</ele>
        <time>2024-10-23T11:22:29.000Z</time>
        <extensions>
          <ns3:TrackPointExtension>
            <ns3:atemp>26.0</ns3:atemp>
            <ns3:hr>96</ns3:hr>
            <ns3:cad>82</ns3:cad>
          </ns3:TrackPointExtension>
        </extensions>
      </trkpt>
      <trkpt lat="31.98659299872815608978271484375" lon="118.7715369276702404022216796875">
        <ele>37.40000152587890625</ele>
        <time>2024-10-23T11:22:30.000Z</time>
        <extensions>
          <ns3:TrackPointExtension>
            <ns3:atemp>26.0</ns3:atemp>
            <ns3:hr>97</ns3:hr>
            <ns3:cad>82</ns3:cad>
          </ns3:TrackPointExtension>
        </extensions>
      </trkpt>
      <trkpt lat="31.98657162487506866455078125" lon="118.7715318985283374786376953125">
        <ele>37.40000152587890625</ele>
        <time>2024-10-23T11:22:31.000Z</time>
        <extensions>
          <ns3:TrackPointExtension>
            <ns3:atemp>26.0</ns3:atemp>
            <ns3:hr>99</ns3:hr>
            <ns3:cad>82</ns3:cad>
          </ns3:TrackPointExtension>
        </extensions>
      </trkpt>
      <trkpt lat="31.98655175976455211639404296875" lon="118.7715210020542144775390625">
        <ele>37.40000152587890625</ele>
        <time>2024-10-23T11:22:32.000Z</time>
        <extensions>
          <ns3:TrackPointExtension>
            <ns3:atemp>26.0</ns3:atemp>
            <ns3:hr>98</ns3:hr>
            <ns3:cad>82</ns3:cad>
          </ns3:TrackPointExtension>
        </extensions>
      </trkpt>
      <trkpt lat="31.986531727015972137451171875" lon="118.7715007178485393524169921875">
        <ele>37.40000152587890625</ele>
        <time>2024-10-23T11:22:33.000Z</time>
        <extensions>
          <ns3:TrackPointExtension>
            <ns3:atemp>26.0</ns3:atemp>
            <ns3:hr>100</ns3:hr>
            <ns3:cad>82</ns3:cad>
          </ns3:TrackPointExtension>
        </extensions>
      </trkpt>
      <trkpt lat="31.986514627933502197265625" lon="118.771486468613147735595703125">
        <ele>37.40000152587890625</ele>
        <time>2024-10-23T11:22:34.000Z</time>
        <extensions>
          <ns3:TrackPointExtension>
            <ns3:atemp>26.0</ns3:atemp>
            <ns3:hr>101</ns3:hr>
            <ns3:cad>82</ns3:cad>
          </ns3:TrackPointExtension>
        </extensions>
      </trkpt>
      <trkpt lat="31.9865020550787448883056640625" lon="118.77147247083485126495361328125">
        <ele>37.40000152587890625</ele>
        <time>2024-10-23T11:22:35.000Z</time>
        <extensions>
          <ns3:TrackPointExtension>
            <ns3:atemp>26.0</ns3:atemp>
            <ns3:hr>100</ns3:hr>
            <ns3:cad>85</ns3:cad>
          </ns3:TrackPointExtension>
        </extensions>
      </trkpt>
      <trkpt lat="31.9864852912724018096923828125" lon="118.77145151607692241668701171875">
        <ele>37.40000152587890625</ele>
        <time>2024-10-23T11:22:36.000Z</time>
        <extensions>
          <ns3:TrackPointExtension>
            <ns3:atemp>26.0</ns3:atemp>
            <ns3:hr>99</ns3:hr>
            <ns3:cad>85</ns3:cad>
          </ns3:TrackPointExtension>
        </extensions>
      </trkpt>
      <trkpt lat="31.9864809326827526092529296875" lon="118.7714396975934505462646484375">
        <ele>37.40000152587890625</ele>
        <time>2024-10-23T11:22:37.000Z</time>
        <extensions>
          <ns3:TrackPointExtension>
            <ns3:atemp>26.0</ns3:atemp>
            <ns3:hr>96</ns3:hr>
            <ns3:cad>86</ns3:cad>
          </ns3:TrackPointExtension>
        </extensions>
      </trkpt>
      <trkpt lat="31.986476071178913116455078125" lon="118.7714225985109806060791015625">
        <ele>37.40000152587890625</ele>
        <time>2024-10-23T11:22:38.000Z</time>
        <extensions>
          <ns3:TrackPointExtension>
            <ns3:atemp>26.0</ns3:atemp>
            <ns3:hr>95</ns3:hr>
            <ns3:cad>87</ns3:cad>
          </ns3:TrackPointExtension>
        </extensions>
      </trkpt>
      <trkpt lat="31.9864661805331707000732421875" lon="118.77139829099178314208984375">
        <ele>37.200000762939453125</ele>
        <time>2024-10-23T11:22:39.000Z</time>
        <extensions>
          <ns3:TrackPointExtension>
            <ns3:atemp>26.0</ns3:atemp>
            <ns3:hr>95</ns3:hr>
            <ns3:cad>87</ns3:cad>
          </ns3:TrackPointExtension>
        </extensions>
      </trkpt>
      <trkpt lat="31.98645151220262050628662109375" lon="118.7713672779500484466552734375">
        <ele>37.200000762939453125</ele>
        <time>2024-10-23T11:22:40.000Z</time>
        <extensions>
          <ns3:TrackPointExtension>
            <ns3:atemp>26.0</ns3:atemp>
            <ns3:hr>94</ns3:hr>
            <ns3:cad>86</ns3:cad>
          </ns3:TrackPointExtension>
        </extensions>
      </trkpt>
      <trkpt lat="31.986437179148197174072265625" lon="118.77134003676474094390869140625">
        <ele>37.200000762939453125</ele>
        <time>2024-10-23T11:22:41.000Z</time>
        <extensions>
          <ns3:TrackPointExtension>
            <ns3:atemp>26.0</ns3:atemp>
            <ns3:hr>94</ns3:hr>
            <ns3:cad>86</ns3:cad>
          </ns3:TrackPointExtension>
        </extensions>
      </trkpt>
      <trkpt lat="31.9864232651889324188232421875" lon="118.77131103537976741790771484375">
        <ele>37.200000762939453125</ele>
        <time>2024-10-23T11:22:42.000Z</time>
        <extensions>
          <ns3:TrackPointExtension>
            <ns3:atemp>26.0</ns3:atemp>
            <ns3:hr>94</ns3:hr>
            <ns3:cad>85</ns3:cad>
          </ns3:TrackPointExtension>
        </extensions>
      </trkpt>
      <trkpt lat="31.9864113628864288330078125" lon="118.7712811119854450225830078125">
        <ele>37.200000762939453125</ele>
        <time>2024-10-23T11:22:43.000Z</time>
        <extensions>
          <ns3:TrackPointExtension>
            <ns3:atemp>26.0</ns3:atemp>
            <ns3:hr>95</ns3:hr>
            <ns3:cad>86</ns3:cad>
          </ns3:TrackPointExtension>
        </extensions>
      </trkpt>
      <trkpt lat="31.9864024780690670013427734375" lon="118.77125211060047149658203125">
        <ele>37.200000762939453125</ele>
        <time>2024-10-23T11:22:44.000Z</time>
        <extensions>
          <ns3:TrackPointExtension>
            <ns3:atemp>26.0</ns3:atemp>
            <ns3:hr>96</ns3:hr>
            <ns3:cad>87</ns3:cad>
          </ns3:TrackPointExtension>
        </extensions>
      </trkpt>
      <trkpt lat="31.9863899052143096923828125" lon="118.77121992409229278564453125">
        <ele>37.200000762939453125</ele>
        <time>2024-10-23T11:22:45.000Z</time>
        <extensions>
          <ns3:TrackPointExtension>
            <ns3:atemp>26.0</ns3:atemp>
            <ns3:hr>96</ns3:hr>
            <ns3:cad>87</ns3:cad>
          </ns3:TrackPointExtension>
        </extensions>
      </trkpt>
      <trkpt lat="31.986384205520153045654296875" lon="118.77120005898177623748779296875">
        <ele>37.200000762939453125</ele>
        <time>2024-10-23T11:22:46.000Z</time>
        <extensions>
          <ns3:TrackPointExtension>
            <ns3:atemp>26.0</ns3:atemp>
            <ns3:hr>97</ns3:hr>
            <ns3:cad>87</ns3:cad>
          </ns3:TrackPointExtension>
        </extensions>
      </trkpt>
      <trkpt lat="31.98637741617858409881591796875" lon="118.771173655986785888671875">
        <ele>37</ele>
        <time>2024-10-23T11:22:47.000Z</time>
        <extensions>
          <ns3:TrackPointExtension>
            <ns3:atemp>26.0</ns3:atemp>
            <ns3:hr>98</ns3:hr>
            <ns3:cad>88</ns3:cad>
          </ns3:TrackPointExtension>
        </extensions>
      </trkpt>
      <trkpt lat="31.986370123922824859619140625" lon="118.7711523659527301788330078125">
        <ele>37</ele>
        <time>2024-10-23T11:22:48.000Z</time>
        <extensions>
          <ns3:TrackPointExtension>
            <ns3:atemp>26.0</ns3:atemp>
            <ns3:hr>99</ns3:hr>
            <ns3:cad>87</ns3:cad>
          </ns3:TrackPointExtension>
        </extensions>
      </trkpt>
      <trkpt lat="31.986363418400287628173828125" lon="118.7711295671761035919189453125">
        <ele>37</ele>
        <time>2024-10-23T11:22:49.000Z</time>
        <extensions>
          <ns3:TrackPointExtension>
            <ns3:atemp>26.0</ns3:atemp>
            <ns3:hr>99</ns3:hr>
            <ns3:cad>87</ns3:cad>
          </ns3:TrackPointExtension>
        </extensions>
      </trkpt>
      <trkpt lat="31.98635729961097240447998046875" lon="118.7711077742278575897216796875">
        <ele>37</ele>
        <time>2024-10-23T11:22:50.000Z</time>
        <extensions>
          <ns3:TrackPointExtension>
            <ns3:atemp>26.0</ns3:atemp>
            <ns3:hr>100</ns3:hr>
            <ns3:cad>87</ns3:cad>
          </ns3:TrackPointExtension>
        </extensions>
      </trkpt>
      <trkpt lat="31.9863458164036273956298828125" lon="118.77107634209096431732177734375">
        <ele>37</ele>
        <time>2024-10-23T11:22:51.000Z</time>
        <extensions>
          <ns3:TrackPointExtension>
            <ns3:atemp>26.0</ns3:atemp>
            <ns3:hr>101</ns3:hr>
            <ns3:cad>87</ns3:cad>
          </ns3:TrackPointExtension>
        </extensions>
      </trkpt>
      <trkpt lat="31.98633936233818531036376953125" lon="118.7710475921630859375">
        <ele>37</ele>
        <time>2024-10-23T11:22:52.000Z</time>
        <extensions>
          <ns3:TrackPointExtension>
            <ns3:atemp>26.0</ns3:atemp>
            <ns3:hr>102</ns3:hr>
            <ns3:cad>88</ns3:cad>
          </ns3:TrackPointExtension>
        </extensions>
      </trkpt>
      <trkpt lat="31.98633215390145778656005859375" lon="118.77102236263453960418701171875">
        <ele>37</ele>
        <time>2024-10-23T11:22:53.000Z</time>
        <extensions>
          <ns3:TrackPointExtension>
            <ns3:atemp>26.0</ns3:atemp>
            <ns3:hr>102</ns3:hr>
            <ns3:cad>88</ns3:cad>
          </ns3:TrackPointExtension>
        </extensions>
      </trkpt>
      <trkpt lat="31.9863282144069671630859375" lon="118.77099327743053436279296875">
        <ele>36.799999237060546875</ele>
        <time>2024-10-23T11:22:54.000Z</time>
        <extensions>
          <ns3:TrackPointExtension>
            <ns3:atemp>26.0</ns3:atemp>
            <ns3:hr>103</ns3:hr>
            <ns3:cad>88</ns3:cad>
          </ns3:TrackPointExtension>
        </extensions>
      </trkpt>
      <trkpt lat="31.98632796294987201690673828125" lon="118.7709604203701019287109375">
        <ele>36.799999237060546875</ele>
        <time>2024-10-23T11:22:55.000Z</time>
        <extensions>
          <ns3:TrackPointExtension>
            <ns3:atemp>26.0</ns3:atemp>
            <ns3:hr>103</ns3:hr>
            <ns3:cad>88</ns3:cad>
          </ns3:TrackPointExtension>
        </extensions>
      </trkpt>
      <trkpt lat="31.9863344170153141021728515625" lon="118.7709300778806209564208984375">
        <ele>36.799999237060546875</ele>
        <time>2024-10-23T11:22:56.000Z</time>
        <extensions>
          <ns3:TrackPointExtension>
            <ns3:atemp>26.0</ns3:atemp>
            <ns3:hr>104</ns3:hr>
            <ns3:cad>88</ns3:cad>
          </ns3:TrackPointExtension>
        </extensions>
      </trkpt>
      <trkpt lat="31.9863528572022914886474609375" lon="118.77089864574372768402099609375">
        <ele>36.799999237060546875</ele>
        <time>2024-10-23T11:22:57.000Z</time>
        <extensions>
          <ns3:TrackPointExtension>
            <ns3:atemp>26.0</ns3:atemp>
            <ns3:hr>104</ns3:hr>
            <ns3:cad>88</ns3:cad>
          </ns3:TrackPointExtension>
        </extensions>
      </trkpt>
      <trkpt lat="31.98638445697724819183349609375" lon="118.7708670459687709808349609375">
        <ele>36.799999237060546875</ele>
        <time>2024-10-23T11:22:58.000Z</time>
        <extensions>
          <ns3:TrackPointExtension>
            <ns3:atemp>26.0</ns3:atemp>
            <ns3:hr>105</ns3:hr>
            <ns3:cad>87</ns3:cad>
          </ns3:TrackPointExtension>
        </extensions>
      </trkpt>
      <trkpt lat="31.98641262017190456390380859375" lon="118.7708402238786220550537109375">
        <ele>37</ele>
        <time>2024-10-23T11:22:59.000Z</time>
        <extensions>
          <ns3:TrackPointExtension>
            <ns3:atemp>26.0</ns3:atemp>
            <ns3:hr>105</ns3:hr>
            <ns3:cad>87</ns3:cad>
          </ns3:TrackPointExtension>
        </extensions>
      </trkpt>
      <trkpt lat="31.98643617331981658935546875" lon="118.77081625163555145263671875">
        <ele>37</ele>
        <time>2024-10-23T11:23:00.000Z</time>
        <extensions>
          <ns3:TrackPointExtension>
            <ns3:atemp>26.0</ns3:atemp>
            <ns3:hr>105</ns3:hr>
            <ns3:cad>87</ns3:cad>
          </ns3:TrackPointExtension>
        </extensions>
      </trkpt>
      <trkpt lat="31.986457966268062591552734375" lon="118.770801164209842681884765625">
        <ele>37.200000762939453125</ele>
        <time>2024-10-23T11:23:01.000Z</time>
        <extensions>
          <ns3:TrackPointExtension>
            <ns3:atemp>26.0</ns3:atemp>
            <ns3:hr>105</ns3:hr>
            <ns3:cad>87</ns3:cad>
          </ns3:TrackPointExtension>
        </extensions>
      </trkpt>
      <trkpt lat="31.98647380806505680084228515625" lon="118.770798482000827789306640625">
        <ele>37.200000762939453125</ele>
        <time>2024-10-23T11:23:02.000Z</time>
        <extensions>
          <ns3:TrackPointExtension>
            <ns3:atemp>26.0</ns3:atemp>
            <ns3:hr>106</ns3:hr>
            <ns3:cad>87</ns3:cad>
          </ns3:TrackPointExtension>
        </extensions>
      </trkpt>
      <trkpt lat="31.986493505537509918212890625" lon="118.7707993201911449432373046875">
        <ele>37.40000152587890625</ele>
        <time>2024-10-23T11:23:03.000Z</time>
        <extensions>
          <ns3:TrackPointExtension>
            <ns3:atemp>26.0</ns3:atemp>
            <ns3:hr>106</ns3:hr>
            <ns3:cad>87</ns3:cad>
          </ns3:TrackPointExtension>
        </extensions>
      </trkpt>
      <trkpt lat="31.986514627933502197265625" lon="118.77080040983855724334716796875">
        <ele>37.59999847412109375</ele>
        <time>2024-10-23T11:23:04.000Z</time>
        <extensions>
          <ns3:TrackPointExtension>
            <ns3:atemp>26.0</ns3:atemp>
            <ns3:hr>107</ns3:hr>
            <ns3:cad>87</ns3:cad>
          </ns3:TrackPointExtension>
        </extensions>
      </trkpt>
      <trkpt lat="31.98653164319694042205810546875" lon="118.77080124802887439727783203125">
        <ele>37.59999847412109375</ele>
        <time>2024-10-23T11:23:05.000Z</time>
        <extensions>
          <ns3:TrackPointExtension>
            <ns3:atemp>26.0</ns3:atemp>
            <ns3:hr>107</ns3:hr>
            <ns3:cad>87</ns3:cad>
          </ns3:TrackPointExtension>
        </extensions>
      </trkpt>
      <trkpt lat="31.98655293323099613189697265625" lon="118.7707976438105106353759765625">
        <ele>37.799999237060546875</ele>
        <time>2024-10-23T11:23:06.000Z</time>
        <extensions>
          <ns3:TrackPointExtension>
            <ns3:atemp>26.0</ns3:atemp>
            <ns3:hr>107</ns3:hr>
            <ns3:cad>86</ns3:cad>
          </ns3:TrackPointExtension>
        </extensions>
      </trkpt>
      <trkpt lat="31.98657237924635410308837890625" lon="118.77078934572637081146240234375">
        <ele>37.799999237060546875</ele>
        <time>2024-10-23T11:23:07.000Z</time>
        <extensions>
          <ns3:TrackPointExtension>
            <ns3:atemp>26.0</ns3:atemp>
            <ns3:hr>108</ns3:hr>
            <ns3:cad>86</ns3:cad>
          </ns3:TrackPointExtension>
        </extensions>
      </trkpt>
      <trkpt lat="31.9865929149091243743896484375" lon="118.770787082612514495849609375">
        <ele>38</ele>
        <time>2024-10-23T11:23:08.000Z</time>
        <extensions>
          <ns3:TrackPointExtension>
            <ns3:atemp>26.0</ns3:atemp>
            <ns3:hr>108</ns3:hr>
            <ns3:cad>86</ns3:cad>
          </ns3:TrackPointExtension>
        </extensions>
      </trkpt>
      <trkpt lat="31.98661864735186100006103515625" lon="118.77078498713672161102294921875">
        <ele>38.200000762939453125</ele>
        <time>2024-10-23T11:23:09.000Z</time>
        <extensions>
          <ns3:TrackPointExtension>
            <ns3:atemp>26.0</ns3:atemp>
            <ns3:hr>108</ns3:hr>
            <ns3:cad>87</ns3:cad>
          </ns3:TrackPointExtension>
        </extensions>
      </trkpt>
      <trkpt lat="31.98664764873683452606201171875" lon="118.77078146673738956451416015625">
        <ele>38.200000762939453125</ele>
        <time>2024-10-23T11:23:10.000Z</time>
        <extensions>
          <ns3:TrackPointExtension>
            <ns3:atemp>26.0</ns3:atemp>
            <ns3:hr>109</ns3:hr>
            <ns3:cad>87</ns3:cad>
          </ns3:TrackPointExtension>
        </extensions>
      </trkpt>
      <trkpt lat="31.9866727106273174285888671875" lon="118.770776689052581787109375">
        <ele>38.40000152587890625</ele>
        <time>2024-10-23T11:23:11.000Z</time>
        <extensions>
          <ns3:TrackPointExtension>
            <ns3:atemp>26.0</ns3:atemp>
            <ns3:hr>109</ns3:hr>
            <ns3:cad>87</ns3:cad>
          </ns3:TrackPointExtension>
        </extensions>
      </trkpt>
      <trkpt lat="31.98670305311679840087890625" lon="118.77077207900583744049072265625">
        <ele>38.59999847412109375</ele>
        <time>2024-10-23T11:23:12.000Z</time>
        <extensions>
          <ns3:TrackPointExtension>
            <ns3:atemp>26.0</ns3:atemp>
            <ns3:hr>110</ns3:hr>
            <ns3:cad>87</ns3:cad>
          </ns3:TrackPointExtension>
        </extensions>
      </trkpt>
      <trkpt lat="31.98673599399626255035400390625" lon="118.7707684747874736785888671875">
        <ele>38.799999237060546875</ele>
        <time>2024-10-23T11:23:13.000Z</time>
        <extensions>
          <ns3:TrackPointExtension>
            <ns3:atemp>26.0</ns3:atemp>
            <ns3:hr>110</ns3:hr>
            <ns3:cad>87</ns3:cad>
          </ns3:TrackPointExtension>
        </extensions>
      </trkpt>
      <trkpt lat="31.98675728403031826019287109375" lon="118.77075850032269954681396484375">
        <ele>39</ele>
        <time>2024-10-23T11:23:14.000Z</time>
        <extensions>
          <ns3:TrackPointExtension>
            <ns3:atemp>26.0</ns3:atemp>
            <ns3:hr>111</ns3:hr>
            <ns3:cad>87</ns3:cad>
          </ns3:TrackPointExtension>
        </extensions>
      </trkpt>
      <trkpt lat="31.98676851578056812286376953125" lon="118.770749866962432861328125">
        <ele>39</ele>
        <time>2024-10-23T11:23:15.000Z</time>
        <extensions>
          <ns3:TrackPointExtension>
            <ns3:atemp>26.0</ns3:atemp>
            <ns3:hr>111</ns3:hr>
            <ns3:cad>87</ns3:cad>
          </ns3:TrackPointExtension>
        </extensions>
      </trkpt>
      <trkpt lat="31.98678578250110149383544921875" lon="118.770739138126373291015625">
        <ele>39</ele>
        <time>2024-10-23T11:23:16.000Z</time>
        <extensions>
          <ns3:TrackPointExtension>
            <ns3:atemp>26.0</ns3:atemp>
            <ns3:hr>112</ns3:hr>
            <ns3:cad>86</ns3:cad>
          </ns3:TrackPointExtension>
        </extensions>
      </trkpt>
      <trkpt lat="31.98679693043231964111328125" lon="118.7707243859767913818359375">
        <ele>39.200000762939453125</ele>
        <time>2024-10-23T11:23:17.000Z</time>
        <extensions>
          <ns3:TrackPointExtension>
            <ns3:atemp>26.0</ns3:atemp>
            <ns3:hr>112</ns3:hr>
            <ns3:cad>86</ns3:cad>
          </ns3:TrackPointExtension>
        </extensions>
      </trkpt>
      <trkpt lat="31.98681411333382129669189453125" lon="118.77070167101919651031494140625">
        <ele>39.200000762939453125</ele>
        <time>2024-10-23T11:23:18.000Z</time>
        <extensions>
          <ns3:TrackPointExtension>
            <ns3:atemp>26.0</ns3:atemp>
            <ns3:hr>113</ns3:hr>
            <ns3:cad>85</ns3:cad>
          </ns3:TrackPointExtension>
        </extensions>
      </trkpt>
      <trkpt lat="31.9868245907127857208251953125" lon="118.7706813029944896697998046875">
        <ele>39.200000762939453125</ele>
        <time>2024-10-23T11:23:19.000Z</time>
        <extensions>
          <ns3:TrackPointExtension>
            <ns3:atemp>26.0</ns3:atemp>
            <ns3:hr>114</ns3:hr>
            <ns3:cad>85</ns3:cad>
          </ns3:TrackPointExtension>
        </extensions>
      </trkpt>
      <trkpt lat="31.98683154769241809844970703125" lon="118.77066328190267086029052734375">
        <ele>39.200000762939453125</ele>
        <time>2024-10-23T11:23:20.000Z</time>
        <extensions>
          <ns3:TrackPointExtension>
            <ns3:atemp>26.0</ns3:atemp>
            <ns3:hr>114</ns3:hr>
            <ns3:cad>86</ns3:cad>
          </ns3:TrackPointExtension>
        </extensions>
      </trkpt>
      <trkpt lat="31.98683825321495532989501953125" lon="118.7706385552883148193359375">
        <ele>39.200000762939453125</ele>
        <time>2024-10-23T11:23:21.000Z</time>
        <extensions>
          <ns3:TrackPointExtension>
            <ns3:atemp>26.0</ns3:atemp>
            <ns3:hr>115</ns3:hr>
            <ns3:cad>87</ns3:cad>
          </ns3:TrackPointExtension>
        </extensions>
      </trkpt>
      <trkpt lat="31.98684378527104854583740234375" lon="118.7706122361123561859130859375">
        <ele>39.40000152587890625</ele>
        <time>2024-10-23T11:23:22.000Z</time>
        <extensions>
          <ns3:TrackPointExtension>
            <ns3:atemp>26.0</ns3:atemp>
            <ns3:hr>116</ns3:hr>
            <ns3:cad>87</ns3:cad>
          </ns3:TrackPointExtension>
        </extensions>
      </trkpt>
      <trkpt lat="31.9868487305939197540283203125" lon="118.7705937959253787994384765625">
        <ele>39.40000152587890625</ele>
        <time>2024-10-23T11:23:23.000Z</time>
        <extensions>
          <ns3:TrackPointExtension>
            <ns3:atemp>26.0</ns3:atemp>
            <ns3:hr>117</ns3:hr>
            <ns3:cad>87</ns3:cad>
          </ns3:TrackPointExtension>
        </extensions>
      </trkpt>
      <trkpt lat="31.986847557127475738525390625" lon="118.7705629505217075347900390625">
        <ele>39.40000152587890625</ele>
        <time>2024-10-23T11:23:24.000Z</time>
        <extensions>
          <ns3:TrackPointExtension>
            <ns3:atemp>26.0</ns3:atemp>
            <ns3:hr>118</ns3:hr>
            <ns3:cad>88</ns3:cad>
          </ns3:TrackPointExtension>
        </extensions>
      </trkpt>
      <trkpt lat="31.98684864677488803863525390625" lon="118.770539648830890655517578125">
        <ele>39.40000152587890625</ele>
        <time>2024-10-23T11:23:25.000Z</time>
        <extensions>
          <ns3:TrackPointExtension>
            <ns3:atemp>26.0</ns3:atemp>
            <ns3:hr>119</ns3:hr>
            <ns3:cad>88</ns3:cad>
          </ns3:TrackPointExtension>
        </extensions>
      </trkpt>
      <trkpt lat="31.98684982024133205413818359375" lon="118.770508803427219390869140625">
        <ele>39.40000152587890625</ele>
        <time>2024-10-23T11:23:26.000Z</time>
        <extensions>
          <ns3:TrackPointExtension>
            <ns3:atemp>26.0</ns3:atemp>
            <ns3:hr>119</ns3:hr>
            <ns3:cad>89</ns3:cad>
          </ns3:TrackPointExtension>
        </extensions>
      </trkpt>
      <trkpt lat="31.98684998787939548492431640625" lon="118.7704801373183727264404296875">
        <ele>39.40000152587890625</ele>
        <time>2024-10-23T11:23:27.000Z</time>
        <extensions>
          <ns3:TrackPointExtension>
            <ns3:atemp>26.0</ns3:atemp>
            <ns3:hr>119</ns3:hr>
            <ns3:cad>89</ns3:cad>
          </ns3:TrackPointExtension>
        </extensions>
      </trkpt>
      <trkpt lat="31.98684998787939548492431640625" lon="118.7704454362392425537109375">
        <ele>39.40000152587890625</ele>
        <time>2024-10-23T11:23:28.000Z</time>
        <extensions>
          <ns3:TrackPointExtension>
            <ns3:atemp>26.0</ns3:atemp>
            <ns3:hr>119</ns3:hr>
            <ns3:cad>90</ns3:cad>
          </ns3:TrackPointExtension>
        </extensions>
      </trkpt>
      <trkpt lat="31.98684864677488803863525390625" lon="118.77041400410234928131103515625">
        <ele>39.40000152587890625</ele>
        <time>2024-10-23T11:23:29.000Z</time>
        <extensions>
          <ns3:TrackPointExtension>
            <ns3:atemp>26.0</ns3:atemp>
            <ns3:hr>119</ns3:hr>
            <ns3:cad>90</ns3:cad>
          </ns3:TrackPointExtension>
        </extensions>
      </trkpt>
      <trkpt lat="31.98684512637555599212646484375" lon="118.77038014121353626251220703125">
        <ele>39.40000152587890625</ele>
        <time>2024-10-23T11:23:30.000Z</time>
        <extensions>
          <ns3:TrackPointExtension>
            <ns3:atemp>26.0</ns3:atemp>
            <ns3:hr>119</ns3:hr>
            <ns3:cad>91</ns3:cad>
          </ns3:TrackPointExtension>
        </extensions>
      </trkpt>
      <trkpt lat="31.98684194125235080718994140625" lon="118.77035315148532390594482421875">
        <ele>39.40000152587890625</ele>
        <time>2024-10-23T11:23:31.000Z</time>
        <extensions>
          <ns3:TrackPointExtension>
            <ns3:atemp>26.0</ns3:atemp>
            <ns3:hr>119</ns3:hr>
            <ns3:cad>91</ns3:cad>
          </ns3:TrackPointExtension>
        </extensions>
      </trkpt>
      <trkpt lat="31.9868349842727184295654296875" lon="118.7703171931207180023193359375">
        <ele>39.40000152587890625</ele>
        <time>2024-10-23T11:23:32.000Z</time>
        <extensions>
          <ns3:TrackPointExtension>
            <ns3:atemp>26.0</ns3:atemp>
            <ns3:hr>120</ns3:hr>
            <ns3:cad>92</ns3:cad>
          </ns3:TrackPointExtension>
        </extensions>
      </trkpt>
      <trkpt lat="31.9868289493024349212646484375" lon="118.770284168422222137451171875">
        <ele>39.40000152587890625</ele>
        <time>2024-10-23T11:23:33.000Z</time>
        <extensions>
          <ns3:TrackPointExtension>
            <ns3:atemp>26.0</ns3:atemp>
            <ns3:hr>120</ns3:hr>
            <ns3:cad>92</ns3:cad>
          </ns3:TrackPointExtension>
        </extensions>
      </trkpt>
      <trkpt lat="31.98682651855051517486572265625" lon="118.7702498026192188262939453125">
        <ele>39.40000152587890625</ele>
        <time>2024-10-23T11:23:34.000Z</time>
        <extensions>
          <ns3:TrackPointExtension>
            <ns3:atemp>26.0</ns3:atemp>
            <ns3:hr>120</ns3:hr>
            <ns3:cad>92</ns3:cad>
          </ns3:TrackPointExtension>
        </extensions>
      </trkpt>
      <trkpt lat="31.9868338108062744140625" lon="118.7702236510813236236572265625">
        <ele>39.40000152587890625</ele>
        <time>2024-10-23T11:23:35.000Z</time>
        <extensions>
          <ns3:TrackPointExtension>
            <ns3:atemp>26.0</ns3:atemp>
            <ns3:hr>121</ns3:hr>
            <ns3:cad>92</ns3:cad>
          </ns3:TrackPointExtension>
        </extensions>
      </trkpt>
      <trkpt lat="31.9868473894894123077392578125" lon="118.77020479179918766021728515625">
        <ele>39.40000152587890625</ele>
        <time>2024-10-23T11:23:36.000Z</time>
        <extensions>
          <ns3:TrackPointExtension>
            <ns3:atemp>26.0</ns3:atemp>
            <ns3:hr>121</ns3:hr>
            <ns3:cad>92</ns3:cad>
          </ns3:TrackPointExtension>
        </extensions>
      </trkpt>
      <trkpt lat="31.9868681766092777252197265625" lon="118.77019037492573261260986328125">
        <ele>39.40000152587890625</ele>
        <time>2024-10-23T11:23:37.000Z</time>
        <extensions>
          <ns3:TrackPointExtension>
            <ns3:atemp>26.0</ns3:atemp>
            <ns3:hr>121</ns3:hr>
            <ns3:cad>92</ns3:cad>
          </ns3:TrackPointExtension>
        </extensions>
      </trkpt>
      <trkpt lat="31.9868923164904117584228515625" lon="118.7701787240803241729736328125">
        <ele>39.40000152587890625</ele>
        <time>2024-10-23T11:23:38.000Z</time>
        <extensions>
          <ns3:TrackPointExtension>
            <ns3:atemp>25.0</ns3:atemp>
            <ns3:hr>121</ns3:hr>
            <ns3:cad>92</ns3:cad>
          </ns3:TrackPointExtension>
        </extensions>
      </trkpt>
      <trkpt lat="31.9869102537631988525390625" lon="118.77017344348132610321044921875">
        <ele>39.59999847412109375</ele>
        <time>2024-10-23T11:23:39.000Z</time>
        <extensions>
          <ns3:TrackPointExtension>
            <ns3:atemp>25.0</ns3:atemp>
            <ns3:hr>121</ns3:hr>
            <ns3:cad>92</ns3:cad>
          </ns3:TrackPointExtension>
        </extensions>
      </trkpt>
      <trkpt lat="31.98693238198757171630859375" lon="118.7701703421771526336669921875">
        <ele>39.59999847412109375</ele>
        <time>2024-10-23T11:23:40.000Z</time>
        <extensions>
          <ns3:TrackPointExtension>
            <ns3:atemp>25.0</ns3:atemp>
            <ns3:hr>122</ns3:hr>
            <ns3:cad>90</ns3:cad>
          </ns3:TrackPointExtension>
        </extensions>
      </trkpt>
      <trkpt lat="31.9869587011635303497314453125" lon="118.7701663188636302947998046875">
        <ele>39.799999237060546875</ele>
        <time>2024-10-23T11:23:41.000Z</time>
        <extensions>
          <ns3:TrackPointExtension>
            <ns3:atemp>25.0</ns3:atemp>
            <ns3:hr>122</ns3:hr>
            <ns3:cad>90</ns3:cad>
          </ns3:TrackPointExtension>
        </extensions>
      </trkpt>
      <trkpt lat="31.98698342777788639068603515625" lon="118.770165145397186279296875">
        <ele>40</ele>
        <time>2024-10-23T11:23:42.000Z</time>
        <extensions>
          <ns3:TrackPointExtension>
            <ns3:atemp>25.0</ns3:atemp>
            <ns3:hr>123</ns3:hr>
            <ns3:cad>89</ns3:cad>
          </ns3:TrackPointExtension>
        </extensions>
      </trkpt>
      <trkpt lat="31.987012512981891632080078125" lon="118.77016581594944000244140625">
        <ele>40.200000762939453125</ele>
        <time>2024-10-23T11:23:43.000Z</time>
        <extensions>
          <ns3:TrackPointExtension>
            <ns3:atemp>25.0</ns3:atemp>
            <ns3:hr>124</ns3:hr>
            <ns3:cad>89</ns3:cad>
          </ns3:TrackPointExtension>
        </extensions>
      </trkpt>
      <trkpt lat="31.98704394511878490447998046875" lon="118.77016849815845489501953125">
        <ele>40.40000152587890625</ele>
        <time>2024-10-23T11:23:44.000Z</time>
        <extensions>
          <ns3:TrackPointExtension>
            <ns3:atemp>25.0</ns3:atemp>
            <ns3:hr>124</ns3:hr>
            <ns3:cad>89</ns3:cad>
          </ns3:TrackPointExtension>
        </extensions>
      </trkpt>
      <trkpt lat="31.98707814328372478485107421875" lon="118.770167492330074310302734375">
        <ele>40.40000152587890625</ele>
        <time>2024-10-23T11:23:45.000Z</time>
        <extensions>
          <ns3:TrackPointExtension>
            <ns3:atemp>25.0</ns3:atemp>
            <ns3:hr>125</ns3:hr>
            <ns3:cad>90</ns3:cad>
          </ns3:TrackPointExtension>
        </extensions>
      </trkpt>
      <trkpt lat="31.98709675110876560211181640625" lon="118.77016539685428142547607421875">
        <ele>40.59999847412109375</ele>
        <time>2024-10-23T11:23:46.000Z</time>
        <extensions>
          <ns3:TrackPointExtension>
            <ns3:atemp>25.0</ns3:atemp>
            <ns3:hr>129</ns3:hr>
            <ns3:cad>90</ns3:cad>
          </ns3:TrackPointExtension>
        </extensions>
      </trkpt>
      <trkpt lat="31.98712759651243686676025390625" lon="118.77016313374042510986328125">
        <ele>40.799999237060546875</ele>
        <time>2024-10-23T11:23:47.000Z</time>
        <extensions>
          <ns3:TrackPointExtension>
            <ns3:atemp>25.0</ns3:atemp>
            <ns3:hr>131</ns3:hr>
            <ns3:cad>90</ns3:cad>
          </ns3:TrackPointExtension>
        </extensions>
      </trkpt>
      <trkpt lat="31.9871501438319683074951171875" lon="118.7701633013784885406494140625">
        <ele>41</ele>
        <time>2024-10-23T11:23:48.000Z</time>
        <extensions>
          <ns3:TrackPointExtension>
            <ns3:atemp>25.0</ns3:atemp>
            <ns3:hr>131</ns3:hr>
            <ns3:cad>90</ns3:cad>
          </ns3:TrackPointExtension>
        </extensions>
      </trkpt>
      <trkpt lat="31.9871803186833858489990234375" lon="118.77016707323491573333740234375">
        <ele>41</ele>
        <time>2024-10-23T11:23:49.000Z</time>
        <extensions>
          <ns3:TrackPointExtension>
            <ns3:atemp>25.0</ns3:atemp>
            <ns3:hr>131</ns3:hr>
            <ns3:cad>90</ns3:cad>
          </ns3:TrackPointExtension>
        </extensions>
      </trkpt>
      <trkpt lat="31.987203620374202728271484375" lon="118.77017025835812091827392578125">
        <ele>41</ele>
        <time>2024-10-23T11:23:50.000Z</time>
        <extensions>
          <ns3:TrackPointExtension>
            <ns3:atemp>25.0</ns3:atemp>
            <ns3:hr>132</ns3:hr>
            <ns3:cad>90</ns3:cad>
          </ns3:TrackPointExtension>
        </extensions>
      </trkpt>
      <trkpt lat="31.987227089703083038330078125" lon="118.77017327584326267242431640625">
        <ele>41</ele>
        <time>2024-10-23T11:23:51.000Z</time>
        <extensions>
          <ns3:TrackPointExtension>
            <ns3:atemp>25.0</ns3:atemp>
            <ns3:hr>133</ns3:hr>
            <ns3:cad>90</ns3:cad>
          </ns3:TrackPointExtension>
        </extensions>
      </trkpt>
      <trkpt lat="31.9872524030506610870361328125" lon="118.7701760418713092803955078125">
        <ele>41</ele>
        <time>2024-10-23T11:23:52.000Z</time>
        <extensions>
          <ns3:TrackPointExtension>
            <ns3:atemp>25.0</ns3:atemp>
            <ns3:hr>133</ns3:hr>
            <ns3:cad>90</ns3:cad>
          </ns3:TrackPointExtension>
        </extensions>
      </trkpt>
      <trkpt lat="31.98728098534047603607177734375" lon="118.77017947845160961151123046875">
        <ele>41</ele>
        <time>2024-10-23T11:23:53.000Z</time>
        <extensions>
          <ns3:TrackPointExtension>
            <ns3:atemp>25.0</ns3:atemp>
            <ns3:hr>134</ns3:hr>
            <ns3:cad>90</ns3:cad>
          </ns3:TrackPointExtension>
        </extensions>
      </trkpt>
      <trkpt lat="31.98730378411710262298583984375" lon="118.7701787240803241729736328125">
        <ele>41</ele>
        <time>2024-10-23T11:23:54.000Z</time>
        <extensions>
          <ns3:TrackPointExtension>
            <ns3:atemp>25.0</ns3:atemp>
            <ns3:hr>134</ns3:hr>
            <ns3:cad>90</ns3:cad>
          </ns3:TrackPointExtension>
        </extensions>
      </trkpt>
      <trkpt lat="31.98733127675950527191162109375" lon="118.77017780207097530364990234375">
        <ele>41</ele>
        <time>2024-10-23T11:23:55.000Z</time>
        <extensions>
          <ns3:TrackPointExtension>
            <ns3:atemp>25.0</ns3:atemp>
            <ns3:hr>134</ns3:hr>
            <ns3:cad>91</ns3:cad>
          </ns3:TrackPointExtension>
        </extensions>
      </trkpt>
      <trkpt lat="31.98735575191676616668701171875" lon="118.77017864026129245758056640625">
        <ele>41</ele>
        <time>2024-10-23T11:23:56.000Z</time>
        <extensions>
          <ns3:TrackPointExtension>
            <ns3:atemp>25.0</ns3:atemp>
            <ns3:hr>135</ns3:hr>
            <ns3:cad>91</ns3:cad>
          </ns3:TrackPointExtension>
        </extensions>
      </trkpt>
      <trkpt lat="31.987384669482707977294921875" lon="118.77017654478549957275390625">
        <ele>41</ele>
        <time>2024-10-23T11:23:57.000Z</time>
        <extensions>
          <ns3:TrackPointExtension>
            <ns3:atemp>25.0</ns3:atemp>
            <ns3:hr>135</ns3:hr>
            <ns3:cad>92</ns3:cad>
          </ns3:TrackPointExtension>
        </extensions>
      </trkpt>
      <trkpt lat="31.98741191066801548004150390625" lon="118.77017595805227756500244140625">
        <ele>41</ele>
        <time>2024-10-23T11:23:58.000Z</time>
        <extensions>
          <ns3:TrackPointExtension>
            <ns3:atemp>25.0</ns3:atemp>
            <ns3:hr>136</ns3:hr>
            <ns3:cad>92</ns3:cad>
          </ns3:TrackPointExtension>
        </extensions>
      </trkpt>
      <trkpt lat="31.98744040913879871368408203125" lon="118.7701750360429286956787109375">
        <ele>41</ele>
        <time>2024-10-23T11:23:59.000Z</time>
        <extensions>
          <ns3:TrackPointExtension>
            <ns3:atemp>25.0</ns3:atemp>
            <ns3:hr>136</ns3:hr>
            <ns3:cad>92</ns3:cad>
          </ns3:TrackPointExtension>
        </extensions>
      </trkpt>
      <trkpt lat="31.9874653033912181854248046875" lon="118.77017143182456493377685546875">
        <ele>41</ele>
        <time>2024-10-23T11:24:00.000Z</time>
        <extensions>
          <ns3:TrackPointExtension>
            <ns3:atemp>25.0</ns3:atemp>
            <ns3:hr>136</ns3:hr>
            <ns3:cad>90</ns3:cad>
          </ns3:TrackPointExtension>
        </extensions>
      </trkpt>
      <trkpt lat="31.98749556206166744232177734375" lon="118.7701716832816600799560546875">
        <ele>41</ele>
        <time>2024-10-23T11:24:01.000Z</time>
        <extensions>
          <ns3:TrackPointExtension>
            <ns3:atemp>25.0</ns3:atemp>
            <ns3:hr>137</ns3:hr>
            <ns3:cad>90</ns3:cad>
          </ns3:TrackPointExtension>
        </extensions>
      </trkpt>
      <trkpt lat="31.98752255178987979888916015625" lon="118.77017042599618434906005859375">
        <ele>41</ele>
        <time>2024-10-23T11:24:02.000Z</time>
        <extensions>
          <ns3:TrackPointExtension>
            <ns3:atemp>25.0</ns3:atemp>
            <ns3:hr>138</ns3:hr>
            <ns3:cad>90</ns3:cad>
          </ns3:TrackPointExtension>
        </extensions>
      </trkpt>
      <trkpt lat="31.98755322955548763275146484375" lon="118.77017260529100894927978515625">
        <ele>41</ele>
        <time>2024-10-23T11:24:03.000Z</time>
        <extensions>
          <ns3:TrackPointExtension>
            <ns3:atemp>25.0</ns3:atemp>
            <ns3:hr>138</ns3:hr>
            <ns3:cad>90</ns3:cad>
          </ns3:TrackPointExtension>
        </extensions>
      </trkpt>
      <trkpt lat="31.98757745325565338134765625" lon="118.77017210237681865692138671875">
        <ele>41</ele>
        <time>2024-10-23T11:24:04.000Z</time>
        <extensions>
          <ns3:TrackPointExtension>
            <ns3:atemp>25.0</ns3:atemp>
            <ns3:hr>139</ns3:hr>
            <ns3:cad>90</ns3:cad>
          </ns3:TrackPointExtension>
        </extensions>
      </trkpt>
      <trkpt lat="31.98761039413511753082275390625" lon="118.7701733596622943878173828125">
        <ele>41</ele>
        <time>2024-10-23T11:24:05.000Z</time>
        <extensions>
          <ns3:TrackPointExtension>
            <ns3:atemp>25.0</ns3:atemp>
            <ns3:hr>140</ns3:hr>
            <ns3:cad>90</ns3:cad>
          </ns3:TrackPointExtension>
        </extensions>
      </trkpt>
      <trkpt lat="31.9876366294920444488525390625" lon="118.770170845091342926025390625">
        <ele>41</ele>
        <time>2024-10-23T11:24:06.000Z</time>
        <extensions>
          <ns3:TrackPointExtension>
            <ns3:atemp>25.0</ns3:atemp>
            <ns3:hr>140</ns3:hr>
            <ns3:cad>90</ns3:cad>
          </ns3:TrackPointExtension>
        </extensions>
      </trkpt>
      <trkpt lat="31.987664289772510528564453125" lon="118.77016807906329631805419921875">
        <ele>41</ele>
        <time>2024-10-23T11:24:07.000Z</time>
        <extensions>
          <ns3:TrackPointExtension>
            <ns3:atemp>25.0</ns3:atemp>
            <ns3:hr>140</ns3:hr>
            <ns3:cad>90</ns3:cad>
          </ns3:TrackPointExtension>
        </extensions>
      </trkpt>
      <trkpt lat="31.98769035749137401580810546875" lon="118.77016455866396427154541015625">
        <ele>41</ele>
        <time>2024-10-23T11:24:08.000Z</time>
        <extensions>
          <ns3:TrackPointExtension>
            <ns3:atemp>25.0</ns3:atemp>
            <ns3:hr>141</ns3:hr>
            <ns3:cad>90</ns3:cad>
          </ns3:TrackPointExtension>
        </extensions>
      </trkpt>
      <trkpt lat="31.9877194426953792572021484375" lon="118.770162798464298248291015625">
        <ele>41</ele>
        <time>2024-10-23T11:24:09.000Z</time>
        <extensions>
          <ns3:TrackPointExtension>
            <ns3:atemp>25.0</ns3:atemp>
            <ns3:hr>141</ns3:hr>
            <ns3:cad>90</ns3:cad>
          </ns3:TrackPointExtension>
        </extensions>
      </trkpt>
      <trkpt lat="31.987747438251972198486328125" lon="118.7701589427888393402099609375">
        <ele>41</ele>
        <time>2024-10-23T11:24:10.000Z</time>
        <extensions>
          <ns3:TrackPointExtension>
            <ns3:atemp>25.0</ns3:atemp>
            <ns3:hr>142</ns3:hr>
            <ns3:cad>90</ns3:cad>
          </ns3:TrackPointExtension>
        </extensions>
      </trkpt>
      <trkpt lat="31.98778121732175350189208984375" lon="118.77015366218984127044677734375">
        <ele>41</ele>
        <time>2024-10-23T11:24:11.000Z</time>
        <extensions>
          <ns3:TrackPointExtension>
            <ns3:atemp>25.0</ns3:atemp>
            <ns3:hr>143</ns3:hr>
            <ns3:cad>90</ns3:cad>
          </ns3:TrackPointExtension>
        </extensions>
      </trkpt>
      <trkpt lat="31.98780384846031665802001953125" lon="118.77014779485762119293212890625">
        <ele>41</ele>
        <time>2024-10-23T11:24:12.000Z</time>
        <extensions>
          <ns3:TrackPointExtension>
            <ns3:atemp>25.0</ns3:atemp>
            <ns3:hr>144</ns3:hr>
            <ns3:cad>90</ns3:cad>
          </ns3:TrackPointExtension>
        </extensions>
      </trkpt>
      <trkpt lat="31.9878334365785121917724609375" lon="118.77013907767832279205322265625">
        <ele>41</ele>
        <time>2024-10-23T11:24:13.000Z</time>
        <extensions>
          <ns3:TrackPointExtension>
            <ns3:atemp>25.0</ns3:atemp>
            <ns3:hr>144</ns3:hr>
            <ns3:cad>90</ns3:cad>
          </ns3:TrackPointExtension>
        </extensions>
      </trkpt>
      <trkpt lat="31.987857408821582794189453125" lon="118.77013086341321468353271484375">
        <ele>41.200000762939453125</ele>
        <time>2024-10-23T11:24:14.000Z</time>
        <extensions>
          <ns3:TrackPointExtension>
            <ns3:atemp>25.0</ns3:atemp>
            <ns3:hr>145</ns3:hr>
            <ns3:cad>90</ns3:cad>
          </ns3:TrackPointExtension>
        </extensions>
      </trkpt>
      <trkpt lat="31.98788180015981197357177734375" lon="118.77012231387197971343994140625">
        <ele>41.200000762939453125</ele>
        <time>2024-10-23T11:24:15.000Z</time>
        <extensions>
          <ns3:TrackPointExtension>
            <ns3:atemp>25.0</ns3:atemp>
            <ns3:hr>145</ns3:hr>
            <ns3:cad>90</ns3:cad>
          </ns3:TrackPointExtension>
        </extensions>
      </trkpt>
      <trkpt lat="31.98790493421256542205810546875" lon="118.77011326141655445098876953125">
        <ele>41.40000152587890625</ele>
        <time>2024-10-23T11:24:16.000Z</time>
        <extensions>
          <ns3:TrackPointExtension>
            <ns3:atemp>25.0</ns3:atemp>
            <ns3:hr>145</ns3:hr>
            <ns3:cad>90</ns3:cad>
          </ns3:TrackPointExtension>
        </extensions>
      </trkpt>
      <trkpt lat="31.9879333488643169403076171875" lon="118.7701074779033660888671875">
        <ele>41.40000152587890625</ele>
        <time>2024-10-23T11:24:17.000Z</time>
        <extensions>
          <ns3:TrackPointExtension>
            <ns3:atemp>25.0</ns3:atemp>
            <ns3:hr>145</ns3:hr>
            <ns3:cad>90</ns3:cad>
          </ns3:TrackPointExtension>
        </extensions>
      </trkpt>
      <trkpt lat="31.987955980002880096435546875" lon="118.77009867690503597259521484375">
        <ele>41.59999847412109375</ele>
        <time>2024-10-23T11:24:18.000Z</time>
        <extensions>
          <ns3:TrackPointExtension>
            <ns3:atemp>25.0</ns3:atemp>
            <ns3:hr>146</ns3:hr>
            <ns3:cad>90</ns3:cad>
          </ns3:TrackPointExtension>
        </extensions>
      </trkpt>
      <trkpt lat="31.98798053897917270660400390625" lon="118.77008878625929355621337890625">
        <ele>41.59999847412109375</ele>
        <time>2024-10-23T11:24:19.000Z</time>
        <extensions>
          <ns3:TrackPointExtension>
            <ns3:atemp>25.0</ns3:atemp>
            <ns3:hr>146</ns3:hr>
            <ns3:cad>89</ns3:cad>
          </ns3:TrackPointExtension>
        </extensions>
      </trkpt>
      <trkpt lat="31.9880014099180698394775390625" lon="118.77007923088967800140380859375">
        <ele>42</ele>
        <time>2024-10-23T11:24:20.000Z</time>
        <extensions>
          <ns3:TrackPointExtension>
            <ns3:atemp>25.0</ns3:atemp>
            <ns3:hr>146</ns3:hr>
            <ns3:cad>89</ns3:cad>
          </ns3:TrackPointExtension>
        </extensions>
      </trkpt>
      <trkpt lat="31.98801607824862003326416015625" lon="118.7700576893985271453857421875">
        <ele>42</ele>
        <time>2024-10-23T11:24:21.000Z</time>
        <extensions>
          <ns3:TrackPointExtension>
            <ns3:atemp>25.0</ns3:atemp>
            <ns3:hr>146</ns3:hr>
            <ns3:cad>89</ns3:cad>
          </ns3:TrackPointExtension>
        </extensions>
      </trkpt>
      <trkpt lat="31.9880268909037113189697265625" lon="118.77004637382924556732177734375">
        <ele>42</ele>
        <time>2024-10-23T11:24:22.000Z</time>
        <extensions>
          <ns3:TrackPointExtension>
            <ns3:atemp>25.0</ns3:atemp>
            <ns3:hr>146</ns3:hr>
            <ns3:cad>88</ns3:cad>
          </ns3:TrackPointExtension>
        </extensions>
      </trkpt>
      <trkpt lat="31.98803619481623172760009765625" lon="118.7700270116329193115234375">
        <ele>42</ele>
        <time>2024-10-23T11:24:23.000Z</time>
        <extensions>
          <ns3:TrackPointExtension>
            <ns3:atemp>25.0</ns3:atemp>
            <ns3:hr>146</ns3:hr>
            <ns3:cad>88</ns3:cad>
          </ns3:TrackPointExtension>
        </extensions>
      </trkpt>
      <trkpt lat="31.988038457930088043212890625" lon="118.770014606416225433349609375">
        <ele>42</ele>
        <time>2024-10-23T11:24:24.000Z</time>
        <extensions>
          <ns3:TrackPointExtension>
            <ns3:atemp>25.0</ns3:atemp>
            <ns3:hr>147</ns3:hr>
            <ns3:cad>88</ns3:cad>
          </ns3:TrackPointExtension>
        </extensions>
      </trkpt>
      <trkpt lat="31.988041810691356658935546875" lon="118.77000354230403900146484375">
        <ele>42.200000762939453125</ele>
        <time>2024-10-23T11:24:25.000Z</time>
        <extensions>
          <ns3:TrackPointExtension>
            <ns3:atemp>25.0</ns3:atemp>
            <ns3:hr>147</ns3:hr>
            <ns3:cad>88</ns3:cad>
          </ns3:TrackPointExtension>
        </extensions>
      </trkpt>
      <trkpt lat="31.98803703300654888153076171875" lon="118.76999557949602603912353515625">
        <ele>42.200000762939453125</ele>
        <time>2024-10-23T11:24:26.000Z</time>
        <extensions>
          <ns3:TrackPointExtension>
            <ns3:atemp>25.0</ns3:atemp>
            <ns3:hr>147</ns3:hr>
            <ns3:cad>88</ns3:cad>
          </ns3:TrackPointExtension>
        </extensions>
      </trkpt>
      <trkpt lat="31.9880346022546291351318359375" lon="118.769986443221569061279296875">
        <ele>42.200000762939453125</ele>
        <time>2024-10-23T11:24:27.000Z</time>
        <extensions>
          <ns3:TrackPointExtension>
            <ns3:atemp>25.0</ns3:atemp>
            <ns3:hr>147</ns3:hr>
            <ns3:cad>88</ns3:cad>
          </ns3:TrackPointExtension>
        </extensions>
      </trkpt>
      <trkpt lat="31.98802647180855274200439453125" lon="118.76999289728701114654541015625">
        <ele>42.200000762939453125</ele>
        <time>2024-10-23T11:24:28.000Z</time>
        <extensions>
          <ns3:TrackPointExtension>
            <ns3:atemp>25.0</ns3:atemp>
            <ns3:hr>147</ns3:hr>
            <ns3:cad>87</ns3:cad>
          </ns3:TrackPointExtension>
        </extensions>
      </trkpt>
      <trkpt lat="31.988023035228252410888671875" lon="118.7699859403073787689208984375">
        <ele>42.200000762939453125</ele>
        <time>2024-10-23T11:24:29.000Z</time>
        <extensions>
          <ns3:TrackPointExtension>
            <ns3:atemp>25.0</ns3:atemp>
            <ns3:hr>147</ns3:hr>
            <ns3:cad>87</ns3:cad>
          </ns3:TrackPointExtension>
        </extensions>
      </trkpt>
      <trkpt lat="31.9880215264856815338134765625" lon="118.769961297512054443359375">
        <ele>42.200000762939453125</ele>
        <time>2024-10-23T11:24:30.000Z</time>
        <extensions>
          <ns3:TrackPointExtension>
            <ns3:atemp>25.0</ns3:atemp>
            <ns3:hr>147</ns3:hr>
            <ns3:cad>86</ns3:cad>
          </ns3:TrackPointExtension>
        </extensions>
      </trkpt>
      <trkpt lat="31.98801624588668346405029296875" lon="118.7699319608509540557861328125">
        <ele>42.200000762939453125</ele>
        <time>2024-10-23T11:24:31.000Z</time>
        <extensions>
          <ns3:TrackPointExtension>
            <ns3:atemp>25.0</ns3:atemp>
            <ns3:hr>147</ns3:hr>
            <ns3:cad>85</ns3:cad>
          </ns3:TrackPointExtension>
        </extensions>
      </trkpt>
      <trkpt lat="31.98801121674478054046630859375" lon="118.76990354619920253753662109375">
        <ele>42.200000762939453125</ele>
        <time>2024-10-23T11:24:32.000Z</time>
        <extensions>
          <ns3:TrackPointExtension>
            <ns3:atemp>25.0</ns3:atemp>
            <ns3:hr>147</ns3:hr>
            <ns3:cad>85</ns3:cad>
          </ns3:TrackPointExtension>
        </extensions>
      </trkpt>
      <trkpt lat="31.9880044274032115936279296875" lon="118.76987756229937076568603515625">
        <ele>42.200000762939453125</ele>
        <time>2024-10-23T11:24:33.000Z</time>
        <extensions>
          <ns3:TrackPointExtension>
            <ns3:atemp>25.0</ns3:atemp>
            <ns3:hr>147</ns3:hr>
            <ns3:cad>87</ns3:cad>
          </ns3:TrackPointExtension>
        </extensions>
      </trkpt>
      <trkpt lat="31.9879980571568012237548828125" lon="118.769843280315399169921875">
        <ele>42.200000762939453125</ele>
        <time>2024-10-23T11:24:34.000Z</time>
        <extensions>
          <ns3:TrackPointExtension>
            <ns3:atemp>25.0</ns3:atemp>
            <ns3:hr>147</ns3:hr>
            <ns3:cad>87</ns3:cad>
          </ns3:TrackPointExtension>
        </extensions>
      </trkpt>
      <trkpt lat="31.98799596168100833892822265625" lon="118.76980765722692012786865234375">
        <ele>42</ele>
        <time>2024-10-23T11:24:35.000Z</time>
        <extensions>
          <ns3:TrackPointExtension>
            <ns3:atemp>25.0</ns3:atemp>
            <ns3:hr>147</ns3:hr>
            <ns3:cad>87</ns3:cad>
          </ns3:TrackPointExtension>
        </extensions>
      </trkpt>
      <trkpt lat="31.98799730278551578521728515625" lon="118.76977178268134593963623046875">
        <ele>42</ele>
        <time>2024-10-23T11:24:36.000Z</time>
        <extensions>
          <ns3:TrackPointExtension>
            <ns3:atemp>25.0</ns3:atemp>
            <ns3:hr>147</ns3:hr>
            <ns3:cad>88</ns3:cad>
          </ns3:TrackPointExtension>
        </extensions>
      </trkpt>
      <trkpt lat="31.98800082318484783172607421875" lon="118.76973959617316722869873046875">
        <ele>42</ele>
        <time>2024-10-23T11:24:37.000Z</time>
        <extensions>
          <ns3:TrackPointExtension>
            <ns3:atemp>25.0</ns3:atemp>
            <ns3:hr>147</ns3:hr>
            <ns3:cad>88</ns3:cad>
          </ns3:TrackPointExtension>
        </extensions>
      </trkpt>
      <trkpt lat="31.988008953630924224853515625" lon="118.7697053141891956329345703125">
        <ele>42</ele>
        <time>2024-10-23T11:24:38.000Z</time>
        <extensions>
          <ns3:TrackPointExtension>
            <ns3:atemp>25.0</ns3:atemp>
            <ns3:hr>147</ns3:hr>
            <ns3:cad>88</ns3:cad>
          </ns3:TrackPointExtension>
        </extensions>
      </trkpt>
      <trkpt lat="31.98801792226731777191162109375" lon="118.76967723481357097625732421875">
        <ele>42</ele>
        <time>2024-10-23T11:24:39.000Z</time>
        <extensions>
          <ns3:TrackPointExtension>
            <ns3:atemp>25.0</ns3:atemp>
            <ns3:hr>147</ns3:hr>
            <ns3:cad>88</ns3:cad>
          </ns3:TrackPointExtension>
        </extensions>
      </trkpt>
      <trkpt lat="31.98803200386464595794677734375" lon="118.769647143781185150146484375">
        <ele>41.799999237060546875</ele>
        <time>2024-10-23T11:24:40.000Z</time>
        <extensions>
          <ns3:TrackPointExtension>
            <ns3:atemp>25.0</ns3:atemp>
            <ns3:hr>147</ns3:hr>
            <ns3:cad>88</ns3:cad>
          </ns3:TrackPointExtension>
        </extensions>
      </trkpt>
      <trkpt lat="31.98804683983325958251953125" lon="118.76963029615581035614013671875">
        <ele>41.59999847412109375</ele>
        <time>2024-10-23T11:24:41.000Z</time>
        <extensions>
          <ns3:TrackPointExtension>
            <ns3:atemp>25.0</ns3:atemp>
            <ns3:hr>147</ns3:hr>
            <ns3:cad>88</ns3:cad>
          </ns3:TrackPointExtension>
        </extensions>
      </trkpt>
      <trkpt lat="31.9880708120763301849365234375" lon="118.76960833556950092315673828125">
        <ele>41.59999847412109375</ele>
        <time>2024-10-23T11:24:42.000Z</time>
        <extensions>
          <ns3:TrackPointExtension>
            <ns3:atemp>25.0</ns3:atemp>
            <ns3:hr>147</ns3:hr>
            <ns3:cad>88</ns3:cad>
          </ns3:TrackPointExtension>
        </extensions>
      </trkpt>
      <trkpt lat="31.98809780180454254150390625" lon="118.7695980258285999298095703125">
        <ele>41.59999847412109375</ele>
        <time>2024-10-23T11:24:43.000Z</time>
        <extensions>
          <ns3:TrackPointExtension>
            <ns3:atemp>25.0</ns3:atemp>
            <ns3:hr>147</ns3:hr>
            <ns3:cad>88</ns3:cad>
          </ns3:TrackPointExtension>
        </extensions>
      </trkpt>
      <trkpt lat="31.98812940157949924468994140625" lon="118.7695990316569805145263671875">
        <ele>41.59999847412109375</ele>
        <time>2024-10-23T11:24:44.000Z</time>
        <extensions>
          <ns3:TrackPointExtension>
            <ns3:atemp>25.0</ns3:atemp>
            <ns3:hr>147</ns3:hr>
            <ns3:cad>87</ns3:cad>
          </ns3:TrackPointExtension>
        </extensions>
      </trkpt>
      <trkpt lat="31.9881553016602993011474609375" lon="118.7696023844182491302490234375">
        <ele>41.59999847412109375</ele>
        <time>2024-10-23T11:24:45.000Z</time>
        <extensions>
          <ns3:TrackPointExtension>
            <ns3:atemp>25.0</ns3:atemp>
            <ns3:hr>146</ns3:hr>
            <ns3:cad>87</ns3:cad>
          </ns3:TrackPointExtension>
        </extensions>
      </trkpt>
      <trkpt lat="31.9881854765117168426513671875" lon="118.7696050666272640228271484375">
        <ele>41.59999847412109375</ele>
        <time>2024-10-23T11:24:46.000Z</time>
        <extensions>
          <ns3:TrackPointExtension>
            <ns3:atemp>25.0</ns3:atemp>
            <ns3:hr>146</ns3:hr>
            <ns3:cad>88</ns3:cad>
          </ns3:TrackPointExtension>
        </extensions>
      </trkpt>
      <trkpt lat="31.98820869438350200653076171875" lon="118.76960523426532745361328125">
        <ele>41.799999237060546875</ele>
        <time>2024-10-23T11:24:47.000Z</time>
        <extensions>
          <ns3:TrackPointExtension>
            <ns3:atemp>25.0</ns3:atemp>
            <ns3:hr>146</ns3:hr>
            <ns3:cad>88</ns3:cad>
          </ns3:TrackPointExtension>
        </extensions>
      </trkpt>
      <trkpt lat="31.98823920451104640960693359375" lon="118.7695960141718387603759765625">
        <ele>41.799999237060546875</ele>
        <time>2024-10-23T11:24:48.000Z</time>
        <extensions>
          <ns3:TrackPointExtension>
            <ns3:atemp>25.0</ns3:atemp>
            <ns3:hr>146</ns3:hr>
            <ns3:cad>88</ns3:cad>
          </ns3:TrackPointExtension>
        </extensions>
      </trkpt>
      <trkpt lat="31.98826485313475131988525390625" lon="118.7695896439254283905029296875">
        <ele>41.799999237060546875</ele>
        <time>2024-10-23T11:24:49.000Z</time>
        <extensions>
          <ns3:TrackPointExtension>
            <ns3:atemp>25.0</ns3:atemp>
            <ns3:hr>146</ns3:hr>
            <ns3:cad>88</ns3:cad>
          </ns3:TrackPointExtension>
        </extensions>
      </trkpt>
      <trkpt lat="31.98829385451972484588623046875" lon="118.76958511769771575927734375">
        <ele>41.799999237060546875</ele>
        <time>2024-10-23T11:24:50.000Z</time>
        <extensions>
          <ns3:TrackPointExtension>
            <ns3:atemp>24.0</ns3:atemp>
            <ns3:hr>146</ns3:hr>
            <ns3:cad>88</ns3:cad>
          </ns3:TrackPointExtension>
        </extensions>
      </trkpt>
      <trkpt lat="31.988317072391510009765625" lon="118.76958285458385944366455078125">
        <ele>41.799999237060546875</ele>
        <time>2024-10-23T11:24:51.000Z</time>
        <extensions>
          <ns3:TrackPointExtension>
            <ns3:atemp>24.0</ns3:atemp>
            <ns3:hr>146</ns3:hr>
            <ns3:cad>88</ns3:cad>
          </ns3:TrackPointExtension>
        </extensions>
      </trkpt>
      <trkpt lat="31.9883345067501068115234375" lon="118.769579418003559112548828125">
        <ele>41.799999237060546875</ele>
        <time>2024-10-23T11:24:52.000Z</time>
        <extensions>
          <ns3:TrackPointExtension>
            <ns3:atemp>24.0</ns3:atemp>
            <ns3:hr>146</ns3:hr>
            <ns3:cad>88</ns3:cad>
          </ns3:TrackPointExtension>
        </extensions>
      </trkpt>
      <trkpt lat="31.98835722170770168304443359375" lon="118.769578747451305389404296875">
        <ele>41.799999237060546875</ele>
        <time>2024-10-23T11:24:53.000Z</time>
        <extensions>
          <ns3:TrackPointExtension>
            <ns3:atemp>24.0</ns3:atemp>
            <ns3:hr>146</ns3:hr>
            <ns3:cad>87</ns3:cad>
          </ns3:TrackPointExtension>
        </extensions>
      </trkpt>
      <trkpt lat="31.98837901465594768524169921875" lon="118.76957648433744907379150390625">
        <ele>42</ele>
        <time>2024-10-23T11:24:54.000Z</time>
        <extensions>
          <ns3:TrackPointExtension>
            <ns3:atemp>24.0</ns3:atemp>
            <ns3:hr>146</ns3:hr>
            <ns3:cad>87</ns3:cad>
          </ns3:TrackPointExtension>
        </extensions>
      </trkpt>
      <trkpt lat="31.9884042441844940185546875" lon="118.7695782445371150970458984375">
        <ele>42</ele>
        <time>2024-10-23T11:24:55.000Z</time>
        <extensions>
          <ns3:TrackPointExtension>
            <ns3:atemp>24.0</ns3:atemp>
            <ns3:hr>146</ns3:hr>
            <ns3:cad>87</ns3:cad>
          </ns3:TrackPointExtension>
        </extensions>
      </trkpt>
      <trkpt lat="31.98842846788465976715087890625" lon="118.76958101056516170501708984375">
        <ele>42.200000762939453125</ele>
        <time>2024-10-23T11:24:56.000Z</time>
        <extensions>
          <ns3:TrackPointExtension>
            <ns3:atemp>24.0</ns3:atemp>
            <ns3:hr>146</ns3:hr>
            <ns3:cad>86</ns3:cad>
          </ns3:TrackPointExtension>
        </extensions>
      </trkpt>
      <trkpt lat="31.988456547260284423828125" lon="118.76958419568836688995361328125">
        <ele>42.200000762939453125</ele>
        <time>2024-10-23T11:24:57.000Z</time>
        <extensions>
          <ns3:TrackPointExtension>
            <ns3:atemp>24.0</ns3:atemp>
            <ns3:hr>146</ns3:hr>
            <ns3:cad>86</ns3:cad>
          </ns3:TrackPointExtension>
        </extensions>
      </trkpt>
      <trkpt lat="31.9884805195033550262451171875" lon="118.76959190703928470611572265625">
        <ele>42.40000152587890625</ele>
        <time>2024-10-23T11:24:58.000Z</time>
        <extensions>
          <ns3:TrackPointExtension>
            <ns3:atemp>24.0</ns3:atemp>
            <ns3:hr>146</ns3:hr>
            <ns3:cad>87</ns3:cad>
          </ns3:TrackPointExtension>
        </extensions>
      </trkpt>
      <trkpt lat="31.988506503403186798095703125" lon="118.76959961839020252227783203125">
        <ele>42.40000152587890625</ele>
        <time>2024-10-23T11:24:59.000Z</time>
        <extensions>
          <ns3:TrackPointExtension>
            <ns3:atemp>24.0</ns3:atemp>
            <ns3:hr>146</ns3:hr>
            <ns3:cad>87</ns3:cad>
          </ns3:TrackPointExtension>
        </extensions>
      </trkpt>
      <trkpt lat="31.988536678254604339599609375" lon="118.7696087546646595001220703125">
        <ele>42.40000152587890625</ele>
        <time>2024-10-23T11:25:00.000Z</time>
        <extensions>
          <ns3:TrackPointExtension>
            <ns3:atemp>24.0</ns3:atemp>
            <ns3:hr>146</ns3:hr>
            <ns3:cad>87</ns3:cad>
          </ns3:TrackPointExtension>
        </extensions>
      </trkpt>
      <trkpt lat="31.98856291361153125762939453125" lon="118.7696181423962116241455078125">
        <ele>42.40000152587890625</ele>
        <time>2024-10-23T11:25:01.000Z</time>
        <extensions>
          <ns3:TrackPointExtension>
            <ns3:atemp>24.0</ns3:atemp>
            <ns3:hr>146</ns3:hr>
            <ns3:cad>87</ns3:cad>
          </ns3:TrackPointExtension>
        </extensions>
      </trkpt>
      <trkpt lat="31.9885921664535999298095703125" lon="118.7696302123367786407470703125">
        <ele>42.59999847412109375</ele>
        <time>2024-10-23T11:25:02.000Z</time>
        <extensions>
          <ns3:TrackPointExtension>
            <ns3:atemp>24.0</ns3:atemp>
            <ns3:hr>146</ns3:hr>
            <ns3:cad>88</ns3:cad>
          </ns3:TrackPointExtension>
        </extensions>
      </trkpt>
      <trkpt lat="31.98861940763890743255615234375" lon="118.7696389295160770416259765625">
        <ele>42.59999847412109375</ele>
        <time>2024-10-23T11:25:03.000Z</time>
        <extensions>
          <ns3:TrackPointExtension>
            <ns3:atemp>24.0</ns3:atemp>
            <ns3:hr>146</ns3:hr>
            <ns3:cad>88</ns3:cad>
          </ns3:TrackPointExtension>
        </extensions>
      </trkpt>
      <trkpt lat="31.9886434637010097503662109375" lon="118.76964840106666088104248046875">
        <ele>42.59999847412109375</ele>
        <time>2024-10-23T11:25:04.000Z</time>
        <extensions>
          <ns3:TrackPointExtension>
            <ns3:atemp>24.0</ns3:atemp>
            <ns3:hr>146</ns3:hr>
            <ns3:cad>88</ns3:cad>
          </ns3:TrackPointExtension>
        </extensions>
      </trkpt>
      <trkpt lat="31.9886645860970020294189453125" lon="118.769654519855976104736328125">
        <ele>42.59999847412109375</ele>
        <time>2024-10-23T11:25:05.000Z</time>
        <extensions>
          <ns3:TrackPointExtension>
            <ns3:atemp>24.0</ns3:atemp>
            <ns3:hr>146</ns3:hr>
            <ns3:cad>88</ns3:cad>
          </ns3:TrackPointExtension>
        </extensions>
      </trkpt>
      <trkpt lat="31.9886890612542629241943359375" lon="118.769663907587528228759765625">
        <ele>42.799999237060546875</ele>
        <time>2024-10-23T11:25:06.000Z</time>
        <extensions>
          <ns3:TrackPointExtension>
            <ns3:atemp>24.0</ns3:atemp>
            <ns3:hr>147</ns3:hr>
            <ns3:cad>88</ns3:cad>
          </ns3:TrackPointExtension>
        </extensions>
      </trkpt>
      <trkpt lat="31.9887121953070163726806640625" lon="118.7696737982332706451416015625">
        <ele>42.799999237060546875</ele>
        <time>2024-10-23T11:25:07.000Z</time>
        <extensions>
          <ns3:TrackPointExtension>
            <ns3:atemp>24.0</ns3:atemp>
            <ns3:hr>147</ns3:hr>
            <ns3:cad>88</ns3:cad>
          </ns3:TrackPointExtension>
        </extensions>
      </trkpt>
      <trkpt lat="31.98872854001820087432861328125" lon="118.7696841917932033538818359375">
        <ele>42.799999237060546875</ele>
        <time>2024-10-23T11:25:08.000Z</time>
        <extensions>
          <ns3:TrackPointExtension>
            <ns3:atemp>24.0</ns3:atemp>
            <ns3:hr>147</ns3:hr>
            <ns3:cad>88</ns3:cad>
          </ns3:TrackPointExtension>
        </extensions>
      </trkpt>
      <trkpt lat="31.9887416996061801910400390625" lon="118.769693411886692047119140625">
        <ele>43</ele>
        <time>2024-10-23T11:25:09.000Z</time>
        <extensions>
          <ns3:TrackPointExtension>
            <ns3:atemp>24.0</ns3:atemp>
            <ns3:hr>147</ns3:hr>
            <ns3:cad>89</ns3:cad>
          </ns3:TrackPointExtension>
        </extensions>
      </trkpt>
      <trkpt lat="31.98875469155609607696533203125" lon="118.7697078287601470947265625">
        <ele>43</ele>
        <time>2024-10-23T11:25:10.000Z</time>
        <extensions>
          <ns3:TrackPointExtension>
            <ns3:atemp>24.0</ns3:atemp>
            <ns3:hr>148</ns3:hr>
            <ns3:cad>89</ns3:cad>
          </ns3:TrackPointExtension>
        </extensions>
      </trkpt>
      <trkpt lat="31.9887663424015045166015625" lon="118.7697200663387775421142578125">
        <ele>43.40000152587890625</ele>
        <time>2024-10-23T11:25:11.000Z</time>
        <extensions>
          <ns3:TrackPointExtension>
            <ns3:atemp>24.0</ns3:atemp>
            <ns3:hr>148</ns3:hr>
            <ns3:cad>89</ns3:cad>
          </ns3:TrackPointExtension>
        </extensions>
      </trkpt>
      <trkpt lat="31.98878302238881587982177734375" lon="118.7697307951748371124267578125">
        <ele>43.59999847412109375</ele>
        <time>2024-10-23T11:25:12.000Z</time>
        <extensions>
          <ns3:TrackPointExtension>
            <ns3:atemp>24.0</ns3:atemp>
            <ns3:hr>148</ns3:hr>
            <ns3:cad>88</ns3:cad>
          </ns3:TrackPointExtension>
        </extensions>
      </trkpt>
      <trkpt lat="31.9888007082045078277587890625" lon="118.7697373330593109130859375">
        <ele>43.799999237060546875</ele>
        <time>2024-10-23T11:25:13.000Z</time>
        <extensions>
          <ns3:TrackPointExtension>
            <ns3:atemp>24.0</ns3:atemp>
            <ns3:hr>148</ns3:hr>
            <ns3:cad>86</ns3:cad>
          </ns3:TrackPointExtension>
        </extensions>
      </trkpt>
      <trkpt lat="31.98881797492504119873046875" lon="118.76973775215446949005126953125">
        <ele>44.200000762939453125</ele>
        <time>2024-10-23T11:25:14.000Z</time>
        <extensions>
          <ns3:TrackPointExtension>
            <ns3:atemp>24.0</ns3:atemp>
            <ns3:hr>148</ns3:hr>
            <ns3:cad>85</ns3:cad>
          </ns3:TrackPointExtension>
        </extensions>
      </trkpt>
      <trkpt lat="31.98883549310266971588134765625" lon="118.76973389647901058197021484375">
        <ele>44.59999847412109375</ele>
        <time>2024-10-23T11:25:15.000Z</time>
        <extensions>
          <ns3:TrackPointExtension>
            <ns3:atemp>24.0</ns3:atemp>
            <ns3:hr>148</ns3:hr>
            <ns3:cad>83</ns3:cad>
          </ns3:TrackPointExtension>
        </extensions>
      </trkpt>
      <trkpt lat="31.988859213888645172119140625" lon="118.76973238773643970489501953125">
        <ele>44.799999237060546875</ele>
        <time>2024-10-23T11:25:16.000Z</time>
        <extensions>
          <ns3:TrackPointExtension>
            <ns3:atemp>24.0</ns3:atemp>
            <ns3:hr>148</ns3:hr>
            <ns3:cad>83</ns3:cad>
          </ns3:TrackPointExtension>
        </extensions>
      </trkpt>
      <trkpt lat="31.988884024322032928466796875" lon="118.76972836442291736602783203125">
        <ele>45</ele>
        <time>2024-10-23T11:25:17.000Z</time>
        <extensions>
          <ns3:TrackPointExtension>
            <ns3:atemp>24.0</ns3:atemp>
            <ns3:hr>149</ns3:hr>
            <ns3:cad>83</ns3:cad>
          </ns3:TrackPointExtension>
        </extensions>
      </trkpt>
      <trkpt lat="31.98890690691769123077392578125" lon="118.7697266042232513427734375">
        <ele>45</ele>
        <time>2024-10-23T11:25:18.000Z</time>
        <extensions>
          <ns3:TrackPointExtension>
            <ns3:atemp>24.0</ns3:atemp>
            <ns3:hr>148</ns3:hr>
            <ns3:cad>83</ns3:cad>
          </ns3:TrackPointExtension>
        </extensions>
      </trkpt>
      <trkpt lat="31.9889281131327152252197265625" lon="118.76973372884094715118408203125">
        <ele>45</ele>
        <time>2024-10-23T11:25:19.000Z</time>
        <extensions>
          <ns3:TrackPointExtension>
            <ns3:atemp>24.0</ns3:atemp>
            <ns3:hr>148</ns3:hr>
            <ns3:cad>88</ns3:cad>
          </ns3:TrackPointExtension>
        </extensions>
      </trkpt>
      <trkpt lat="31.98895116336643695831298828125" lon="118.76973842270672321319580078125">
        <ele>45</ele>
        <time>2024-10-23T11:25:20.000Z</time>
        <extensions>
          <ns3:TrackPointExtension>
            <ns3:atemp>24.0</ns3:atemp>
            <ns3:hr>148</ns3:hr>
            <ns3:cad>88</ns3:cad>
          </ns3:TrackPointExtension>
        </extensions>
      </trkpt>
      <trkpt lat="31.9889706932008266448974609375" lon="118.76974479295313358306884765625">
        <ele>45</ele>
        <time>2024-10-23T11:25:21.000Z</time>
        <extensions>
          <ns3:TrackPointExtension>
            <ns3:atemp>24.0</ns3:atemp>
            <ns3:hr>149</ns3:hr>
            <ns3:cad>88</ns3:cad>
          </ns3:TrackPointExtension>
        </extensions>
      </trkpt>
      <trkpt lat="31.9889911450445652008056640625" lon="118.76975401304662227630615234375">
        <ele>45</ele>
        <time>2024-10-23T11:25:22.000Z</time>
        <extensions>
          <ns3:TrackPointExtension>
            <ns3:atemp>24.0</ns3:atemp>
            <ns3:hr>149</ns3:hr>
            <ns3:cad>89</ns3:cad>
          </ns3:TrackPointExtension>
        </extensions>
      </trkpt>
      <trkpt lat="31.98901101015508174896240234375" lon="118.7697673402726650238037109375">
        <ele>45</ele>
        <time>2024-10-23T11:25:23.000Z</time>
        <extensions>
          <ns3:TrackPointExtension>
            <ns3:atemp>24.0</ns3:atemp>
            <ns3:hr>149</ns3:hr>
            <ns3:cad>89</ns3:cad>
          </ns3:TrackPointExtension>
        </extensions>
      </trkpt>
      <trkpt lat="31.98902945034205913543701171875" lon="118.76977622509002685546875">
        <ele>45</ele>
        <time>2024-10-23T11:25:24.000Z</time>
        <extensions>
          <ns3:TrackPointExtension>
            <ns3:atemp>24.0</ns3:atemp>
            <ns3:hr>150</ns3:hr>
            <ns3:cad>89</ns3:cad>
          </ns3:TrackPointExtension>
        </extensions>
      </trkpt>
      <trkpt lat="31.9890506565570831298828125" lon="118.769789636135101318359375">
        <ele>45.200000762939453125</ele>
        <time>2024-10-23T11:25:25.000Z</time>
        <extensions>
          <ns3:TrackPointExtension>
            <ns3:atemp>24.0</ns3:atemp>
            <ns3:hr>151</ns3:hr>
            <ns3:cad>89</ns3:cad>
          </ns3:TrackPointExtension>
        </extensions>
      </trkpt>
      <trkpt lat="31.98906951583921909332275390625" lon="118.76979835331439971923828125">
        <ele>45.40000152587890625</ele>
        <time>2024-10-23T11:25:26.000Z</time>
        <extensions>
          <ns3:TrackPointExtension>
            <ns3:atemp>24.0</ns3:atemp>
            <ns3:hr>152</ns3:hr>
            <ns3:cad>89</ns3:cad>
          </ns3:TrackPointExtension>
        </extensions>
      </trkpt>
      <trkpt lat="31.98909348808228969573974609375" lon="118.76980774104595184326171875">
        <ele>45.799999237060546875</ele>
        <time>2024-10-23T11:25:27.000Z</time>
        <extensions>
          <ns3:TrackPointExtension>
            <ns3:atemp>24.0</ns3:atemp>
            <ns3:hr>153</ns3:hr>
            <ns3:cad>89</ns3:cad>
          </ns3:TrackPointExtension>
        </extensions>
      </trkpt>
      <trkpt lat="31.98911729268729686737060546875" lon="118.76981084235012531280517578125">
        <ele>46</ele>
        <time>2024-10-23T11:25:28.000Z</time>
        <extensions>
          <ns3:TrackPointExtension>
            <ns3:atemp>24.0</ns3:atemp>
            <ns3:hr>153</ns3:hr>
            <ns3:cad>89</ns3:cad>
          </ns3:TrackPointExtension>
        </extensions>
      </trkpt>
      <trkpt lat="31.98914210312068462371826171875" lon="118.76980908215045928955078125">
        <ele>46</ele>
        <time>2024-10-23T11:25:29.000Z</time>
        <extensions>
          <ns3:TrackPointExtension>
            <ns3:atemp>24.0</ns3:atemp>
            <ns3:hr>153</ns3:hr>
            <ns3:cad>88</ns3:cad>
          </ns3:TrackPointExtension>
        </extensions>
      </trkpt>
      <trkpt lat="31.9891661591827869415283203125" lon="118.769804723560810089111328125">
        <ele>46</ele>
        <time>2024-10-23T11:25:30.000Z</time>
        <extensions>
          <ns3:TrackPointExtension>
            <ns3:atemp>24.0</ns3:atemp>
            <ns3:hr>153</ns3:hr>
            <ns3:cad>88</ns3:cad>
          </ns3:TrackPointExtension>
        </extensions>
      </trkpt>
      <trkpt lat="31.98919390328228473663330078125" lon="118.76979776658117771148681640625">
        <ele>46</ele>
        <time>2024-10-23T11:25:31.000Z</time>
        <extensions>
          <ns3:TrackPointExtension>
            <ns3:atemp>24.0</ns3:atemp>
            <ns3:hr>153</ns3:hr>
            <ns3:cad>88</ns3:cad>
          </ns3:TrackPointExtension>
        </extensions>
      </trkpt>
      <trkpt lat="31.98922097682952880859375" lon="118.76978494226932525634765625">
        <ele>46</ele>
        <time>2024-10-23T11:25:32.000Z</time>
        <extensions>
          <ns3:TrackPointExtension>
            <ns3:atemp>24.0</ns3:atemp>
            <ns3:hr>152</ns3:hr>
            <ns3:cad>89</ns3:cad>
          </ns3:TrackPointExtension>
        </extensions>
      </trkpt>
      <trkpt lat="31.9892513193190097808837890625" lon="118.769769854843616485595703125">
        <ele>46</ele>
        <time>2024-10-23T11:25:33.000Z</time>
        <extensions>
          <ns3:TrackPointExtension>
            <ns3:atemp>24.0</ns3:atemp>
            <ns3:hr>152</ns3:hr>
            <ns3:cad>89</ns3:cad>
          </ns3:TrackPointExtension>
        </extensions>
      </trkpt>
      <trkpt lat="31.98927571065723896026611328125" lon="118.7697589583694934844970703125">
        <ele>46</ele>
        <time>2024-10-23T11:25:34.000Z</time>
        <extensions>
          <ns3:TrackPointExtension>
            <ns3:atemp>24.0</ns3:atemp>
            <ns3:hr>153</ns3:hr>
            <ns3:cad>89</ns3:cad>
          </ns3:TrackPointExtension>
        </extensions>
      </trkpt>
      <trkpt lat="31.98930169455707073211669921875" lon="118.76975099556148052215576171875">
        <ele>45.799999237060546875</ele>
        <time>2024-10-23T11:25:35.000Z</time>
        <extensions>
          <ns3:TrackPointExtension>
            <ns3:atemp>24.0</ns3:atemp>
            <ns3:hr>153</ns3:hr>
            <ns3:cad>89</ns3:cad>
          </ns3:TrackPointExtension>
        </extensions>
      </trkpt>
      <trkpt lat="31.9893267564475536346435546875" lon="118.7697425298392772674560546875">
        <ele>45.59999847412109375</ele>
        <time>2024-10-23T11:25:36.000Z</time>
        <extensions>
          <ns3:TrackPointExtension>
            <ns3:atemp>24.0</ns3:atemp>
            <ns3:hr>153</ns3:hr>
            <ns3:cad>89</ns3:cad>
          </ns3:TrackPointExtension>
        </extensions>
      </trkpt>
      <trkpt lat="31.9893492199480533599853515625" lon="118.7697375006973743438720703125">
        <ele>45.40000152587890625</ele>
        <time>2024-10-23T11:25:37.000Z</time>
        <extensions>
          <ns3:TrackPointExtension>
            <ns3:atemp>24.0</ns3:atemp>
            <ns3:hr>153</ns3:hr>
            <ns3:cad>89</ns3:cad>
          </ns3:TrackPointExtension>
        </extensions>
      </trkpt>
      <trkpt lat="31.98937327601015567779541015625" lon="118.769734986126422882080078125">
        <ele>45.40000152587890625</ele>
        <time>2024-10-23T11:25:38.000Z</time>
        <extensions>
          <ns3:TrackPointExtension>
            <ns3:atemp>24.0</ns3:atemp>
            <ns3:hr>154</ns3:hr>
            <ns3:cad>89</ns3:cad>
          </ns3:TrackPointExtension>
        </extensions>
      </trkpt>
      <trkpt lat="31.98939733207225799560546875" lon="118.7697346508502960205078125">
        <ele>45.200000762939453125</ele>
        <time>2024-10-23T11:25:39.000Z</time>
        <extensions>
          <ns3:TrackPointExtension>
            <ns3:atemp>24.0</ns3:atemp>
            <ns3:hr>154</ns3:hr>
            <ns3:cad>89</ns3:cad>
          </ns3:TrackPointExtension>
        </extensions>
      </trkpt>
      <trkpt lat="31.98942038230597972869873046875" lon="118.76973574049770832061767578125">
        <ele>45.200000762939453125</ele>
        <time>2024-10-23T11:25:40.000Z</time>
        <extensions>
          <ns3:TrackPointExtension>
            <ns3:atemp>24.0</ns3:atemp>
            <ns3:hr>154</ns3:hr>
            <ns3:cad>89</ns3:cad>
          </ns3:TrackPointExtension>
        </extensions>
      </trkpt>
      <trkpt lat="31.9894420914351940155029296875" lon="118.76974194310605525970458984375">
        <ele>45</ele>
        <time>2024-10-23T11:25:41.000Z</time>
        <extensions>
          <ns3:TrackPointExtension>
            <ns3:atemp>24.0</ns3:atemp>
            <ns3:hr>154</ns3:hr>
            <ns3:cad>89</ns3:cad>
          </ns3:TrackPointExtension>
        </extensions>
      </trkpt>
      <trkpt lat="31.98946044780313968658447265625" lon="118.76975233666598796844482421875">
        <ele>45</ele>
        <time>2024-10-23T11:25:42.000Z</time>
        <extensions>
          <ns3:TrackPointExtension>
            <ns3:atemp>24.0</ns3:atemp>
            <ns3:hr>155</ns3:hr>
            <ns3:cad>89</ns3:cad>
          </ns3:TrackPointExtension>
        </extensions>
      </trkpt>
      <trkpt lat="31.9894749484956264495849609375" lon="118.76976214349269866943359375">
        <ele>45</ele>
        <time>2024-10-23T11:25:43.000Z</time>
        <extensions>
          <ns3:TrackPointExtension>
            <ns3:atemp>24.0</ns3:atemp>
            <ns3:hr>155</ns3:hr>
            <ns3:cad>88</ns3:cad>
          </ns3:TrackPointExtension>
        </extensions>
      </trkpt>
      <trkpt lat="31.98949347250163555145263671875" lon="118.769773542881011962890625">
        <ele>45</ele>
        <time>2024-10-23T11:25:44.000Z</time>
        <extensions>
          <ns3:TrackPointExtension>
            <ns3:atemp>24.0</ns3:atemp>
            <ns3:hr>155</ns3:hr>
            <ns3:cad>88</ns3:cad>
          </ns3:TrackPointExtension>
        </extensions>
      </trkpt>
      <trkpt lat="31.989513672888278961181640625" lon="118.76978334970772266387939453125">
        <ele>45</ele>
        <time>2024-10-23T11:25:45.000Z</time>
        <extensions>
          <ns3:TrackPointExtension>
            <ns3:atemp>24.0</ns3:atemp>
            <ns3:hr>155</ns3:hr>
            <ns3:cad>88</ns3:cad>
          </ns3:TrackPointExtension>
        </extensions>
      </trkpt>
      <trkpt lat="31.9895359687507152557373046875" lon="118.76979055814445018768310546875">
        <ele>45.200000762939453125</ele>
        <time>2024-10-23T11:25:46.000Z</time>
        <extensions>
          <ns3:TrackPointExtension>
            <ns3:atemp>24.0</ns3:atemp>
            <ns3:hr>155</ns3:hr>
            <ns3:cad>88</ns3:cad>
          </ns3:TrackPointExtension>
        </extensions>
      </trkpt>
      <trkpt lat="31.98955826461315155029296875" lon="118.769790641963481903076171875">
        <ele>45.40000152587890625</ele>
        <time>2024-10-23T11:25:47.000Z</time>
        <extensions>
          <ns3:TrackPointExtension>
            <ns3:atemp>24.0</ns3:atemp>
            <ns3:hr>155</ns3:hr>
            <ns3:cad>88</ns3:cad>
          </ns3:TrackPointExtension>
        </extensions>
      </trkpt>
      <trkpt lat="31.98958181776106357574462890625" lon="118.76978720538318157196044921875">
        <ele>45.59999847412109375</ele>
        <time>2024-10-23T11:25:48.000Z</time>
        <extensions>
          <ns3:TrackPointExtension>
            <ns3:atemp>24.0</ns3:atemp>
            <ns3:hr>155</ns3:hr>
            <ns3:cad>88</ns3:cad>
          </ns3:TrackPointExtension>
        </extensions>
      </trkpt>
      <trkpt lat="31.98960411362349987030029296875" lon="118.76978670246899127960205078125">
        <ele>45.799999237060546875</ele>
        <time>2024-10-23T11:25:49.000Z</time>
        <extensions>
          <ns3:TrackPointExtension>
            <ns3:atemp>24.0</ns3:atemp>
            <ns3:hr>155</ns3:hr>
            <ns3:cad>88</ns3:cad>
          </ns3:TrackPointExtension>
        </extensions>
      </trkpt>
      <trkpt lat="31.98962867259979248046875" lon="118.76978016458451747894287109375">
        <ele>46</ele>
        <time>2024-10-23T11:25:50.000Z</time>
        <extensions>
          <ns3:TrackPointExtension>
            <ns3:atemp>24.0</ns3:atemp>
            <ns3:hr>155</ns3:hr>
            <ns3:cad>87</ns3:cad>
          </ns3:TrackPointExtension>
        </extensions>
      </trkpt>
      <trkpt lat="31.98965348303318023681640625" lon="118.7697713635861873626708984375">
        <ele>46</ele>
        <time>2024-10-23T11:25:51.000Z</time>
        <extensions>
          <ns3:TrackPointExtension>
            <ns3:atemp>24.0</ns3:atemp>
            <ns3:hr>156</ns3:hr>
            <ns3:cad>87</ns3:cad>
          </ns3:TrackPointExtension>
        </extensions>
      </trkpt>
      <trkpt lat="31.98967737145721912384033203125" lon="118.7697641551494598388671875">
        <ele>46</ele>
        <time>2024-10-23T11:25:52.000Z</time>
        <extensions>
          <ns3:TrackPointExtension>
            <ns3:atemp>24.0</ns3:atemp>
            <ns3:hr>156</ns3:hr>
            <ns3:cad>88</ns3:cad>
          </ns3:TrackPointExtension>
        </extensions>
      </trkpt>
      <trkpt lat="31.98970402590930461883544921875" lon="118.76975275576114654541015625">
        <ele>46</ele>
        <time>2024-10-23T11:25:53.000Z</time>
        <extensions>
          <ns3:TrackPointExtension>
            <ns3:atemp>24.0</ns3:atemp>
            <ns3:hr>156</ns3:hr>
            <ns3:cad>88</ns3:cad>
          </ns3:TrackPointExtension>
        </extensions>
      </trkpt>
      <trkpt lat="31.98972699232399463653564453125" lon="118.7697398476302623748779296875">
        <ele>45.799999237060546875</ele>
        <time>2024-10-23T11:25:54.000Z</time>
        <extensions>
          <ns3:TrackPointExtension>
            <ns3:atemp>24.0</ns3:atemp>
            <ns3:hr>156</ns3:hr>
            <ns3:cad>88</ns3:cad>
          </ns3:TrackPointExtension>
        </extensions>
      </trkpt>
      <trkpt lat="31.9897498749196529388427734375" lon="118.7697297893464565277099609375">
        <ele>45.799999237060546875</ele>
        <time>2024-10-23T11:25:55.000Z</time>
        <extensions>
          <ns3:TrackPointExtension>
            <ns3:atemp>24.0</ns3:atemp>
            <ns3:hr>156</ns3:hr>
            <ns3:cad>88</ns3:cad>
          </ns3:TrackPointExtension>
        </extensions>
      </trkpt>
      <trkpt lat="31.9897746853530406951904296875" lon="118.76971998251974582672119140625">
        <ele>45.799999237060546875</ele>
        <time>2024-10-23T11:25:56.000Z</time>
        <extensions>
          <ns3:TrackPointExtension>
            <ns3:atemp>24.0</ns3:atemp>
            <ns3:hr>156</ns3:hr>
            <ns3:cad>88</ns3:cad>
          </ns3:TrackPointExtension>
        </extensions>
      </trkpt>
      <trkpt lat="31.9897981546819210052490234375" lon="118.7697106786072254180908203125">
        <ele>45.59999847412109375</ele>
        <time>2024-10-23T11:25:57.000Z</time>
        <extensions>
          <ns3:TrackPointExtension>
            <ns3:atemp>24.0</ns3:atemp>
            <ns3:hr>156</ns3:hr>
            <ns3:cad>88</ns3:cad>
          </ns3:TrackPointExtension>
        </extensions>
      </trkpt>
      <trkpt lat="31.9898249767720699310302734375" lon="118.76970321871340274810791015625">
        <ele>45.40000152587890625</ele>
        <time>2024-10-23T11:25:58.000Z</time>
        <extensions>
          <ns3:TrackPointExtension>
            <ns3:atemp>23.0</ns3:atemp>
            <ns3:hr>156</ns3:hr>
            <ns3:cad>89</ns3:cad>
          </ns3:TrackPointExtension>
        </extensions>
      </trkpt>
      <trkpt lat="31.9898501224815845489501953125" lon="118.76969601027667522430419921875">
        <ele>45.200000762939453125</ele>
        <time>2024-10-23T11:25:59.000Z</time>
        <extensions>
          <ns3:TrackPointExtension>
            <ns3:atemp>24.0</ns3:atemp>
            <ns3:hr>156</ns3:hr>
            <ns3:cad>89</ns3:cad>
          </ns3:TrackPointExtension>
        </extensions>
      </trkpt>
      <trkpt lat="31.98987853713333606719970703125" lon="118.76968863420188426971435546875">
        <ele>45.200000762939453125</ele>
        <time>2024-10-23T11:26:00.000Z</time>
        <extensions>
          <ns3:TrackPointExtension>
            <ns3:atemp>24.0</ns3:atemp>
            <ns3:hr>155</ns3:hr>
            <ns3:cad>89</ns3:cad>
          </ns3:TrackPointExtension>
        </extensions>
      </trkpt>
      <trkpt lat="31.98990116827189922332763671875" lon="118.76968192867934703826904296875">
        <ele>45</ele>
        <time>2024-10-23T11:26:01.000Z</time>
        <extensions>
          <ns3:TrackPointExtension>
            <ns3:atemp>23.0</ns3:atemp>
            <ns3:hr>156</ns3:hr>
            <ns3:cad>89</ns3:cad>
          </ns3:TrackPointExtension>
        </extensions>
      </trkpt>
      <trkpt lat="31.98993016965687274932861328125" lon="118.7696743011474609375">
        <ele>45</ele>
        <time>2024-10-23T11:26:02.000Z</time>
        <extensions>
          <ns3:TrackPointExtension>
            <ns3:atemp>24.0</ns3:atemp>
            <ns3:hr>156</ns3:hr>
            <ns3:cad>89</ns3:cad>
          </ns3:TrackPointExtension>
        </extensions>
      </trkpt>
      <trkpt lat="31.9899553991854190826416015625" lon="118.7696677632629871368408203125">
        <ele>45</ele>
        <time>2024-10-23T11:26:03.000Z</time>
        <extensions>
          <ns3:TrackPointExtension>
            <ns3:atemp>23.0</ns3:atemp>
            <ns3:hr>156</ns3:hr>
            <ns3:cad>89</ns3:cad>
          </ns3:TrackPointExtension>
        </extensions>
      </trkpt>
      <trkpt lat="31.9899808801710605621337890625" lon="118.76965912990272045135498046875">
        <ele>44.799999237060546875</ele>
        <time>2024-10-23T11:26:04.000Z</time>
        <extensions>
          <ns3:TrackPointExtension>
            <ns3:atemp>23.0</ns3:atemp>
            <ns3:hr>157</ns3:hr>
            <ns3:cad>89</ns3:cad>
          </ns3:TrackPointExtension>
        </extensions>
      </trkpt>
      <trkpt lat="31.99000124819576740264892578125" lon="118.76964680850505828857421875">
        <ele>44.799999237060546875</ele>
        <time>2024-10-23T11:26:05.000Z</time>
        <extensions>
          <ns3:TrackPointExtension>
            <ns3:atemp>23.0</ns3:atemp>
            <ns3:hr>157</ns3:hr>
            <ns3:cad>89</ns3:cad>
          </ns3:TrackPointExtension>
        </extensions>
      </trkpt>
      <trkpt lat="31.99002354405820369720458984375" lon="118.76963163726031780242919921875">
        <ele>44.59999847412109375</ele>
        <time>2024-10-23T11:26:06.000Z</time>
        <extensions>
          <ns3:TrackPointExtension>
            <ns3:atemp>23.0</ns3:atemp>
            <ns3:hr>157</ns3:hr>
            <ns3:cad>89</ns3:cad>
          </ns3:TrackPointExtension>
        </extensions>
      </trkpt>
      <trkpt lat="31.990042068064212799072265625" lon="118.7696134485304355621337890625">
        <ele>44.59999847412109375</ele>
        <time>2024-10-23T11:26:07.000Z</time>
        <extensions>
          <ns3:TrackPointExtension>
            <ns3:atemp>23.0</ns3:atemp>
            <ns3:hr>156</ns3:hr>
            <ns3:cad>89</ns3:cad>
          </ns3:TrackPointExtension>
        </extensions>
      </trkpt>
      <trkpt lat="31.99006712995469570159912109375" lon="118.76960330642759799957275390625">
        <ele>44.40000152587890625</ele>
        <time>2024-10-23T11:26:08.000Z</time>
        <extensions>
          <ns3:TrackPointExtension>
            <ns3:atemp>23.0</ns3:atemp>
            <ns3:hr>156</ns3:hr>
            <ns3:cad>88</ns3:cad>
          </ns3:TrackPointExtension>
        </extensions>
      </trkpt>
      <trkpt lat="31.99009126983582973480224609375" lon="118.7696005403995513916015625">
        <ele>44</ele>
        <time>2024-10-23T11:26:09.000Z</time>
        <extensions>
          <ns3:TrackPointExtension>
            <ns3:atemp>23.0</ns3:atemp>
            <ns3:hr>156</ns3:hr>
            <ns3:cad>88</ns3:cad>
          </ns3:TrackPointExtension>
        </extensions>
      </trkpt>
      <trkpt lat="31.990116499364376068115234375" lon="118.76959593035280704498291015625">
        <ele>43.799999237060546875</ele>
        <time>2024-10-23T11:26:10.000Z</time>
        <extensions>
          <ns3:TrackPointExtension>
            <ns3:atemp>23.0</ns3:atemp>
            <ns3:hr>156</ns3:hr>
            <ns3:cad>88</ns3:cad>
          </ns3:TrackPointExtension>
        </extensions>
      </trkpt>
      <trkpt lat="31.9901381246745586395263671875" lon="118.76959173940122127532958984375">
        <ele>43.799999237060546875</ele>
        <time>2024-10-23T11:26:11.000Z</time>
        <extensions>
          <ns3:TrackPointExtension>
            <ns3:atemp>23.0</ns3:atemp>
            <ns3:hr>156</ns3:hr>
            <ns3:cad>88</ns3:cad>
          </ns3:TrackPointExtension>
        </extensions>
      </trkpt>
      <trkpt lat="31.99016285128891468048095703125" lon="118.76958905719220638275146484375">
        <ele>43.799999237060546875</ele>
        <time>2024-10-23T11:26:12.000Z</time>
        <extensions>
          <ns3:TrackPointExtension>
            <ns3:atemp>23.0</ns3:atemp>
            <ns3:hr>156</ns3:hr>
            <ns3:cad>88</ns3:cad>
          </ns3:TrackPointExtension>
        </extensions>
      </trkpt>
      <trkpt lat="31.99018858373165130615234375" lon="118.7695879675447940826416015625">
        <ele>43.799999237060546875</ele>
        <time>2024-10-23T11:26:13.000Z</time>
        <extensions>
          <ns3:TrackPointExtension>
            <ns3:atemp>23.0</ns3:atemp>
            <ns3:hr>156</ns3:hr>
            <ns3:cad>88</ns3:cad>
          </ns3:TrackPointExtension>
        </extensions>
      </trkpt>
      <trkpt lat="31.99021297506988048553466796875" lon="118.76958637498319149017333984375">
        <ele>43.799999237060546875</ele>
        <time>2024-10-23T11:26:14.000Z</time>
        <extensions>
          <ns3:TrackPointExtension>
            <ns3:atemp>23.0</ns3:atemp>
            <ns3:hr>156</ns3:hr>
            <ns3:cad>88</ns3:cad>
          </ns3:TrackPointExtension>
        </extensions>
      </trkpt>
      <trkpt lat="31.99023929424583911895751953125" lon="118.76958570443093776702880859375">
        <ele>43.799999237060546875</ele>
        <time>2024-10-23T11:26:15.000Z</time>
        <extensions>
          <ns3:TrackPointExtension>
            <ns3:atemp>23.0</ns3:atemp>
            <ns3:hr>156</ns3:hr>
            <ns3:cad>89</ns3:cad>
          </ns3:TrackPointExtension>
        </extensions>
      </trkpt>
      <trkpt lat="31.9902631826698780059814453125" lon="118.7695836089551448822021484375">
        <ele>43.799999237060546875</ele>
        <time>2024-10-23T11:26:16.000Z</time>
        <extensions>
          <ns3:TrackPointExtension>
            <ns3:atemp>23.0</ns3:atemp>
            <ns3:hr>155</ns3:hr>
            <ns3:cad>89</ns3:cad>
          </ns3:TrackPointExtension>
        </extensions>
      </trkpt>
      <trkpt lat="31.99028958566486835479736328125" lon="118.76958402805030345916748046875">
        <ele>43.799999237060546875</ele>
        <time>2024-10-23T11:26:17.000Z</time>
        <extensions>
          <ns3:TrackPointExtension>
            <ns3:atemp>23.0</ns3:atemp>
            <ns3:hr>155</ns3:hr>
            <ns3:cad>89</ns3:cad>
          </ns3:TrackPointExtension>
        </extensions>
      </trkpt>
      <trkpt lat="31.99031288735568523406982421875" lon="118.76958805136382579803466796875">
        <ele>43.799999237060546875</ele>
        <time>2024-10-23T11:26:18.000Z</time>
        <extensions>
          <ns3:TrackPointExtension>
            <ns3:atemp>23.0</ns3:atemp>
            <ns3:hr>155</ns3:hr>
            <ns3:cad>88</ns3:cad>
          </ns3:TrackPointExtension>
        </extensions>
      </trkpt>
      <trkpt lat="31.990339793264865875244140625" lon="118.76959425397217273712158203125">
        <ele>43.799999237060546875</ele>
        <time>2024-10-23T11:26:19.000Z</time>
        <extensions>
          <ns3:TrackPointExtension>
            <ns3:atemp>23.0</ns3:atemp>
            <ns3:hr>155</ns3:hr>
            <ns3:cad>88</ns3:cad>
          </ns3:TrackPointExtension>
        </extensions>
      </trkpt>
      <trkpt lat="31.99036586098372936248779296875" lon="118.7695970200002193450927734375">
        <ele>43.799999237060546875</ele>
        <time>2024-10-23T11:26:20.000Z</time>
        <extensions>
          <ns3:TrackPointExtension>
            <ns3:atemp>23.0</ns3:atemp>
            <ns3:hr>155</ns3:hr>
            <ns3:cad>88</ns3:cad>
          </ns3:TrackPointExtension>
        </extensions>
      </trkpt>
      <trkpt lat="31.9903929345309734344482421875" lon="118.76959852874279022216796875">
        <ele>44</ele>
        <time>2024-10-23T11:26:21.000Z</time>
        <extensions>
          <ns3:TrackPointExtension>
            <ns3:atemp>23.0</ns3:atemp>
            <ns3:hr>155</ns3:hr>
            <ns3:cad>88</ns3:cad>
          </ns3:TrackPointExtension>
        </extensions>
      </trkpt>
      <trkpt lat="31.9904217682778835296630859375" lon="118.76959794200956821441650390625">
        <ele>44</ele>
        <time>2024-10-23T11:26:22.000Z</time>
        <extensions>
          <ns3:TrackPointExtension>
            <ns3:atemp>23.0</ns3:atemp>
            <ns3:hr>155</ns3:hr>
            <ns3:cad>88</ns3:cad>
          </ns3:TrackPointExtension>
        </extensions>
      </trkpt>
      <trkpt lat="31.99044951237738132476806640625" lon="118.7695940025150775909423828125">
        <ele>44</ele>
        <time>2024-10-23T11:26:23.000Z</time>
        <extensions>
          <ns3:TrackPointExtension>
            <ns3:atemp>23.0</ns3:atemp>
            <ns3:hr>155</ns3:hr>
            <ns3:cad>88</ns3:cad>
          </ns3:TrackPointExtension>
        </extensions>
      </trkpt>
      <trkpt lat="31.990473903715610504150390625" lon="118.7695913203060626983642578125">
        <ele>44</ele>
        <time>2024-10-23T11:26:24.000Z</time>
        <extensions>
          <ns3:TrackPointExtension>
            <ns3:atemp>23.0</ns3:atemp>
            <ns3:hr>155</ns3:hr>
            <ns3:cad>88</ns3:cad>
          </ns3:TrackPointExtension>
        </extensions>
      </trkpt>
      <trkpt lat="31.99049863032996654510498046875" lon="118.76958914101123809814453125">
        <ele>44</ele>
        <time>2024-10-23T11:26:25.000Z</time>
        <extensions>
          <ns3:TrackPointExtension>
            <ns3:atemp>23.0</ns3:atemp>
            <ns3:hr>155</ns3:hr>
            <ns3:cad>88</ns3:cad>
          </ns3:TrackPointExtension>
        </extensions>
      </trkpt>
      <trkpt lat="31.9905226863920688629150390625" lon="118.769591487944126129150390625">
        <ele>44</ele>
        <time>2024-10-23T11:26:26.000Z</time>
        <extensions>
          <ns3:TrackPointExtension>
            <ns3:atemp>23.0</ns3:atemp>
            <ns3:hr>155</ns3:hr>
            <ns3:cad>89</ns3:cad>
          </ns3:TrackPointExtension>
        </extensions>
      </trkpt>
      <trkpt lat="31.9905468262732028961181640625" lon="118.769600875675678253173828125">
        <ele>44</ele>
        <time>2024-10-23T11:26:27.000Z</time>
        <extensions>
          <ns3:TrackPointExtension>
            <ns3:atemp>23.0</ns3:atemp>
            <ns3:hr>155</ns3:hr>
            <ns3:cad>89</ns3:cad>
          </ns3:TrackPointExtension>
        </extensions>
      </trkpt>
      <trkpt lat="31.9905716367065906524658203125" lon="118.76960900612175464630126953125">
        <ele>44</ele>
        <time>2024-10-23T11:26:28.000Z</time>
        <extensions>
          <ns3:TrackPointExtension>
            <ns3:atemp>23.0</ns3:atemp>
            <ns3:hr>155</ns3:hr>
            <ns3:cad>89</ns3:cad>
          </ns3:TrackPointExtension>
        </extensions>
      </trkpt>
      <trkpt lat="31.99059854261577129364013671875" lon="118.76962560229003429412841796875">
        <ele>44</ele>
        <time>2024-10-23T11:26:29.000Z</time>
        <extensions>
          <ns3:TrackPointExtension>
            <ns3:atemp>23.0</ns3:atemp>
            <ns3:hr>155</ns3:hr>
            <ns3:cad>89</ns3:cad>
          </ns3:TrackPointExtension>
        </extensions>
      </trkpt>
      <trkpt lat="31.99062050320208072662353515625" lon="118.76964387483894824981689453125">
        <ele>44.200000762939453125</ele>
        <time>2024-10-23T11:26:30.000Z</time>
        <extensions>
          <ns3:TrackPointExtension>
            <ns3:atemp>23.0</ns3:atemp>
            <ns3:hr>155</ns3:hr>
            <ns3:cad>89</ns3:cad>
          </ns3:TrackPointExtension>
        </extensions>
      </trkpt>
      <trkpt lat="31.99064078740775585174560546875" lon="118.76967606134712696075439453125">
        <ele>44.200000762939453125</ele>
        <time>2024-10-23T11:26:31.000Z</time>
        <extensions>
          <ns3:TrackPointExtension>
            <ns3:atemp>23.0</ns3:atemp>
            <ns3:hr>155</ns3:hr>
            <ns3:cad>89</ns3:cad>
          </ns3:TrackPointExtension>
        </extensions>
      </trkpt>
      <trkpt lat="31.99065755121409893035888671875" lon="118.7697039730846881866455078125">
        <ele>44.200000762939453125</ele>
        <time>2024-10-23T11:26:32.000Z</time>
        <extensions>
          <ns3:TrackPointExtension>
            <ns3:atemp>23.0</ns3:atemp>
            <ns3:hr>155</ns3:hr>
            <ns3:cad>89</ns3:cad>
          </ns3:TrackPointExtension>
        </extensions>
      </trkpt>
      <trkpt lat="31.99067029170691967010498046875" lon="118.76972995698451995849609375">
        <ele>44.200000762939453125</ele>
        <time>2024-10-23T11:26:33.000Z</time>
        <extensions>
          <ns3:TrackPointExtension>
            <ns3:atemp>23.0</ns3:atemp>
            <ns3:hr>155</ns3:hr>
            <ns3:cad>89</ns3:cad>
          </ns3:TrackPointExtension>
        </extensions>
      </trkpt>
      <trkpt lat="31.99068009853363037109375" lon="118.769754432141780853271484375">
        <ele>44.200000762939453125</ele>
        <time>2024-10-23T11:26:34.000Z</time>
        <extensions>
          <ns3:TrackPointExtension>
            <ns3:atemp>23.0</ns3:atemp>
            <ns3:hr>155</ns3:hr>
            <ns3:cad>89</ns3:cad>
          </ns3:TrackPointExtension>
        </extensions>
      </trkpt>
      <trkpt lat="31.99068613350391387939453125" lon="118.76978485845029354095458984375">
        <ele>44.200000762939453125</ele>
        <time>2024-10-23T11:26:35.000Z</time>
        <extensions>
          <ns3:TrackPointExtension>
            <ns3:atemp>23.0</ns3:atemp>
            <ns3:hr>155</ns3:hr>
            <ns3:cad>89</ns3:cad>
          </ns3:TrackPointExtension>
        </extensions>
      </trkpt>
      <trkpt lat="31.9906903244554996490478515625" lon="118.76981268636882305145263671875">
        <ele>44.200000762939453125</ele>
        <time>2024-10-23T11:26:36.000Z</time>
        <extensions>
          <ns3:TrackPointExtension>
            <ns3:atemp>23.0</ns3:atemp>
            <ns3:hr>155</ns3:hr>
            <ns3:cad>91</ns3:cad>
          </ns3:TrackPointExtension>
        </extensions>
      </trkpt>
      <trkpt lat="31.99069082736968994140625" lon="118.76984118483960628509521484375">
        <ele>44</ele>
        <time>2024-10-23T11:26:37.000Z</time>
        <extensions>
          <ns3:TrackPointExtension>
            <ns3:atemp>23.0</ns3:atemp>
            <ns3:hr>155</ns3:hr>
            <ns3:cad>91</ns3:cad>
          </ns3:TrackPointExtension>
        </extensions>
      </trkpt>
      <trkpt lat="31.99068822897970676422119140625" lon="118.7698729522526264190673828125">
        <ele>44</ele>
        <time>2024-10-23T11:26:38.000Z</time>
        <extensions>
          <ns3:TrackPointExtension>
            <ns3:atemp>23.0</ns3:atemp>
            <ns3:hr>155</ns3:hr>
            <ns3:cad>90</ns3:cad>
          </ns3:TrackPointExtension>
        </extensions>
      </trkpt>
      <trkpt lat="31.9906785897910594940185546875" lon="118.76990790478885173797607421875">
        <ele>44</ele>
        <time>2024-10-23T11:26:39.000Z</time>
        <extensions>
          <ns3:TrackPointExtension>
            <ns3:atemp>23.0</ns3:atemp>
            <ns3:hr>155</ns3:hr>
            <ns3:cad>90</ns3:cad>
          </ns3:TrackPointExtension>
        </extensions>
      </trkpt>
      <trkpt lat="31.99067138135433197021484375" lon="118.76993690617382526397705078125">
        <ele>43.799999237060546875</ele>
        <time>2024-10-23T11:26:40.000Z</time>
        <extensions>
          <ns3:TrackPointExtension>
            <ns3:atemp>23.0</ns3:atemp>
            <ns3:hr>154</ns3:hr>
            <ns3:cad>89</ns3:cad>
          </ns3:TrackPointExtension>
        </extensions>
      </trkpt>
      <trkpt lat="31.9906618259847164154052734375" lon="118.76997462473809719085693359375">
        <ele>43.799999237060546875</ele>
        <time>2024-10-23T11:26:41.000Z</time>
        <extensions>
          <ns3:TrackPointExtension>
            <ns3:atemp>23.0</ns3:atemp>
            <ns3:hr>154</ns3:hr>
            <ns3:cad>89</ns3:cad>
          </ns3:TrackPointExtension>
        </extensions>
      </trkpt>
      <trkpt lat="31.99065662920475006103515625" lon="118.7700040452182292938232421875">
        <ele>43.59999847412109375</ele>
        <time>2024-10-23T11:26:42.000Z</time>
        <extensions>
          <ns3:TrackPointExtension>
            <ns3:atemp>23.0</ns3:atemp>
            <ns3:hr>154</ns3:hr>
            <ns3:cad>89</ns3:cad>
          </ns3:TrackPointExtension>
        </extensions>
      </trkpt>
      <trkpt lat="31.99065260589122772216796875" lon="118.77003514207899570465087890625">
        <ele>43.40000152587890625</ele>
        <time>2024-10-23T11:26:43.000Z</time>
        <extensions>
          <ns3:TrackPointExtension>
            <ns3:atemp>23.0</ns3:atemp>
            <ns3:hr>154</ns3:hr>
            <ns3:cad>89</ns3:cad>
          </ns3:TrackPointExtension>
        </extensions>
      </trkpt>
      <trkpt lat="31.9906457327306270599365234375" lon="118.77006598748266696929931640625">
        <ele>43.200000762939453125</ele>
        <time>2024-10-23T11:26:44.000Z</time>
        <extensions>
          <ns3:TrackPointExtension>
            <ns3:atemp>23.0</ns3:atemp>
            <ns3:hr>154</ns3:hr>
            <ns3:cad>90</ns3:cad>
          </ns3:TrackPointExtension>
        </extensions>
      </trkpt>
      <trkpt lat="31.99063693173229694366455078125" lon="118.77009934745728969573974609375">
        <ele>43</ele>
        <time>2024-10-23T11:26:45.000Z</time>
        <extensions>
          <ns3:TrackPointExtension>
            <ns3:atemp>23.0</ns3:atemp>
            <ns3:hr>154</ns3:hr>
            <ns3:cad>90</ns3:cad>
          </ns3:TrackPointExtension>
        </extensions>
      </trkpt>
      <trkpt lat="31.99062804691493511199951171875" lon="118.77012583427131175994873046875">
        <ele>43</ele>
        <time>2024-10-23T11:26:46.000Z</time>
        <extensions>
          <ns3:TrackPointExtension>
            <ns3:atemp>23.0</ns3:atemp>
            <ns3:hr>153</ns3:hr>
            <ns3:cad>90</ns3:cad>
          </ns3:TrackPointExtension>
        </extensions>
      </trkpt>
      <trkpt lat="31.9906158931553363800048828125" lon="118.7701576016843318939208984375">
        <ele>42.799999237060546875</ele>
        <time>2024-10-23T11:26:47.000Z</time>
        <extensions>
          <ns3:TrackPointExtension>
            <ns3:atemp>23.0</ns3:atemp>
            <ns3:hr>153</ns3:hr>
            <ns3:cad>90</ns3:cad>
          </ns3:TrackPointExtension>
        </extensions>
      </trkpt>
      <trkpt lat="31.99060700833797454833984375" lon="118.7701844237744808197021484375">
        <ele>42.799999237060546875</ele>
        <time>2024-10-23T11:26:48.000Z</time>
        <extensions>
          <ns3:TrackPointExtension>
            <ns3:atemp>23.0</ns3:atemp>
            <ns3:hr>153</ns3:hr>
            <ns3:cad>90</ns3:cad>
          </ns3:TrackPointExtension>
        </extensions>
      </trkpt>
      <trkpt lat="31.99059535749256610870361328125" lon="118.77021837048232555389404296875">
        <ele>42.59999847412109375</ele>
        <time>2024-10-23T11:26:49.000Z</time>
        <extensions>
          <ns3:TrackPointExtension>
            <ns3:atemp>23.0</ns3:atemp>
            <ns3:hr>153</ns3:hr>
            <ns3:cad>89</ns3:cad>
          </ns3:TrackPointExtension>
        </extensions>
      </trkpt>
      <trkpt lat="31.99059150181710720062255859375" lon="118.77024485729634761810302734375">
        <ele>42.59999847412109375</ele>
        <time>2024-10-23T11:26:50.000Z</time>
        <extensions>
          <ns3:TrackPointExtension>
            <ns3:atemp>23.0</ns3:atemp>
            <ns3:hr>153</ns3:hr>
            <ns3:cad>89</ns3:cad>
          </ns3:TrackPointExtension>
        </extensions>
      </trkpt>
      <trkpt lat="31.99059066362679004669189453125" lon="118.77027955837547779083251953125">
        <ele>42.40000152587890625</ele>
        <time>2024-10-23T11:26:51.000Z</time>
        <extensions>
          <ns3:TrackPointExtension>
            <ns3:atemp>23.0</ns3:atemp>
            <ns3:hr>153</ns3:hr>
            <ns3:cad>89</ns3:cad>
          </ns3:TrackPointExtension>
        </extensions>
      </trkpt>
      <trkpt lat="31.99059418402612209320068359375" lon="118.77030604518949985504150390625">
        <ele>42.40000152587890625</ele>
        <time>2024-10-23T11:26:52.000Z</time>
        <extensions>
          <ns3:TrackPointExtension>
            <ns3:atemp>23.0</ns3:atemp>
            <ns3:hr>153</ns3:hr>
            <ns3:cad>89</ns3:cad>
          </ns3:TrackPointExtension>
        </extensions>
      </trkpt>
      <trkpt lat="31.99059552513062953948974609375" lon="118.77034141682088375091552734375">
        <ele>42.200000762939453125</ele>
        <time>2024-10-23T11:26:53.000Z</time>
        <extensions>
          <ns3:TrackPointExtension>
            <ns3:atemp>23.0</ns3:atemp>
            <ns3:hr>153</ns3:hr>
            <ns3:cad>89</ns3:cad>
          </ns3:TrackPointExtension>
        </extensions>
      </trkpt>
      <trkpt lat="31.99059485457837581634521484375" lon="118.77036974765360355377197265625">
        <ele>42</ele>
        <time>2024-10-23T11:26:54.000Z</time>
        <extensions>
          <ns3:TrackPointExtension>
            <ns3:atemp>23.0</ns3:atemp>
            <ns3:hr>153</ns3:hr>
            <ns3:cad>89</ns3:cad>
          </ns3:TrackPointExtension>
        </extensions>
      </trkpt>
      <trkpt lat="31.99059166945517063140869140625" lon="118.7704047001898288726806640625">
        <ele>41.799999237060546875</ele>
        <time>2024-10-23T11:26:55.000Z</time>
        <extensions>
          <ns3:TrackPointExtension>
            <ns3:atemp>23.0</ns3:atemp>
            <ns3:hr>153</ns3:hr>
            <ns3:cad>89</ns3:cad>
          </ns3:TrackPointExtension>
        </extensions>
      </trkpt>
      <trkpt lat="31.99058630503714084625244140625" lon="118.7704325281083583831787109375">
        <ele>41.59999847412109375</ele>
        <time>2024-10-23T11:26:56.000Z</time>
        <extensions>
          <ns3:TrackPointExtension>
            <ns3:atemp>23.0</ns3:atemp>
            <ns3:hr>153</ns3:hr>
            <ns3:cad>89</ns3:cad>
          </ns3:TrackPointExtension>
        </extensions>
      </trkpt>
      <trkpt lat="31.99057909660041332244873046875" lon="118.770467229187488555908203125">
        <ele>41.59999847412109375</ele>
        <time>2024-10-23T11:26:57.000Z</time>
        <extensions>
          <ns3:TrackPointExtension>
            <ns3:atemp>23.0</ns3:atemp>
            <ns3:hr>153</ns3:hr>
            <ns3:cad>90</ns3:cad>
          </ns3:TrackPointExtension>
        </extensions>
      </trkpt>
      <trkpt lat="31.99057322926819324493408203125" lon="118.770498745143413543701171875">
        <ele>41.40000152587890625</ele>
        <time>2024-10-23T11:26:58.000Z</time>
        <extensions>
          <ns3:TrackPointExtension>
            <ns3:atemp>23.0</ns3:atemp>
            <ns3:hr>153</ns3:hr>
            <ns3:cad>91</ns3:cad>
          </ns3:TrackPointExtension>
        </extensions>
      </trkpt>
      <trkpt lat="31.9905622489750385284423828125" lon="118.77053084783256053924560546875">
        <ele>41.40000152587890625</ele>
        <time>2024-10-23T11:26:59.000Z</time>
        <extensions>
          <ns3:TrackPointExtension>
            <ns3:atemp>23.0</ns3:atemp>
            <ns3:hr>153</ns3:hr>
            <ns3:cad>92</ns3:cad>
          </ns3:TrackPointExtension>
        </extensions>
      </trkpt>
      <trkpt lat="31.990553699433803558349609375" lon="118.77055934630334377288818359375">
        <ele>41.40000152587890625</ele>
        <time>2024-10-23T11:27:00.000Z</time>
        <extensions>
          <ns3:TrackPointExtension>
            <ns3:atemp>23.0</ns3:atemp>
            <ns3:hr>153</ns3:hr>
            <ns3:cad>92</ns3:cad>
          </ns3:TrackPointExtension>
        </extensions>
      </trkpt>
      <trkpt lat="31.9905438087880611419677734375" lon="118.77058826386928558349609375">
        <ele>41.40000152587890625</ele>
        <time>2024-10-23T11:27:01.000Z</time>
        <extensions>
          <ns3:TrackPointExtension>
            <ns3:atemp>23.0</ns3:atemp>
            <ns3:hr>153</ns3:hr>
            <ns3:cad>91</ns3:cad>
          </ns3:TrackPointExtension>
        </extensions>
      </trkpt>
      <trkpt lat="31.9905344210565090179443359375" lon="118.77061567269265651702880859375">
        <ele>41.200000762939453125</ele>
        <time>2024-10-23T11:27:02.000Z</time>
        <extensions>
          <ns3:TrackPointExtension>
            <ns3:atemp>23.0</ns3:atemp>
            <ns3:hr>153</ns3:hr>
            <ns3:cad>91</ns3:cad>
          </ns3:TrackPointExtension>
        </extensions>
      </trkpt>
      <trkpt lat="31.99052478186786174774169921875" lon="118.77064467407763004302978515625">
        <ele>40.799999237060546875</ele>
        <time>2024-10-23T11:27:03.000Z</time>
        <extensions>
          <ns3:TrackPointExtension>
            <ns3:atemp>23.0</ns3:atemp>
            <ns3:hr>153</ns3:hr>
            <ns3:cad>93</ns3:cad>
          </ns3:TrackPointExtension>
        </extensions>
      </trkpt>
      <trkpt lat="31.9905146397650241851806640625" lon="118.77067543566226959228515625">
        <ele>40.59999847412109375</ele>
        <time>2024-10-23T11:27:04.000Z</time>
        <extensions>
          <ns3:TrackPointExtension>
            <ns3:atemp>23.0</ns3:atemp>
            <ns3:hr>153</ns3:hr>
            <ns3:cad>93</ns3:cad>
          </ns3:TrackPointExtension>
        </extensions>
      </trkpt>
      <trkpt lat="31.9905042462050914764404296875" lon="118.77070485614240169525146484375">
        <ele>40.40000152587890625</ele>
        <time>2024-10-23T11:27:05.000Z</time>
        <extensions>
          <ns3:TrackPointExtension>
            <ns3:atemp>23.0</ns3:atemp>
            <ns3:hr>152</ns3:hr>
            <ns3:cad>93</ns3:cad>
          </ns3:TrackPointExtension>
        </extensions>
      </trkpt>
      <trkpt lat="31.9904963672161102294921875" lon="118.77073536626994609832763671875">
        <ele>40.40000152587890625</ele>
        <time>2024-10-23T11:27:06.000Z</time>
        <extensions>
          <ns3:TrackPointExtension>
            <ns3:atemp>23.0</ns3:atemp>
            <ns3:hr>152</ns3:hr>
            <ns3:cad>93</ns3:cad>
          </ns3:TrackPointExtension>
        </extensions>
      </trkpt>
      <trkpt lat="31.99048991315066814422607421875" lon="118.77076621167361736297607421875">
        <ele>40.40000152587890625</ele>
        <time>2024-10-23T11:27:07.000Z</time>
        <extensions>
          <ns3:TrackPointExtension>
            <ns3:atemp>23.0</ns3:atemp>
            <ns3:hr>152</ns3:hr>
            <ns3:cad>93</ns3:cad>
          </ns3:TrackPointExtension>
        </extensions>
      </trkpt>
      <trkpt lat="31.99048236943781375885009765625" lon="118.770797140896320343017578125">
        <ele>40.200000762939453125</ele>
        <time>2024-10-23T11:27:08.000Z</time>
        <extensions>
          <ns3:TrackPointExtension>
            <ns3:atemp>23.0</ns3:atemp>
            <ns3:hr>152</ns3:hr>
            <ns3:cad>93</ns3:cad>
          </ns3:TrackPointExtension>
        </extensions>
      </trkpt>
      <trkpt lat="31.99047868140041828155517578125" lon="118.77083075232803821563720703125">
        <ele>40</ele>
        <time>2024-10-23T11:27:09.000Z</time>
        <extensions>
          <ns3:TrackPointExtension>
            <ns3:atemp>23.0</ns3:atemp>
            <ns3:hr>152</ns3:hr>
            <ns3:cad>93</ns3:cad>
          </ns3:TrackPointExtension>
        </extensions>
      </trkpt>
      <trkpt lat="31.9904740713536739349365234375" lon="118.77086780034005641937255859375">
        <ele>40</ele>
        <time>2024-10-23T11:27:10.000Z</time>
        <extensions>
          <ns3:TrackPointExtension>
            <ns3:atemp>23.0</ns3:atemp>
            <ns3:hr>152</ns3:hr>
            <ns3:cad>92</ns3:cad>
          </ns3:TrackPointExtension>
        </extensions>
      </trkpt>
      <trkpt lat="31.9904683716595172882080078125" lon="118.7708988972008228302001953125">
        <ele>39.799999237060546875</ele>
        <time>2024-10-23T11:27:11.000Z</time>
        <extensions>
          <ns3:TrackPointExtension>
            <ns3:atemp>23.0</ns3:atemp>
            <ns3:hr>152</ns3:hr>
            <ns3:cad>92</ns3:cad>
          </ns3:TrackPointExtension>
        </extensions>
      </trkpt>
      <trkpt lat="31.990462504327297210693359375" lon="118.77093167044222354888916015625">
        <ele>39.799999237060546875</ele>
        <time>2024-10-23T11:27:12.000Z</time>
        <extensions>
          <ns3:TrackPointExtension>
            <ns3:atemp>23.0</ns3:atemp>
            <ns3:hr>152</ns3:hr>
            <ns3:cad>92</ns3:cad>
          </ns3:TrackPointExtension>
        </extensions>
      </trkpt>
      <trkpt lat="31.99045621789991855621337890625" lon="118.7709646113216876983642578125">
        <ele>39.59999847412109375</ele>
        <time>2024-10-23T11:27:13.000Z</time>
        <extensions>
          <ns3:TrackPointExtension>
            <ns3:atemp>23.0</ns3:atemp>
            <ns3:hr>152</ns3:hr>
            <ns3:cad>92</ns3:cad>
          </ns3:TrackPointExtension>
        </extensions>
      </trkpt>
      <trkpt lat="31.9904492609202861785888671875" lon="118.77099864184856414794921875">
        <ele>39.40000152587890625</ele>
        <time>2024-10-23T11:27:14.000Z</time>
        <extensions>
          <ns3:TrackPointExtension>
            <ns3:atemp>23.0</ns3:atemp>
            <ns3:hr>152</ns3:hr>
            <ns3:cad>92</ns3:cad>
          </ns3:TrackPointExtension>
        </extensions>
      </trkpt>
      <trkpt lat="31.9904422201216220855712890625" lon="118.77103149890899658203125">
        <ele>39.40000152587890625</ele>
        <time>2024-10-23T11:27:15.000Z</time>
        <extensions>
          <ns3:TrackPointExtension>
            <ns3:atemp>23.0</ns3:atemp>
            <ns3:hr>152</ns3:hr>
            <ns3:cad>93</ns3:cad>
          </ns3:TrackPointExtension>
        </extensions>
      </trkpt>
      <trkpt lat="31.9904355145990848541259765625" lon="118.771070726215839385986328125">
        <ele>39.200000762939453125</ele>
        <time>2024-10-23T11:27:16.000Z</time>
        <extensions>
          <ns3:TrackPointExtension>
            <ns3:atemp>23.0</ns3:atemp>
            <ns3:hr>152</ns3:hr>
            <ns3:cad>93</ns3:cad>
          </ns3:TrackPointExtension>
        </extensions>
      </trkpt>
      <trkpt lat="31.99043056927621364593505859375" lon="118.771100901067256927490234375">
        <ele>39</ele>
        <time>2024-10-23T11:27:17.000Z</time>
        <extensions>
          <ns3:TrackPointExtension>
            <ns3:atemp>23.0</ns3:atemp>
            <ns3:hr>152</ns3:hr>
            <ns3:cad>93</ns3:cad>
          </ns3:TrackPointExtension>
        </extensions>
      </trkpt>
      <trkpt lat="31.9904254563152790069580078125" lon="118.771133758127689361572265625">
        <ele>38.799999237060546875</ele>
        <time>2024-10-23T11:27:18.000Z</time>
        <extensions>
          <ns3:TrackPointExtension>
            <ns3:atemp>23.0</ns3:atemp>
            <ns3:hr>152</ns3:hr>
            <ns3:cad>93</ns3:cad>
          </ns3:TrackPointExtension>
        </extensions>
      </trkpt>
      <trkpt lat="31.9904207624495029449462890625" lon="118.7711661122739315032958984375">
        <ele>38.799999237060546875</ele>
        <time>2024-10-23T11:27:19.000Z</time>
        <extensions>
          <ns3:TrackPointExtension>
            <ns3:atemp>23.0</ns3:atemp>
            <ns3:hr>152</ns3:hr>
            <ns3:cad>93</ns3:cad>
          </ns3:TrackPointExtension>
        </extensions>
      </trkpt>
      <trkpt lat="31.9904164038598537445068359375" lon="118.77120257355272769927978515625">
        <ele>38.59999847412109375</ele>
        <time>2024-10-23T11:27:20.000Z</time>
        <extensions>
          <ns3:TrackPointExtension>
            <ns3:atemp>23.0</ns3:atemp>
            <ns3:hr>152</ns3:hr>
            <ns3:cad>93</ns3:cad>
          </ns3:TrackPointExtension>
        </extensions>
      </trkpt>
      <trkpt lat="31.99041330255568027496337890625" lon="118.77123291604220867156982421875">
        <ele>38.59999847412109375</ele>
        <time>2024-10-23T11:27:21.000Z</time>
        <extensions>
          <ns3:TrackPointExtension>
            <ns3:atemp>23.0</ns3:atemp>
            <ns3:hr>152</ns3:hr>
            <ns3:cad>93</ns3:cad>
          </ns3:TrackPointExtension>
        </extensions>
      </trkpt>
      <trkpt lat="31.990410201251506805419921875" lon="118.771263845264911651611328125">
        <ele>38.40000152587890625</ele>
        <time>2024-10-23T11:27:22.000Z</time>
        <extensions>
          <ns3:TrackPointExtension>
            <ns3:atemp>23.0</ns3:atemp>
            <ns3:hr>152</ns3:hr>
            <ns3:cad>93</ns3:cad>
          </ns3:TrackPointExtension>
        </extensions>
      </trkpt>
      <trkpt lat="31.9904093630611896514892578125" lon="118.77129209227859973907470703125">
        <ele>38.40000152587890625</ele>
        <time>2024-10-23T11:27:23.000Z</time>
        <extensions>
          <ns3:TrackPointExtension>
            <ns3:atemp>23.0</ns3:atemp>
            <ns3:hr>153</ns3:hr>
            <ns3:cad>93</ns3:cad>
          </ns3:TrackPointExtension>
        </extensions>
      </trkpt>
      <trkpt lat="31.99040777049958705902099609375" lon="118.7713189981877803802490234375">
        <ele>38.200000762939453125</ele>
        <time>2024-10-23T11:27:24.000Z</time>
        <extensions>
          <ns3:TrackPointExtension>
            <ns3:atemp>23.0</ns3:atemp>
            <ns3:hr>152</ns3:hr>
            <ns3:cad>92</ns3:cad>
          </ns3:TrackPointExtension>
        </extensions>
      </trkpt>
      <trkpt lat="31.9904036633670330047607421875" lon="118.7713458202779293060302734375">
        <ele>38.200000762939453125</ele>
        <time>2024-10-23T11:27:25.000Z</time>
        <extensions>
          <ns3:TrackPointExtension>
            <ns3:atemp>23.0</ns3:atemp>
            <ns3:hr>152</ns3:hr>
            <ns3:cad>92</ns3:cad>
          </ns3:TrackPointExtension>
        </extensions>
      </trkpt>
      <trkpt lat="31.9903993047773838043212890625" lon="118.77137406729161739349365234375">
        <ele>38</ele>
        <time>2024-10-23T11:27:26.000Z</time>
        <extensions>
          <ns3:TrackPointExtension>
            <ns3:atemp>23.0</ns3:atemp>
            <ns3:hr>152</ns3:hr>
            <ns3:cad>92</ns3:cad>
          </ns3:TrackPointExtension>
        </extensions>
      </trkpt>
      <trkpt lat="31.99039452709257602691650390625" lon="118.77140541560947895050048828125">
        <ele>38</ele>
        <time>2024-10-23T11:27:27.000Z</time>
        <extensions>
          <ns3:TrackPointExtension>
            <ns3:atemp>23.0</ns3:atemp>
            <ns3:hr>152</ns3:hr>
            <ns3:cad>92</ns3:cad>
          </ns3:TrackPointExtension>
        </extensions>
      </trkpt>
      <trkpt lat="31.99038949795067310333251953125" lon="118.77143810503184795379638671875">
        <ele>37.799999237060546875</ele>
        <time>2024-10-23T11:27:28.000Z</time>
        <extensions>
          <ns3:TrackPointExtension>
            <ns3:atemp>23.0</ns3:atemp>
            <ns3:hr>152</ns3:hr>
            <ns3:cad>92</ns3:cad>
          </ns3:TrackPointExtension>
        </extensions>
      </trkpt>
      <trkpt lat="31.990383379161357879638671875" lon="118.7714678607881069183349609375">
        <ele>37.59999847412109375</ele>
        <time>2024-10-23T11:27:29.000Z</time>
        <extensions>
          <ns3:TrackPointExtension>
            <ns3:atemp>23.0</ns3:atemp>
            <ns3:hr>152</ns3:hr>
            <ns3:cad>92</ns3:cad>
          </ns3:TrackPointExtension>
        </extensions>
      </trkpt>
      <trkpt lat="31.99037692509591579437255859375" lon="118.7714987061917781829833984375">
        <ele>37.59999847412109375</ele>
        <time>2024-10-23T11:27:30.000Z</time>
        <extensions>
          <ns3:TrackPointExtension>
            <ns3:atemp>23.0</ns3:atemp>
            <ns3:hr>152</ns3:hr>
            <ns3:cad>92</ns3:cad>
          </ns3:TrackPointExtension>
        </extensions>
      </trkpt>
      <trkpt lat="31.99036988429725170135498046875" lon="118.77153265289962291717529296875">
        <ele>37.40000152587890625</ele>
        <time>2024-10-23T11:27:31.000Z</time>
        <extensions>
          <ns3:TrackPointExtension>
            <ns3:atemp>23.0</ns3:atemp>
            <ns3:hr>152</ns3:hr>
            <ns3:cad>92</ns3:cad>
          </ns3:TrackPointExtension>
        </extensions>
      </trkpt>
      <trkpt lat="31.99036569334566593170166015625" lon="118.77156735397875308990478515625">
        <ele>37.200000762939453125</ele>
        <time>2024-10-23T11:27:32.000Z</time>
        <extensions>
          <ns3:TrackPointExtension>
            <ns3:atemp>23.0</ns3:atemp>
            <ns3:hr>152</ns3:hr>
            <ns3:cad>92</ns3:cad>
          </ns3:TrackPointExtension>
        </extensions>
      </trkpt>
      <trkpt lat="31.990360580384731292724609375" lon="118.77160490490496158599853515625">
        <ele>37</ele>
        <time>2024-10-23T11:27:33.000Z</time>
        <extensions>
          <ns3:TrackPointExtension>
            <ns3:atemp>23.0</ns3:atemp>
            <ns3:hr>152</ns3:hr>
            <ns3:cad>92</ns3:cad>
          </ns3:TrackPointExtension>
        </extensions>
      </trkpt>
      <trkpt lat="31.990355215966701507568359375" lon="118.77163826487958431243896484375">
        <ele>37</ele>
        <time>2024-10-23T11:27:34.000Z</time>
        <extensions>
          <ns3:TrackPointExtension>
            <ns3:atemp>23.0</ns3:atemp>
            <ns3:hr>152</ns3:hr>
            <ns3:cad>92</ns3:cad>
          </ns3:TrackPointExtension>
        </extensions>
      </trkpt>
      <trkpt lat="31.9903527013957500457763671875" lon="118.77167581580579280853271484375">
        <ele>36.799999237060546875</ele>
        <time>2024-10-23T11:27:35.000Z</time>
        <extensions>
          <ns3:TrackPointExtension>
            <ns3:atemp>23.0</ns3:atemp>
            <ns3:hr>152</ns3:hr>
            <ns3:cad>92</ns3:cad>
          </ns3:TrackPointExtension>
        </extensions>
      </trkpt>
      <trkpt lat="31.990349180996417999267578125" lon="118.77171076834201812744140625">
        <ele>36.799999237060546875</ele>
        <time>2024-10-23T11:27:36.000Z</time>
        <extensions>
          <ns3:TrackPointExtension>
            <ns3:atemp>23.0</ns3:atemp>
            <ns3:hr>152</ns3:hr>
            <ns3:cad>92</ns3:cad>
          </ns3:TrackPointExtension>
        </extensions>
      </trkpt>
      <trkpt lat="31.9903463311493396759033203125" lon="118.7717444635927677154541015625">
        <ele>36.59999847412109375</ele>
        <time>2024-10-23T11:27:37.000Z</time>
        <extensions>
          <ns3:TrackPointExtension>
            <ns3:atemp>23.0</ns3:atemp>
            <ns3:hr>152</ns3:hr>
            <ns3:cad>94</ns3:cad>
          </ns3:TrackPointExtension>
        </extensions>
      </trkpt>
      <trkpt lat="31.99034415185451507568359375" lon="118.77178075723350048065185546875">
        <ele>36.59999847412109375</ele>
        <time>2024-10-23T11:27:38.000Z</time>
        <extensions>
          <ns3:TrackPointExtension>
            <ns3:atemp>23.0</ns3:atemp>
            <ns3:hr>152</ns3:hr>
            <ns3:cad>94</ns3:cad>
          </ns3:TrackPointExtension>
        </extensions>
      </trkpt>
      <trkpt lat="31.99033870361745357513427734375" lon="118.77181126736104488372802734375">
        <ele>36.40000152587890625</ele>
        <time>2024-10-23T11:27:39.000Z</time>
        <extensions>
          <ns3:TrackPointExtension>
            <ns3:atemp>23.0</ns3:atemp>
            <ns3:hr>152</ns3:hr>
            <ns3:cad>93</ns3:cad>
          </ns3:TrackPointExtension>
        </extensions>
      </trkpt>
      <trkpt lat="31.99033166281878948211669921875" lon="118.7718487344682216644287109375">
        <ele>36.40000152587890625</ele>
        <time>2024-10-23T11:27:40.000Z</time>
        <extensions>
          <ns3:TrackPointExtension>
            <ns3:atemp>23.0</ns3:atemp>
            <ns3:hr>152</ns3:hr>
            <ns3:cad>93</ns3:cad>
          </ns3:TrackPointExtension>
        </extensions>
      </trkpt>
      <trkpt lat="31.99032646603882312774658203125" lon="118.77187932841479778289794921875">
        <ele>36.200000762939453125</ele>
        <time>2024-10-23T11:27:41.000Z</time>
        <extensions>
          <ns3:TrackPointExtension>
            <ns3:atemp>23.0</ns3:atemp>
            <ns3:hr>152</ns3:hr>
            <ns3:cad>93</ns3:cad>
          </ns3:TrackPointExtension>
        </extensions>
      </trkpt>
      <trkpt lat="31.9903218559920787811279296875" lon="118.77191654406487941741943359375">
        <ele>36.200000762939453125</ele>
        <time>2024-10-23T11:27:42.000Z</time>
        <extensions>
          <ns3:TrackPointExtension>
            <ns3:atemp>23.0</ns3:atemp>
            <ns3:hr>152</ns3:hr>
            <ns3:cad>93</ns3:cad>
          </ns3:TrackPointExtension>
        </extensions>
      </trkpt>
      <trkpt lat="31.9903168268501758575439453125" lon="118.77194839529693126678466796875">
        <ele>36</ele>
        <time>2024-10-23T11:27:43.000Z</time>
        <extensions>
          <ns3:TrackPointExtension>
            <ns3:atemp>23.0</ns3:atemp>
            <ns3:hr>152</ns3:hr>
            <ns3:cad>93</ns3:cad>
          </ns3:TrackPointExtension>
        </extensions>
      </trkpt>
      <trkpt lat="31.9903124682605266571044921875" lon="118.7719815038144588470458984375">
        <ele>36</ele>
        <time>2024-10-23T11:27:44.000Z</time>
        <extensions>
          <ns3:TrackPointExtension>
            <ns3:atemp>23.0</ns3:atemp>
            <ns3:hr>152</ns3:hr>
            <ns3:cad>93</ns3:cad>
          </ns3:TrackPointExtension>
        </extensions>
      </trkpt>
      <trkpt lat="31.9903111271560192108154296875" lon="118.77200639806687831878662109375">
        <ele>35.799999237060546875</ele>
        <time>2024-10-23T11:27:45.000Z</time>
        <extensions>
          <ns3:TrackPointExtension>
            <ns3:atemp>23.0</ns3:atemp>
            <ns3:hr>152</ns3:hr>
            <ns3:cad>93</ns3:cad>
          </ns3:TrackPointExtension>
        </extensions>
      </trkpt>
      <trkpt lat="31.99030702002346515655517578125" lon="118.7720435298979282379150390625">
        <ele>35.59999847412109375</ele>
        <time>2024-10-23T11:27:46.000Z</time>
        <extensions>
          <ns3:TrackPointExtension>
            <ns3:atemp>23.0</ns3:atemp>
            <ns3:hr>152</ns3:hr>
            <ns3:cad>93</ns3:cad>
          </ns3:TrackPointExtension>
        </extensions>
      </trkpt>
      <trkpt lat="31.99030567891895771026611328125" lon="118.7720740400254726409912109375">
        <ele>35.40000152587890625</ele>
        <time>2024-10-23T11:27:47.000Z</time>
        <extensions>
          <ns3:TrackPointExtension>
            <ns3:atemp>23.0</ns3:atemp>
            <ns3:hr>152</ns3:hr>
            <ns3:cad>93</ns3:cad>
          </ns3:TrackPointExtension>
        </extensions>
      </trkpt>
      <trkpt lat="31.99030458927154541015625" lon="118.7721137702465057373046875">
        <ele>35.40000152587890625</ele>
        <time>2024-10-23T11:27:48.000Z</time>
        <extensions>
          <ns3:TrackPointExtension>
            <ns3:atemp>23.0</ns3:atemp>
            <ns3:hr>152</ns3:hr>
            <ns3:cad>93</ns3:cad>
          </ns3:TrackPointExtension>
        </extensions>
      </trkpt>
      <trkpt lat="31.9903047569096088409423828125" lon="118.772144950926303863525390625">
        <ele>35.40000152587890625</ele>
        <time>2024-10-23T11:27:49.000Z</time>
        <extensions>
          <ns3:TrackPointExtension>
            <ns3:atemp>23.0</ns3:atemp>
            <ns3:hr>152</ns3:hr>
            <ns3:cad>93</ns3:cad>
          </ns3:TrackPointExtension>
        </extensions>
      </trkpt>
      <trkpt lat="31.9903059303760528564453125" lon="118.7721835076808929443359375">
        <ele>35.200000762939453125</ele>
        <time>2024-10-23T11:27:50.000Z</time>
        <extensions>
          <ns3:TrackPointExtension>
            <ns3:atemp>23.0</ns3:atemp>
            <ns3:hr>152</ns3:hr>
            <ns3:cad>93</ns3:cad>
          </ns3:TrackPointExtension>
        </extensions>
      </trkpt>
      <trkpt lat="31.99030869640409946441650390625" lon="118.77221410162746906280517578125">
        <ele>35</ele>
        <time>2024-10-23T11:27:51.000Z</time>
        <extensions>
          <ns3:TrackPointExtension>
            <ns3:atemp>23.0</ns3:atemp>
            <ns3:hr>152</ns3:hr>
            <ns3:cad>92</ns3:cad>
          </ns3:TrackPointExtension>
        </extensions>
      </trkpt>
      <trkpt lat="31.99031171388924121856689453125" lon="118.772251568734645843505859375">
        <ele>35</ele>
        <time>2024-10-23T11:27:52.000Z</time>
        <extensions>
          <ns3:TrackPointExtension>
            <ns3:atemp>23.0</ns3:atemp>
            <ns3:hr>152</ns3:hr>
            <ns3:cad>92</ns3:cad>
          </ns3:TrackPointExtension>
        </extensions>
      </trkpt>
      <trkpt lat="31.99031406082212924957275390625" lon="118.77228484489023685455322265625">
        <ele>34.799999237060546875</ele>
        <time>2024-10-23T11:27:53.000Z</time>
        <extensions>
          <ns3:TrackPointExtension>
            <ns3:atemp>23.0</ns3:atemp>
            <ns3:hr>152</ns3:hr>
            <ns3:cad>92</ns3:cad>
          </ns3:TrackPointExtension>
        </extensions>
      </trkpt>
      <trkpt lat="31.9903134740889072418212890625" lon="118.7723218090832233428955078125">
        <ele>34.59999847412109375</ele>
        <time>2024-10-23T11:27:54.000Z</time>
        <extensions>
          <ns3:TrackPointExtension>
            <ns3:atemp>23.0</ns3:atemp>
            <ns3:hr>152</ns3:hr>
            <ns3:cad>92</ns3:cad>
          </ns3:TrackPointExtension>
        </extensions>
      </trkpt>
      <trkpt lat="31.99031339026987552642822265625" lon="118.77235592342913150787353515625">
        <ele>34.59999847412109375</ele>
        <time>2024-10-23T11:27:55.000Z</time>
        <extensions>
          <ns3:TrackPointExtension>
            <ns3:atemp>23.0</ns3:atemp>
            <ns3:hr>152</ns3:hr>
            <ns3:cad>92</ns3:cad>
          </ns3:TrackPointExtension>
        </extensions>
      </trkpt>
      <trkpt lat="31.99031439609825611114501953125" lon="118.77238911576569080352783203125">
        <ele>34.40000152587890625</ele>
        <time>2024-10-23T11:27:56.000Z</time>
        <extensions>
          <ns3:TrackPointExtension>
            <ns3:atemp>23.0</ns3:atemp>
            <ns3:hr>152</ns3:hr>
            <ns3:cad>92</ns3:cad>
          </ns3:TrackPointExtension>
        </extensions>
      </trkpt>
      <trkpt lat="31.99031607247889041900634765625" lon="118.77242264337837696075439453125">
        <ele>34.200000762939453125</ele>
        <time>2024-10-23T11:27:57.000Z</time>
        <extensions>
          <ns3:TrackPointExtension>
            <ns3:atemp>23.0</ns3:atemp>
            <ns3:hr>152</ns3:hr>
            <ns3:cad>92</ns3:cad>
          </ns3:TrackPointExtension>
        </extensions>
      </trkpt>
      <trkpt lat="31.99031925760209560394287109375" lon="118.77245298586785793304443359375">
        <ele>34.200000762939453125</ele>
        <time>2024-10-23T11:27:58.000Z</time>
        <extensions>
          <ns3:TrackPointExtension>
            <ns3:atemp>23.0</ns3:atemp>
            <ns3:hr>152</ns3:hr>
            <ns3:cad>92</ns3:cad>
          </ns3:TrackPointExtension>
        </extensions>
      </trkpt>
      <trkpt lat="31.99032126925885677337646484375" lon="118.7724877707660198211669921875">
        <ele>34.200000762939453125</ele>
        <time>2024-10-23T11:27:59.000Z</time>
        <extensions>
          <ns3:TrackPointExtension>
            <ns3:atemp>23.0</ns3:atemp>
            <ns3:hr>152</ns3:hr>
            <ns3:cad>92</ns3:cad>
          </ns3:TrackPointExtension>
        </extensions>
      </trkpt>
      <trkpt lat="31.9903242029249668121337890625" lon="118.7725161015987396240234375">
        <ele>34</ele>
        <time>2024-10-23T11:28:00.000Z</time>
        <extensions>
          <ns3:TrackPointExtension>
            <ns3:atemp>23.0</ns3:atemp>
            <ns3:hr>152</ns3:hr>
            <ns3:cad>92</ns3:cad>
          </ns3:TrackPointExtension>
        </extensions>
      </trkpt>
      <trkpt lat="31.99032680131494998931884765625" lon="118.77255356870591640472412109375">
        <ele>34</ele>
        <time>2024-10-23T11:28:01.000Z</time>
        <extensions>
          <ns3:TrackPointExtension>
            <ns3:atemp>23.0</ns3:atemp>
            <ns3:hr>152</ns3:hr>
            <ns3:cad>92</ns3:cad>
          </ns3:TrackPointExtension>
        </extensions>
      </trkpt>
      <trkpt lat="31.99032931588590145111083984375" lon="118.77258173190057277679443359375">
        <ele>33.799999237060546875</ele>
        <time>2024-10-23T11:28:02.000Z</time>
        <extensions>
          <ns3:TrackPointExtension>
            <ns3:atemp>23.0</ns3:atemp>
            <ns3:hr>153</ns3:hr>
            <ns3:cad>92</ns3:cad>
          </ns3:TrackPointExtension>
        </extensions>
      </trkpt>
      <trkpt lat="31.990332417190074920654296875" lon="118.77261735498905181884765625">
        <ele>33.799999237060546875</ele>
        <time>2024-10-23T11:28:03.000Z</time>
        <extensions>
          <ns3:TrackPointExtension>
            <ns3:atemp>23.0</ns3:atemp>
            <ns3:hr>153</ns3:hr>
            <ns3:cad>94</ns3:cad>
          </ns3:TrackPointExtension>
        </extensions>
      </trkpt>
      <trkpt lat="31.99033618904650211334228515625" lon="118.77264685928821563720703125">
        <ele>33.59999847412109375</ele>
        <time>2024-10-23T11:28:04.000Z</time>
        <extensions>
          <ns3:TrackPointExtension>
            <ns3:atemp>23.0</ns3:atemp>
            <ns3:hr>153</ns3:hr>
            <ns3:cad>94</ns3:cad>
          </ns3:TrackPointExtension>
        </extensions>
      </trkpt>
      <trkpt lat="31.9903386197984218597412109375" lon="118.7726818956434726715087890625">
        <ele>33.40000152587890625</ele>
        <time>2024-10-23T11:28:05.000Z</time>
        <extensions>
          <ns3:TrackPointExtension>
            <ns3:atemp>23.0</ns3:atemp>
            <ns3:hr>152</ns3:hr>
            <ns3:cad>93</ns3:cad>
          </ns3:TrackPointExtension>
        </extensions>
      </trkpt>
      <trkpt lat="31.99034172110259532928466796875" lon="118.772712908685207366943359375">
        <ele>33.200000762939453125</ele>
        <time>2024-10-23T11:28:06.000Z</time>
        <extensions>
          <ns3:TrackPointExtension>
            <ns3:atemp>23.0</ns3:atemp>
            <ns3:hr>152</ns3:hr>
            <ns3:cad>93</ns3:cad>
          </ns3:TrackPointExtension>
        </extensions>
      </trkpt>
      <trkpt lat="31.9903443194925785064697265625" lon="118.7727476097643375396728515625">
        <ele>33.200000762939453125</ele>
        <time>2024-10-23T11:28:07.000Z</time>
        <extensions>
          <ns3:TrackPointExtension>
            <ns3:atemp>23.0</ns3:atemp>
            <ns3:hr>152</ns3:hr>
            <ns3:cad>93</ns3:cad>
          </ns3:TrackPointExtension>
        </extensions>
      </trkpt>
      <trkpt lat="31.99034725315868854522705078125" lon="118.772780634462833404541015625">
        <ele>33</ele>
        <time>2024-10-23T11:28:08.000Z</time>
        <extensions>
          <ns3:TrackPointExtension>
            <ns3:atemp>23.0</ns3:atemp>
            <ns3:hr>152</ns3:hr>
            <ns3:cad>93</ns3:cad>
          </ns3:TrackPointExtension>
        </extensions>
      </trkpt>
      <trkpt lat="31.99034809134900569915771484375" lon="118.7728126533329486846923828125">
        <ele>33</ele>
        <time>2024-10-23T11:28:09.000Z</time>
        <extensions>
          <ns3:TrackPointExtension>
            <ns3:atemp>23.0</ns3:atemp>
            <ns3:hr>152</ns3:hr>
            <ns3:cad>93</ns3:cad>
          </ns3:TrackPointExtension>
        </extensions>
      </trkpt>
      <trkpt lat="31.990350186824798583984375" lon="118.772846348583698272705078125">
        <ele>32.799999237060546875</ele>
        <time>2024-10-23T11:28:10.000Z</time>
        <extensions>
          <ns3:TrackPointExtension>
            <ns3:atemp>23.0</ns3:atemp>
            <ns3:hr>152</ns3:hr>
            <ns3:cad>93</ns3:cad>
          </ns3:TrackPointExtension>
        </extensions>
      </trkpt>
      <trkpt lat="31.99035110883414745330810546875" lon="118.7728793732821941375732421875">
        <ele>32.799999237060546875</ele>
        <time>2024-10-23T11:28:11.000Z</time>
        <extensions>
          <ns3:TrackPointExtension>
            <ns3:atemp>23.0</ns3:atemp>
            <ns3:hr>152</ns3:hr>
            <ns3:cad>92</ns3:cad>
          </ns3:TrackPointExtension>
        </extensions>
      </trkpt>
      <trkpt lat="31.99035228230059146881103515625" lon="118.772913403809070587158203125">
        <ele>32.59999847412109375</ele>
        <time>2024-10-23T11:28:12.000Z</time>
        <extensions>
          <ns3:TrackPointExtension>
            <ns3:atemp>23.0</ns3:atemp>
            <ns3:hr>152</ns3:hr>
            <ns3:cad>92</ns3:cad>
          </ns3:TrackPointExtension>
        </extensions>
      </trkpt>
      <trkpt lat="31.99035496450960636138916015625" lon="118.772944919764995574951171875">
        <ele>32.59999847412109375</ele>
        <time>2024-10-23T11:28:13.000Z</time>
        <extensions>
          <ns3:TrackPointExtension>
            <ns3:atemp>23.0</ns3:atemp>
            <ns3:hr>152</ns3:hr>
            <ns3:cad>92</ns3:cad>
          </ns3:TrackPointExtension>
        </extensions>
      </trkpt>
      <trkpt lat="31.99035781435668468475341796875" lon="118.772982470691204071044921875">
        <ele>32.40000152587890625</ele>
        <time>2024-10-23T11:28:14.000Z</time>
        <extensions>
          <ns3:TrackPointExtension>
            <ns3:atemp>23.0</ns3:atemp>
            <ns3:hr>151</ns3:hr>
            <ns3:cad>93</ns3:cad>
          </ns3:TrackPointExtension>
        </extensions>
      </trkpt>
      <trkpt lat="31.990359239280223846435546875" lon="118.77301390282809734344482421875">
        <ele>32.200000762939453125</ele>
        <time>2024-10-23T11:28:15.000Z</time>
        <extensions>
          <ns3:TrackPointExtension>
            <ns3:atemp>23.0</ns3:atemp>
            <ns3:hr>151</ns3:hr>
            <ns3:cad>93</ns3:cad>
          </ns3:TrackPointExtension>
        </extensions>
      </trkpt>
      <trkpt lat="31.9903607480227947235107421875" lon="118.773048184812068939208984375">
        <ele>32</ele>
        <time>2024-10-23T11:28:16.000Z</time>
        <extensions>
          <ns3:TrackPointExtension>
            <ns3:atemp>23.0</ns3:atemp>
            <ns3:hr>151</ns3:hr>
            <ns3:cad>93</ns3:cad>
          </ns3:TrackPointExtension>
        </extensions>
      </trkpt>
      <trkpt lat="31.99036284349858760833740234375" lon="118.7730758450925350189208984375">
        <ele>32</ele>
        <time>2024-10-23T11:28:17.000Z</time>
        <extensions>
          <ns3:TrackPointExtension>
            <ns3:atemp>23.0</ns3:atemp>
            <ns3:hr>151</ns3:hr>
            <ns3:cad>93</ns3:cad>
          </ns3:TrackPointExtension>
        </extensions>
      </trkpt>
      <trkpt lat="31.9903651066124439239501953125" lon="118.77311096526682376861572265625">
        <ele>31.6000003814697265625</ele>
        <time>2024-10-23T11:28:18.000Z</time>
        <extensions>
          <ns3:TrackPointExtension>
            <ns3:atemp>23.0</ns3:atemp>
            <ns3:hr>152</ns3:hr>
            <ns3:cad>93</ns3:cad>
          </ns3:TrackPointExtension>
        </extensions>
      </trkpt>
      <trkpt lat="31.9903708063066005706787109375" lon="118.77313996665179729461669921875">
        <ele>31.6000003814697265625</ele>
        <time>2024-10-23T11:28:19.000Z</time>
        <extensions>
          <ns3:TrackPointExtension>
            <ns3:atemp>23.0</ns3:atemp>
            <ns3:hr>152</ns3:hr>
            <ns3:cad>93</ns3:cad>
          </ns3:TrackPointExtension>
        </extensions>
      </trkpt>
      <trkpt lat="31.99037709273397922515869140625" lon="118.77317416481673717498779296875">
        <ele>31.6000003814697265625</ele>
        <time>2024-10-23T11:28:20.000Z</time>
        <extensions>
          <ns3:TrackPointExtension>
            <ns3:atemp>22.0</ns3:atemp>
            <ns3:hr>152</ns3:hr>
            <ns3:cad>93</ns3:cad>
          </ns3:TrackPointExtension>
        </extensions>
      </trkpt>
      <trkpt lat="31.99038438498973846435546875" lon="118.773201406002044677734375">
        <ele>31.3999996185302734375</ele>
        <time>2024-10-23T11:28:21.000Z</time>
        <extensions>
          <ns3:TrackPointExtension>
            <ns3:atemp>23.0</ns3:atemp>
            <ns3:hr>152</ns3:hr>
            <ns3:cad>92</ns3:cad>
          </ns3:TrackPointExtension>
        </extensions>
      </trkpt>
      <trkpt lat="31.99039016850292682647705078125" lon="118.7732327543199062347412109375">
        <ele>31.3999996185302734375</ele>
        <time>2024-10-23T11:28:22.000Z</time>
        <extensions>
          <ns3:TrackPointExtension>
            <ns3:atemp>22.0</ns3:atemp>
            <ns3:hr>152</ns3:hr>
            <ns3:cad>92</ns3:cad>
          </ns3:TrackPointExtension>
        </extensions>
      </trkpt>
      <trkpt lat="31.99039553292095661163330078125" lon="118.77325966022908687591552734375">
        <ele>31.200000762939453125</ele>
        <time>2024-10-23T11:28:23.000Z</time>
        <extensions>
          <ns3:TrackPointExtension>
            <ns3:atemp>22.0</ns3:atemp>
            <ns3:hr>152</ns3:hr>
            <ns3:cad>93</ns3:cad>
          </ns3:TrackPointExtension>
        </extensions>
      </trkpt>
      <trkpt lat="31.99040140025317668914794921875" lon="118.7732966244220733642578125">
        <ele>31</ele>
        <time>2024-10-23T11:28:24.000Z</time>
        <extensions>
          <ns3:TrackPointExtension>
            <ns3:atemp>23.0</ns3:atemp>
            <ns3:hr>152</ns3:hr>
            <ns3:cad>93</ns3:cad>
          </ns3:TrackPointExtension>
        </extensions>
      </trkpt>
      <trkpt lat="31.9904056750237941741943359375" lon="118.77333073876798152923583984375">
        <ele>31</ele>
        <time>2024-10-23T11:28:25.000Z</time>
        <extensions>
          <ns3:TrackPointExtension>
            <ns3:atemp>22.0</ns3:atemp>
            <ns3:hr>152</ns3:hr>
            <ns3:cad>93</ns3:cad>
          </ns3:TrackPointExtension>
        </extensions>
      </trkpt>
      <trkpt lat="31.99040944688022136688232421875" lon="118.773362003266811370849609375">
        <ele>30.799999237060546875</ele>
        <time>2024-10-23T11:28:26.000Z</time>
        <extensions>
          <ns3:TrackPointExtension>
            <ns3:atemp>22.0</ns3:atemp>
            <ns3:hr>152</ns3:hr>
            <ns3:cad>93</ns3:cad>
          </ns3:TrackPointExtension>
        </extensions>
      </trkpt>
      <trkpt lat="31.990412883460521697998046875" lon="118.7733970396220684051513671875">
        <ele>30.6000003814697265625</ele>
        <time>2024-10-23T11:28:27.000Z</time>
        <extensions>
          <ns3:TrackPointExtension>
            <ns3:atemp>22.0</ns3:atemp>
            <ns3:hr>153</ns3:hr>
            <ns3:cad>91</ns3:cad>
          </ns3:TrackPointExtension>
        </extensions>
      </trkpt>
      <trkpt lat="31.99041447602212429046630859375" lon="118.77342830412089824676513671875">
        <ele>30.6000003814697265625</ele>
        <time>2024-10-23T11:28:28.000Z</time>
        <extensions>
          <ns3:TrackPointExtension>
            <ns3:atemp>22.0</ns3:atemp>
            <ns3:hr>153</ns3:hr>
            <ns3:cad>91</ns3:cad>
          </ns3:TrackPointExtension>
        </extensions>
      </trkpt>
      <trkpt lat="31.9904187507927417755126953125" lon="118.77346870489418506622314453125">
        <ele>30.3999996185302734375</ele>
        <time>2024-10-23T11:28:29.000Z</time>
        <extensions>
          <ns3:TrackPointExtension>
            <ns3:atemp>22.0</ns3:atemp>
            <ns3:hr>153</ns3:hr>
            <ns3:cad>91</ns3:cad>
          </ns3:TrackPointExtension>
        </extensions>
      </trkpt>
      <trkpt lat="31.990422271192073822021484375" lon="118.7734977900981903076171875">
        <ele>30.200000762939453125</ele>
        <time>2024-10-23T11:28:30.000Z</time>
        <extensions>
          <ns3:TrackPointExtension>
            <ns3:atemp>22.0</ns3:atemp>
            <ns3:hr>153</ns3:hr>
            <ns3:cad>91</ns3:cad>
          </ns3:TrackPointExtension>
        </extensions>
      </trkpt>
      <trkpt lat="31.99042235501110553741455078125" lon="118.77353475429117679595947265625">
        <ele>30</ele>
        <time>2024-10-23T11:28:31.000Z</time>
        <extensions>
          <ns3:TrackPointExtension>
            <ns3:atemp>23.0</ns3:atemp>
            <ns3:hr>153</ns3:hr>
            <ns3:cad>92</ns3:cad>
          </ns3:TrackPointExtension>
        </extensions>
      </trkpt>
      <trkpt lat="31.9904227741062641143798828125" lon="118.7735623307526111602783203125">
        <ele>29.799999237060546875</ele>
        <time>2024-10-23T11:28:32.000Z</time>
        <extensions>
          <ns3:TrackPointExtension>
            <ns3:atemp>23.0</ns3:atemp>
            <ns3:hr>153</ns3:hr>
            <ns3:cad>92</ns3:cad>
          </ns3:TrackPointExtension>
        </extensions>
      </trkpt>
      <trkpt lat="31.99042838998138904571533203125" lon="118.77359678037464618682861328125">
        <ele>29.6000003814697265625</ele>
        <time>2024-10-23T11:28:33.000Z</time>
        <extensions>
          <ns3:TrackPointExtension>
            <ns3:atemp>22.0</ns3:atemp>
            <ns3:hr>153</ns3:hr>
            <ns3:cad>92</ns3:cad>
          </ns3:TrackPointExtension>
        </extensions>
      </trkpt>
      <trkpt lat="31.99043677188456058502197265625" lon="118.77362293191254138946533203125">
        <ele>29.3999996185302734375</ele>
        <time>2024-10-23T11:28:34.000Z</time>
        <extensions>
          <ns3:TrackPointExtension>
            <ns3:atemp>22.0</ns3:atemp>
            <ns3:hr>153</ns3:hr>
            <ns3:cad>93</ns3:cad>
          </ns3:TrackPointExtension>
        </extensions>
      </trkpt>
      <trkpt lat="31.99044381268322467803955078125" lon="118.77365813590586185455322265625">
        <ele>29.3999996185302734375</ele>
        <time>2024-10-23T11:28:35.000Z</time>
        <extensions>
          <ns3:TrackPointExtension>
            <ns3:atemp>22.0</ns3:atemp>
            <ns3:hr>153</ns3:hr>
            <ns3:cad>94</ns3:cad>
          </ns3:TrackPointExtension>
        </extensions>
      </trkpt>
      <trkpt lat="31.990449428558349609375" lon="118.77369049005210399627685546875">
        <ele>29.3999996185302734375</ele>
        <time>2024-10-23T11:28:36.000Z</time>
        <extensions>
          <ns3:TrackPointExtension>
            <ns3:atemp>22.0</ns3:atemp>
            <ns3:hr>153</ns3:hr>
            <ns3:cad>94</ns3:cad>
          </ns3:TrackPointExtension>
        </extensions>
      </trkpt>
      <trkpt lat="31.99045655317604541778564453125" lon="118.77372452057898044586181640625">
        <ele>29.200000762939453125</ele>
        <time>2024-10-23T11:28:37.000Z</time>
        <extensions>
          <ns3:TrackPointExtension>
            <ns3:atemp>22.0</ns3:atemp>
            <ns3:hr>153</ns3:hr>
            <ns3:cad>94</ns3:cad>
          </ns3:TrackPointExtension>
        </extensions>
      </trkpt>
      <trkpt lat="31.9904620014131069183349609375" lon="118.77375402487814426422119140625">
        <ele>29.200000762939453125</ele>
        <time>2024-10-23T11:28:38.000Z</time>
        <extensions>
          <ns3:TrackPointExtension>
            <ns3:atemp>22.0</ns3:atemp>
            <ns3:hr>153</ns3:hr>
            <ns3:cad>93</ns3:cad>
          </ns3:TrackPointExtension>
        </extensions>
      </trkpt>
      <trkpt lat="31.9904680363833904266357421875" lon="118.77378554083406925201416015625">
        <ele>29</ele>
        <time>2024-10-23T11:28:39.000Z</time>
        <extensions>
          <ns3:TrackPointExtension>
            <ns3:atemp>22.0</ns3:atemp>
            <ns3:hr>153</ns3:hr>
            <ns3:cad>93</ns3:cad>
          </ns3:TrackPointExtension>
        </extensions>
      </trkpt>
      <trkpt lat="31.9904734008014202117919921875" lon="118.77381554804742336273193359375">
        <ele>29</ele>
        <time>2024-10-23T11:28:40.000Z</time>
        <extensions>
          <ns3:TrackPointExtension>
            <ns3:atemp>22.0</ns3:atemp>
            <ns3:hr>153</ns3:hr>
            <ns3:cad>92</ns3:cad>
          </ns3:TrackPointExtension>
        </extensions>
      </trkpt>
      <trkpt lat="31.99047650210559368133544921875" lon="118.77384337596595287322998046875">
        <ele>29</ele>
        <time>2024-10-23T11:28:41.000Z</time>
        <extensions>
          <ns3:TrackPointExtension>
            <ns3:atemp>22.0</ns3:atemp>
            <ns3:hr>154</ns3:hr>
            <ns3:cad>92</ns3:cad>
          </ns3:TrackPointExtension>
        </extensions>
      </trkpt>
      <trkpt lat="31.99047826230525970458984375" lon="118.7738738022744655609130859375">
        <ele>28.799999237060546875</ele>
        <time>2024-10-23T11:28:42.000Z</time>
        <extensions>
          <ns3:TrackPointExtension>
            <ns3:atemp>22.0</ns3:atemp>
            <ns3:hr>154</ns3:hr>
            <ns3:cad>92</ns3:cad>
          </ns3:TrackPointExtension>
        </extensions>
      </trkpt>
      <trkpt lat="31.990482620894908905029296875" lon="118.7739009596407413482666015625">
        <ele>28.799999237060546875</ele>
        <time>2024-10-23T11:28:43.000Z</time>
        <extensions>
          <ns3:TrackPointExtension>
            <ns3:atemp>22.0</ns3:atemp>
            <ns3:hr>153</ns3:hr>
            <ns3:cad>92</ns3:cad>
          </ns3:TrackPointExtension>
        </extensions>
      </trkpt>
      <trkpt lat="31.990487314760684967041015625" lon="118.773930631577968597412109375">
        <ele>28.799999237060546875</ele>
        <time>2024-10-23T11:28:44.000Z</time>
        <extensions>
          <ns3:TrackPointExtension>
            <ns3:atemp>22.0</ns3:atemp>
            <ns3:hr>153</ns3:hr>
            <ns3:cad>92</ns3:cad>
          </ns3:TrackPointExtension>
        </extensions>
      </trkpt>
      <trkpt lat="31.99049175716936588287353515625" lon="118.77396038733422756195068359375">
        <ele>28.6000003814697265625</ele>
        <time>2024-10-23T11:28:45.000Z</time>
        <extensions>
          <ns3:TrackPointExtension>
            <ns3:atemp>22.0</ns3:atemp>
            <ns3:hr>153</ns3:hr>
            <ns3:cad>92</ns3:cad>
          </ns3:TrackPointExtension>
        </extensions>
      </trkpt>
      <trkpt lat="31.99049611575901508331298828125" lon="118.7739928252995014190673828125">
        <ele>28.6000003814697265625</ele>
        <time>2024-10-23T11:28:46.000Z</time>
        <extensions>
          <ns3:TrackPointExtension>
            <ns3:atemp>22.0</ns3:atemp>
            <ns3:hr>152</ns3:hr>
            <ns3:cad>92</ns3:cad>
          </ns3:TrackPointExtension>
        </extensions>
      </trkpt>
      <trkpt lat="31.99049829505383968353271484375" lon="118.77402123995125293731689453125">
        <ele>28.3999996185302734375</ele>
        <time>2024-10-23T11:28:47.000Z</time>
        <extensions>
          <ns3:TrackPointExtension>
            <ns3:atemp>22.0</ns3:atemp>
            <ns3:hr>152</ns3:hr>
            <ns3:cad>92</ns3:cad>
          </ns3:TrackPointExtension>
        </extensions>
      </trkpt>
      <trkpt lat="31.99049779213964939117431640625" lon="118.77405024133622646331787109375">
        <ele>28.3999996185302734375</ele>
        <time>2024-10-23T11:28:48.000Z</time>
        <extensions>
          <ns3:TrackPointExtension>
            <ns3:atemp>22.0</ns3:atemp>
            <ns3:hr>152</ns3:hr>
            <ns3:cad>92</ns3:cad>
          </ns3:TrackPointExtension>
        </extensions>
      </trkpt>
      <trkpt lat="31.99049661867320537567138671875" lon="118.7740759737789630889892578125">
        <ele>28.200000762939453125</ele>
        <time>2024-10-23T11:28:49.000Z</time>
        <extensions>
          <ns3:TrackPointExtension>
            <ns3:atemp>22.0</ns3:atemp>
            <ns3:hr>152</ns3:hr>
            <ns3:cad>92</ns3:cad>
          </ns3:TrackPointExtension>
        </extensions>
      </trkpt>
      <trkpt lat="31.990496702492237091064453125" lon="118.77410187385976314544677734375">
        <ele>28.200000762939453125</ele>
        <time>2024-10-23T11:28:50.000Z</time>
        <extensions>
          <ns3:TrackPointExtension>
            <ns3:atemp>22.0</ns3:atemp>
            <ns3:hr>152</ns3:hr>
            <ns3:cad>92</ns3:cad>
          </ns3:TrackPointExtension>
        </extensions>
      </trkpt>
      <trkpt lat="31.9904955290257930755615234375" lon="118.77413104288280010223388671875">
        <ele>28.200000762939453125</ele>
        <time>2024-10-23T11:28:51.000Z</time>
        <extensions>
          <ns3:TrackPointExtension>
            <ns3:atemp>22.0</ns3:atemp>
            <ns3:hr>152</ns3:hr>
            <ns3:cad>92</ns3:cad>
          </ns3:TrackPointExtension>
        </extensions>
      </trkpt>
      <trkpt lat="31.99049628339707851409912109375" lon="118.774162642657756805419921875">
        <ele>28</ele>
        <time>2024-10-23T11:28:52.000Z</time>
        <extensions>
          <ns3:TrackPointExtension>
            <ns3:atemp>22.0</ns3:atemp>
            <ns3:hr>152</ns3:hr>
            <ns3:cad>92</ns3:cad>
          </ns3:TrackPointExtension>
        </extensions>
      </trkpt>
      <trkpt lat="31.99049779213964939117431640625" lon="118.7741943262517452239990234375">
        <ele>28</ele>
        <time>2024-10-23T11:28:53.000Z</time>
        <extensions>
          <ns3:TrackPointExtension>
            <ns3:atemp>22.0</ns3:atemp>
            <ns3:hr>152</ns3:hr>
            <ns3:cad>92</ns3:cad>
          </ns3:TrackPointExtension>
        </extensions>
      </trkpt>
      <trkpt lat="31.99049913324415683746337890625" lon="118.774227015674114227294921875">
        <ele>28</ele>
        <time>2024-10-23T11:28:54.000Z</time>
        <extensions>
          <ns3:TrackPointExtension>
            <ns3:atemp>22.0</ns3:atemp>
            <ns3:hr>152</ns3:hr>
            <ns3:cad>90</ns3:cad>
          </ns3:TrackPointExtension>
        </extensions>
      </trkpt>
      <trkpt lat="31.990502066910266876220703125" lon="118.77425543032586574554443359375">
        <ele>27.799999237060546875</ele>
        <time>2024-10-23T11:28:55.000Z</time>
        <extensions>
          <ns3:TrackPointExtension>
            <ns3:atemp>22.0</ns3:atemp>
            <ns3:hr>152</ns3:hr>
            <ns3:cad>90</ns3:cad>
          </ns3:TrackPointExtension>
        </extensions>
      </trkpt>
      <trkpt lat="31.99050583876669406890869140625" lon="118.77428577281534671783447265625">
        <ele>27.799999237060546875</ele>
        <time>2024-10-23T11:28:56.000Z</time>
        <extensions>
          <ns3:TrackPointExtension>
            <ns3:atemp>22.0</ns3:atemp>
            <ns3:hr>152</ns3:hr>
            <ns3:cad>90</ns3:cad>
          </ns3:TrackPointExtension>
        </extensions>
      </trkpt>
      <trkpt lat="31.99050701223313808441162109375" lon="118.77431343309581279754638671875">
        <ele>27.6000003814697265625</ele>
        <time>2024-10-23T11:28:57.000Z</time>
        <extensions>
          <ns3:TrackPointExtension>
            <ns3:atemp>22.0</ns3:atemp>
            <ns3:hr>152</ns3:hr>
            <ns3:cad>90</ns3:cad>
          </ns3:TrackPointExtension>
        </extensions>
      </trkpt>
      <trkpt lat="31.99051120318472385406494140625" lon="118.7743455357849597930908203125">
        <ele>27.6000003814697265625</ele>
        <time>2024-10-23T11:28:58.000Z</time>
        <extensions>
          <ns3:TrackPointExtension>
            <ns3:atemp>22.0</ns3:atemp>
            <ns3:hr>152</ns3:hr>
            <ns3:cad>90</ns3:cad>
          </ns3:TrackPointExtension>
        </extensions>
      </trkpt>
      <trkpt lat="31.99051355011761188507080078125" lon="118.77437780611217021942138671875">
        <ele>27.6000003814697265625</ele>
        <time>2024-10-23T11:28:59.000Z</time>
        <extensions>
          <ns3:TrackPointExtension>
            <ns3:atemp>22.0</ns3:atemp>
            <ns3:hr>152</ns3:hr>
            <ns3:cad>91</ns3:cad>
          </ns3:TrackPointExtension>
        </extensions>
      </trkpt>
      <trkpt lat="31.99051824398338794708251953125" lon="118.77440848387777805328369140625">
        <ele>27.6000003814697265625</ele>
        <time>2024-10-23T11:29:00.000Z</time>
        <extensions>
          <ns3:TrackPointExtension>
            <ns3:atemp>22.0</ns3:atemp>
            <ns3:hr>152</ns3:hr>
            <ns3:cad>91</ns3:cad>
          </ns3:TrackPointExtension>
        </extensions>
      </trkpt>
      <trkpt lat="31.99052260257303714752197265625" lon="118.77443983219563961029052734375">
        <ele>27.3999996185302734375</ele>
        <time>2024-10-23T11:29:01.000Z</time>
        <extensions>
          <ns3:TrackPointExtension>
            <ns3:atemp>22.0</ns3:atemp>
            <ns3:hr>152</ns3:hr>
            <ns3:cad>91</ns3:cad>
          </ns3:TrackPointExtension>
        </extensions>
      </trkpt>
      <trkpt lat="31.990527547895908355712890625" lon="118.774472437798976898193359375">
        <ele>27.3999996185302734375</ele>
        <time>2024-10-23T11:29:02.000Z</time>
        <extensions>
          <ns3:TrackPointExtension>
            <ns3:atemp>22.0</ns3:atemp>
            <ns3:hr>152</ns3:hr>
            <ns3:cad>91</ns3:cad>
          </ns3:TrackPointExtension>
        </extensions>
      </trkpt>
      <trkpt lat="31.99053199030458927154541015625" lon="118.7745064683258533477783203125">
        <ele>27.200000762939453125</ele>
        <time>2024-10-23T11:29:03.000Z</time>
        <extensions>
          <ns3:TrackPointExtension>
            <ns3:atemp>22.0</ns3:atemp>
            <ns3:hr>152</ns3:hr>
            <ns3:cad>92</ns3:cad>
          </ns3:TrackPointExtension>
        </extensions>
      </trkpt>
      <trkpt lat="31.99054003693163394927978515625" lon="118.77453806810081005096435546875">
        <ele>27.200000762939453125</ele>
        <time>2024-10-23T11:29:04.000Z</time>
        <extensions>
          <ns3:TrackPointExtension>
            <ns3:atemp>22.0</ns3:atemp>
            <ns3:hr>152</ns3:hr>
            <ns3:cad>93</ns3:cad>
          </ns3:TrackPointExtension>
        </extensions>
      </trkpt>
      <trkpt lat="31.99054473079741001129150390625" lon="118.77456740476191043853759765625">
        <ele>27.200000762939453125</ele>
        <time>2024-10-23T11:29:05.000Z</time>
        <extensions>
          <ns3:TrackPointExtension>
            <ns3:atemp>22.0</ns3:atemp>
            <ns3:hr>152</ns3:hr>
            <ns3:cad>93</ns3:cad>
          </ns3:TrackPointExtension>
        </extensions>
      </trkpt>
      <trkpt lat="31.990553028881549835205078125" lon="118.774598501622676849365234375">
        <ele>27</ele>
        <time>2024-10-23T11:29:06.000Z</time>
        <extensions>
          <ns3:TrackPointExtension>
            <ns3:atemp>22.0</ns3:atemp>
            <ns3:hr>152</ns3:hr>
            <ns3:cad>92</ns3:cad>
          </ns3:TrackPointExtension>
        </extensions>
      </trkpt>
      <trkpt lat="31.99055613018572330474853515625" lon="118.77463412471115589141845703125">
        <ele>27</ele>
        <time>2024-10-23T11:29:07.000Z</time>
        <extensions>
          <ns3:TrackPointExtension>
            <ns3:atemp>22.0</ns3:atemp>
            <ns3:hr>152</ns3:hr>
            <ns3:cad>92</ns3:cad>
          </ns3:TrackPointExtension>
        </extensions>
      </trkpt>
      <trkpt lat="31.9905622489750385284423828125" lon="118.7746627070009708404541015625">
        <ele>27</ele>
        <time>2024-10-23T11:29:08.000Z</time>
        <extensions>
          <ns3:TrackPointExtension>
            <ns3:atemp>22.0</ns3:atemp>
            <ns3:hr>152</ns3:hr>
            <ns3:cad>92</ns3:cad>
          </ns3:TrackPointExtension>
        </extensions>
      </trkpt>
      <trkpt lat="31.990565769374370574951171875" lon="118.77469548024237155914306640625">
        <ele>27</ele>
        <time>2024-10-23T11:29:09.000Z</time>
        <extensions>
          <ns3:TrackPointExtension>
            <ns3:atemp>22.0</ns3:atemp>
            <ns3:hr>152</ns3:hr>
            <ns3:cad>92</ns3:cad>
          </ns3:TrackPointExtension>
        </extensions>
      </trkpt>
      <trkpt lat="31.99056836776435375213623046875" lon="118.7747247330844402313232421875">
        <ele>27</ele>
        <time>2024-10-23T11:29:10.000Z</time>
        <extensions>
          <ns3:TrackPointExtension>
            <ns3:atemp>22.0</ns3:atemp>
            <ns3:hr>152</ns3:hr>
            <ns3:cad>93</ns3:cad>
          </ns3:TrackPointExtension>
        </extensions>
      </trkpt>
      <trkpt lat="31.990570127964019775390625" lon="118.774756081402301788330078125">
        <ele>26.799999237060546875</ele>
        <time>2024-10-23T11:29:11.000Z</time>
        <extensions>
          <ns3:TrackPointExtension>
            <ns3:atemp>22.0</ns3:atemp>
            <ns3:hr>152</ns3:hr>
            <ns3:cad>93</ns3:cad>
          </ns3:TrackPointExtension>
        </extensions>
      </trkpt>
      <trkpt lat="31.9905729778110980987548828125" lon="118.77478717826306819915771484375">
        <ele>26.799999237060546875</ele>
        <time>2024-10-23T11:29:12.000Z</time>
        <extensions>
          <ns3:TrackPointExtension>
            <ns3:atemp>22.0</ns3:atemp>
            <ns3:hr>152</ns3:hr>
            <ns3:cad>93</ns3:cad>
          </ns3:TrackPointExtension>
        </extensions>
      </trkpt>
      <trkpt lat="31.9905763305723667144775390625" lon="118.77482053823769092559814453125">
        <ele>26.6000003814697265625</ele>
        <time>2024-10-23T11:29:13.000Z</time>
        <extensions>
          <ns3:TrackPointExtension>
            <ns3:atemp>22.0</ns3:atemp>
            <ns3:hr>152</ns3:hr>
            <ns3:cad>93</ns3:cad>
          </ns3:TrackPointExtension>
        </extensions>
      </trkpt>
      <trkpt lat="31.99057884514331817626953125" lon="118.77485540695488452911376953125">
        <ele>26.6000003814697265625</ele>
        <time>2024-10-23T11:29:14.000Z</time>
        <extensions>
          <ns3:TrackPointExtension>
            <ns3:atemp>22.0</ns3:atemp>
            <ns3:hr>152</ns3:hr>
            <ns3:cad>93</ns3:cad>
          </ns3:TrackPointExtension>
        </extensions>
      </trkpt>
      <trkpt lat="31.99058177880942821502685546875" lon="118.77488658763468265533447265625">
        <ele>26.6000003814697265625</ele>
        <time>2024-10-23T11:29:15.000Z</time>
        <extensions>
          <ns3:TrackPointExtension>
            <ns3:atemp>22.0</ns3:atemp>
            <ns3:hr>151</ns3:hr>
            <ns3:cad>93</ns3:cad>
          </ns3:TrackPointExtension>
        </extensions>
      </trkpt>
      <trkpt lat="31.990583874285221099853515625" lon="118.77491408027708530426025390625">
        <ele>26.6000003814697265625</ele>
        <time>2024-10-23T11:29:16.000Z</time>
        <extensions>
          <ns3:TrackPointExtension>
            <ns3:atemp>22.0</ns3:atemp>
            <ns3:hr>152</ns3:hr>
            <ns3:cad>93</ns3:cad>
          </ns3:TrackPointExtension>
        </extensions>
      </trkpt>
      <trkpt lat="31.99058613739907741546630859375" lon="118.77494526095688343048095703125">
        <ele>26.6000003814697265625</ele>
        <time>2024-10-23T11:29:17.000Z</time>
        <extensions>
          <ns3:TrackPointExtension>
            <ns3:atemp>22.0</ns3:atemp>
            <ns3:hr>152</ns3:hr>
            <ns3:cad>93</ns3:cad>
          </ns3:TrackPointExtension>
        </extensions>
      </trkpt>
      <trkpt lat="31.99058865197002887725830078125" lon="118.7749758549034595489501953125">
        <ele>26.6000003814697265625</ele>
        <time>2024-10-23T11:29:18.000Z</time>
        <extensions>
          <ns3:TrackPointExtension>
            <ns3:atemp>22.0</ns3:atemp>
            <ns3:hr>152</ns3:hr>
            <ns3:cad>93</ns3:cad>
          </ns3:TrackPointExtension>
        </extensions>
      </trkpt>
      <trkpt lat="31.99059301055967807769775390625" lon="118.77500594593584537506103515625">
        <ele>26.3999996185302734375</ele>
        <time>2024-10-23T11:29:19.000Z</time>
        <extensions>
          <ns3:TrackPointExtension>
            <ns3:atemp>22.0</ns3:atemp>
            <ns3:hr>152</ns3:hr>
            <ns3:cad>94</ns3:cad>
          </ns3:TrackPointExtension>
        </extensions>
      </trkpt>
      <trkpt lat="31.99059627950191497802734375" lon="118.7750341929495334625244140625">
        <ele>26.3999996185302734375</ele>
        <time>2024-10-23T11:29:20.000Z</time>
        <extensions>
          <ns3:TrackPointExtension>
            <ns3:atemp>22.0</ns3:atemp>
            <ns3:hr>152</ns3:hr>
            <ns3:cad>94</ns3:cad>
          </ns3:TrackPointExtension>
        </extensions>
      </trkpt>
      <trkpt lat="31.99059971608221530914306640625" lon="118.77506596036255359649658203125">
        <ele>26.3999996185302734375</ele>
        <time>2024-10-23T11:29:21.000Z</time>
        <extensions>
          <ns3:TrackPointExtension>
            <ns3:atemp>22.0</ns3:atemp>
            <ns3:hr>153</ns3:hr>
            <ns3:cad>93</ns3:cad>
          </ns3:TrackPointExtension>
        </extensions>
      </trkpt>
      <trkpt lat="31.9906028173863887786865234375" lon="118.77510015852749347686767578125">
        <ele>26.3999996185302734375</ele>
        <time>2024-10-23T11:29:22.000Z</time>
        <extensions>
          <ns3:TrackPointExtension>
            <ns3:atemp>22.0</ns3:atemp>
            <ns3:hr>153</ns3:hr>
            <ns3:cad>93</ns3:cad>
          </ns3:TrackPointExtension>
        </extensions>
      </trkpt>
      <trkpt lat="31.99060575105249881744384765625" lon="118.775131590664386749267578125">
        <ele>26.3999996185302734375</ele>
        <time>2024-10-23T11:29:23.000Z</time>
        <extensions>
          <ns3:TrackPointExtension>
            <ns3:atemp>22.0</ns3:atemp>
            <ns3:hr>153</ns3:hr>
            <ns3:cad>94</ns3:cad>
          </ns3:TrackPointExtension>
        </extensions>
      </trkpt>
      <trkpt lat="31.9906075112521648406982421875" lon="118.77516687847673892974853515625">
        <ele>26.3999996185302734375</ele>
        <time>2024-10-23T11:29:24.000Z</time>
        <extensions>
          <ns3:TrackPointExtension>
            <ns3:atemp>22.0</ns3:atemp>
            <ns3:hr>154</ns3:hr>
            <ns3:cad>94</ns3:cad>
          </ns3:TrackPointExtension>
        </extensions>
      </trkpt>
      <trkpt lat="31.9906122051179409027099609375" lon="118.77519973553717136383056640625">
        <ele>26.3999996185302734375</ele>
        <time>2024-10-23T11:29:25.000Z</time>
        <extensions>
          <ns3:TrackPointExtension>
            <ns3:atemp>22.0</ns3:atemp>
            <ns3:hr>154</ns3:hr>
            <ns3:cad>93</ns3:cad>
          </ns3:TrackPointExtension>
        </extensions>
      </trkpt>
      <trkpt lat="31.990616731345653533935546875" lon="118.77523158676922321319580078125">
        <ele>26.200000762939453125</ele>
        <time>2024-10-23T11:29:26.000Z</time>
        <extensions>
          <ns3:TrackPointExtension>
            <ns3:atemp>22.0</ns3:atemp>
            <ns3:hr>155</ns3:hr>
            <ns3:cad>93</ns3:cad>
          </ns3:TrackPointExtension>
        </extensions>
      </trkpt>
      <trkpt lat="31.990622766315937042236328125" lon="118.77526142634451389312744140625">
        <ele>26.200000762939453125</ele>
        <time>2024-10-23T11:29:27.000Z</time>
        <extensions>
          <ns3:TrackPointExtension>
            <ns3:atemp>22.0</ns3:atemp>
            <ns3:hr>155</ns3:hr>
            <ns3:cad>93</ns3:cad>
          </ns3:TrackPointExtension>
        </extensions>
      </trkpt>
      <trkpt lat="31.9906289689242839813232421875" lon="118.775291182100772857666015625">
        <ele>26.200000762939453125</ele>
        <time>2024-10-23T11:29:28.000Z</time>
        <extensions>
          <ns3:TrackPointExtension>
            <ns3:atemp>22.0</ns3:atemp>
            <ns3:hr>155</ns3:hr>
            <ns3:cad>93</ns3:cad>
          </ns3:TrackPointExtension>
        </extensions>
      </trkpt>
      <trkpt lat="31.990632824599742889404296875" lon="118.77532211132347583770751953125">
        <ele>26.200000762939453125</ele>
        <time>2024-10-23T11:29:29.000Z</time>
        <extensions>
          <ns3:TrackPointExtension>
            <ns3:atemp>22.0</ns3:atemp>
            <ns3:hr>155</ns3:hr>
            <ns3:cad>93</ns3:cad>
          </ns3:TrackPointExtension>
        </extensions>
      </trkpt>
      <trkpt lat="31.99063785374164581298828125" lon="118.7753533758223056793212890625">
        <ele>26</ele>
        <time>2024-10-23T11:29:30.000Z</time>
        <extensions>
          <ns3:TrackPointExtension>
            <ns3:atemp>22.0</ns3:atemp>
            <ns3:hr>155</ns3:hr>
            <ns3:cad>93</ns3:cad>
          </ns3:TrackPointExtension>
        </extensions>
      </trkpt>
      <trkpt lat="31.99064129032194614410400390625" lon="118.7753822095692157745361328125">
        <ele>26</ele>
        <time>2024-10-23T11:29:31.000Z</time>
        <extensions>
          <ns3:TrackPointExtension>
            <ns3:atemp>22.0</ns3:atemp>
            <ns3:hr>155</ns3:hr>
            <ns3:cad>93</ns3:cad>
          </ns3:TrackPointExtension>
        </extensions>
      </trkpt>
      <trkpt lat="31.99064833112061023712158203125" lon="118.775413893163204193115234375">
        <ele>26</ele>
        <time>2024-10-23T11:29:32.000Z</time>
        <extensions>
          <ns3:TrackPointExtension>
            <ns3:atemp>22.0</ns3:atemp>
            <ns3:hr>154</ns3:hr>
            <ns3:cad>93</ns3:cad>
          </ns3:TrackPointExtension>
        </extensions>
      </trkpt>
      <trkpt lat="31.9906531088054180145263671875" lon="118.77544037997722625732421875">
        <ele>26</ele>
        <time>2024-10-23T11:29:33.000Z</time>
        <extensions>
          <ns3:TrackPointExtension>
            <ns3:atemp>22.0</ns3:atemp>
            <ns3:hr>154</ns3:hr>
            <ns3:cad>93</ns3:cad>
          </ns3:TrackPointExtension>
        </extensions>
      </trkpt>
      <trkpt lat="31.9906749017536640167236328125" lon="118.77551523037254810333251953125">
        <ele>25.799999237060546875</ele>
        <time>2024-10-23T11:30:51.000Z</time>
        <extensions>
          <ns3:TrackPointExtension>
            <ns3:atemp>22.0</ns3:atemp>
            <ns3:hr>106</ns3:hr>
            <ns3:cad>42</ns3:cad>
          </ns3:TrackPointExtension>
        </extensions>
      </trkpt>
      <trkpt lat="31.99067800305783748626708984375" lon="118.7755317427217960357666015625">
        <ele>25.799999237060546875</ele>
        <time>2024-10-23T11:30:52.000Z</time>
        <extensions>
          <ns3:TrackPointExtension>
            <ns3:atemp>22.0</ns3:atemp>
            <ns3:hr>105</ns3:hr>
            <ns3:cad>42</ns3:cad>
          </ns3:TrackPointExtension>
        </extensions>
      </trkpt>
      <trkpt lat="31.990683786571025848388671875" lon="118.7755565531551837921142578125">
        <ele>25.799999237060546875</ele>
        <time>2024-10-23T11:30:53.000Z</time>
        <extensions>
          <ns3:TrackPointExtension>
            <ns3:atemp>22.0</ns3:atemp>
            <ns3:hr>105</ns3:hr>
            <ns3:cad>42</ns3:cad>
          </ns3:TrackPointExtension>
        </extensions>
      </trkpt>
      <trkpt lat="31.99068973772227764129638671875" lon="118.77558656036853790283203125">
        <ele>25.799999237060546875</ele>
        <time>2024-10-23T11:30:54.000Z</time>
        <extensions>
          <ns3:TrackPointExtension>
            <ns3:atemp>22.0</ns3:atemp>
            <ns3:hr>106</ns3:hr>
            <ns3:cad>42</ns3:cad>
          </ns3:TrackPointExtension>
        </extensions>
      </trkpt>
      <trkpt lat="31.9906956888735294342041015625" lon="118.7756112031638622283935546875">
        <ele>25.799999237060546875</ele>
        <time>2024-10-23T11:30:55.000Z</time>
        <extensions>
          <ns3:TrackPointExtension>
            <ns3:atemp>22.0</ns3:atemp>
            <ns3:hr>107</ns3:hr>
            <ns3:cad>42</ns3:cad>
          </ns3:TrackPointExtension>
        </extensions>
      </trkpt>
      <trkpt lat="31.99070432223379611968994140625" lon="118.77564464695751667022705078125">
        <ele>25.799999237060546875</ele>
        <time>2024-10-23T11:30:56.000Z</time>
        <extensions>
          <ns3:TrackPointExtension>
            <ns3:atemp>22.0</ns3:atemp>
            <ns3:hr>107</ns3:hr>
            <ns3:cad>94</ns3:cad>
          </ns3:TrackPointExtension>
        </extensions>
      </trkpt>
      <trkpt lat="31.9907114468514919281005859375" lon="118.77567465417087078094482421875">
        <ele>25.799999237060546875</ele>
        <time>2024-10-23T11:30:57.000Z</time>
        <extensions>
          <ns3:TrackPointExtension>
            <ns3:atemp>22.0</ns3:atemp>
            <ns3:hr>106</ns3:hr>
            <ns3:cad>94</ns3:cad>
          </ns3:TrackPointExtension>
        </extensions>
      </trkpt>
      <trkpt lat="31.99071974493563175201416015625" lon="118.77571036107838153839111328125">
        <ele>25.799999237060546875</ele>
        <time>2024-10-23T11:30:58.000Z</time>
        <extensions>
          <ns3:TrackPointExtension>
            <ns3:atemp>22.0</ns3:atemp>
            <ns3:hr>106</ns3:hr>
            <ns3:cad>92</ns3:cad>
          </ns3:TrackPointExtension>
        </extensions>
      </trkpt>
      <trkpt lat="31.99072577990591526031494140625" lon="118.77575009129941463470458984375">
        <ele>25.799999237060546875</ele>
        <time>2024-10-23T11:30:59.000Z</time>
        <extensions>
          <ns3:TrackPointExtension>
            <ns3:atemp>22.0</ns3:atemp>
            <ns3:hr>106</ns3:hr>
            <ns3:cad>92</ns3:cad>
          </ns3:TrackPointExtension>
        </extensions>
      </trkpt>
      <trkpt lat="31.9907282106578350067138671875" lon="118.77578697167336940765380859375">
        <ele>25.799999237060546875</ele>
        <time>2024-10-23T11:31:00.000Z</time>
        <extensions>
          <ns3:TrackPointExtension>
            <ns3:atemp>22.0</ns3:atemp>
            <ns3:hr>106</ns3:hr>
            <ns3:cad>94</ns3:cad>
          </ns3:TrackPointExtension>
        </extensions>
      </trkpt>
      <trkpt lat="31.9907298870384693145751953125" lon="118.775822259485721588134765625">
        <ele>25.799999237060546875</ele>
        <time>2024-10-23T11:31:01.000Z</time>
        <extensions>
          <ns3:TrackPointExtension>
            <ns3:atemp>22.0</ns3:atemp>
            <ns3:hr>106</ns3:hr>
            <ns3:cad>94</ns3:cad>
          </ns3:TrackPointExtension>
        </extensions>
      </trkpt>
      <trkpt lat="31.99073617346584796905517578125" lon="118.77585251815617084503173828125">
        <ele>26</ele>
        <time>2024-10-23T11:31:02.000Z</time>
        <extensions>
          <ns3:TrackPointExtension>
            <ns3:atemp>22.0</ns3:atemp>
            <ns3:hr>106</ns3:hr>
            <ns3:cad>94</ns3:cad>
          </ns3:TrackPointExtension>
        </extensions>
      </trkpt>
      <trkpt lat="31.99073977768421173095703125" lon="118.7758914940059185028076171875">
        <ele>26.200000762939453125</ele>
        <time>2024-10-23T11:31:03.000Z</time>
        <extensions>
          <ns3:TrackPointExtension>
            <ns3:atemp>22.0</ns3:atemp>
            <ns3:hr>106</ns3:hr>
            <ns3:cad>93</ns3:cad>
          </ns3:TrackPointExtension>
        </extensions>
      </trkpt>
      <trkpt lat="31.9907375983893871307373046875" lon="118.77592384815216064453125">
        <ele>26.200000762939453125</ele>
        <time>2024-10-23T11:31:04.000Z</time>
        <extensions>
          <ns3:TrackPointExtension>
            <ns3:atemp>22.0</ns3:atemp>
            <ns3:hr>106</ns3:hr>
            <ns3:cad>91</ns3:cad>
          </ns3:TrackPointExtension>
        </extensions>
      </trkpt>
      <trkpt lat="31.99073282070457935333251953125" lon="118.77597053535282611846923828125">
        <ele>26.3999996185302734375</ele>
        <time>2024-10-23T11:31:08.000Z</time>
        <extensions>
          <ns3:TrackPointExtension>
            <ns3:atemp>22.0</ns3:atemp>
            <ns3:hr>107</ns3:hr>
            <ns3:cad>88</ns3:cad>
          </ns3:TrackPointExtension>
        </extensions>
      </trkpt>
      <trkpt lat="31.99073265306651592254638671875" lon="118.7759679369628429412841796875">
        <ele>26.3999996185302734375</ele>
        <time>2024-10-23T11:31:09.000Z</time>
        <extensions>
          <ns3:TrackPointExtension>
            <ns3:atemp>22.0</ns3:atemp>
            <ns3:hr>107</ns3:hr>
            <ns3:cad>88</ns3:cad>
          </ns3:TrackPointExtension>
        </extensions>
      </trkpt>
      <trkpt lat="31.9907282106578350067138671875" lon="118.7759830243885517120361328125">
        <ele>26.3999996185302734375</ele>
        <time>2024-10-23T11:31:10.000Z</time>
        <extensions>
          <ns3:TrackPointExtension>
            <ns3:atemp>22.0</ns3:atemp>
            <ns3:hr>107</ns3:hr>
            <ns3:cad>88</ns3:cad>
          </ns3:TrackPointExtension>
        </extensions>
      </trkpt>
      <trkpt lat="31.99071773327887058258056640625" lon="118.7760111875832080841064453125">
        <ele>26.3999996185302734375</ele>
        <time>2024-10-23T11:31:11.000Z</time>
        <extensions>
          <ns3:TrackPointExtension>
            <ns3:atemp>22.0</ns3:atemp>
            <ns3:hr>107</ns3:hr>
            <ns3:cad>88</ns3:cad>
          </ns3:TrackPointExtension>
        </extensions>
      </trkpt>
      <trkpt lat="31.990715302526950836181640625" lon="118.7760346569120883941650390625">
        <ele>26.200000762939453125</ele>
        <time>2024-10-23T11:31:12.000Z</time>
        <extensions>
          <ns3:TrackPointExtension>
            <ns3:atemp>22.0</ns3:atemp>
            <ns3:hr>107</ns3:hr>
            <ns3:cad>88</ns3:cad>
          </ns3:TrackPointExtension>
        </extensions>
      </trkpt>
      <trkpt lat="31.99070901609957218170166015625" lon="118.7760514207184314727783203125">
        <ele>26.200000762939453125</ele>
        <time>2024-10-23T11:31:13.000Z</time>
        <extensions>
          <ns3:TrackPointExtension>
            <ns3:atemp>22.0</ns3:atemp>
            <ns3:hr>107</ns3:hr>
            <ns3:cad>88</ns3:cad>
          </ns3:TrackPointExtension>
        </extensions>
      </trkpt>
      <trkpt lat="31.99070231057703495025634765625" lon="118.77606491558253765106201171875">
        <ele>26.200000762939453125</ele>
        <time>2024-10-23T11:31:14.000Z</time>
        <extensions>
          <ns3:TrackPointExtension>
            <ns3:atemp>22.0</ns3:atemp>
            <ns3:hr>107</ns3:hr>
            <ns3:cad>94</ns3:cad>
          </ns3:TrackPointExtension>
        </extensions>
      </trkpt>
      <trkpt lat="31.99069728143513202667236328125" lon="118.776091150939464569091796875">
        <ele>26</ele>
        <time>2024-10-23T11:31:15.000Z</time>
        <extensions>
          <ns3:TrackPointExtension>
            <ns3:atemp>22.0</ns3:atemp>
            <ns3:hr>108</ns3:hr>
            <ns3:cad>94</ns3:cad>
          </ns3:TrackPointExtension>
        </extensions>
      </trkpt>
      <trkpt lat="31.990693509578704833984375" lon="118.77612425945699214935302734375">
        <ele>26</ele>
        <time>2024-10-23T11:31:16.000Z</time>
        <extensions>
          <ns3:TrackPointExtension>
            <ns3:atemp>22.0</ns3:atemp>
            <ns3:hr>109</ns3:hr>
            <ns3:cad>92</ns3:cad>
          </ns3:TrackPointExtension>
        </extensions>
      </trkpt>
      <trkpt lat="31.990688145160675048828125" lon="118.7761533446609973907470703125">
        <ele>26</ele>
        <time>2024-10-23T11:31:17.000Z</time>
        <extensions>
          <ns3:TrackPointExtension>
            <ns3:atemp>22.0</ns3:atemp>
            <ns3:hr>110</ns3:hr>
            <ns3:cad>92</ns3:cad>
          </ns3:TrackPointExtension>
        </extensions>
      </trkpt>
      <trkpt lat="31.99068755842745304107666015625" lon="118.7761828489601612091064453125">
        <ele>26</ele>
        <time>2024-10-23T11:31:18.000Z</time>
        <extensions>
          <ns3:TrackPointExtension>
            <ns3:atemp>22.0</ns3:atemp>
            <ns3:hr>111</ns3:hr>
            <ns3:cad>93</ns3:cad>
          </ns3:TrackPointExtension>
        </extensions>
      </trkpt>
      <trkpt lat="31.99069082736968994140625" lon="118.7762096710503101348876953125">
        <ele>26</ele>
        <time>2024-10-23T11:31:19.000Z</time>
        <extensions>
          <ns3:TrackPointExtension>
            <ns3:atemp>22.0</ns3:atemp>
            <ns3:hr>114</ns3:hr>
            <ns3:cad>93</ns3:cad>
          </ns3:TrackPointExtension>
        </extensions>
      </trkpt>
      <trkpt lat="31.99069711379706859588623046875" lon="118.77624210901558399200439453125">
        <ele>26</ele>
        <time>2024-10-23T11:31:20.000Z</time>
        <extensions>
          <ns3:TrackPointExtension>
            <ns3:atemp>22.0</ns3:atemp>
            <ns3:hr>116</ns3:hr>
            <ns3:cad>92</ns3:cad>
          </ns3:TrackPointExtension>
        </extensions>
      </trkpt>
      <trkpt lat="31.99070298112928867340087890625" lon="118.7762703560292720794677734375">
        <ele>26.200000762939453125</ele>
        <time>2024-10-23T11:31:21.000Z</time>
        <extensions>
          <ns3:TrackPointExtension>
            <ns3:atemp>22.0</ns3:atemp>
            <ns3:hr>117</ns3:hr>
            <ns3:cad>92</ns3:cad>
          </ns3:TrackPointExtension>
        </extensions>
      </trkpt>
      <trkpt lat="31.990709602832794189453125" lon="118.77630597911775112152099609375">
        <ele>26.200000762939453125</ele>
        <time>2024-10-23T11:31:22.000Z</time>
        <extensions>
          <ns3:TrackPointExtension>
            <ns3:atemp>22.0</ns3:atemp>
            <ns3:hr>118</ns3:hr>
            <ns3:cad>92</ns3:cad>
          </ns3:TrackPointExtension>
        </extensions>
      </trkpt>
      <trkpt lat="31.99071739800274372100830078125" lon="118.77633816562592983245849609375">
        <ele>26.3999996185302734375</ele>
        <time>2024-10-23T11:31:23.000Z</time>
        <extensions>
          <ns3:TrackPointExtension>
            <ns3:atemp>22.0</ns3:atemp>
            <ns3:hr>121</ns3:hr>
            <ns3:cad>91</ns3:cad>
          </ns3:TrackPointExtension>
        </extensions>
      </trkpt>
      <trkpt lat="31.9907218404114246368408203125" lon="118.77637445926666259765625">
        <ele>26.3999996185302734375</ele>
        <time>2024-10-23T11:31:24.000Z</time>
        <extensions>
          <ns3:TrackPointExtension>
            <ns3:atemp>22.0</ns3:atemp>
            <ns3:hr>123</ns3:hr>
            <ns3:cad>91</ns3:cad>
          </ns3:TrackPointExtension>
        </extensions>
      </trkpt>
      <trkpt lat="31.9907235167920589447021484375" lon="118.77641008235514163970947265625">
        <ele>26.6000003814697265625</ele>
        <time>2024-10-23T11:31:25.000Z</time>
        <extensions>
          <ns3:TrackPointExtension>
            <ns3:atemp>22.0</ns3:atemp>
            <ns3:hr>123</ns3:hr>
            <ns3:cad>92</ns3:cad>
          </ns3:TrackPointExtension>
        </extensions>
      </trkpt>
      <trkpt lat="31.99072100222110748291015625" lon="118.7764433585107326507568359375">
        <ele>26.6000003814697265625</ele>
        <time>2024-10-23T11:31:26.000Z</time>
        <extensions>
          <ns3:TrackPointExtension>
            <ns3:atemp>22.0</ns3:atemp>
            <ns3:hr>123</ns3:hr>
            <ns3:cad>92</ns3:cad>
          </ns3:TrackPointExtension>
        </extensions>
      </trkpt>
      <trkpt lat="31.99072192423045635223388671875" lon="118.7764755450189113616943359375">
        <ele>26.6000003814697265625</ele>
        <time>2024-10-23T11:31:27.000Z</time>
        <extensions>
          <ns3:TrackPointExtension>
            <ns3:atemp>22.0</ns3:atemp>
            <ns3:hr>124</ns3:hr>
            <ns3:cad>92</ns3:cad>
          </ns3:TrackPointExtension>
        </extensions>
      </trkpt>
      <trkpt lat="31.9907215051352977752685546875" lon="118.7765073962509632110595703125">
        <ele>26.6000003814697265625</ele>
        <time>2024-10-23T11:31:28.000Z</time>
        <extensions>
          <ns3:TrackPointExtension>
            <ns3:atemp>22.0</ns3:atemp>
            <ns3:hr>124</ns3:hr>
            <ns3:cad>92</ns3:cad>
          </ns3:TrackPointExtension>
        </extensions>
      </trkpt>
      <trkpt lat="31.9907221756875514984130859375" lon="118.776539750397205352783203125">
        <ele>26.6000003814697265625</ele>
        <time>2024-10-23T11:31:29.000Z</time>
        <extensions>
          <ns3:TrackPointExtension>
            <ns3:atemp>22.0</ns3:atemp>
            <ns3:hr>125</ns3:hr>
            <ns3:cad>92</ns3:cad>
          </ns3:TrackPointExtension>
        </extensions>
      </trkpt>
      <trkpt lat="31.99071991257369518280029296875" lon="118.7765700928866863250732421875">
        <ele>26.6000003814697265625</ele>
        <time>2024-10-23T11:31:30.000Z</time>
        <extensions>
          <ns3:TrackPointExtension>
            <ns3:atemp>22.0</ns3:atemp>
            <ns3:hr>125</ns3:hr>
            <ns3:cad>92</ns3:cad>
          </ns3:TrackPointExtension>
        </extensions>
      </trkpt>
      <trkpt lat="31.99072209186851978302001953125" lon="118.77660554833710193634033203125">
        <ele>26.799999237060546875</ele>
        <time>2024-10-23T11:31:31.000Z</time>
        <extensions>
          <ns3:TrackPointExtension>
            <ns3:atemp>22.0</ns3:atemp>
            <ns3:hr>125</ns3:hr>
            <ns3:cad>92</ns3:cad>
          </ns3:TrackPointExtension>
        </extensions>
      </trkpt>
      <trkpt lat="31.99072326533496379852294921875" lon="118.7766332924365997314453125">
        <ele>26.799999237060546875</ele>
        <time>2024-10-23T11:31:32.000Z</time>
        <extensions>
          <ns3:TrackPointExtension>
            <ns3:atemp>22.0</ns3:atemp>
            <ns3:hr>126</ns3:hr>
            <ns3:cad>92</ns3:cad>
          </ns3:TrackPointExtension>
        </extensions>
      </trkpt>
      <trkpt lat="31.99072544462978839874267578125" lon="118.77666723914444446563720703125">
        <ele>26.799999237060546875</ele>
        <time>2024-10-23T11:31:33.000Z</time>
        <extensions>
          <ns3:TrackPointExtension>
            <ns3:atemp>22.0</ns3:atemp>
            <ns3:hr>127</ns3:hr>
            <ns3:cad>92</ns3:cad>
          </ns3:TrackPointExtension>
        </extensions>
      </trkpt>
      <trkpt lat="31.9907235167920589447021484375" lon="118.77670093439519405364990234375">
        <ele>26.799999237060546875</ele>
        <time>2024-10-23T11:31:34.000Z</time>
        <extensions>
          <ns3:TrackPointExtension>
            <ns3:atemp>22.0</ns3:atemp>
            <ns3:hr>128</ns3:hr>
            <ns3:cad>94</ns3:cad>
          </ns3:TrackPointExtension>
        </extensions>
      </trkpt>
      <trkpt lat="31.99072594754397869110107421875" lon="118.7767343781888484954833984375">
        <ele>26.799999237060546875</ele>
        <time>2024-10-23T11:31:35.000Z</time>
        <extensions>
          <ns3:TrackPointExtension>
            <ns3:atemp>22.0</ns3:atemp>
            <ns3:hr>130</ns3:hr>
            <ns3:cad>94</ns3:cad>
          </ns3:TrackPointExtension>
        </extensions>
      </trkpt>
      <trkpt lat="31.99072896502912044525146484375" lon="118.77676698379218578338623046875">
        <ele>27</ele>
        <time>2024-10-23T11:31:36.000Z</time>
        <extensions>
          <ns3:TrackPointExtension>
            <ns3:atemp>22.0</ns3:atemp>
            <ns3:hr>131</ns3:hr>
            <ns3:cad>93</ns3:cad>
          </ns3:TrackPointExtension>
        </extensions>
      </trkpt>
      <trkpt lat="31.99072930030524730682373046875" lon="118.7768010981380939483642578125">
        <ele>27</ele>
        <time>2024-10-23T11:31:37.000Z</time>
        <extensions>
          <ns3:TrackPointExtension>
            <ns3:atemp>22.0</ns3:atemp>
            <ns3:hr>131</ns3:hr>
            <ns3:cad>93</ns3:cad>
          </ns3:TrackPointExtension>
        </extensions>
      </trkpt>
      <trkpt lat="31.9907295517623424530029296875" lon="118.77682900987565517425537109375">
        <ele>27</ele>
        <time>2024-10-23T11:31:38.000Z</time>
        <extensions>
          <ns3:TrackPointExtension>
            <ns3:atemp>22.0</ns3:atemp>
            <ns3:hr>131</ns3:hr>
            <ns3:cad>92</ns3:cad>
          </ns3:TrackPointExtension>
        </extensions>
      </trkpt>
      <trkpt lat="31.99073064140975475311279296875" lon="118.77685985527932643890380859375">
        <ele>27</ele>
        <time>2024-10-23T11:31:39.000Z</time>
        <extensions>
          <ns3:TrackPointExtension>
            <ns3:atemp>22.0</ns3:atemp>
            <ns3:hr>131</ns3:hr>
            <ns3:cad>92</ns3:cad>
          </ns3:TrackPointExtension>
        </extensions>
      </trkpt>
      <trkpt lat="31.9907295517623424530029296875" lon="118.77689606510102748870849609375">
        <ele>27</ele>
        <time>2024-10-23T11:31:40.000Z</time>
        <extensions>
          <ns3:TrackPointExtension>
            <ns3:atemp>22.0</ns3:atemp>
            <ns3:hr>132</ns3:hr>
            <ns3:cad>92</ns3:cad>
          </ns3:TrackPointExtension>
        </extensions>
      </trkpt>
      <trkpt lat="31.99073080904781818389892578125" lon="118.77692791633307933807373046875">
        <ele>27</ele>
        <time>2024-10-23T11:31:41.000Z</time>
        <extensions>
          <ns3:TrackPointExtension>
            <ns3:atemp>22.0</ns3:atemp>
            <ns3:hr>133</ns3:hr>
            <ns3:cad>92</ns3:cad>
          </ns3:TrackPointExtension>
        </extensions>
      </trkpt>
      <trkpt lat="31.99073374271392822265625" lon="118.776966221630573272705078125">
        <ele>27.200000762939453125</ele>
        <time>2024-10-23T11:31:42.000Z</time>
        <extensions>
          <ns3:TrackPointExtension>
            <ns3:atemp>22.0</ns3:atemp>
            <ns3:hr>134</ns3:hr>
            <ns3:cad>92</ns3:cad>
          </ns3:TrackPointExtension>
        </extensions>
      </trkpt>
      <trkpt lat="31.9907362572848796844482421875" lon="118.77699597738683223724365234375">
        <ele>27.200000762939453125</ele>
        <time>2024-10-23T11:31:43.000Z</time>
        <extensions>
          <ns3:TrackPointExtension>
            <ns3:atemp>22.0</ns3:atemp>
            <ns3:hr>135</ns3:hr>
            <ns3:cad>92</ns3:cad>
          </ns3:TrackPointExtension>
        </extensions>
      </trkpt>
      <trkpt lat="31.990737430751323699951171875" lon="118.77702615223824977874755859375">
        <ele>27.200000762939453125</ele>
        <time>2024-10-23T11:31:44.000Z</time>
        <extensions>
          <ns3:TrackPointExtension>
            <ns3:atemp>22.0</ns3:atemp>
            <ns3:hr>137</ns3:hr>
            <ns3:cad>92</ns3:cad>
          </ns3:TrackPointExtension>
        </extensions>
      </trkpt>
      <trkpt lat="31.99074053205549716949462890625" lon="118.77705766819417476654052734375">
        <ele>27.200000762939453125</ele>
        <time>2024-10-23T11:31:45.000Z</time>
        <extensions>
          <ns3:TrackPointExtension>
            <ns3:atemp>22.0</ns3:atemp>
            <ns3:hr>138</ns3:hr>
            <ns3:cad>92</ns3:cad>
          </ns3:TrackPointExtension>
        </extensions>
      </trkpt>
      <trkpt lat="31.9907453097403049468994140625" lon="118.77709337510168552398681640625">
        <ele>27.3999996185302734375</ele>
        <time>2024-10-23T11:31:46.000Z</time>
        <extensions>
          <ns3:TrackPointExtension>
            <ns3:atemp>22.0</ns3:atemp>
            <ns3:hr>139</ns3:hr>
            <ns3:cad>94</ns3:cad>
          </ns3:TrackPointExtension>
        </extensions>
      </trkpt>
      <trkpt lat="31.99074656702578067779541015625" lon="118.7771316803991794586181640625">
        <ele>27.3999996185302734375</ele>
        <time>2024-10-23T11:31:47.000Z</time>
        <extensions>
          <ns3:TrackPointExtension>
            <ns3:atemp>22.0</ns3:atemp>
            <ns3:hr>140</ns3:hr>
            <ns3:cad>94</ns3:cad>
          </ns3:TrackPointExtension>
        </extensions>
      </trkpt>
      <trkpt lat="31.9907476566731929779052734375" lon="118.77716395072638988494873046875">
        <ele>27.3999996185302734375</ele>
        <time>2024-10-23T11:31:48.000Z</time>
        <extensions>
          <ns3:TrackPointExtension>
            <ns3:atemp>22.0</ns3:atemp>
            <ns3:hr>140</ns3:hr>
            <ns3:cad>94</ns3:cad>
          </ns3:TrackPointExtension>
        </extensions>
      </trkpt>
      <trkpt lat="31.99074807576835155487060546875" lon="118.77719714306294918060302734375">
        <ele>27.3999996185302734375</ele>
        <time>2024-10-23T11:31:49.000Z</time>
        <extensions>
          <ns3:TrackPointExtension>
            <ns3:atemp>22.0</ns3:atemp>
            <ns3:hr>140</ns3:hr>
            <ns3:cad>94</ns3:cad>
          </ns3:TrackPointExtension>
        </extensions>
      </trkpt>
      <trkpt lat="31.9907484948635101318359375" lon="118.777224719524383544921875">
        <ele>27.3999996185302734375</ele>
        <time>2024-10-23T11:31:50.000Z</time>
        <extensions>
          <ns3:TrackPointExtension>
            <ns3:atemp>22.0</ns3:atemp>
            <ns3:hr>140</ns3:hr>
            <ns3:cad>93</ns3:cad>
          </ns3:TrackPointExtension>
        </extensions>
      </trkpt>
      <trkpt lat="31.99075092561542987823486328125" lon="118.77725531347095966339111328125">
        <ele>27.3999996185302734375</ele>
        <time>2024-10-23T11:31:51.000Z</time>
        <extensions>
          <ns3:TrackPointExtension>
            <ns3:atemp>22.0</ns3:atemp>
            <ns3:hr>140</ns3:hr>
            <ns3:cad>93</ns3:cad>
          </ns3:TrackPointExtension>
        </extensions>
      </trkpt>
      <trkpt lat="31.99075276963412761688232421875" lon="118.7772835604846477508544921875">
        <ele>27.3999996185302734375</ele>
        <time>2024-10-23T11:31:52.000Z</time>
        <extensions>
          <ns3:TrackPointExtension>
            <ns3:atemp>22.0</ns3:atemp>
            <ns3:hr>140</ns3:hr>
            <ns3:cad>93</ns3:cad>
          </ns3:TrackPointExtension>
        </extensions>
      </trkpt>
      <trkpt lat="31.9907533563673496246337890625" lon="118.77731348387897014617919921875">
        <ele>27.6000003814697265625</ele>
        <time>2024-10-23T11:31:53.000Z</time>
        <extensions>
          <ns3:TrackPointExtension>
            <ns3:atemp>22.0</ns3:atemp>
            <ns3:hr>141</ns3:hr>
            <ns3:cad>93</ns3:cad>
          </ns3:TrackPointExtension>
        </extensions>
      </trkpt>
      <trkpt lat="31.99075679294764995574951171875" lon="118.7773388810455799102783203125">
        <ele>27.6000003814697265625</ele>
        <time>2024-10-23T11:31:54.000Z</time>
        <extensions>
          <ns3:TrackPointExtension>
            <ns3:atemp>22.0</ns3:atemp>
            <ns3:hr>141</ns3:hr>
            <ns3:cad>93</ns3:cad>
          </ns3:TrackPointExtension>
        </extensions>
      </trkpt>
      <trkpt lat="31.99075830169022083282470703125" lon="118.77737299539148807525634765625">
        <ele>27.6000003814697265625</ele>
        <time>2024-10-23T11:31:55.000Z</time>
        <extensions>
          <ns3:TrackPointExtension>
            <ns3:atemp>22.0</ns3:atemp>
            <ns3:hr>141</ns3:hr>
            <ns3:cad>93</ns3:cad>
          </ns3:TrackPointExtension>
        </extensions>
      </trkpt>
      <trkpt lat="31.990760229527950286865234375" lon="118.777401745319366455078125">
        <ele>27.6000003814697265625</ele>
        <time>2024-10-23T11:31:56.000Z</time>
        <extensions>
          <ns3:TrackPointExtension>
            <ns3:atemp>22.0</ns3:atemp>
            <ns3:hr>141</ns3:hr>
            <ns3:cad>93</ns3:cad>
          </ns3:TrackPointExtension>
        </extensions>
      </trkpt>
      <trkpt lat="31.99076148681342601776123046875" lon="118.77743988297879695892333984375">
        <ele>27.6000003814697265625</ele>
        <time>2024-10-23T11:31:57.000Z</time>
        <extensions>
          <ns3:TrackPointExtension>
            <ns3:atemp>22.0</ns3:atemp>
            <ns3:hr>142</ns3:hr>
            <ns3:cad>93</ns3:cad>
          </ns3:TrackPointExtension>
        </extensions>
      </trkpt>
      <trkpt lat="31.990759558975696563720703125" lon="118.77747592516243457794189453125">
        <ele>27.6000003814697265625</ele>
        <time>2024-10-23T11:31:58.000Z</time>
        <extensions>
          <ns3:TrackPointExtension>
            <ns3:atemp>22.0</ns3:atemp>
            <ns3:hr>142</ns3:hr>
            <ns3:cad>93</ns3:cad>
          </ns3:TrackPointExtension>
        </extensions>
      </trkpt>
      <trkpt lat="31.99075796641409397125244140625" lon="118.77751096151769161224365234375">
        <ele>27.6000003814697265625</ele>
        <time>2024-10-23T11:31:59.000Z</time>
        <extensions>
          <ns3:TrackPointExtension>
            <ns3:atemp>22.0</ns3:atemp>
            <ns3:hr>142</ns3:hr>
            <ns3:cad>93</ns3:cad>
          </ns3:TrackPointExtension>
        </extensions>
      </trkpt>
      <trkpt lat="31.990758217871189117431640625" lon="118.77754130400717258453369140625">
        <ele>27.799999237060546875</ele>
        <time>2024-10-23T11:32:00.000Z</time>
        <extensions>
          <ns3:TrackPointExtension>
            <ns3:atemp>22.0</ns3:atemp>
            <ns3:hr>142</ns3:hr>
            <ns3:cad>93</ns3:cad>
          </ns3:TrackPointExtension>
        </extensions>
      </trkpt>
      <trkpt lat="31.99075897224247455596923828125" lon="118.7775712274014949798583984375">
        <ele>27.799999237060546875</ele>
        <time>2024-10-23T11:32:01.000Z</time>
        <extensions>
          <ns3:TrackPointExtension>
            <ns3:atemp>22.0</ns3:atemp>
            <ns3:hr>142</ns3:hr>
            <ns3:cad>93</ns3:cad>
          </ns3:TrackPointExtension>
        </extensions>
      </trkpt>
      <trkpt lat="31.990758888423442840576171875" lon="118.77759964205324649810791015625">
        <ele>27.799999237060546875</ele>
        <time>2024-10-23T11:32:02.000Z</time>
        <extensions>
          <ns3:TrackPointExtension>
            <ns3:atemp>22.0</ns3:atemp>
            <ns3:hr>142</ns3:hr>
            <ns3:cad>93</ns3:cad>
          </ns3:TrackPointExtension>
        </extensions>
      </trkpt>
      <trkpt lat="31.9907573796808719635009765625" lon="118.777630738914012908935546875">
        <ele>27.799999237060546875</ele>
        <time>2024-10-23T11:32:03.000Z</time>
        <extensions>
          <ns3:TrackPointExtension>
            <ns3:atemp>22.0</ns3:atemp>
            <ns3:hr>143</ns3:hr>
            <ns3:cad>93</ns3:cad>
          </ns3:TrackPointExtension>
        </extensions>
      </trkpt>
      <trkpt lat="31.9907577149569988250732421875" lon="118.7776630930602550506591796875">
        <ele>27.799999237060546875</ele>
        <time>2024-10-23T11:32:04.000Z</time>
        <extensions>
          <ns3:TrackPointExtension>
            <ns3:atemp>22.0</ns3:atemp>
            <ns3:hr>143</ns3:hr>
            <ns3:cad>93</ns3:cad>
          </ns3:TrackPointExtension>
        </extensions>
      </trkpt>
      <trkpt lat="31.99076098389923572540283203125" lon="118.77768999896943569183349609375">
        <ele>27.799999237060546875</ele>
        <time>2024-10-23T11:32:05.000Z</time>
        <extensions>
          <ns3:TrackPointExtension>
            <ns3:atemp>22.0</ns3:atemp>
            <ns3:hr>144</ns3:hr>
            <ns3:cad>92</ns3:cad>
          </ns3:TrackPointExtension>
        </extensions>
      </trkpt>
      <trkpt lat="31.99076266027987003326416015625" lon="118.77772293984889984130859375">
        <ele>27.799999237060546875</ele>
        <time>2024-10-23T11:32:06.000Z</time>
        <extensions>
          <ns3:TrackPointExtension>
            <ns3:atemp>22.0</ns3:atemp>
            <ns3:hr>145</ns3:hr>
            <ns3:cad>92</ns3:cad>
          </ns3:TrackPointExtension>
        </extensions>
      </trkpt>
      <trkpt lat="31.9907654263079166412353515625" lon="118.777750432491302490234375">
        <ele>27.799999237060546875</ele>
        <time>2024-10-23T11:32:07.000Z</time>
        <extensions>
          <ns3:TrackPointExtension>
            <ns3:atemp>22.0</ns3:atemp>
            <ns3:hr>146</ns3:hr>
            <ns3:cad>92</ns3:cad>
          </ns3:TrackPointExtension>
        </extensions>
      </trkpt>
      <trkpt lat="31.9907691143453121185302734375" lon="118.77778588794171810150146484375">
        <ele>27.799999237060546875</ele>
        <time>2024-10-23T11:32:08.000Z</time>
        <extensions>
          <ns3:TrackPointExtension>
            <ns3:atemp>22.0</ns3:atemp>
            <ns3:hr>147</ns3:hr>
            <ns3:cad>93</ns3:cad>
          </ns3:TrackPointExtension>
        </extensions>
      </trkpt>
      <trkpt lat="31.990766935050487518310546875" lon="118.7778134644031524658203125">
        <ele>27.799999237060546875</ele>
        <time>2024-10-23T11:32:09.000Z</time>
        <extensions>
          <ns3:TrackPointExtension>
            <ns3:atemp>22.0</ns3:atemp>
            <ns3:hr>148</ns3:hr>
            <ns3:cad>92</ns3:cad>
          </ns3:TrackPointExtension>
        </extensions>
      </trkpt>
      <trkpt lat="31.99076366610825061798095703125" lon="118.77784229815006256103515625">
        <ele>28</ele>
        <time>2024-10-23T11:32:10.000Z</time>
        <extensions>
          <ns3:TrackPointExtension>
            <ns3:atemp>22.0</ns3:atemp>
            <ns3:hr>149</ns3:hr>
            <ns3:cad>93</ns3:cad>
          </ns3:TrackPointExtension>
        </extensions>
      </trkpt>
      <trkpt lat="31.990762241184711456298828125" lon="118.7778672762215137481689453125">
        <ele>28</ele>
        <time>2024-10-23T11:32:11.000Z</time>
        <extensions>
          <ns3:TrackPointExtension>
            <ns3:atemp>22.0</ns3:atemp>
            <ns3:hr>149</ns3:hr>
            <ns3:cad>92</ns3:cad>
          </ns3:TrackPointExtension>
        </extensions>
      </trkpt>
      <trkpt lat="31.99076282791793346405029296875" lon="118.7779034860432147979736328125">
        <ele>28</ele>
        <time>2024-10-23T11:32:12.000Z</time>
        <extensions>
          <ns3:TrackPointExtension>
            <ns3:atemp>22.0</ns3:atemp>
            <ns3:hr>150</ns3:hr>
            <ns3:cad>92</ns3:cad>
          </ns3:TrackPointExtension>
        </extensions>
      </trkpt>
      <trkpt lat="31.99076450429856777191162109375" lon="118.77793609164655208587646484375">
        <ele>28.200000762939453125</ele>
        <time>2024-10-23T11:32:13.000Z</time>
        <extensions>
          <ns3:TrackPointExtension>
            <ns3:atemp>22.0</ns3:atemp>
            <ns3:hr>151</ns3:hr>
            <ns3:cad>92</ns3:cad>
          </ns3:TrackPointExtension>
        </extensions>
      </trkpt>
      <trkpt lat="31.99076718650758266448974609375" lon="118.77796626649796962738037109375">
        <ele>28.200000762939453125</ele>
        <time>2024-10-23T11:32:14.000Z</time>
        <extensions>
          <ns3:TrackPointExtension>
            <ns3:atemp>22.0</ns3:atemp>
            <ns3:hr>151</ns3:hr>
            <ns3:cad>92</ns3:cad>
          </ns3:TrackPointExtension>
        </extensions>
      </trkpt>
      <trkpt lat="31.99076835997402667999267578125" lon="118.77799878828227519989013671875">
        <ele>28.200000762939453125</ele>
        <time>2024-10-23T11:32:15.000Z</time>
        <extensions>
          <ns3:TrackPointExtension>
            <ns3:atemp>22.0</ns3:atemp>
            <ns3:hr>152</ns3:hr>
            <ns3:cad>91</ns3:cad>
          </ns3:TrackPointExtension>
        </extensions>
      </trkpt>
      <trkpt lat="31.990772970020771026611328125" lon="118.7780288793146610260009765625">
        <ele>28.3999996185302734375</ele>
        <time>2024-10-23T11:32:16.000Z</time>
        <extensions>
          <ns3:TrackPointExtension>
            <ns3:atemp>22.0</ns3:atemp>
            <ns3:hr>152</ns3:hr>
            <ns3:cad>91</ns3:cad>
          </ns3:TrackPointExtension>
        </extensions>
      </trkpt>
      <trkpt lat="31.99077104218304157257080078125" lon="118.77805561758577823638916015625">
        <ele>28.3999996185302734375</ele>
        <time>2024-10-23T11:32:17.000Z</time>
        <extensions>
          <ns3:TrackPointExtension>
            <ns3:atemp>22.0</ns3:atemp>
            <ns3:hr>153</ns3:hr>
            <ns3:cad>92</ns3:cad>
          </ns3:TrackPointExtension>
        </extensions>
      </trkpt>
      <trkpt lat="31.99077171273529529571533203125" lon="118.77808227203786373138427734375">
        <ele>28.3999996185302734375</ele>
        <time>2024-10-23T11:32:18.000Z</time>
        <extensions>
          <ns3:TrackPointExtension>
            <ns3:atemp>22.0</ns3:atemp>
            <ns3:hr>153</ns3:hr>
            <ns3:cad>92</ns3:cad>
          </ns3:TrackPointExtension>
        </extensions>
      </trkpt>
      <trkpt lat="31.9907714612782001495361328125" lon="118.7781076692044734954833984375">
        <ele>28.3999996185302734375</ele>
        <time>2024-10-23T11:32:19.000Z</time>
        <extensions>
          <ns3:TrackPointExtension>
            <ns3:atemp>22.0</ns3:atemp>
            <ns3:hr>153</ns3:hr>
            <ns3:cad>93</ns3:cad>
          </ns3:TrackPointExtension>
        </extensions>
      </trkpt>
      <trkpt lat="31.99077188037335872650146484375" lon="118.77813063561916351318359375">
        <ele>28.3999996185302734375</ele>
        <time>2024-10-23T11:32:20.000Z</time>
        <extensions>
          <ns3:TrackPointExtension>
            <ns3:atemp>22.0</ns3:atemp>
            <ns3:hr>153</ns3:hr>
            <ns3:cad>93</ns3:cad>
          </ns3:TrackPointExtension>
        </extensions>
      </trkpt>
      <trkpt lat="31.99077129364013671875" lon="118.77815988846123218536376953125">
        <ele>28.3999996185302734375</ele>
        <time>2024-10-23T11:32:21.000Z</time>
        <extensions>
          <ns3:TrackPointExtension>
            <ns3:atemp>22.0</ns3:atemp>
            <ns3:hr>153</ns3:hr>
            <ns3:cad>92</ns3:cad>
          </ns3:TrackPointExtension>
        </extensions>
      </trkpt>
      <trkpt lat="31.99076903052628040313720703125" lon="118.7781841121613979339599609375">
        <ele>28.3999996185302734375</ele>
        <time>2024-10-23T11:32:22.000Z</time>
        <extensions>
          <ns3:TrackPointExtension>
            <ns3:atemp>22.0</ns3:atemp>
            <ns3:hr>154</ns3:hr>
            <ns3:cad>92</ns3:cad>
          </ns3:TrackPointExtension>
        </extensions>
      </trkpt>
      <trkpt lat="31.990765593945980072021484375" lon="118.778215460479259490966796875">
        <ele>28.3999996185302734375</ele>
        <time>2024-10-23T11:32:23.000Z</time>
        <extensions>
          <ns3:TrackPointExtension>
            <ns3:atemp>22.0</ns3:atemp>
            <ns3:hr>154</ns3:hr>
            <ns3:cad>92</ns3:cad>
          </ns3:TrackPointExtension>
        </extensions>
      </trkpt>
      <trkpt lat="31.9907644204795360565185546875" lon="118.77824756316840648651123046875">
        <ele>28.6000003814697265625</ele>
        <time>2024-10-23T11:32:24.000Z</time>
        <extensions>
          <ns3:TrackPointExtension>
            <ns3:atemp>21.0</ns3:atemp>
            <ns3:hr>154</ns3:hr>
            <ns3:cad>93</ns3:cad>
          </ns3:TrackPointExtension>
        </extensions>
      </trkpt>
      <trkpt lat="31.990761570632457733154296875" lon="118.7782836891710758209228515625">
        <ele>28.6000003814697265625</ele>
        <time>2024-10-23T11:32:25.000Z</time>
        <extensions>
          <ns3:TrackPointExtension>
            <ns3:atemp>22.0</ns3:atemp>
            <ns3:hr>155</ns3:hr>
            <ns3:cad>94</ns3:cad>
          </ns3:TrackPointExtension>
        </extensions>
      </trkpt>
      <trkpt lat="31.99075981043279170989990234375" lon="118.7783148698508739471435546875">
        <ele>28.6000003814697265625</ele>
        <time>2024-10-23T11:32:26.000Z</time>
        <extensions>
          <ns3:TrackPointExtension>
            <ns3:atemp>21.0</ns3:atemp>
            <ns3:hr>155</ns3:hr>
            <ns3:cad>94</ns3:cad>
          </ns3:TrackPointExtension>
        </extensions>
      </trkpt>
      <trkpt lat="31.99076014570891857147216796875" lon="118.778350241482257843017578125">
        <ele>28.6000003814697265625</ele>
        <time>2024-10-23T11:32:27.000Z</time>
        <extensions>
          <ns3:TrackPointExtension>
            <ns3:atemp>21.0</ns3:atemp>
            <ns3:hr>155</ns3:hr>
            <ns3:cad>93</ns3:cad>
          </ns3:TrackPointExtension>
        </extensions>
      </trkpt>
      <trkpt lat="31.9907603971660137176513671875" lon="118.7783822603523731231689453125">
        <ele>28.6000003814697265625</ele>
        <time>2024-10-23T11:32:28.000Z</time>
        <extensions>
          <ns3:TrackPointExtension>
            <ns3:atemp>21.0</ns3:atemp>
            <ns3:hr>155</ns3:hr>
            <ns3:cad>93</ns3:cad>
          </ns3:TrackPointExtension>
        </extensions>
      </trkpt>
      <trkpt lat="31.99076198972761631011962890625" lon="118.77841503359377384185791015625">
        <ele>28.6000003814697265625</ele>
        <time>2024-10-23T11:32:29.000Z</time>
        <extensions>
          <ns3:TrackPointExtension>
            <ns3:atemp>22.0</ns3:atemp>
            <ns3:hr>156</ns3:hr>
            <ns3:cad>92</ns3:cad>
          </ns3:TrackPointExtension>
        </extensions>
      </trkpt>
      <trkpt lat="31.99076123535633087158203125" lon="118.7784483097493648529052734375">
        <ele>28.6000003814697265625</ele>
        <time>2024-10-23T11:32:30.000Z</time>
        <extensions>
          <ns3:TrackPointExtension>
            <ns3:atemp>21.0</ns3:atemp>
            <ns3:hr>156</ns3:hr>
            <ns3:cad>92</ns3:cad>
          </ns3:TrackPointExtension>
        </extensions>
      </trkpt>
      <trkpt lat="31.990760900080204010009765625" lon="118.77848426811397075653076171875">
        <ele>28.6000003814697265625</ele>
        <time>2024-10-23T11:32:31.000Z</time>
        <extensions>
          <ns3:TrackPointExtension>
            <ns3:atemp>22.0</ns3:atemp>
            <ns3:hr>156</ns3:hr>
            <ns3:cad>92</ns3:cad>
          </ns3:TrackPointExtension>
        </extensions>
      </trkpt>
      <trkpt lat="31.9907624088227748870849609375" lon="118.7785187177360057830810546875">
        <ele>28.6000003814697265625</ele>
        <time>2024-10-23T11:32:32.000Z</time>
        <extensions>
          <ns3:TrackPointExtension>
            <ns3:atemp>21.0</ns3:atemp>
            <ns3:hr>156</ns3:hr>
            <ns3:cad>93</ns3:cad>
          </ns3:TrackPointExtension>
        </extensions>
      </trkpt>
      <trkpt lat="31.99076483957469463348388671875" lon="118.77855098806321620941162109375">
        <ele>28.799999237060546875</ele>
        <time>2024-10-23T11:32:33.000Z</time>
        <extensions>
          <ns3:TrackPointExtension>
            <ns3:atemp>22.0</ns3:atemp>
            <ns3:hr>157</ns3:hr>
            <ns3:cad>93</ns3:cad>
          </ns3:TrackPointExtension>
        </extensions>
      </trkpt>
      <trkpt lat="31.990768276154994964599609375" lon="118.7785830907523632049560546875">
        <ele>28.799999237060546875</ele>
        <time>2024-10-23T11:32:34.000Z</time>
        <extensions>
          <ns3:TrackPointExtension>
            <ns3:atemp>21.0</ns3:atemp>
            <ns3:hr>157</ns3:hr>
            <ns3:cad>93</ns3:cad>
          </ns3:TrackPointExtension>
        </extensions>
      </trkpt>
      <trkpt lat="31.99077338911592960357666015625" lon="118.77861720509827136993408203125">
        <ele>28.799999237060546875</ele>
        <time>2024-10-23T11:32:35.000Z</time>
        <extensions>
          <ns3:TrackPointExtension>
            <ns3:atemp>21.0</ns3:atemp>
            <ns3:hr>157</ns3:hr>
            <ns3:cad>93</ns3:cad>
          </ns3:TrackPointExtension>
        </extensions>
      </trkpt>
      <trkpt lat="31.99077791534364223480224609375" lon="118.77864855341613292694091796875">
        <ele>28.799999237060546875</ele>
        <time>2024-10-23T11:32:36.000Z</time>
        <extensions>
          <ns3:TrackPointExtension>
            <ns3:atemp>21.0</ns3:atemp>
            <ns3:hr>158</ns3:hr>
            <ns3:cad>93</ns3:cad>
          </ns3:TrackPointExtension>
        </extensions>
      </trkpt>
      <trkpt lat="31.9907820224761962890625" lon="118.778680823743343353271484375">
        <ele>28.799999237060546875</ele>
        <time>2024-10-23T11:32:37.000Z</time>
        <extensions>
          <ns3:TrackPointExtension>
            <ns3:atemp>21.0</ns3:atemp>
            <ns3:hr>158</ns3:hr>
            <ns3:cad>93</ns3:cad>
          </ns3:TrackPointExtension>
        </extensions>
      </trkpt>
      <trkpt lat="31.9907860457897186279296875" lon="118.77871401607990264892578125">
        <ele>28.799999237060546875</ele>
        <time>2024-10-23T11:32:38.000Z</time>
        <extensions>
          <ns3:TrackPointExtension>
            <ns3:atemp>21.0</ns3:atemp>
            <ns3:hr>157</ns3:hr>
            <ns3:cad>92</ns3:cad>
          </ns3:TrackPointExtension>
        </extensions>
      </trkpt>
      <trkpt lat="31.99078864417970180511474609375" lon="118.778745196759700775146484375">
        <ele>28.799999237060546875</ele>
        <time>2024-10-23T11:32:39.000Z</time>
        <extensions>
          <ns3:TrackPointExtension>
            <ns3:atemp>21.0</ns3:atemp>
            <ns3:hr>157</ns3:hr>
            <ns3:cad>92</ns3:cad>
          </ns3:TrackPointExtension>
        </extensions>
      </trkpt>
      <trkpt lat="31.990793086588382720947265625" lon="118.778778053820133209228515625">
        <ele>28.799999237060546875</ele>
        <time>2024-10-23T11:32:40.000Z</time>
        <extensions>
          <ns3:TrackPointExtension>
            <ns3:atemp>22.0</ns3:atemp>
            <ns3:hr>158</ns3:hr>
            <ns3:cad>91</ns3:cad>
          </ns3:TrackPointExtension>
        </extensions>
      </trkpt>
      <trkpt lat="31.99079652316868305206298828125" lon="118.77881250344216823577880859375">
        <ele>28.799999237060546875</ele>
        <time>2024-10-23T11:32:41.000Z</time>
        <extensions>
          <ns3:TrackPointExtension>
            <ns3:atemp>21.0</ns3:atemp>
            <ns3:hr>158</ns3:hr>
            <ns3:cad>91</ns3:cad>
          </ns3:TrackPointExtension>
        </extensions>
      </trkpt>
      <trkpt lat="31.990802474319934844970703125" lon="118.77884670160710811614990234375">
        <ele>29</ele>
        <time>2024-10-23T11:32:42.000Z</time>
        <extensions>
          <ns3:TrackPointExtension>
            <ns3:atemp>21.0</ns3:atemp>
            <ns3:hr>158</ns3:hr>
            <ns3:cad>92</ns3:cad>
          </ns3:TrackPointExtension>
        </extensions>
      </trkpt>
      <trkpt lat="31.990805827081203460693359375" lon="118.7788781337440013885498046875">
        <ele>29</ele>
        <time>2024-10-23T11:32:43.000Z</time>
        <extensions>
          <ns3:TrackPointExtension>
            <ns3:atemp>21.0</ns3:atemp>
            <ns3:hr>158</ns3:hr>
            <ns3:cad>93</ns3:cad>
          </ns3:TrackPointExtension>
        </extensions>
      </trkpt>
      <trkpt lat="31.99080775491893291473388671875" lon="118.7789089791476726531982421875">
        <ele>29</ele>
        <time>2024-10-23T11:32:44.000Z</time>
        <extensions>
          <ns3:TrackPointExtension>
            <ns3:atemp>21.0</ns3:atemp>
            <ns3:hr>158</ns3:hr>
            <ns3:cad>93</ns3:cad>
          </ns3:TrackPointExtension>
        </extensions>
      </trkpt>
      <trkpt lat="31.99080892838537693023681640625" lon="118.77893865108489990234375">
        <ele>29</ele>
        <time>2024-10-23T11:32:45.000Z</time>
        <extensions>
          <ns3:TrackPointExtension>
            <ns3:atemp>21.0</ns3:atemp>
            <ns3:hr>158</ns3:hr>
            <ns3:cad>93</ns3:cad>
          </ns3:TrackPointExtension>
        </extensions>
      </trkpt>
      <trkpt lat="31.990809179842472076416015625" lon="118.7789659760892391204833984375">
        <ele>29</ele>
        <time>2024-10-23T11:32:46.000Z</time>
        <extensions>
          <ns3:TrackPointExtension>
            <ns3:atemp>21.0</ns3:atemp>
            <ns3:hr>158</ns3:hr>
            <ns3:cad>92</ns3:cad>
          </ns3:TrackPointExtension>
        </extensions>
      </trkpt>
      <trkpt lat="31.99081010185182094573974609375" lon="118.77899422310292720794677734375">
        <ele>29</ele>
        <time>2024-10-23T11:32:47.000Z</time>
        <extensions>
          <ns3:TrackPointExtension>
            <ns3:atemp>21.0</ns3:atemp>
            <ns3:hr>159</ns3:hr>
            <ns3:cad>92</ns3:cad>
          </ns3:TrackPointExtension>
        </extensions>
      </trkpt>
      <trkpt lat="31.99081144295632839202880859375" lon="118.77902054227888584136962890625">
        <ele>29.200000762939453125</ele>
        <time>2024-10-23T11:32:48.000Z</time>
        <extensions>
          <ns3:TrackPointExtension>
            <ns3:atemp>21.0</ns3:atemp>
            <ns3:hr>159</ns3:hr>
            <ns3:cad>93</ns3:cad>
          </ns3:TrackPointExtension>
        </extensions>
      </trkpt>
      <trkpt lat="31.99081487953662872314453125" lon="118.77905222587287425994873046875">
        <ele>29.200000762939453125</ele>
        <time>2024-10-23T11:32:49.000Z</time>
        <extensions>
          <ns3:TrackPointExtension>
            <ns3:atemp>21.0</ns3:atemp>
            <ns3:hr>159</ns3:hr>
            <ns3:cad>93</ns3:cad>
          </ns3:TrackPointExtension>
        </extensions>
      </trkpt>
      <trkpt lat="31.99081965722143650054931640625" lon="118.77907904796302318572998046875">
        <ele>29.200000762939453125</ele>
        <time>2024-10-23T11:32:50.000Z</time>
        <extensions>
          <ns3:TrackPointExtension>
            <ns3:atemp>21.0</ns3:atemp>
            <ns3:hr>159</ns3:hr>
            <ns3:cad>93</ns3:cad>
          </ns3:TrackPointExtension>
        </extensions>
      </trkpt>
      <trkpt lat="31.99082502163946628570556640625" lon="118.779112994670867919921875">
        <ele>29.200000762939453125</ele>
        <time>2024-10-23T11:32:51.000Z</time>
        <extensions>
          <ns3:TrackPointExtension>
            <ns3:atemp>21.0</ns3:atemp>
            <ns3:hr>159</ns3:hr>
            <ns3:cad>92</ns3:cad>
          </ns3:TrackPointExtension>
        </extensions>
      </trkpt>
      <trkpt lat="31.99082803912460803985595703125" lon="118.77914316952228546142578125">
        <ele>29.3999996185302734375</ele>
        <time>2024-10-23T11:32:52.000Z</time>
        <extensions>
          <ns3:TrackPointExtension>
            <ns3:atemp>21.0</ns3:atemp>
            <ns3:hr>159</ns3:hr>
            <ns3:cad>91</ns3:cad>
          </ns3:TrackPointExtension>
        </extensions>
      </trkpt>
      <trkpt lat="31.99083323590457439422607421875" lon="118.77917627803981304168701171875">
        <ele>29.3999996185302734375</ele>
        <time>2024-10-23T11:32:53.000Z</time>
        <extensions>
          <ns3:TrackPointExtension>
            <ns3:atemp>21.0</ns3:atemp>
            <ns3:hr>159</ns3:hr>
            <ns3:cad>91</ns3:cad>
          </ns3:TrackPointExtension>
        </extensions>
      </trkpt>
      <trkpt lat="31.9908378459513187408447265625" lon="118.77920486032962799072265625">
        <ele>29.3999996185302734375</ele>
        <time>2024-10-23T11:32:54.000Z</time>
        <extensions>
          <ns3:TrackPointExtension>
            <ns3:atemp>21.0</ns3:atemp>
            <ns3:hr>159</ns3:hr>
            <ns3:cad>91</ns3:cad>
          </ns3:TrackPointExtension>
        </extensions>
      </trkpt>
      <trkpt lat="31.99084262363612651824951171875" lon="118.77923377789556980133056640625">
        <ele>29.6000003814697265625</ele>
        <time>2024-10-23T11:32:55.000Z</time>
        <extensions>
          <ns3:TrackPointExtension>
            <ns3:atemp>21.0</ns3:atemp>
            <ns3:hr>160</ns3:hr>
            <ns3:cad>92</ns3:cad>
          </ns3:TrackPointExtension>
        </extensions>
      </trkpt>
      <trkpt lat="31.99084480293095111846923828125" lon="118.779263198375701904296875">
        <ele>29.6000003814697265625</ele>
        <time>2024-10-23T11:32:56.000Z</time>
        <extensions>
          <ns3:TrackPointExtension>
            <ns3:atemp>21.0</ns3:atemp>
            <ns3:hr>160</ns3:hr>
            <ns3:cad>94</ns3:cad>
          </ns3:TrackPointExtension>
        </extensions>
      </trkpt>
      <trkpt lat="31.99085134081542491912841796875" lon="118.7792938761413097381591796875">
        <ele>29.799999237060546875</ele>
        <time>2024-10-23T11:32:57.000Z</time>
        <extensions>
          <ns3:TrackPointExtension>
            <ns3:atemp>21.0</ns3:atemp>
            <ns3:hr>160</ns3:hr>
            <ns3:cad>94</ns3:cad>
          </ns3:TrackPointExtension>
        </extensions>
      </trkpt>
      <trkpt lat="31.99085754342377185821533203125" lon="118.77932178787887096405029296875">
        <ele>29.799999237060546875</ele>
        <time>2024-10-23T11:32:58.000Z</time>
        <extensions>
          <ns3:TrackPointExtension>
            <ns3:atemp>21.0</ns3:atemp>
            <ns3:hr>160</ns3:hr>
            <ns3:cad>94</ns3:cad>
          </ns3:TrackPointExtension>
        </extensions>
      </trkpt>
      <trkpt lat="31.99086022563278675079345703125" lon="118.7793505378067493438720703125">
        <ele>29.799999237060546875</ele>
        <time>2024-10-23T11:32:59.000Z</time>
        <extensions>
          <ns3:TrackPointExtension>
            <ns3:atemp>21.0</ns3:atemp>
            <ns3:hr>160</ns3:hr>
            <ns3:cad>93</ns3:cad>
          </ns3:TrackPointExtension>
        </extensions>
      </trkpt>
      <trkpt lat="31.9908619858324527740478515625" lon="118.779379539191722869873046875">
        <ele>29.799999237060546875</ele>
        <time>2024-10-23T11:33:00.000Z</time>
        <extensions>
          <ns3:TrackPointExtension>
            <ns3:atemp>21.0</ns3:atemp>
            <ns3:hr>160</ns3:hr>
            <ns3:cad>93</ns3:cad>
          </ns3:TrackPointExtension>
        </extensions>
      </trkpt>
      <trkpt lat="31.99086391367018222808837890625" lon="118.77940929494798183441162109375">
        <ele>30</ele>
        <time>2024-10-23T11:33:01.000Z</time>
        <extensions>
          <ns3:TrackPointExtension>
            <ns3:atemp>21.0</ns3:atemp>
            <ns3:hr>160</ns3:hr>
            <ns3:cad>92</ns3:cad>
          </ns3:TrackPointExtension>
        </extensions>
      </trkpt>
      <trkpt lat="31.990865506231784820556640625" lon="118.7794415652751922607421875">
        <ele>30</ele>
        <time>2024-10-23T11:33:02.000Z</time>
        <extensions>
          <ns3:TrackPointExtension>
            <ns3:atemp>21.0</ns3:atemp>
            <ns3:hr>160</ns3:hr>
            <ns3:cad>92</ns3:cad>
          </ns3:TrackPointExtension>
        </extensions>
      </trkpt>
      <trkpt lat="31.9908673502504825592041015625" lon="118.7794712372124195098876953125">
        <ele>30</ele>
        <time>2024-10-23T11:33:03.000Z</time>
        <extensions>
          <ns3:TrackPointExtension>
            <ns3:atemp>21.0</ns3:atemp>
            <ns3:hr>160</ns3:hr>
            <ns3:cad>93</ns3:cad>
          </ns3:TrackPointExtension>
        </extensions>
      </trkpt>
      <trkpt lat="31.9908703677356243133544921875" lon="118.7795027531683444976806640625">
        <ele>30</ele>
        <time>2024-10-23T11:33:04.000Z</time>
        <extensions>
          <ns3:TrackPointExtension>
            <ns3:atemp>21.0</ns3:atemp>
            <ns3:hr>160</ns3:hr>
            <ns3:cad>94</ns3:cad>
          </ns3:TrackPointExtension>
        </extensions>
      </trkpt>
      <trkpt lat="31.990874223411083221435546875" lon="118.77952865324914455413818359375">
        <ele>30</ele>
        <time>2024-10-23T11:33:05.000Z</time>
        <extensions>
          <ns3:TrackPointExtension>
            <ns3:atemp>21.0</ns3:atemp>
            <ns3:hr>160</ns3:hr>
            <ns3:cad>94</ns3:cad>
          </ns3:TrackPointExtension>
        </extensions>
      </trkpt>
      <trkpt lat="31.99087883345782756805419921875" lon="118.779559917747974395751953125">
        <ele>30.200000762939453125</ele>
        <time>2024-10-23T11:33:06.000Z</time>
        <extensions>
          <ns3:TrackPointExtension>
            <ns3:atemp>21.0</ns3:atemp>
            <ns3:hr>160</ns3:hr>
            <ns3:cad>92</ns3:cad>
          </ns3:TrackPointExtension>
        </extensions>
      </trkpt>
      <trkpt lat="31.9908831082284450531005859375" lon="118.77958782948553562164306640625">
        <ele>30.200000762939453125</ele>
        <time>2024-10-23T11:33:07.000Z</time>
        <extensions>
          <ns3:TrackPointExtension>
            <ns3:atemp>21.0</ns3:atemp>
            <ns3:hr>160</ns3:hr>
            <ns3:cad>92</ns3:cad>
          </ns3:TrackPointExtension>
        </extensions>
      </trkpt>
      <trkpt lat="31.99088822118937969207763671875" lon="118.7796160764992237091064453125">
        <ele>30.200000762939453125</ele>
        <time>2024-10-23T11:33:08.000Z</time>
        <extensions>
          <ns3:TrackPointExtension>
            <ns3:atemp>21.0</ns3:atemp>
            <ns3:hr>161</ns3:hr>
            <ns3:cad>92</ns3:cad>
          </ns3:TrackPointExtension>
        </extensions>
      </trkpt>
      <trkpt lat="31.99089190922677516937255859375" lon="118.77964415587484836578369140625">
        <ele>30.3999996185302734375</ele>
        <time>2024-10-23T11:33:09.000Z</time>
        <extensions>
          <ns3:TrackPointExtension>
            <ns3:atemp>21.0</ns3:atemp>
            <ns3:hr>161</ns3:hr>
            <ns3:cad>93</ns3:cad>
          </ns3:TrackPointExtension>
        </extensions>
      </trkpt>
      <trkpt lat="31.99089467525482177734375" lon="118.77967248670756816864013671875">
        <ele>30.3999996185302734375</ele>
        <time>2024-10-23T11:33:10.000Z</time>
        <extensions>
          <ns3:TrackPointExtension>
            <ns3:atemp>21.0</ns3:atemp>
            <ns3:hr>161</ns3:hr>
            <ns3:cad>93</ns3:cad>
          </ns3:TrackPointExtension>
        </extensions>
      </trkpt>
      <trkpt lat="31.990886293351650238037109375" lon="118.7796936929225921630859375">
        <ele>30.3999996185302734375</ele>
        <time>2024-10-23T11:33:11.000Z</time>
        <extensions>
          <ns3:TrackPointExtension>
            <ns3:atemp>21.0</ns3:atemp>
            <ns3:hr>161</ns3:hr>
            <ns3:cad>93</ns3:cad>
          </ns3:TrackPointExtension>
        </extensions>
      </trkpt>
      <trkpt lat="31.9908826053142547607421875" lon="118.7797173298895359039306640625">
        <ele>30.6000003814697265625</ele>
        <time>2024-10-23T11:33:12.000Z</time>
        <extensions>
          <ns3:TrackPointExtension>
            <ns3:atemp>21.0</ns3:atemp>
            <ns3:hr>162</ns3:hr>
            <ns3:cad>93</ns3:cad>
          </ns3:TrackPointExtension>
        </extensions>
      </trkpt>
      <trkpt lat="31.990878582000732421875" lon="118.77974172122776508331298828125">
        <ele>30.6000003814697265625</ele>
        <time>2024-10-23T11:33:13.000Z</time>
        <extensions>
          <ns3:TrackPointExtension>
            <ns3:atemp>21.0</ns3:atemp>
            <ns3:hr>162</ns3:hr>
            <ns3:cad>92</ns3:cad>
          </ns3:TrackPointExtension>
        </extensions>
      </trkpt>
      <trkpt lat="31.9908723793923854827880859375" lon="118.7797692976891994476318359375">
        <ele>30.6000003814697265625</ele>
        <time>2024-10-23T11:33:14.000Z</time>
        <extensions>
          <ns3:TrackPointExtension>
            <ns3:atemp>21.0</ns3:atemp>
            <ns3:hr>162</ns3:hr>
            <ns3:cad>92</ns3:cad>
          </ns3:TrackPointExtension>
        </extensions>
      </trkpt>
      <trkpt lat="31.99085888452827930450439453125" lon="118.77978958189487457275390625">
        <ele>30.799999237060546875</ele>
        <time>2024-10-23T11:33:15.000Z</time>
        <extensions>
          <ns3:TrackPointExtension>
            <ns3:atemp>21.0</ns3:atemp>
            <ns3:hr>163</ns3:hr>
            <ns3:cad>90</ns3:cad>
          </ns3:TrackPointExtension>
        </extensions>
      </trkpt>
      <trkpt lat="31.99084714986383914947509765625" lon="118.77980944700539112091064453125">
        <ele>30.799999237060546875</ele>
        <time>2024-10-23T11:33:16.000Z</time>
        <extensions>
          <ns3:TrackPointExtension>
            <ns3:atemp>21.0</ns3:atemp>
            <ns3:hr>163</ns3:hr>
            <ns3:cad>90</ns3:cad>
          </ns3:TrackPointExtension>
        </extensions>
      </trkpt>
      <trkpt lat="31.990835666656494140625" lon="118.779823444783687591552734375">
        <ele>30.799999237060546875</ele>
        <time>2024-10-23T11:33:17.000Z</time>
        <extensions>
          <ns3:TrackPointExtension>
            <ns3:atemp>21.0</ns3:atemp>
            <ns3:hr>163</ns3:hr>
            <ns3:cad>90</ns3:cad>
          </ns3:TrackPointExtension>
        </extensions>
      </trkpt>
      <trkpt lat="31.9908411987125873565673828125" lon="118.779830820858478546142578125">
        <ele>30.799999237060546875</ele>
        <time>2024-10-23T11:33:18.000Z</time>
        <extensions>
          <ns3:TrackPointExtension>
            <ns3:atemp>21.0</ns3:atemp>
            <ns3:hr>163</ns3:hr>
            <ns3:cad>90</ns3:cad>
          </ns3:TrackPointExtension>
        </extensions>
      </trkpt>
      <trkpt lat="31.99084572494029998779296875" lon="118.7798363529145717620849609375">
        <ele>30.799999237060546875</ele>
        <time>2024-10-23T11:33:19.000Z</time>
        <extensions>
          <ns3:TrackPointExtension>
            <ns3:atemp>21.0</ns3:atemp>
            <ns3:hr>163</ns3:hr>
            <ns3:cad>90</ns3:cad>
          </ns3:TrackPointExtension>
        </extensions>
      </trkpt>
      <trkpt lat="31.9908557832241058349609375" lon="118.77982570789754390716552734375">
        <ele>30.799999237060546875</ele>
        <time>2024-10-23T11:33:20.000Z</time>
        <extensions>
          <ns3:TrackPointExtension>
            <ns3:atemp>21.0</ns3:atemp>
            <ns3:hr>163</ns3:hr>
            <ns3:cad>90</ns3:cad>
          </ns3:TrackPointExtension>
        </extensions>
      </trkpt>
      <trkpt lat="31.99086341075599193572998046875" lon="118.77983878366649150848388671875">
        <ele>30.799999237060546875</ele>
        <time>2024-10-23T11:33:21.000Z</time>
        <extensions>
          <ns3:TrackPointExtension>
            <ns3:atemp>21.0</ns3:atemp>
            <ns3:hr>163</ns3:hr>
            <ns3:cad>88</ns3:cad>
          </ns3:TrackPointExtension>
        </extensions>
      </trkpt>
      <trkpt lat="31.99086944572627544403076171875" lon="118.7798614986240863800048828125">
        <ele>30.799999237060546875</ele>
        <time>2024-10-23T11:33:22.000Z</time>
        <extensions>
          <ns3:TrackPointExtension>
            <ns3:atemp>21.0</ns3:atemp>
            <ns3:hr>163</ns3:hr>
            <ns3:cad>88</ns3:cad>
          </ns3:TrackPointExtension>
        </extensions>
      </trkpt>
      <trkpt lat="31.990875564515590667724609375" lon="118.7798899970948696136474609375">
        <ele>30.799999237060546875</ele>
        <time>2024-10-23T11:33:23.000Z</time>
        <extensions>
          <ns3:TrackPointExtension>
            <ns3:atemp>21.0</ns3:atemp>
            <ns3:hr>163</ns3:hr>
            <ns3:cad>88</ns3:cad>
          </ns3:TrackPointExtension>
        </extensions>
      </trkpt>
      <trkpt lat="31.990880928933620452880859375" lon="118.77991908229887485504150390625">
        <ele>30.799999237060546875</ele>
        <time>2024-10-23T11:33:24.000Z</time>
        <extensions>
          <ns3:TrackPointExtension>
            <ns3:atemp>21.0</ns3:atemp>
            <ns3:hr>163</ns3:hr>
            <ns3:cad>91</ns3:cad>
          </ns3:TrackPointExtension>
        </extensions>
      </trkpt>
      <trkpt lat="31.99088503606617450714111328125" lon="118.77995126880705356597900390625">
        <ele>30.799999237060546875</ele>
        <time>2024-10-23T11:33:25.000Z</time>
        <extensions>
          <ns3:TrackPointExtension>
            <ns3:atemp>21.0</ns3:atemp>
            <ns3:hr>163</ns3:hr>
            <ns3:cad>92</ns3:cad>
          </ns3:TrackPointExtension>
        </extensions>
      </trkpt>
      <trkpt lat="31.99088755063712596893310546875" lon="118.77998261712491512298583984375">
        <ele>30.799999237060546875</ele>
        <time>2024-10-23T11:33:26.000Z</time>
        <extensions>
          <ns3:TrackPointExtension>
            <ns3:atemp>21.0</ns3:atemp>
            <ns3:hr>162</ns3:hr>
            <ns3:cad>91</ns3:cad>
          </ns3:TrackPointExtension>
        </extensions>
      </trkpt>
      <trkpt lat="31.9908921606838703155517578125" lon="118.78001488745212554931640625">
        <ele>30.799999237060546875</ele>
        <time>2024-10-23T11:33:27.000Z</time>
        <extensions>
          <ns3:TrackPointExtension>
            <ns3:atemp>21.0</ns3:atemp>
            <ns3:hr>162</ns3:hr>
            <ns3:cad>91</ns3:cad>
          </ns3:TrackPointExtension>
        </extensions>
      </trkpt>
      <trkpt lat="31.9908948428928852081298828125" lon="118.7800485827028751373291015625">
        <ele>30.799999237060546875</ele>
        <time>2024-10-23T11:33:28.000Z</time>
        <extensions>
          <ns3:TrackPointExtension>
            <ns3:atemp>21.0</ns3:atemp>
            <ns3:hr>161</ns3:hr>
            <ns3:cad>91</ns3:cad>
          </ns3:TrackPointExtension>
        </extensions>
      </trkpt>
      <trkpt lat="31.99089534580707550048828125" lon="118.78008169122040271759033203125">
        <ele>31</ele>
        <time>2024-10-23T11:33:29.000Z</time>
        <extensions>
          <ns3:TrackPointExtension>
            <ns3:atemp>21.0</ns3:atemp>
            <ns3:hr>161</ns3:hr>
            <ns3:cad>91</ns3:cad>
          </ns3:TrackPointExtension>
        </extensions>
      </trkpt>
      <trkpt lat="31.99089459143579006195068359375" lon="118.78011337481439113616943359375">
        <ele>31</ele>
        <time>2024-10-23T11:33:30.000Z</time>
        <extensions>
          <ns3:TrackPointExtension>
            <ns3:atemp>21.0</ns3:atemp>
            <ns3:hr>161</ns3:hr>
            <ns3:cad>92</ns3:cad>
          </ns3:TrackPointExtension>
        </extensions>
      </trkpt>
      <trkpt lat="31.9908928312361240386962890625" lon="118.7801448069512844085693359375">
        <ele>31</ele>
        <time>2024-10-23T11:33:31.000Z</time>
        <extensions>
          <ns3:TrackPointExtension>
            <ns3:atemp>21.0</ns3:atemp>
            <ns3:hr>161</ns3:hr>
            <ns3:cad>92</ns3:cad>
          </ns3:TrackPointExtension>
        </extensions>
      </trkpt>
      <trkpt lat="31.99089291505515575408935546875" lon="118.78017959184944629669189453125">
        <ele>31</ele>
        <time>2024-10-23T11:33:32.000Z</time>
        <extensions>
          <ns3:TrackPointExtension>
            <ns3:atemp>21.0</ns3:atemp>
            <ns3:hr>160</ns3:hr>
            <ns3:cad>93</ns3:cad>
          </ns3:TrackPointExtension>
        </extensions>
      </trkpt>
      <trkpt lat="31.99089325033128261566162109375" lon="118.78020934760570526123046875">
        <ele>31</ele>
        <time>2024-10-23T11:33:33.000Z</time>
        <extensions>
          <ns3:TrackPointExtension>
            <ns3:atemp>21.0</ns3:atemp>
            <ns3:hr>160</ns3:hr>
            <ns3:cad>93</ns3:cad>
          </ns3:TrackPointExtension>
        </extensions>
      </trkpt>
      <trkpt lat="31.9908928312361240386962890625" lon="118.78024513833224773406982421875">
        <ele>31</ele>
        <time>2024-10-23T11:33:34.000Z</time>
        <extensions>
          <ns3:TrackPointExtension>
            <ns3:atemp>21.0</ns3:atemp>
            <ns3:hr>160</ns3:hr>
            <ns3:cad>93</ns3:cad>
          </ns3:TrackPointExtension>
        </extensions>
      </trkpt>
      <trkpt lat="31.99089257977902889251708984375" lon="118.78028034232556819915771484375">
        <ele>30.799999237060546875</ele>
        <time>2024-10-23T11:33:35.000Z</time>
        <extensions>
          <ns3:TrackPointExtension>
            <ns3:atemp>21.0</ns3:atemp>
            <ns3:hr>160</ns3:hr>
            <ns3:cad>94</ns3:cad>
          </ns3:TrackPointExtension>
        </extensions>
      </trkpt>
      <trkpt lat="31.99089090339839458465576171875" lon="118.7803164683282375335693359375">
        <ele>30.799999237060546875</ele>
        <time>2024-10-23T11:33:36.000Z</time>
        <extensions>
          <ns3:TrackPointExtension>
            <ns3:atemp>21.0</ns3:atemp>
            <ns3:hr>160</ns3:hr>
            <ns3:cad>94</ns3:cad>
          </ns3:TrackPointExtension>
        </extensions>
      </trkpt>
      <trkpt lat="31.99089023284614086151123046875" lon="118.78035594709217548370361328125">
        <ele>30.799999237060546875</ele>
        <time>2024-10-23T11:33:37.000Z</time>
        <extensions>
          <ns3:TrackPointExtension>
            <ns3:atemp>21.0</ns3:atemp>
            <ns3:hr>160</ns3:hr>
            <ns3:cad>95</ns3:cad>
          </ns3:TrackPointExtension>
        </extensions>
      </trkpt>
      <trkpt lat="31.99089241214096546173095703125" lon="118.7803883850574493408203125">
        <ele>30.799999237060546875</ele>
        <time>2024-10-23T11:33:38.000Z</time>
        <extensions>
          <ns3:TrackPointExtension>
            <ns3:atemp>21.0</ns3:atemp>
            <ns3:hr>160</ns3:hr>
            <ns3:cad>95</ns3:cad>
          </ns3:TrackPointExtension>
        </extensions>
      </trkpt>
      <trkpt lat="31.99089643545448780059814453125" lon="118.780428953468799591064453125">
        <ele>30.6000003814697265625</ele>
        <time>2024-10-23T11:33:39.000Z</time>
        <extensions>
          <ns3:TrackPointExtension>
            <ns3:atemp>21.0</ns3:atemp>
            <ns3:hr>160</ns3:hr>
            <ns3:cad>94</ns3:cad>
          </ns3:TrackPointExtension>
        </extensions>
      </trkpt>
      <trkpt lat="31.9909000396728515625" lon="118.78046290017664432525634765625">
        <ele>30.3999996185302734375</ele>
        <time>2024-10-23T11:33:40.000Z</time>
        <extensions>
          <ns3:TrackPointExtension>
            <ns3:atemp>21.0</ns3:atemp>
            <ns3:hr>160</ns3:hr>
            <ns3:cad>94</ns3:cad>
          </ns3:TrackPointExtension>
        </extensions>
      </trkpt>
      <trkpt lat="31.9909035600721836090087890625" lon="118.78049860708415508270263671875">
        <ele>30.3999996185302734375</ele>
        <time>2024-10-23T11:33:41.000Z</time>
        <extensions>
          <ns3:TrackPointExtension>
            <ns3:atemp>21.0</ns3:atemp>
            <ns3:hr>160</ns3:hr>
            <ns3:cad>95</ns3:cad>
          </ns3:TrackPointExtension>
        </extensions>
      </trkpt>
      <trkpt lat="31.99090666137635707855224609375" lon="118.7805337272584438323974609375">
        <ele>30.200000762939453125</ele>
        <time>2024-10-23T11:33:42.000Z</time>
        <extensions>
          <ns3:TrackPointExtension>
            <ns3:atemp>21.0</ns3:atemp>
            <ns3:hr>160</ns3:hr>
            <ns3:cad>95</ns3:cad>
          </ns3:TrackPointExtension>
        </extensions>
      </trkpt>
      <trkpt lat="31.9909094274044036865234375" lon="118.78056935034692287445068359375">
        <ele>30.200000762939453125</ele>
        <time>2024-10-23T11:33:43.000Z</time>
        <extensions>
          <ns3:TrackPointExtension>
            <ns3:atemp>21.0</ns3:atemp>
            <ns3:hr>160</ns3:hr>
            <ns3:cad>95</ns3:cad>
          </ns3:TrackPointExtension>
        </extensions>
      </trkpt>
      <trkpt lat="31.99091219343245029449462890625" lon="118.78060656599700450897216796875">
        <ele>30.200000762939453125</ele>
        <time>2024-10-23T11:33:44.000Z</time>
        <extensions>
          <ns3:TrackPointExtension>
            <ns3:atemp>21.0</ns3:atemp>
            <ns3:hr>161</ns3:hr>
            <ns3:cad>95</ns3:cad>
          </ns3:TrackPointExtension>
        </extensions>
      </trkpt>
      <trkpt lat="31.99091353453695774078369140625" lon="118.78064059652388095855712890625">
        <ele>30</ele>
        <time>2024-10-23T11:33:45.000Z</time>
        <extensions>
          <ns3:TrackPointExtension>
            <ns3:atemp>21.0</ns3:atemp>
            <ns3:hr>161</ns3:hr>
            <ns3:cad>95</ns3:cad>
          </ns3:TrackPointExtension>
        </extensions>
      </trkpt>
      <trkpt lat="31.9909142889082431793212890625" lon="118.7806812487542629241943359375">
        <ele>30</ele>
        <time>2024-10-23T11:33:46.000Z</time>
        <extensions>
          <ns3:TrackPointExtension>
            <ns3:atemp>21.0</ns3:atemp>
            <ns3:hr>161</ns3:hr>
            <ns3:cad>95</ns3:cad>
          </ns3:TrackPointExtension>
        </extensions>
      </trkpt>
      <trkpt lat="31.9909169711172580718994140625" lon="118.78071435727179050445556640625">
        <ele>29.799999237060546875</ele>
        <time>2024-10-23T11:33:47.000Z</time>
        <extensions>
          <ns3:TrackPointExtension>
            <ns3:atemp>21.0</ns3:atemp>
            <ns3:hr>161</ns3:hr>
            <ns3:cad>95</ns3:cad>
          </ns3:TrackPointExtension>
        </extensions>
      </trkpt>
      <trkpt lat="31.99091940186917781829833984375" lon="118.78074956126511096954345703125">
        <ele>29.799999237060546875</ele>
        <time>2024-10-23T11:33:48.000Z</time>
        <extensions>
          <ns3:TrackPointExtension>
            <ns3:atemp>21.0</ns3:atemp>
            <ns3:hr>161</ns3:hr>
            <ns3:cad>95</ns3:cad>
          </ns3:TrackPointExtension>
        </extensions>
      </trkpt>
      <trkpt lat="31.99092007242143154144287109375" lon="118.7807831726968288421630859375">
        <ele>29.799999237060546875</ele>
        <time>2024-10-23T11:33:49.000Z</time>
        <extensions>
          <ns3:TrackPointExtension>
            <ns3:atemp>21.0</ns3:atemp>
            <ns3:hr>161</ns3:hr>
            <ns3:cad>95</ns3:cad>
          </ns3:TrackPointExtension>
        </extensions>
      </trkpt>
      <trkpt lat="31.990917809307575225830078125" lon="118.7808187119662761688232421875">
        <ele>29.6000003814697265625</ele>
        <time>2024-10-23T11:33:50.000Z</time>
        <extensions>
          <ns3:TrackPointExtension>
            <ns3:atemp>21.0</ns3:atemp>
            <ns3:hr>161</ns3:hr>
            <ns3:cad>95</ns3:cad>
          </ns3:TrackPointExtension>
        </extensions>
      </trkpt>
      <trkpt lat="31.99091454036533832550048828125" lon="118.7808549217879772186279296875">
        <ele>29.6000003814697265625</ele>
        <time>2024-10-23T11:33:51.000Z</time>
        <extensions>
          <ns3:TrackPointExtension>
            <ns3:atemp>21.0</ns3:atemp>
            <ns3:hr>162</ns3:hr>
            <ns3:cad>95</ns3:cad>
          </ns3:TrackPointExtension>
        </extensions>
      </trkpt>
      <trkpt lat="31.99091143906116485595703125" lon="118.78088484518229961395263671875">
        <ele>29.3999996185302734375</ele>
        <time>2024-10-23T11:33:52.000Z</time>
        <extensions>
          <ns3:TrackPointExtension>
            <ns3:atemp>21.0</ns3:atemp>
            <ns3:hr>162</ns3:hr>
            <ns3:cad>93</ns3:cad>
          </ns3:TrackPointExtension>
        </extensions>
      </trkpt>
      <trkpt lat="31.9909109361469745635986328125" lon="118.7809209711849689483642578125">
        <ele>29.3999996185302734375</ele>
        <time>2024-10-23T11:33:53.000Z</time>
        <extensions>
          <ns3:TrackPointExtension>
            <ns3:atemp>21.0</ns3:atemp>
            <ns3:hr>162</ns3:hr>
            <ns3:cad>93</ns3:cad>
          </ns3:TrackPointExtension>
        </extensions>
      </trkpt>
      <trkpt lat="31.99091034941375255584716796875" lon="118.780955336987972259521484375">
        <ele>29.200000762939453125</ele>
        <time>2024-10-23T11:33:54.000Z</time>
        <extensions>
          <ns3:TrackPointExtension>
            <ns3:atemp>21.0</ns3:atemp>
            <ns3:hr>161</ns3:hr>
            <ns3:cad>94</ns3:cad>
          </ns3:TrackPointExtension>
        </extensions>
      </trkpt>
      <trkpt lat="31.99091009795665740966796875" lon="118.7809932231903076171875">
        <ele>29.200000762939453125</ele>
        <time>2024-10-23T11:33:55.000Z</time>
        <extensions>
          <ns3:TrackPointExtension>
            <ns3:atemp>21.0</ns3:atemp>
            <ns3:hr>162</ns3:hr>
            <ns3:cad>94</ns3:cad>
          </ns3:TrackPointExtension>
        </extensions>
      </trkpt>
      <trkpt lat="31.9909095950424671173095703125" lon="118.78102616406977176666259765625">
        <ele>29.200000762939453125</ele>
        <time>2024-10-23T11:33:56.000Z</time>
        <extensions>
          <ns3:TrackPointExtension>
            <ns3:atemp>21.0</ns3:atemp>
            <ns3:hr>162</ns3:hr>
            <ns3:cad>93</ns3:cad>
          </ns3:TrackPointExtension>
        </extensions>
      </trkpt>
      <trkpt lat="31.99091051705181598663330078125" lon="118.7810584343969821929931640625">
        <ele>29</ele>
        <time>2024-10-23T11:33:57.000Z</time>
        <extensions>
          <ns3:TrackPointExtension>
            <ns3:atemp>21.0</ns3:atemp>
            <ns3:hr>163</ns3:hr>
            <ns3:cad>93</ns3:cad>
          </ns3:TrackPointExtension>
        </extensions>
      </trkpt>
      <trkpt lat="31.99091219343245029449462890625" lon="118.78109271638095378875732421875">
        <ele>29</ele>
        <time>2024-10-23T11:33:58.000Z</time>
        <extensions>
          <ns3:TrackPointExtension>
            <ns3:atemp>21.0</ns3:atemp>
            <ns3:hr>163</ns3:hr>
            <ns3:cad>95</ns3:cad>
          </ns3:TrackPointExtension>
        </extensions>
      </trkpt>
      <trkpt lat="31.99091269634664058685302734375" lon="118.7811261601746082305908203125">
        <ele>28.799999237060546875</ele>
        <time>2024-10-23T11:33:59.000Z</time>
        <extensions>
          <ns3:TrackPointExtension>
            <ns3:atemp>21.0</ns3:atemp>
            <ns3:hr>163</ns3:hr>
            <ns3:cad>95</ns3:cad>
          </ns3:TrackPointExtension>
        </extensions>
      </trkpt>
      <trkpt lat="31.99091546237468719482421875" lon="118.781163208186626434326171875">
        <ele>28.799999237060546875</ele>
        <time>2024-10-23T11:34:00.000Z</time>
        <extensions>
          <ns3:TrackPointExtension>
            <ns3:atemp>21.0</ns3:atemp>
            <ns3:hr>163</ns3:hr>
            <ns3:cad>94</ns3:cad>
          </ns3:TrackPointExtension>
        </extensions>
      </trkpt>
      <trkpt lat="31.9909183122217655181884765625" lon="118.7811969034373760223388671875">
        <ele>28.799999237060546875</ele>
        <time>2024-10-23T11:34:01.000Z</time>
        <extensions>
          <ns3:TrackPointExtension>
            <ns3:atemp>21.0</ns3:atemp>
            <ns3:hr>163</ns3:hr>
            <ns3:cad>94</ns3:cad>
          </ns3:TrackPointExtension>
        </extensions>
      </trkpt>
      <trkpt lat="31.99092191644012928009033203125" lon="118.7812300957739353179931640625">
        <ele>28.6000003814697265625</ele>
        <time>2024-10-23T11:34:02.000Z</time>
        <extensions>
          <ns3:TrackPointExtension>
            <ns3:atemp>21.0</ns3:atemp>
            <ns3:hr>163</ns3:hr>
            <ns3:cad>94</ns3:cad>
          </ns3:TrackPointExtension>
        </extensions>
      </trkpt>
      <trkpt lat="31.9909228384494781494140625" lon="118.78125951625406742095947265625">
        <ele>28.6000003814697265625</ele>
        <time>2024-10-23T11:34:03.000Z</time>
        <extensions>
          <ns3:TrackPointExtension>
            <ns3:atemp>21.0</ns3:atemp>
            <ns3:hr>163</ns3:hr>
            <ns3:cad>94</ns3:cad>
          </ns3:TrackPointExtension>
        </extensions>
      </trkpt>
      <trkpt lat="31.99092191644012928009033203125" lon="118.78129103220999240875244140625">
        <ele>28.6000003814697265625</ele>
        <time>2024-10-23T11:34:04.000Z</time>
        <extensions>
          <ns3:TrackPointExtension>
            <ns3:atemp>21.0</ns3:atemp>
            <ns3:hr>163</ns3:hr>
            <ns3:cad>95</ns3:cad>
          </ns3:TrackPointExtension>
        </extensions>
      </trkpt>
      <trkpt lat="31.99092141352593898773193359375" lon="118.78132640384137630462646484375">
        <ele>28.6000003814697265625</ele>
        <time>2024-10-23T11:34:05.000Z</time>
        <extensions>
          <ns3:TrackPointExtension>
            <ns3:atemp>21.0</ns3:atemp>
            <ns3:hr>163</ns3:hr>
            <ns3:cad>95</ns3:cad>
          </ns3:TrackPointExtension>
        </extensions>
      </trkpt>
      <trkpt lat="31.9909209944307804107666015625" lon="118.781363703310489654541015625">
        <ele>28.3999996185302734375</ele>
        <time>2024-10-23T11:34:06.000Z</time>
        <extensions>
          <ns3:TrackPointExtension>
            <ns3:atemp>21.0</ns3:atemp>
            <ns3:hr>163</ns3:hr>
            <ns3:cad>94</ns3:cad>
          </ns3:TrackPointExtension>
        </extensions>
      </trkpt>
      <trkpt lat="31.9909201562404632568359375" lon="118.7814009189605712890625">
        <ele>28.3999996185302734375</ele>
        <time>2024-10-23T11:34:07.000Z</time>
        <extensions>
          <ns3:TrackPointExtension>
            <ns3:atemp>21.0</ns3:atemp>
            <ns3:hr>163</ns3:hr>
            <ns3:cad>94</ns3:cad>
          </ns3:TrackPointExtension>
        </extensions>
      </trkpt>
      <trkpt lat="31.99091705493628978729248046875" lon="118.78143436275422573089599609375">
        <ele>28.3999996185302734375</ele>
        <time>2024-10-23T11:34:08.000Z</time>
        <extensions>
          <ns3:TrackPointExtension>
            <ns3:atemp>21.0</ns3:atemp>
            <ns3:hr>163</ns3:hr>
            <ns3:cad>94</ns3:cad>
          </ns3:TrackPointExtension>
        </extensions>
      </trkpt>
      <trkpt lat="31.990914456546306610107421875" lon="118.781470991671085357666015625">
        <ele>28.3999996185302734375</ele>
        <time>2024-10-23T11:34:09.000Z</time>
        <extensions>
          <ns3:TrackPointExtension>
            <ns3:atemp>21.0</ns3:atemp>
            <ns3:hr>163</ns3:hr>
            <ns3:cad>93</ns3:cad>
          </ns3:TrackPointExtension>
        </extensions>
      </trkpt>
      <trkpt lat="31.99091202579438686370849609375" lon="118.78150359727442264556884765625">
        <ele>28.3999996185302734375</ele>
        <time>2024-10-23T11:34:10.000Z</time>
        <extensions>
          <ns3:TrackPointExtension>
            <ns3:atemp>21.0</ns3:atemp>
            <ns3:hr>163</ns3:hr>
            <ns3:cad>93</ns3:cad>
          </ns3:TrackPointExtension>
        </extensions>
      </trkpt>
      <trkpt lat="31.9909119419753551483154296875" lon="118.78154081292450428009033203125">
        <ele>28.200000762939453125</ele>
        <time>2024-10-23T11:34:11.000Z</time>
        <extensions>
          <ns3:TrackPointExtension>
            <ns3:atemp>21.0</ns3:atemp>
            <ns3:hr>163</ns3:hr>
            <ns3:cad>92</ns3:cad>
          </ns3:TrackPointExtension>
        </extensions>
      </trkpt>
      <trkpt lat="31.99091143906116485595703125" lon="118.781574256718158721923828125">
        <ele>28.200000762939453125</ele>
        <time>2024-10-23T11:34:12.000Z</time>
        <extensions>
          <ns3:TrackPointExtension>
            <ns3:atemp>21.0</ns3:atemp>
            <ns3:hr>163</ns3:hr>
            <ns3:cad>92</ns3:cad>
          </ns3:TrackPointExtension>
        </extensions>
      </trkpt>
      <trkpt lat="31.99091303162276744842529296875" lon="118.781608454883098602294921875">
        <ele>28.200000762939453125</ele>
        <time>2024-10-23T11:34:13.000Z</time>
        <extensions>
          <ns3:TrackPointExtension>
            <ns3:atemp>21.0</ns3:atemp>
            <ns3:hr>163</ns3:hr>
            <ns3:cad>93</ns3:cad>
          </ns3:TrackPointExtension>
        </extensions>
      </trkpt>
      <trkpt lat="31.9909136183559894561767578125" lon="118.7816401384770870208740234375">
        <ele>28.200000762939453125</ele>
        <time>2024-10-23T11:34:14.000Z</time>
        <extensions>
          <ns3:TrackPointExtension>
            <ns3:atemp>21.0</ns3:atemp>
            <ns3:hr>163</ns3:hr>
            <ns3:cad>94</ns3:cad>
          </ns3:TrackPointExtension>
        </extensions>
      </trkpt>
      <trkpt lat="31.99091604910790920257568359375" lon="118.78167224116623401641845703125">
        <ele>28.200000762939453125</ele>
        <time>2024-10-23T11:34:15.000Z</time>
        <extensions>
          <ns3:TrackPointExtension>
            <ns3:atemp>21.0</ns3:atemp>
            <ns3:hr>163</ns3:hr>
            <ns3:cad>94</ns3:cad>
          </ns3:TrackPointExtension>
        </extensions>
      </trkpt>
      <trkpt lat="31.99091705493628978729248046875" lon="118.78170660696923732757568359375">
        <ele>28.200000762939453125</ele>
        <time>2024-10-23T11:34:16.000Z</time>
        <extensions>
          <ns3:TrackPointExtension>
            <ns3:atemp>21.0</ns3:atemp>
            <ns3:hr>163</ns3:hr>
            <ns3:cad>94</ns3:cad>
          </ns3:TrackPointExtension>
        </extensions>
      </trkpt>
      <trkpt lat="31.9909183122217655181884765625" lon="118.781736195087432861328125">
        <ele>28</ele>
        <time>2024-10-23T11:34:17.000Z</time>
        <extensions>
          <ns3:TrackPointExtension>
            <ns3:atemp>21.0</ns3:atemp>
            <ns3:hr>163</ns3:hr>
            <ns3:cad>95</ns3:cad>
          </ns3:TrackPointExtension>
        </extensions>
      </trkpt>
      <trkpt lat="31.9909183122217655181884765625" lon="118.78177081234753131866455078125">
        <ele>28</ele>
        <time>2024-10-23T11:34:18.000Z</time>
        <extensions>
          <ns3:TrackPointExtension>
            <ns3:atemp>21.0</ns3:atemp>
            <ns3:hr>163</ns3:hr>
            <ns3:cad>95</ns3:cad>
          </ns3:TrackPointExtension>
        </extensions>
      </trkpt>
      <trkpt lat="31.99091822840273380279541015625" lon="118.7818045914173126220703125">
        <ele>28</ele>
        <time>2024-10-23T11:34:19.000Z</time>
        <extensions>
          <ns3:TrackPointExtension>
            <ns3:atemp>21.0</ns3:atemp>
            <ns3:hr>163</ns3:hr>
            <ns3:cad>93</ns3:cad>
          </ns3:TrackPointExtension>
        </extensions>
      </trkpt>
      <trkpt lat="31.99091671966016292572021484375" lon="118.78184071741998195648193359375">
        <ele>28</ele>
        <time>2024-10-23T11:34:20.000Z</time>
        <extensions>
          <ns3:TrackPointExtension>
            <ns3:atemp>21.0</ns3:atemp>
            <ns3:hr>163</ns3:hr>
            <ns3:cad>93</ns3:cad>
          </ns3:TrackPointExtension>
        </extensions>
      </trkpt>
      <trkpt lat="31.99091303162276744842529296875" lon="118.78187508322298526763916015625">
        <ele>27.6000003814697265625</ele>
        <time>2024-10-23T11:34:21.000Z</time>
        <extensions>
          <ns3:TrackPointExtension>
            <ns3:atemp>21.0</ns3:atemp>
            <ns3:hr>163</ns3:hr>
            <ns3:cad>94</ns3:cad>
          </ns3:TrackPointExtension>
        </extensions>
      </trkpt>
      <trkpt lat="31.99090699665248394012451171875" lon="118.781904168426990509033203125">
        <ele>27.6000003814697265625</ele>
        <time>2024-10-23T11:34:22.000Z</time>
        <extensions>
          <ns3:TrackPointExtension>
            <ns3:atemp>21.0</ns3:atemp>
            <ns3:hr>163</ns3:hr>
            <ns3:cad>95</ns3:cad>
          </ns3:TrackPointExtension>
        </extensions>
      </trkpt>
      <trkpt lat="31.9908992014825344085693359375" lon="118.78193560056388378143310546875">
        <ele>27.6000003814697265625</ele>
        <time>2024-10-23T11:34:23.000Z</time>
        <extensions>
          <ns3:TrackPointExtension>
            <ns3:atemp>21.0</ns3:atemp>
            <ns3:hr>163</ns3:hr>
            <ns3:cad>94</ns3:cad>
          </ns3:TrackPointExtension>
        </extensions>
      </trkpt>
      <trkpt lat="31.9908938370645046234130859375" lon="118.7819589860737323760986328125">
        <ele>27.3999996185302734375</ele>
        <time>2024-10-23T11:34:24.000Z</time>
        <extensions>
          <ns3:TrackPointExtension>
            <ns3:atemp>21.0</ns3:atemp>
            <ns3:hr>163</ns3:hr>
            <ns3:cad>94</ns3:cad>
          </ns3:TrackPointExtension>
        </extensions>
      </trkpt>
      <trkpt lat="31.9908831082284450531005859375" lon="118.78198471851646900177001953125">
        <ele>27.3999996185302734375</ele>
        <time>2024-10-23T11:34:25.000Z</time>
        <extensions>
          <ns3:TrackPointExtension>
            <ns3:atemp>21.0</ns3:atemp>
            <ns3:hr>163</ns3:hr>
            <ns3:cad>94</ns3:cad>
          </ns3:TrackPointExtension>
        </extensions>
      </trkpt>
      <trkpt lat="31.99086986482143402099609375" lon="118.782006762921810150146484375">
        <ele>27.200000762939453125</ele>
        <time>2024-10-23T11:34:26.000Z</time>
        <extensions>
          <ns3:TrackPointExtension>
            <ns3:atemp>21.0</ns3:atemp>
            <ns3:hr>163</ns3:hr>
            <ns3:cad>92</ns3:cad>
          </ns3:TrackPointExtension>
        </extensions>
      </trkpt>
      <trkpt lat="31.99085184372961521148681640625" lon="118.78202729858458042144775390625">
        <ele>27.200000762939453125</ele>
        <time>2024-10-23T11:34:27.000Z</time>
        <extensions>
          <ns3:TrackPointExtension>
            <ns3:atemp>21.0</ns3:atemp>
            <ns3:hr>163</ns3:hr>
            <ns3:cad>92</ns3:cad>
          </ns3:TrackPointExtension>
        </extensions>
      </trkpt>
      <trkpt lat="31.9908331520855426788330078125" lon="118.782047331333160400390625">
        <ele>27.200000762939453125</ele>
        <time>2024-10-23T11:34:28.000Z</time>
        <extensions>
          <ns3:TrackPointExtension>
            <ns3:atemp>21.0</ns3:atemp>
            <ns3:hr>163</ns3:hr>
            <ns3:cad>92</ns3:cad>
          </ns3:TrackPointExtension>
        </extensions>
      </trkpt>
      <trkpt lat="31.99080473743379116058349609375" lon="118.78207071684300899505615234375">
        <ele>27</ele>
        <time>2024-10-23T11:34:29.000Z</time>
        <extensions>
          <ns3:TrackPointExtension>
            <ns3:atemp>21.0</ns3:atemp>
            <ns3:hr>163</ns3:hr>
            <ns3:cad>92</ns3:cad>
          </ns3:TrackPointExtension>
        </extensions>
      </trkpt>
      <trkpt lat="31.9907821901142597198486328125" lon="118.78209284506738185882568359375">
        <ele>27</ele>
        <time>2024-10-23T11:34:30.000Z</time>
        <extensions>
          <ns3:TrackPointExtension>
            <ns3:atemp>21.0</ns3:atemp>
            <ns3:hr>163</ns3:hr>
            <ns3:cad>92</ns3:cad>
          </ns3:TrackPointExtension>
        </extensions>
      </trkpt>
      <trkpt lat="31.990756206214427947998046875" lon="118.78211245872080326080322265625">
        <ele>27</ele>
        <time>2024-10-23T11:34:31.000Z</time>
        <extensions>
          <ns3:TrackPointExtension>
            <ns3:atemp>21.0</ns3:atemp>
            <ns3:hr>163</ns3:hr>
            <ns3:cad>93</ns3:cad>
          </ns3:TrackPointExtension>
        </extensions>
      </trkpt>
      <trkpt lat="31.9907329045236110687255859375" lon="118.78213089890778064727783203125">
        <ele>26.799999237060546875</ele>
        <time>2024-10-23T11:34:32.000Z</time>
        <extensions>
          <ns3:TrackPointExtension>
            <ns3:atemp>21.0</ns3:atemp>
            <ns3:hr>163</ns3:hr>
            <ns3:cad>94</ns3:cad>
          </ns3:TrackPointExtension>
        </extensions>
      </trkpt>
      <trkpt lat="31.99070901609957218170166015625" lon="118.78214933909475803375244140625">
        <ele>26.799999237060546875</ele>
        <time>2024-10-23T11:34:33.000Z</time>
        <extensions>
          <ns3:TrackPointExtension>
            <ns3:atemp>21.0</ns3:atemp>
            <ns3:hr>163</ns3:hr>
            <ns3:cad>95</ns3:cad>
          </ns3:TrackPointExtension>
        </extensions>
      </trkpt>
      <trkpt lat="31.990683786571025848388671875" lon="118.782172389328479766845703125">
        <ele>26.799999237060546875</ele>
        <time>2024-10-23T11:34:34.000Z</time>
        <extensions>
          <ns3:TrackPointExtension>
            <ns3:atemp>21.0</ns3:atemp>
            <ns3:hr>163</ns3:hr>
            <ns3:cad>95</ns3:cad>
          </ns3:TrackPointExtension>
        </extensions>
      </trkpt>
      <trkpt lat="31.990658976137638092041015625" lon="118.78219191916286945343017578125">
        <ele>26.6000003814697265625</ele>
        <time>2024-10-23T11:34:35.000Z</time>
        <extensions>
          <ns3:TrackPointExtension>
            <ns3:atemp>21.0</ns3:atemp>
            <ns3:hr>163</ns3:hr>
            <ns3:cad>95</ns3:cad>
          </ns3:TrackPointExtension>
        </extensions>
      </trkpt>
      <trkpt lat="31.9906380213797092437744140625" lon="118.78221723251044750213623046875">
        <ele>26.6000003814697265625</ele>
        <time>2024-10-23T11:34:36.000Z</time>
        <extensions>
          <ns3:TrackPointExtension>
            <ns3:atemp>21.0</ns3:atemp>
            <ns3:hr>163</ns3:hr>
            <ns3:cad>95</ns3:cad>
          </ns3:TrackPointExtension>
        </extensions>
      </trkpt>
      <trkpt lat="31.99061480350792407989501953125" lon="118.78223751671612262725830078125">
        <ele>26.6000003814697265625</ele>
        <time>2024-10-23T11:34:37.000Z</time>
        <extensions>
          <ns3:TrackPointExtension>
            <ns3:atemp>21.0</ns3:atemp>
            <ns3:hr>163</ns3:hr>
            <ns3:cad>94</ns3:cad>
          </ns3:TrackPointExtension>
        </extensions>
      </trkpt>
      <trkpt lat="31.99059552513062953948974609375" lon="118.78225159831345081329345703125">
        <ele>26.6000003814697265625</ele>
        <time>2024-10-23T11:34:38.000Z</time>
        <extensions>
          <ns3:TrackPointExtension>
            <ns3:atemp>21.0</ns3:atemp>
            <ns3:hr>163</ns3:hr>
            <ns3:cad>94</ns3:cad>
          </ns3:TrackPointExtension>
        </extensions>
      </trkpt>
      <trkpt lat="31.99057255871593952178955078125" lon="118.78226702101528644561767578125">
        <ele>26.3999996185302734375</ele>
        <time>2024-10-23T11:34:39.000Z</time>
        <extensions>
          <ns3:TrackPointExtension>
            <ns3:atemp>21.0</ns3:atemp>
            <ns3:hr>163</ns3:hr>
            <ns3:cad>94</ns3:cad>
          </ns3:TrackPointExtension>
        </extensions>
      </trkpt>
      <trkpt lat="31.990550346672534942626953125" lon="118.78228143788874149322509765625">
        <ele>26.3999996185302734375</ele>
        <time>2024-10-23T11:34:40.000Z</time>
        <extensions>
          <ns3:TrackPointExtension>
            <ns3:atemp>21.0</ns3:atemp>
            <ns3:hr>163</ns3:hr>
            <ns3:cad>95</ns3:cad>
          </ns3:TrackPointExtension>
        </extensions>
      </trkpt>
      <trkpt lat="31.9905260391533374786376953125" lon="118.78230121918022632598876953125">
        <ele>26.3999996185302734375</ele>
        <time>2024-10-23T11:34:41.000Z</time>
        <extensions>
          <ns3:TrackPointExtension>
            <ns3:atemp>21.0</ns3:atemp>
            <ns3:hr>163</ns3:hr>
            <ns3:cad>95</ns3:cad>
          </ns3:TrackPointExtension>
        </extensions>
      </trkpt>
      <trkpt lat="31.99050466530025005340576171875" lon="118.78231823444366455078125">
        <ele>26.200000762939453125</ele>
        <time>2024-10-23T11:34:42.000Z</time>
        <extensions>
          <ns3:TrackPointExtension>
            <ns3:atemp>21.0</ns3:atemp>
            <ns3:hr>163</ns3:hr>
            <ns3:cad>95</ns3:cad>
          </ns3:TrackPointExtension>
        </extensions>
      </trkpt>
      <trkpt lat="31.990482620894908905029296875" lon="118.78233592025935649871826171875">
        <ele>26.200000762939453125</ele>
        <time>2024-10-23T11:34:43.000Z</time>
        <extensions>
          <ns3:TrackPointExtension>
            <ns3:atemp>21.0</ns3:atemp>
            <ns3:hr>163</ns3:hr>
            <ns3:cad>95</ns3:cad>
          </ns3:TrackPointExtension>
        </extensions>
      </trkpt>
      <trkpt lat="31.9904613308608531951904296875" lon="118.7823532707989215850830078125">
        <ele>26.200000762939453125</ele>
        <time>2024-10-23T11:34:44.000Z</time>
        <extensions>
          <ns3:TrackPointExtension>
            <ns3:atemp>21.0</ns3:atemp>
            <ns3:hr>163</ns3:hr>
            <ns3:cad>94</ns3:cad>
          </ns3:TrackPointExtension>
        </extensions>
      </trkpt>
      <trkpt lat="31.990441717207431793212890625" lon="118.78236793912947177886962890625">
        <ele>26.200000762939453125</ele>
        <time>2024-10-23T11:34:45.000Z</time>
        <extensions>
          <ns3:TrackPointExtension>
            <ns3:atemp>21.0</ns3:atemp>
            <ns3:hr>163</ns3:hr>
            <ns3:cad>93</ns3:cad>
          </ns3:TrackPointExtension>
        </extensions>
      </trkpt>
      <trkpt lat="31.99042000807821750640869140625" lon="118.78238461911678314208984375">
        <ele>26.200000762939453125</ele>
        <time>2024-10-23T11:34:46.000Z</time>
        <extensions>
          <ns3:TrackPointExtension>
            <ns3:atemp>21.0</ns3:atemp>
            <ns3:hr>163</ns3:hr>
            <ns3:cad>92</ns3:cad>
          </ns3:TrackPointExtension>
        </extensions>
      </trkpt>
      <trkpt lat="31.990399472415447235107421875" lon="118.7824018858373165130615234375">
        <ele>26.200000762939453125</ele>
        <time>2024-10-23T11:34:47.000Z</time>
        <extensions>
          <ns3:TrackPointExtension>
            <ns3:atemp>21.0</ns3:atemp>
            <ns3:hr>163</ns3:hr>
            <ns3:cad>92</ns3:cad>
          </ns3:TrackPointExtension>
        </extensions>
      </trkpt>
      <trkpt lat="31.990376673638820648193359375" lon="118.7824206613004207611083984375">
        <ele>26</ele>
        <time>2024-10-23T11:34:48.000Z</time>
        <extensions>
          <ns3:TrackPointExtension>
            <ns3:atemp>21.0</ns3:atemp>
            <ns3:hr>164</ns3:hr>
            <ns3:cad>94</ns3:cad>
          </ns3:TrackPointExtension>
        </extensions>
      </trkpt>
      <trkpt lat="31.99035764671862125396728515625" lon="118.7824402749538421630859375">
        <ele>26</ele>
        <time>2024-10-23T11:34:49.000Z</time>
        <extensions>
          <ns3:TrackPointExtension>
            <ns3:atemp>21.0</ns3:atemp>
            <ns3:hr>164</ns3:hr>
            <ns3:cad>94</ns3:cad>
          </ns3:TrackPointExtension>
        </extensions>
      </trkpt>
      <trkpt lat="31.99033434502780437469482421875" lon="118.78246483393013477325439453125">
        <ele>26</ele>
        <time>2024-10-23T11:34:50.000Z</time>
        <extensions>
          <ns3:TrackPointExtension>
            <ns3:atemp>21.0</ns3:atemp>
            <ns3:hr>164</ns3:hr>
            <ns3:cad>93</ns3:cad>
          </ns3:TrackPointExtension>
        </extensions>
      </trkpt>
      <trkpt lat="31.9903154857456684112548828125" lon="118.78248562105000019073486328125">
        <ele>26</ele>
        <time>2024-10-23T11:34:51.000Z</time>
        <extensions>
          <ns3:TrackPointExtension>
            <ns3:atemp>21.0</ns3:atemp>
            <ns3:hr>164</ns3:hr>
            <ns3:cad>93</ns3:cad>
          </ns3:TrackPointExtension>
        </extensions>
      </trkpt>
      <trkpt lat="31.99029545299708843231201171875" lon="118.78250875510275363922119140625">
        <ele>25.799999237060546875</ele>
        <time>2024-10-23T11:34:52.000Z</time>
        <extensions>
          <ns3:TrackPointExtension>
            <ns3:atemp>21.0</ns3:atemp>
            <ns3:hr>164</ns3:hr>
            <ns3:cad>92</ns3:cad>
          </ns3:TrackPointExtension>
        </extensions>
      </trkpt>
      <trkpt lat="31.9902749173343181610107421875" lon="118.78252820111811161041259765625">
        <ele>25.799999237060546875</ele>
        <time>2024-10-23T11:34:53.000Z</time>
        <extensions>
          <ns3:TrackPointExtension>
            <ns3:atemp>21.0</ns3:atemp>
            <ns3:hr>164</ns3:hr>
            <ns3:cad>92</ns3:cad>
          </ns3:TrackPointExtension>
        </extensions>
      </trkpt>
      <trkpt lat="31.9902534596621990203857421875" lon="118.7825500778853893280029296875">
        <ele>25.799999237060546875</ele>
        <time>2024-10-23T11:34:54.000Z</time>
        <extensions>
          <ns3:TrackPointExtension>
            <ns3:atemp>21.0</ns3:atemp>
            <ns3:hr>164</ns3:hr>
            <ns3:cad>92</ns3:cad>
          </ns3:TrackPointExtension>
        </extensions>
      </trkpt>
      <trkpt lat="31.99023242108523845672607421875" lon="118.7825708650052547454833984375">
        <ele>25.6000003814697265625</ele>
        <time>2024-10-23T11:34:55.000Z</time>
        <extensions>
          <ns3:TrackPointExtension>
            <ns3:atemp>21.0</ns3:atemp>
            <ns3:hr>164</ns3:hr>
            <ns3:cad>92</ns3:cad>
          </ns3:TrackPointExtension>
        </extensions>
      </trkpt>
      <trkpt lat="31.99022068642079830169677734375" lon="118.78259123302996158599853515625">
        <ele>25.6000003814697265625</ele>
        <time>2024-10-23T11:34:56.000Z</time>
        <extensions>
          <ns3:TrackPointExtension>
            <ns3:atemp>21.0</ns3:atemp>
            <ns3:hr>164</ns3:hr>
            <ns3:cad>93</ns3:cad>
          </ns3:TrackPointExtension>
        </extensions>
      </trkpt>
      <trkpt lat="31.990205347537994384765625" lon="118.7826181389391422271728515625">
        <ele>25.6000003814697265625</ele>
        <time>2024-10-23T11:34:57.000Z</time>
        <extensions>
          <ns3:TrackPointExtension>
            <ns3:atemp>21.0</ns3:atemp>
            <ns3:hr>164</ns3:hr>
            <ns3:cad>95</ns3:cad>
          </ns3:TrackPointExtension>
        </extensions>
      </trkpt>
      <trkpt lat="31.990189589560031890869140625" lon="118.78264085389673709869384765625">
        <ele>25.6000003814697265625</ele>
        <time>2024-10-23T11:34:58.000Z</time>
        <extensions>
          <ns3:TrackPointExtension>
            <ns3:atemp>21.0</ns3:atemp>
            <ns3:hr>164</ns3:hr>
            <ns3:cad>95</ns3:cad>
          </ns3:TrackPointExtension>
        </extensions>
      </trkpt>
      <trkpt lat="31.990172155201435089111328125" lon="118.782661221921443939208984375">
        <ele>25.3999996185302734375</ele>
        <time>2024-10-23T11:34:59.000Z</time>
        <extensions>
          <ns3:TrackPointExtension>
            <ns3:atemp>20.0</ns3:atemp>
            <ns3:hr>164</ns3:hr>
            <ns3:cad>95</ns3:cad>
          </ns3:TrackPointExtension>
        </extensions>
      </trkpt>
      <trkpt lat="31.9901503622531890869140625" lon="118.7826815061271190643310546875">
        <ele>25.3999996185302734375</ele>
        <time>2024-10-23T11:35:00.000Z</time>
        <extensions>
          <ns3:TrackPointExtension>
            <ns3:atemp>21.0</ns3:atemp>
            <ns3:hr>164</ns3:hr>
            <ns3:cad>95</ns3:cad>
          </ns3:TrackPointExtension>
        </extensions>
      </trkpt>
      <trkpt lat="31.99012823402881622314453125" lon="118.78269935958087444305419921875">
        <ele>25.3999996185302734375</ele>
        <time>2024-10-23T11:35:01.000Z</time>
        <extensions>
          <ns3:TrackPointExtension>
            <ns3:atemp>21.0</ns3:atemp>
            <ns3:hr>164</ns3:hr>
            <ns3:cad>95</ns3:cad>
          </ns3:TrackPointExtension>
        </extensions>
      </trkpt>
      <trkpt lat="31.9901047646999359130859375" lon="118.782721571624279022216796875">
        <ele>25.3999996185302734375</ele>
        <time>2024-10-23T11:35:02.000Z</time>
        <extensions>
          <ns3:TrackPointExtension>
            <ns3:atemp>21.0</ns3:atemp>
            <ns3:hr>164</ns3:hr>
            <ns3:cad>95</ns3:cad>
          </ns3:TrackPointExtension>
        </extensions>
      </trkpt>
      <trkpt lat="31.99008406139910221099853515625" lon="118.78274160437285900115966796875">
        <ele>25.200000762939453125</ele>
        <time>2024-10-23T11:35:03.000Z</time>
        <extensions>
          <ns3:TrackPointExtension>
            <ns3:atemp>21.0</ns3:atemp>
            <ns3:hr>164</ns3:hr>
            <ns3:cad>95</ns3:cad>
          </ns3:TrackPointExtension>
        </extensions>
      </trkpt>
      <trkpt lat="31.99005740694701671600341796875" lon="118.7827643193304538726806640625">
        <ele>25.200000762939453125</ele>
        <time>2024-10-23T11:35:04.000Z</time>
        <extensions>
          <ns3:TrackPointExtension>
            <ns3:atemp>21.0</ns3:atemp>
            <ns3:hr>164</ns3:hr>
            <ns3:cad>95</ns3:cad>
          </ns3:TrackPointExtension>
        </extensions>
      </trkpt>
      <trkpt lat="31.99003376998007297515869140625" lon="118.78278636373579502105712890625">
        <ele>25.200000762939453125</ele>
        <time>2024-10-23T11:35:05.000Z</time>
        <extensions>
          <ns3:TrackPointExtension>
            <ns3:atemp>21.0</ns3:atemp>
            <ns3:hr>164</ns3:hr>
            <ns3:cad>95</ns3:cad>
          </ns3:TrackPointExtension>
        </extensions>
      </trkpt>
      <trkpt lat="31.990016587078571319580078125" lon="118.78280128352344036102294921875">
        <ele>25.200000762939453125</ele>
        <time>2024-10-23T11:35:06.000Z</time>
        <extensions>
          <ns3:TrackPointExtension>
            <ns3:atemp>21.0</ns3:atemp>
            <ns3:hr>164</ns3:hr>
            <ns3:cad>95</ns3:cad>
          </ns3:TrackPointExtension>
        </extensions>
      </trkpt>
      <trkpt lat="31.98999672196805477142333984375" lon="118.78281821496784687042236328125">
        <ele>25.200000762939453125</ele>
        <time>2024-10-23T11:35:07.000Z</time>
        <extensions>
          <ns3:TrackPointExtension>
            <ns3:atemp>21.0</ns3:atemp>
            <ns3:hr>164</ns3:hr>
            <ns3:cad>95</ns3:cad>
          </ns3:TrackPointExtension>
        </extensions>
      </trkpt>
      <trkpt lat="31.9899778626859188079833984375" lon="118.78283011727035045623779296875">
        <ele>25</ele>
        <time>2024-10-23T11:35:08.000Z</time>
        <extensions>
          <ns3:TrackPointExtension>
            <ns3:atemp>20.0</ns3:atemp>
            <ns3:hr>164</ns3:hr>
            <ns3:cad>94</ns3:cad>
          </ns3:TrackPointExtension>
        </extensions>
      </trkpt>
      <trkpt lat="31.98995782993733882904052734375" lon="118.78284570761024951934814453125">
        <ele>25</ele>
        <time>2024-10-23T11:35:09.000Z</time>
        <extensions>
          <ns3:TrackPointExtension>
            <ns3:atemp>21.0</ns3:atemp>
            <ns3:hr>164</ns3:hr>
            <ns3:cad>94</ns3:cad>
          </ns3:TrackPointExtension>
        </extensions>
      </trkpt>
      <trkpt lat="31.98993737809360027313232421875" lon="118.782859705388545989990234375">
        <ele>25</ele>
        <time>2024-10-23T11:35:10.000Z</time>
        <extensions>
          <ns3:TrackPointExtension>
            <ns3:atemp>20.0</ns3:atemp>
            <ns3:hr>164</ns3:hr>
            <ns3:cad>94</ns3:cad>
          </ns3:TrackPointExtension>
        </extensions>
      </trkpt>
      <trkpt lat="31.9899108074605464935302734375" lon="118.782877139747142791748046875">
        <ele>24.799999237060546875</ele>
        <time>2024-10-23T11:35:11.000Z</time>
        <extensions>
          <ns3:TrackPointExtension>
            <ns3:atemp>20.0</ns3:atemp>
            <ns3:hr>164</ns3:hr>
            <ns3:cad>93</ns3:cad>
          </ns3:TrackPointExtension>
        </extensions>
      </trkpt>
      <trkpt lat="31.98988926596939563751220703125" lon="118.7828935682773590087890625">
        <ele>24.799999237060546875</ele>
        <time>2024-10-23T11:35:12.000Z</time>
        <extensions>
          <ns3:TrackPointExtension>
            <ns3:atemp>20.0</ns3:atemp>
            <ns3:hr>164</ns3:hr>
            <ns3:cad>93</ns3:cad>
          </ns3:TrackPointExtension>
        </extensions>
      </trkpt>
      <trkpt lat="31.989866383373737335205078125" lon="118.7829188816249370574951171875">
        <ele>24.799999237060546875</ele>
        <time>2024-10-23T11:35:13.000Z</time>
        <extensions>
          <ns3:TrackPointExtension>
            <ns3:atemp>20.0</ns3:atemp>
            <ns3:hr>164</ns3:hr>
            <ns3:cad>93</ns3:cad>
          </ns3:TrackPointExtension>
        </extensions>
      </trkpt>
      <trkpt lat="31.98983998037874698638916015625" lon="118.78294226713478565216064453125">
        <ele>24.799999237060546875</ele>
        <time>2024-10-23T11:35:14.000Z</time>
        <extensions>
          <ns3:TrackPointExtension>
            <ns3:atemp>20.0</ns3:atemp>
            <ns3:hr>164</ns3:hr>
            <ns3:cad>94</ns3:cad>
          </ns3:TrackPointExtension>
        </extensions>
      </trkpt>
      <trkpt lat="31.9898165948688983917236328125" lon="118.7829621322453022003173828125">
        <ele>24.6000003814697265625</ele>
        <time>2024-10-23T11:35:15.000Z</time>
        <extensions>
          <ns3:TrackPointExtension>
            <ns3:atemp>20.0</ns3:atemp>
            <ns3:hr>164</ns3:hr>
            <ns3:cad>94</ns3:cad>
          </ns3:TrackPointExtension>
        </extensions>
      </trkpt>
      <trkpt lat="31.9897934608161449432373046875" lon="118.782981075346469879150390625">
        <ele>24.6000003814697265625</ele>
        <time>2024-10-23T11:35:16.000Z</time>
        <extensions>
          <ns3:TrackPointExtension>
            <ns3:atemp>20.0</ns3:atemp>
            <ns3:hr>164</ns3:hr>
            <ns3:cad>93</ns3:cad>
          </ns3:TrackPointExtension>
        </extensions>
      </trkpt>
      <trkpt lat="31.98977493681013584136962890625" lon="118.78299658186733722686767578125">
        <ele>24.6000003814697265625</ele>
        <time>2024-10-23T11:35:17.000Z</time>
        <extensions>
          <ns3:TrackPointExtension>
            <ns3:atemp>21.0</ns3:atemp>
            <ns3:hr>164</ns3:hr>
            <ns3:cad>93</ns3:cad>
          </ns3:TrackPointExtension>
        </extensions>
      </trkpt>
      <trkpt lat="31.9897552393376827239990234375" lon="118.7830164469778537750244140625">
        <ele>24.6000003814697265625</ele>
        <time>2024-10-23T11:35:18.000Z</time>
        <extensions>
          <ns3:TrackPointExtension>
            <ns3:atemp>20.0</ns3:atemp>
            <ns3:hr>164</ns3:hr>
            <ns3:cad>93</ns3:cad>
          </ns3:TrackPointExtension>
        </extensions>
      </trkpt>
      <trkpt lat="31.98973529040813446044921875" lon="118.78303362987935543060302734375">
        <ele>24.3999996185302734375</ele>
        <time>2024-10-23T11:35:19.000Z</time>
        <extensions>
          <ns3:TrackPointExtension>
            <ns3:atemp>20.0</ns3:atemp>
            <ns3:hr>165</ns3:hr>
            <ns3:cad>93</ns3:cad>
          </ns3:TrackPointExtension>
        </extensions>
      </trkpt>
      <trkpt lat="31.989711821079254150390625" lon="118.78305223770439624786376953125">
        <ele>24.3999996185302734375</ele>
        <time>2024-10-23T11:35:20.000Z</time>
        <extensions>
          <ns3:TrackPointExtension>
            <ns3:atemp>20.0</ns3:atemp>
            <ns3:hr>165</ns3:hr>
            <ns3:cad>95</ns3:cad>
          </ns3:TrackPointExtension>
        </extensions>
      </trkpt>
      <trkpt lat="31.98969044722616672515869140625" lon="118.78307118080556392669677734375">
        <ele>24.3999996185302734375</ele>
        <time>2024-10-23T11:35:21.000Z</time>
        <extensions>
          <ns3:TrackPointExtension>
            <ns3:atemp>20.0</ns3:atemp>
            <ns3:hr>165</ns3:hr>
            <ns3:cad>95</ns3:cad>
          </ns3:TrackPointExtension>
        </extensions>
      </trkpt>
      <trkpt lat="31.98967116884887218475341796875" lon="118.78309163264930248260498046875">
        <ele>24.3999996185302734375</ele>
        <time>2024-10-23T11:35:22.000Z</time>
        <extensions>
          <ns3:TrackPointExtension>
            <ns3:atemp>20.0</ns3:atemp>
            <ns3:hr>165</ns3:hr>
            <ns3:cad>95</ns3:cad>
          </ns3:TrackPointExtension>
        </extensions>
      </trkpt>
      <trkpt lat="31.989645771682262420654296875" lon="118.7831135094165802001953125">
        <ele>24.200000762939453125</ele>
        <time>2024-10-23T11:35:23.000Z</time>
        <extensions>
          <ns3:TrackPointExtension>
            <ns3:atemp>20.0</ns3:atemp>
            <ns3:hr>165</ns3:hr>
            <ns3:cad>95</ns3:cad>
          </ns3:TrackPointExtension>
        </extensions>
      </trkpt>
      <trkpt lat="31.989620961248874664306640625" lon="118.783134631812572479248046875">
        <ele>24.200000762939453125</ele>
        <time>2024-10-23T11:35:24.000Z</time>
        <extensions>
          <ns3:TrackPointExtension>
            <ns3:atemp>20.0</ns3:atemp>
            <ns3:hr>166</ns3:hr>
            <ns3:cad>95</ns3:cad>
          </ns3:TrackPointExtension>
        </extensions>
      </trkpt>
      <trkpt lat="31.98959606699645519256591796875" lon="118.78315508365631103515625">
        <ele>24.200000762939453125</ele>
        <time>2024-10-23T11:35:25.000Z</time>
        <extensions>
          <ns3:TrackPointExtension>
            <ns3:atemp>20.0</ns3:atemp>
            <ns3:hr>166</ns3:hr>
            <ns3:cad>95</ns3:cad>
          </ns3:TrackPointExtension>
        </extensions>
      </trkpt>
      <trkpt lat="31.989574693143367767333984375" lon="118.7831783853471279144287109375">
        <ele>24</ele>
        <time>2024-10-23T11:35:26.000Z</time>
        <extensions>
          <ns3:TrackPointExtension>
            <ns3:atemp>20.0</ns3:atemp>
            <ns3:hr>166</ns3:hr>
            <ns3:cad>95</ns3:cad>
          </ns3:TrackPointExtension>
        </extensions>
      </trkpt>
      <trkpt lat="31.98954963125288486480712890625" lon="118.7832020223140716552734375">
        <ele>24</ele>
        <time>2024-10-23T11:35:27.000Z</time>
        <extensions>
          <ns3:TrackPointExtension>
            <ns3:atemp>20.0</ns3:atemp>
            <ns3:hr>166</ns3:hr>
            <ns3:cad>93</ns3:cad>
          </ns3:TrackPointExtension>
        </extensions>
      </trkpt>
      <trkpt lat="31.98952138423919677734375" lon="118.78322574310004711151123046875">
        <ele>24</ele>
        <time>2024-10-23T11:35:28.000Z</time>
        <extensions>
          <ns3:TrackPointExtension>
            <ns3:atemp>20.0</ns3:atemp>
            <ns3:hr>166</ns3:hr>
            <ns3:cad>93</ns3:cad>
          </ns3:TrackPointExtension>
        </extensions>
      </trkpt>
      <trkpt lat="31.98949581943452358245849609375" lon="118.78324502147734165191650390625">
        <ele>23.799999237060546875</ele>
        <time>2024-10-23T11:35:29.000Z</time>
        <extensions>
          <ns3:TrackPointExtension>
            <ns3:atemp>20.0</ns3:atemp>
            <ns3:hr>166</ns3:hr>
            <ns3:cad>93</ns3:cad>
          </ns3:TrackPointExtension>
        </extensions>
      </trkpt>
      <trkpt lat="31.98946933262050151824951171875" lon="118.7832632102072238922119140625">
        <ele>23.799999237060546875</ele>
        <time>2024-10-23T11:35:30.000Z</time>
        <extensions>
          <ns3:TrackPointExtension>
            <ns3:atemp>20.0</ns3:atemp>
            <ns3:hr>166</ns3:hr>
            <ns3:cad>93</ns3:cad>
          </ns3:TrackPointExtension>
        </extensions>
      </trkpt>
      <trkpt lat="31.98944536037743091583251953125" lon="118.7832772918045520782470703125">
        <ele>23.799999237060546875</ele>
        <time>2024-10-23T11:35:31.000Z</time>
        <extensions>
          <ns3:TrackPointExtension>
            <ns3:atemp>20.0</ns3:atemp>
            <ns3:hr>166</ns3:hr>
            <ns3:cad>94</ns3:cad>
          </ns3:TrackPointExtension>
        </extensions>
      </trkpt>
      <trkpt lat="31.9894179515540599822998046875" lon="118.78329388797283172607421875">
        <ele>23.6000003814697265625</ele>
        <time>2024-10-23T11:35:32.000Z</time>
        <extensions>
          <ns3:TrackPointExtension>
            <ns3:atemp>20.0</ns3:atemp>
            <ns3:hr>166</ns3:hr>
            <ns3:cad>94</ns3:cad>
          </ns3:TrackPointExtension>
        </extensions>
      </trkpt>
      <trkpt lat="31.9893907941877841949462890625" lon="118.783308304846286773681640625">
        <ele>23.6000003814697265625</ele>
        <time>2024-10-23T11:35:33.000Z</time>
        <extensions>
          <ns3:TrackPointExtension>
            <ns3:atemp>20.0</ns3:atemp>
            <ns3:hr>166</ns3:hr>
            <ns3:cad>94</ns3:cad>
          </ns3:TrackPointExtension>
        </extensions>
      </trkpt>
      <trkpt lat="31.989364810287952423095703125" lon="118.7833262421190738677978515625">
        <ele>23.6000003814697265625</ele>
        <time>2024-10-23T11:35:34.000Z</time>
        <extensions>
          <ns3:TrackPointExtension>
            <ns3:atemp>20.0</ns3:atemp>
            <ns3:hr>166</ns3:hr>
            <ns3:cad>94</ns3:cad>
          </ns3:TrackPointExtension>
        </extensions>
      </trkpt>
      <trkpt lat="31.98934125714004039764404296875" lon="118.78334174863994121551513671875">
        <ele>23.3999996185302734375</ele>
        <time>2024-10-23T11:35:35.000Z</time>
        <extensions>
          <ns3:TrackPointExtension>
            <ns3:atemp>20.0</ns3:atemp>
            <ns3:hr>166</ns3:hr>
            <ns3:cad>94</ns3:cad>
          </ns3:TrackPointExtension>
        </extensions>
      </trkpt>
      <trkpt lat="31.98931342922151088714599609375" lon="118.783360607922077178955078125">
        <ele>23.3999996185302734375</ele>
        <time>2024-10-23T11:35:36.000Z</time>
        <extensions>
          <ns3:TrackPointExtension>
            <ns3:atemp>20.0</ns3:atemp>
            <ns3:hr>166</ns3:hr>
            <ns3:cad>94</ns3:cad>
          </ns3:TrackPointExtension>
        </extensions>
      </trkpt>
      <trkpt lat="31.9892898760735988616943359375" lon="118.78337728790938854217529296875">
        <ele>23.3999996185302734375</ele>
        <time>2024-10-23T11:35:37.000Z</time>
        <extensions>
          <ns3:TrackPointExtension>
            <ns3:atemp>20.0</ns3:atemp>
            <ns3:hr>166</ns3:hr>
            <ns3:cad>92</ns3:cad>
          </ns3:TrackPointExtension>
        </extensions>
      </trkpt>
      <trkpt lat="31.989264227449893951416015625" lon="118.78339388407766819000244140625">
        <ele>23.200000762939453125</ele>
        <time>2024-10-23T11:35:38.000Z</time>
        <extensions>
          <ns3:TrackPointExtension>
            <ns3:atemp>20.0</ns3:atemp>
            <ns3:hr>166</ns3:hr>
            <ns3:cad>92</ns3:cad>
          </ns3:TrackPointExtension>
        </extensions>
      </trkpt>
      <trkpt lat="31.989238075911998748779296875" lon="118.7834107317030429840087890625">
        <ele>23.200000762939453125</ele>
        <time>2024-10-23T11:35:39.000Z</time>
        <extensions>
          <ns3:TrackPointExtension>
            <ns3:atemp>20.0</ns3:atemp>
            <ns3:hr>166</ns3:hr>
            <ns3:cad>92</ns3:cad>
          </ns3:TrackPointExtension>
        </extensions>
      </trkpt>
      <trkpt lat="31.98921485804021358489990234375" lon="118.7834326922893524169921875">
        <ele>23.200000762939453125</ele>
        <time>2024-10-23T11:35:40.000Z</time>
        <extensions>
          <ns3:TrackPointExtension>
            <ns3:atemp>20.0</ns3:atemp>
            <ns3:hr>166</ns3:hr>
            <ns3:cad>92</ns3:cad>
          </ns3:TrackPointExtension>
        </extensions>
      </trkpt>
      <trkpt lat="31.9891879521310329437255859375" lon="118.78345188684761524200439453125">
        <ele>23.200000762939453125</ele>
        <time>2024-10-23T11:35:41.000Z</time>
        <extensions>
          <ns3:TrackPointExtension>
            <ns3:atemp>20.0</ns3:atemp>
            <ns3:hr>166</ns3:hr>
            <ns3:cad>92</ns3:cad>
          </ns3:TrackPointExtension>
        </extensions>
      </trkpt>
      <trkpt lat="31.9891654886305332183837890625" lon="118.78346798010170459747314453125">
        <ele>23</ele>
        <time>2024-10-23T11:35:42.000Z</time>
        <extensions>
          <ns3:TrackPointExtension>
            <ns3:atemp>20.0</ns3:atemp>
            <ns3:hr>166</ns3:hr>
            <ns3:cad>92</ns3:cad>
          </ns3:TrackPointExtension>
        </extensions>
      </trkpt>
      <trkpt lat="31.9891416840255260467529296875" lon="118.78348491154611110687255859375">
        <ele>23</ele>
        <time>2024-10-23T11:35:43.000Z</time>
        <extensions>
          <ns3:TrackPointExtension>
            <ns3:atemp>20.0</ns3:atemp>
            <ns3:hr>166</ns3:hr>
            <ns3:cad>92</ns3:cad>
          </ns3:TrackPointExtension>
        </extensions>
      </trkpt>
      <trkpt lat="31.989120058715343475341796875" lon="118.78350150771439075469970703125">
        <ele>23</ele>
        <time>2024-10-23T11:35:44.000Z</time>
        <extensions>
          <ns3:TrackPointExtension>
            <ns3:atemp>20.0</ns3:atemp>
            <ns3:hr>166</ns3:hr>
            <ns3:cad>91</ns3:cad>
          </ns3:TrackPointExtension>
        </extensions>
      </trkpt>
      <trkpt lat="31.9890957511961460113525390625" lon="118.78351860679686069488525390625">
        <ele>23</ele>
        <time>2024-10-23T11:35:45.000Z</time>
        <extensions>
          <ns3:TrackPointExtension>
            <ns3:atemp>20.0</ns3:atemp>
            <ns3:hr>166</ns3:hr>
            <ns3:cad>91</ns3:cad>
          </ns3:TrackPointExtension>
        </extensions>
      </trkpt>
      <trkpt lat="31.98907286860048770904541015625" lon="118.7835346162319183349609375">
        <ele>22.799999237060546875</ele>
        <time>2024-10-23T11:35:46.000Z</time>
        <extensions>
          <ns3:TrackPointExtension>
            <ns3:atemp>20.0</ns3:atemp>
            <ns3:hr>166</ns3:hr>
            <ns3:cad>92</ns3:cad>
          </ns3:TrackPointExtension>
        </extensions>
      </trkpt>
      <trkpt lat="31.98904956690967082977294921875" lon="118.78355230204761028289794921875">
        <ele>22.799999237060546875</ele>
        <time>2024-10-23T11:35:47.000Z</time>
        <extensions>
          <ns3:TrackPointExtension>
            <ns3:atemp>20.0</ns3:atemp>
            <ns3:hr>166</ns3:hr>
            <ns3:cad>92</ns3:cad>
          </ns3:TrackPointExtension>
        </extensions>
      </trkpt>
      <trkpt lat="31.9890283606946468353271484375" lon="118.78356554545462131500244140625">
        <ele>22.799999237060546875</ele>
        <time>2024-10-23T11:35:48.000Z</time>
        <extensions>
          <ns3:TrackPointExtension>
            <ns3:atemp>20.0</ns3:atemp>
            <ns3:hr>166</ns3:hr>
            <ns3:cad>92</ns3:cad>
          </ns3:TrackPointExtension>
        </extensions>
      </trkpt>
      <trkpt lat="31.98900799266993999481201171875" lon="118.7835807166993618011474609375">
        <ele>22.799999237060546875</ele>
        <time>2024-10-23T11:35:49.000Z</time>
        <extensions>
          <ns3:TrackPointExtension>
            <ns3:atemp>20.0</ns3:atemp>
            <ns3:hr>166</ns3:hr>
            <ns3:cad>92</ns3:cad>
          </ns3:TrackPointExtension>
        </extensions>
      </trkpt>
      <trkpt lat="31.98898737318813800811767578125" lon="118.78359370864927768707275390625">
        <ele>22.6000003814697265625</ele>
        <time>2024-10-23T11:35:50.000Z</time>
        <extensions>
          <ns3:TrackPointExtension>
            <ns3:atemp>20.0</ns3:atemp>
            <ns3:hr>166</ns3:hr>
            <ns3:cad>92</ns3:cad>
          </ns3:TrackPointExtension>
        </extensions>
      </trkpt>
      <trkpt lat="31.988972537219524383544921875" lon="118.78360292874276638031005859375">
        <ele>22.6000003814697265625</ele>
        <time>2024-10-23T11:35:51.000Z</time>
        <extensions>
          <ns3:TrackPointExtension>
            <ns3:atemp>20.0</ns3:atemp>
            <ns3:hr>166</ns3:hr>
            <ns3:cad>92</ns3:cad>
          </ns3:TrackPointExtension>
        </extensions>
      </trkpt>
      <trkpt lat="31.9889522530138492584228515625" lon="118.78361164592206478118896484375">
        <ele>22.6000003814697265625</ele>
        <time>2024-10-23T11:35:52.000Z</time>
        <extensions>
          <ns3:TrackPointExtension>
            <ns3:atemp>20.0</ns3:atemp>
            <ns3:hr>166</ns3:hr>
            <ns3:cad>92</ns3:cad>
          </ns3:TrackPointExtension>
        </extensions>
      </trkpt>
      <trkpt lat="31.98893389664590358734130859375" lon="118.7836216203868389129638671875">
        <ele>22.3999996185302734375</ele>
        <time>2024-10-23T11:35:53.000Z</time>
        <extensions>
          <ns3:TrackPointExtension>
            <ns3:atemp>20.0</ns3:atemp>
            <ns3:hr>166</ns3:hr>
            <ns3:cad>92</ns3:cad>
          </ns3:TrackPointExtension>
        </extensions>
      </trkpt>
      <trkpt lat="31.9889120198786258697509765625" lon="118.7836343608796596527099609375">
        <ele>22.3999996185302734375</ele>
        <time>2024-10-23T11:35:54.000Z</time>
        <extensions>
          <ns3:TrackPointExtension>
            <ns3:atemp>20.0</ns3:atemp>
            <ns3:hr>166</ns3:hr>
            <ns3:cad>92</ns3:cad>
          </ns3:TrackPointExtension>
        </extensions>
      </trkpt>
      <trkpt lat="31.988894082605838775634765625" lon="118.78364718519151210784912109375">
        <ele>22.3999996185302734375</ele>
        <time>2024-10-23T11:35:55.000Z</time>
        <extensions>
          <ns3:TrackPointExtension>
            <ns3:atemp>20.0</ns3:atemp>
            <ns3:hr>166</ns3:hr>
            <ns3:cad>92</ns3:cad>
          </ns3:TrackPointExtension>
        </extensions>
      </trkpt>
      <trkpt lat="31.9888736307621002197265625" lon="118.7836625240743160247802734375">
        <ele>22.200000762939453125</ele>
        <time>2024-10-23T11:35:56.000Z</time>
        <extensions>
          <ns3:TrackPointExtension>
            <ns3:atemp>20.0</ns3:atemp>
            <ns3:hr>166</ns3:hr>
            <ns3:cad>92</ns3:cad>
          </ns3:TrackPointExtension>
        </extensions>
      </trkpt>
      <trkpt lat="31.988853514194488525390625" lon="118.78367803059518337249755859375">
        <ele>22.200000762939453125</ele>
        <time>2024-10-23T11:35:57.000Z</time>
        <extensions>
          <ns3:TrackPointExtension>
            <ns3:atemp>20.0</ns3:atemp>
            <ns3:hr>166</ns3:hr>
            <ns3:cad>92</ns3:cad>
          </ns3:TrackPointExtension>
        </extensions>
      </trkpt>
      <trkpt lat="31.98883079923689365386962890625" lon="118.7836960516870021820068359375">
        <ele>22.200000762939453125</ele>
        <time>2024-10-23T11:35:58.000Z</time>
        <extensions>
          <ns3:TrackPointExtension>
            <ns3:atemp>20.0</ns3:atemp>
            <ns3:hr>166</ns3:hr>
            <ns3:cad>92</ns3:cad>
          </ns3:TrackPointExtension>
        </extensions>
      </trkpt>
      <trkpt lat="31.98880448006093502044677734375" lon="118.78371440805494785308837890625">
        <ele>22.200000762939453125</ele>
        <time>2024-10-23T11:35:59.000Z</time>
        <extensions>
          <ns3:TrackPointExtension>
            <ns3:atemp>20.0</ns3:atemp>
            <ns3:hr>166</ns3:hr>
            <ns3:cad>92</ns3:cad>
          </ns3:TrackPointExtension>
        </extensions>
      </trkpt>
      <trkpt lat="31.988775394856929779052734375" lon="118.78373184241354465484619140625">
        <ele>22.200000762939453125</ele>
        <time>2024-10-23T11:36:00.000Z</time>
        <extensions>
          <ns3:TrackPointExtension>
            <ns3:atemp>20.0</ns3:atemp>
            <ns3:hr>166</ns3:hr>
            <ns3:cad>92</ns3:cad>
          </ns3:TrackPointExtension>
        </extensions>
      </trkpt>
      <trkpt lat="31.9887448847293853759765625" lon="118.783752210438251495361328125">
        <ele>22.200000762939453125</ele>
        <time>2024-10-23T11:36:01.000Z</time>
        <extensions>
          <ns3:TrackPointExtension>
            <ns3:atemp>20.0</ns3:atemp>
            <ns3:hr>166</ns3:hr>
            <ns3:cad>92</ns3:cad>
          </ns3:TrackPointExtension>
        </extensions>
      </trkpt>
      <trkpt lat="31.98872284032404422760009765625" lon="118.78376268781721591949462890625">
        <ele>22</ele>
        <time>2024-10-23T11:36:02.000Z</time>
        <extensions>
          <ns3:TrackPointExtension>
            <ns3:atemp>20.0</ns3:atemp>
            <ns3:hr>166</ns3:hr>
            <ns3:cad>92</ns3:cad>
          </ns3:TrackPointExtension>
        </extensions>
      </trkpt>
      <trkpt lat="31.98869861662387847900390625" lon="118.783773668110370635986328125">
        <ele>22</ele>
        <time>2024-10-23T11:36:03.000Z</time>
        <extensions>
          <ns3:TrackPointExtension>
            <ns3:atemp>20.0</ns3:atemp>
            <ns3:hr>166</ns3:hr>
            <ns3:cad>92</ns3:cad>
          </ns3:TrackPointExtension>
        </extensions>
      </trkpt>
      <trkpt lat="31.98867321945726871490478515625" lon="118.7837848998606204986572265625">
        <ele>22</ele>
        <time>2024-10-23T11:36:04.000Z</time>
        <extensions>
          <ns3:TrackPointExtension>
            <ns3:atemp>20.0</ns3:atemp>
            <ns3:hr>166</ns3:hr>
            <ns3:cad>94</ns3:cad>
          </ns3:TrackPointExtension>
        </extensions>
      </trkpt>
      <trkpt lat="31.98864656500518321990966796875" lon="118.7837983109056949615478515625">
        <ele>22</ele>
        <time>2024-10-23T11:36:05.000Z</time>
        <extensions>
          <ns3:TrackPointExtension>
            <ns3:atemp>20.0</ns3:atemp>
            <ns3:hr>166</ns3:hr>
            <ns3:cad>94</ns3:cad>
          </ns3:TrackPointExtension>
        </extensions>
      </trkpt>
      <trkpt lat="31.9886189885437488555908203125" lon="118.7838127277791500091552734375">
        <ele>21.799999237060546875</ele>
        <time>2024-10-23T11:36:06.000Z</time>
        <extensions>
          <ns3:TrackPointExtension>
            <ns3:atemp>20.0</ns3:atemp>
            <ns3:hr>166</ns3:hr>
            <ns3:cad>93</ns3:cad>
          </ns3:TrackPointExtension>
        </extensions>
      </trkpt>
      <trkpt lat="31.98858135379850864410400390625" lon="118.78383527509868144989013671875">
        <ele>21.799999237060546875</ele>
        <time>2024-10-23T11:36:07.000Z</time>
        <extensions>
          <ns3:TrackPointExtension>
            <ns3:atemp>20.0</ns3:atemp>
            <ns3:hr>166</ns3:hr>
            <ns3:cad>92</ns3:cad>
          </ns3:TrackPointExtension>
        </extensions>
      </trkpt>
      <trkpt lat="31.98854782618582248687744140625" lon="118.7838536314666271209716796875">
        <ele>21.799999237060546875</ele>
        <time>2024-10-23T11:36:08.000Z</time>
        <extensions>
          <ns3:TrackPointExtension>
            <ns3:atemp>20.0</ns3:atemp>
            <ns3:hr>166</ns3:hr>
            <ns3:cad>92</ns3:cad>
          </ns3:TrackPointExtension>
        </extensions>
      </trkpt>
      <trkpt lat="31.98851480148732662200927734375" lon="118.78387148492038249969482421875">
        <ele>21.6000003814697265625</ele>
        <time>2024-10-23T11:36:09.000Z</time>
        <extensions>
          <ns3:TrackPointExtension>
            <ns3:atemp>20.0</ns3:atemp>
            <ns3:hr>166</ns3:hr>
            <ns3:cad>92</ns3:cad>
          </ns3:TrackPointExtension>
        </extensions>
      </trkpt>
      <trkpt lat="31.9884832017123699188232421875" lon="118.7838888354599475860595703125">
        <ele>21.6000003814697265625</ele>
        <time>2024-10-23T11:36:10.000Z</time>
        <extensions>
          <ns3:TrackPointExtension>
            <ns3:atemp>20.0</ns3:atemp>
            <ns3:hr>166</ns3:hr>
            <ns3:cad>92</ns3:cad>
          </ns3:TrackPointExtension>
        </extensions>
      </trkpt>
      <trkpt lat="31.98845587670803070068359375" lon="118.78390300087630748748779296875">
        <ele>21.6000003814697265625</ele>
        <time>2024-10-23T11:36:11.000Z</time>
        <extensions>
          <ns3:TrackPointExtension>
            <ns3:atemp>20.0</ns3:atemp>
            <ns3:hr>166</ns3:hr>
            <ns3:cad>93</ns3:cad>
          </ns3:TrackPointExtension>
        </extensions>
      </trkpt>
      <trkpt lat="31.98842729441821575164794921875" lon="118.783922530710697174072265625">
        <ele>21.6000003814697265625</ele>
        <time>2024-10-23T11:36:12.000Z</time>
        <extensions>
          <ns3:TrackPointExtension>
            <ns3:atemp>20.0</ns3:atemp>
            <ns3:hr>166</ns3:hr>
            <ns3:cad>93</ns3:cad>
          </ns3:TrackPointExtension>
        </extensions>
      </trkpt>
      <trkpt lat="31.988403238356113433837890625" lon="118.78393652848899364471435546875">
        <ele>21.6000003814697265625</ele>
        <time>2024-10-23T11:36:13.000Z</time>
        <extensions>
          <ns3:TrackPointExtension>
            <ns3:atemp>20.0</ns3:atemp>
            <ns3:hr>166</ns3:hr>
            <ns3:cad>93</ns3:cad>
          </ns3:TrackPointExtension>
        </extensions>
      </trkpt>
      <trkpt lat="31.98837800882756710052490234375" lon="118.78395563922822475433349609375">
        <ele>21.3999996185302734375</ele>
        <time>2024-10-23T11:36:14.000Z</time>
        <extensions>
          <ns3:TrackPointExtension>
            <ns3:atemp>20.0</ns3:atemp>
            <ns3:hr>166</ns3:hr>
            <ns3:cad>94</ns3:cad>
          </ns3:TrackPointExtension>
        </extensions>
      </trkpt>
      <trkpt lat="31.98835370130836963653564453125" lon="118.783973492681980133056640625">
        <ele>21.3999996185302734375</ele>
        <time>2024-10-23T11:36:15.000Z</time>
        <extensions>
          <ns3:TrackPointExtension>
            <ns3:atemp>20.0</ns3:atemp>
            <ns3:hr>166</ns3:hr>
            <ns3:cad>94</ns3:cad>
          </ns3:TrackPointExtension>
        </extensions>
      </trkpt>
      <trkpt lat="31.988330148160457611083984375" lon="118.78398866392672061920166015625">
        <ele>21.3999996185302734375</ele>
        <time>2024-10-23T11:36:16.000Z</time>
        <extensions>
          <ns3:TrackPointExtension>
            <ns3:atemp>20.0</ns3:atemp>
            <ns3:hr>166</ns3:hr>
            <ns3:cad>94</ns3:cad>
          </ns3:TrackPointExtension>
        </extensions>
      </trkpt>
      <trkpt lat="31.9883095286786556243896484375" lon="118.78400467336177825927734375">
        <ele>21.3999996185302734375</ele>
        <time>2024-10-23T11:36:17.000Z</time>
        <extensions>
          <ns3:TrackPointExtension>
            <ns3:atemp>20.0</ns3:atemp>
            <ns3:hr>166</ns3:hr>
            <ns3:cad>94</ns3:cad>
          </ns3:TrackPointExtension>
        </extensions>
      </trkpt>
      <trkpt lat="31.98829016648232936859130859375" lon="118.78402269445359706878662109375">
        <ele>21.200000762939453125</ele>
        <time>2024-10-23T11:36:18.000Z</time>
        <extensions>
          <ns3:TrackPointExtension>
            <ns3:atemp>20.0</ns3:atemp>
            <ns3:hr>166</ns3:hr>
            <ns3:cad>94</ns3:cad>
          </ns3:TrackPointExtension>
        </extensions>
      </trkpt>
      <trkpt lat="31.9882701337337493896484375" lon="118.78403811715543270111083984375">
        <ele>21.200000762939453125</ele>
        <time>2024-10-23T11:36:19.000Z</time>
        <extensions>
          <ns3:TrackPointExtension>
            <ns3:atemp>20.0</ns3:atemp>
            <ns3:hr>166</ns3:hr>
            <ns3:cad>94</ns3:cad>
          </ns3:TrackPointExtension>
        </extensions>
      </trkpt>
      <trkpt lat="31.988249681890010833740234375" lon="118.78405504859983921051025390625">
        <ele>21.200000762939453125</ele>
        <time>2024-10-23T11:36:20.000Z</time>
        <extensions>
          <ns3:TrackPointExtension>
            <ns3:atemp>20.0</ns3:atemp>
            <ns3:hr>166</ns3:hr>
            <ns3:cad>94</ns3:cad>
          </ns3:TrackPointExtension>
        </extensions>
      </trkpt>
      <trkpt lat="31.98822847567498683929443359375" lon="118.78406711854040622711181640625">
        <ele>21.200000762939453125</ele>
        <time>2024-10-23T11:36:21.000Z</time>
        <extensions>
          <ns3:TrackPointExtension>
            <ns3:atemp>20.0</ns3:atemp>
            <ns3:hr>166</ns3:hr>
            <ns3:cad>92</ns3:cad>
          </ns3:TrackPointExtension>
        </extensions>
      </trkpt>
      <trkpt lat="31.98820249177515506744384765625" lon="118.7840799428522586822509765625">
        <ele>21</ele>
        <time>2024-10-23T11:36:22.000Z</time>
        <extensions>
          <ns3:TrackPointExtension>
            <ns3:atemp>20.0</ns3:atemp>
            <ns3:hr>166</ns3:hr>
            <ns3:cad>91</ns3:cad>
          </ns3:TrackPointExtension>
        </extensions>
      </trkpt>
      <trkpt lat="31.988173909485340118408203125" lon="118.784093521535396575927734375">
        <ele>21</ele>
        <time>2024-10-23T11:36:23.000Z</time>
        <extensions>
          <ns3:TrackPointExtension>
            <ns3:atemp>20.0</ns3:atemp>
            <ns3:hr>166</ns3:hr>
            <ns3:cad>91</ns3:cad>
          </ns3:TrackPointExtension>
        </extensions>
      </trkpt>
      <trkpt lat="31.988144405186176300048828125" lon="118.78410802222788333892822265625">
        <ele>21</ele>
        <time>2024-10-23T11:36:24.000Z</time>
        <extensions>
          <ns3:TrackPointExtension>
            <ns3:atemp>20.0</ns3:atemp>
            <ns3:hr>166</ns3:hr>
            <ns3:cad>92</ns3:cad>
          </ns3:TrackPointExtension>
        </extensions>
      </trkpt>
      <trkpt lat="31.98811481706798076629638671875" lon="118.7841252051293849945068359375">
        <ele>21</ele>
        <time>2024-10-23T11:36:25.000Z</time>
        <extensions>
          <ns3:TrackPointExtension>
            <ns3:atemp>20.0</ns3:atemp>
            <ns3:hr>166</ns3:hr>
            <ns3:cad>92</ns3:cad>
          </ns3:TrackPointExtension>
        </extensions>
      </trkpt>
      <trkpt lat="31.9880899228155612945556640625" lon="118.7841355986893177032470703125">
        <ele>20.799999237060546875</ele>
        <time>2024-10-23T11:36:26.000Z</time>
        <extensions>
          <ns3:TrackPointExtension>
            <ns3:atemp>20.0</ns3:atemp>
            <ns3:hr>166</ns3:hr>
            <ns3:cad>93</ns3:cad>
          </ns3:TrackPointExtension>
        </extensions>
      </trkpt>
      <trkpt lat="31.98806486092507839202880859375" lon="118.78414154984056949615478515625">
        <ele>20.799999237060546875</ele>
        <time>2024-10-23T11:36:27.000Z</time>
        <extensions>
          <ns3:TrackPointExtension>
            <ns3:atemp>20.0</ns3:atemp>
            <ns3:hr>166</ns3:hr>
            <ns3:cad>94</ns3:cad>
          </ns3:TrackPointExtension>
        </extensions>
      </trkpt>
      <trkpt lat="31.988042481243610382080078125" lon="118.7841419689357280731201171875">
        <ele>20.6000003814697265625</ele>
        <time>2024-10-23T11:36:28.000Z</time>
        <extensions>
          <ns3:TrackPointExtension>
            <ns3:atemp>20.0</ns3:atemp>
            <ns3:hr>166</ns3:hr>
            <ns3:cad>94</ns3:cad>
          </ns3:TrackPointExtension>
        </extensions>
      </trkpt>
      <trkpt lat="31.988015659153461456298828125" lon="118.78412939608097076416015625">
        <ele>20.6000003814697265625</ele>
        <time>2024-10-23T11:36:29.000Z</time>
        <extensions>
          <ns3:TrackPointExtension>
            <ns3:atemp>20.0</ns3:atemp>
            <ns3:hr>166</ns3:hr>
            <ns3:cad>94</ns3:cad>
          </ns3:TrackPointExtension>
        </extensions>
      </trkpt>
      <trkpt lat="31.987999565899372100830078125" lon="118.78411355428397655487060546875">
        <ele>20.6000003814697265625</ele>
        <time>2024-10-23T11:36:30.000Z</time>
        <extensions>
          <ns3:TrackPointExtension>
            <ns3:atemp>20.0</ns3:atemp>
            <ns3:hr>166</ns3:hr>
            <ns3:cad>94</ns3:cad>
          </ns3:TrackPointExtension>
        </extensions>
      </trkpt>
      <trkpt lat="31.98797953315079212188720703125" lon="118.7840920127928256988525390625">
        <ele>20.6000003814697265625</ele>
        <time>2024-10-23T11:36:31.000Z</time>
        <extensions>
          <ns3:TrackPointExtension>
            <ns3:atemp>20.0</ns3:atemp>
            <ns3:hr>166</ns3:hr>
            <ns3:cad>94</ns3:cad>
          </ns3:TrackPointExtension>
        </extensions>
      </trkpt>
      <trkpt lat="31.98795790784060955047607421875" lon="118.78407466225326061248779296875">
        <ele>20.3999996185302734375</ele>
        <time>2024-10-23T11:36:32.000Z</time>
        <extensions>
          <ns3:TrackPointExtension>
            <ns3:atemp>20.0</ns3:atemp>
            <ns3:hr>165</ns3:hr>
            <ns3:cad>93</ns3:cad>
          </ns3:TrackPointExtension>
        </extensions>
      </trkpt>
      <trkpt lat="31.98793510906398296356201171875" lon="118.7840578146278858184814453125">
        <ele>20.3999996185302734375</ele>
        <time>2024-10-23T11:36:33.000Z</time>
        <extensions>
          <ns3:TrackPointExtension>
            <ns3:atemp>20.0</ns3:atemp>
            <ns3:hr>165</ns3:hr>
            <ns3:cad>92</ns3:cad>
          </ns3:TrackPointExtension>
        </extensions>
      </trkpt>
      <trkpt lat="31.98793058283627033233642578125" lon="118.7840762548148632049560546875">
        <ele>19.799999237060546875</ele>
        <time>2024-10-23T11:37:05.000Z</time>
        <extensions>
          <ns3:TrackPointExtension>
            <ns3:atemp>20.0</ns3:atemp>
            <ns3:hr>146</ns3:hr>
            <ns3:cad>0</ns3:cad>
          </ns3:TrackPointExtension>
        </extensions>
      </trkpt>
      <trkpt lat="31.98792236857116222381591796875" lon="118.7840843014419078826904296875">
        <ele>19.799999237060546875</ele>
        <time>2024-10-23T11:37:06.000Z</time>
        <extensions>
          <ns3:TrackPointExtension>
            <ns3:atemp>20.0</ns3:atemp>
            <ns3:hr>145</ns3:hr>
            <ns3:cad>0</ns3:cad>
          </ns3:TrackPointExtension>
        </extensions>
      </trkpt>
      <trkpt lat="31.98790091089904308319091796875" lon="118.78410601057112216949462890625">
        <ele>19.799999237060546875</ele>
        <time>2024-10-23T11:37:07.000Z</time>
        <extensions>
          <ns3:TrackPointExtension>
            <ns3:atemp>20.0</ns3:atemp>
            <ns3:hr>143</ns3:hr>
            <ns3:cad>0</ns3:cad>
          </ns3:TrackPointExtension>
        </extensions>
      </trkpt>
      <trkpt lat="31.987869478762149810791015625" lon="118.78413467667996883392333984375">
        <ele>19.799999237060546875</ele>
        <time>2024-10-23T11:37:08.000Z</time>
        <extensions>
          <ns3:TrackPointExtension>
            <ns3:atemp>20.0</ns3:atemp>
            <ns3:hr>142</ns3:hr>
            <ns3:cad>0</ns3:cad>
          </ns3:TrackPointExtension>
        </extensions>
      </trkpt>
      <trkpt lat="31.98784056119620800018310546875" lon="118.78415982238948345184326171875">
        <ele>19.799999237060546875</ele>
        <time>2024-10-23T11:37:09.000Z</time>
        <extensions>
          <ns3:TrackPointExtension>
            <ns3:atemp>20.0</ns3:atemp>
            <ns3:hr>141</ns3:hr>
            <ns3:cad>0</ns3:cad>
          </ns3:TrackPointExtension>
        </extensions>
      </trkpt>
      <trkpt lat="31.9878096319735050201416015625" lon="118.784187398850917816162109375">
        <ele>19.799999237060546875</ele>
        <time>2024-10-23T11:37:10.000Z</time>
        <extensions>
          <ns3:TrackPointExtension>
            <ns3:atemp>20.0</ns3:atemp>
            <ns3:hr>141</ns3:hr>
            <ns3:cad>88</ns3:cad>
          </ns3:TrackPointExtension>
        </extensions>
      </trkpt>
      <trkpt lat="31.9877844862639904022216796875" lon="118.78420776687562465667724609375">
        <ele>19.799999237060546875</ele>
        <time>2024-10-23T11:37:11.000Z</time>
        <extensions>
          <ns3:TrackPointExtension>
            <ns3:atemp>20.0</ns3:atemp>
            <ns3:hr>141</ns3:hr>
            <ns3:cad>90</ns3:cad>
          </ns3:TrackPointExtension>
        </extensions>
      </trkpt>
      <trkpt lat="31.9877546466886997222900390625" lon="118.7842334993183612823486328125">
        <ele>19.799999237060546875</ele>
        <time>2024-10-23T11:37:12.000Z</time>
        <extensions>
          <ns3:TrackPointExtension>
            <ns3:atemp>20.0</ns3:atemp>
            <ns3:hr>141</ns3:hr>
            <ns3:cad>92</ns3:cad>
          </ns3:TrackPointExtension>
        </extensions>
      </trkpt>
      <trkpt lat="31.98772807605564594268798828125" lon="118.78425814211368560791015625">
        <ele>19.799999237060546875</ele>
        <time>2024-10-23T11:37:13.000Z</time>
        <extensions>
          <ns3:TrackPointExtension>
            <ns3:atemp>20.0</ns3:atemp>
            <ns3:hr>141</ns3:hr>
            <ns3:cad>94</ns3:cad>
          </ns3:TrackPointExtension>
        </extensions>
      </trkpt>
      <trkpt lat="31.98770326562225818634033203125" lon="118.78428219817578792572021484375">
        <ele>19.6000003814697265625</ele>
        <time>2024-10-23T11:37:14.000Z</time>
        <extensions>
          <ns3:TrackPointExtension>
            <ns3:atemp>20.0</ns3:atemp>
            <ns3:hr>140</ns3:hr>
            <ns3:cad>94</ns3:cad>
          </ns3:TrackPointExtension>
        </extensions>
      </trkpt>
      <trkpt lat="31.9876798801124095916748046875" lon="118.78430432640016078948974609375">
        <ele>19.6000003814697265625</ele>
        <time>2024-10-23T11:37:15.000Z</time>
        <extensions>
          <ns3:TrackPointExtension>
            <ns3:atemp>20.0</ns3:atemp>
            <ns3:hr>140</ns3:hr>
            <ns3:cad>95</ns3:cad>
          </ns3:TrackPointExtension>
        </extensions>
      </trkpt>
      <trkpt lat="31.9876554049551486968994140625" lon="118.78432494588196277618408203125">
        <ele>19.6000003814697265625</ele>
        <time>2024-10-23T11:37:16.000Z</time>
        <extensions>
          <ns3:TrackPointExtension>
            <ns3:atemp>20.0</ns3:atemp>
            <ns3:hr>140</ns3:hr>
            <ns3:cad>95</ns3:cad>
          </ns3:TrackPointExtension>
        </extensions>
      </trkpt>
      <trkpt lat="31.9876269064843654632568359375" lon="118.78434665501117706298828125">
        <ele>19.3999996185302734375</ele>
        <time>2024-10-23T11:37:17.000Z</time>
        <extensions>
          <ns3:TrackPointExtension>
            <ns3:atemp>20.0</ns3:atemp>
            <ns3:hr>140</ns3:hr>
            <ns3:cad>95</ns3:cad>
          </ns3:TrackPointExtension>
        </extensions>
      </trkpt>
      <trkpt lat="31.98760385625064373016357421875" lon="118.7843625806272029876708984375">
        <ele>19.3999996185302734375</ele>
        <time>2024-10-23T11:37:18.000Z</time>
        <extensions>
          <ns3:TrackPointExtension>
            <ns3:atemp>20.0</ns3:atemp>
            <ns3:hr>139</ns3:hr>
            <ns3:cad>95</ns3:cad>
          </ns3:TrackPointExtension>
        </extensions>
      </trkpt>
      <trkpt lat="31.98757636360824108123779296875" lon="118.78437615931034088134765625">
        <ele>19.200000762939453125</ele>
        <time>2024-10-23T11:37:19.000Z</time>
        <extensions>
          <ns3:TrackPointExtension>
            <ns3:atemp>20.0</ns3:atemp>
            <ns3:hr>139</ns3:hr>
            <ns3:cad>95</ns3:cad>
          </ns3:TrackPointExtension>
        </extensions>
      </trkpt>
      <trkpt lat="31.98755440302193164825439453125" lon="118.784387223422527313232421875">
        <ele>19.200000762939453125</ele>
        <time>2024-10-23T11:37:20.000Z</time>
        <extensions>
          <ns3:TrackPointExtension>
            <ns3:atemp>20.0</ns3:atemp>
            <ns3:hr>139</ns3:hr>
            <ns3:cad>94</ns3:cad>
          </ns3:TrackPointExtension>
        </extensions>
      </trkpt>
      <trkpt lat="31.98753445409238338470458984375" lon="118.78439401276409626007080078125">
        <ele>19.200000762939453125</ele>
        <time>2024-10-23T11:37:21.000Z</time>
        <extensions>
          <ns3:TrackPointExtension>
            <ns3:atemp>20.0</ns3:atemp>
            <ns3:hr>139</ns3:hr>
            <ns3:cad>94</ns3:cad>
          </ns3:TrackPointExtension>
        </extensions>
      </trkpt>
      <trkpt lat="31.98750712908804416656494140625" lon="118.78440591506659984588623046875">
        <ele>19</ele>
        <time>2024-10-23T11:37:22.000Z</time>
        <extensions>
          <ns3:TrackPointExtension>
            <ns3:atemp>20.0</ns3:atemp>
            <ns3:hr>140</ns3:hr>
            <ns3:cad>94</ns3:cad>
          </ns3:TrackPointExtension>
        </extensions>
      </trkpt>
      <trkpt lat="31.98748298920691013336181640625" lon="118.78441798500716686248779296875">
        <ele>19</ele>
        <time>2024-10-23T11:37:23.000Z</time>
        <extensions>
          <ns3:TrackPointExtension>
            <ns3:atemp>20.0</ns3:atemp>
            <ns3:hr>140</ns3:hr>
            <ns3:cad>95</ns3:cad>
          </ns3:TrackPointExtension>
        </extensions>
      </trkpt>
      <trkpt lat="31.98745784349739551544189453125" lon="118.7844313122332096099853515625">
        <ele>19</ele>
        <time>2024-10-23T11:37:24.000Z</time>
        <extensions>
          <ns3:TrackPointExtension>
            <ns3:atemp>20.0</ns3:atemp>
            <ns3:hr>140</ns3:hr>
            <ns3:cad>95</ns3:cad>
          </ns3:TrackPointExtension>
        </extensions>
      </trkpt>
      <trkpt lat="31.98743253014981746673583984375" lon="118.78444480709731578826904296875">
        <ele>19</ele>
        <time>2024-10-23T11:37:25.000Z</time>
        <extensions>
          <ns3:TrackPointExtension>
            <ns3:atemp>20.0</ns3:atemp>
            <ns3:hr>140</ns3:hr>
            <ns3:cad>95</ns3:cad>
          </ns3:TrackPointExtension>
        </extensions>
      </trkpt>
      <trkpt lat="31.987404786050319671630859375" lon="118.784458301961421966552734375">
        <ele>19</ele>
        <time>2024-10-23T11:37:26.000Z</time>
        <extensions>
          <ns3:TrackPointExtension>
            <ns3:atemp>20.0</ns3:atemp>
            <ns3:hr>140</ns3:hr>
            <ns3:cad>95</ns3:cad>
          </ns3:TrackPointExtension>
        </extensions>
      </trkpt>
      <trkpt lat="31.98737494647502899169921875" lon="118.78447095863521099090576171875">
        <ele>18.799999237060546875</ele>
        <time>2024-10-23T11:37:27.000Z</time>
        <extensions>
          <ns3:TrackPointExtension>
            <ns3:atemp>20.0</ns3:atemp>
            <ns3:hr>141</ns3:hr>
            <ns3:cad>95</ns3:cad>
          </ns3:TrackPointExtension>
        </extensions>
      </trkpt>
      <trkpt lat="31.98734678328037261962890625" lon="118.7844841182231903076171875">
        <ele>18.799999237060546875</ele>
        <time>2024-10-23T11:37:28.000Z</time>
        <extensions>
          <ns3:TrackPointExtension>
            <ns3:atemp>20.0</ns3:atemp>
            <ns3:hr>141</ns3:hr>
            <ns3:cad>95</ns3:cad>
          </ns3:TrackPointExtension>
        </extensions>
      </trkpt>
      <trkpt lat="31.98731685988605022430419921875" lon="118.78449593670666217803955078125">
        <ele>18.6000003814697265625</ele>
        <time>2024-10-23T11:37:29.000Z</time>
        <extensions>
          <ns3:TrackPointExtension>
            <ns3:atemp>20.0</ns3:atemp>
            <ns3:hr>142</ns3:hr>
            <ns3:cad>95</ns3:cad>
          </ns3:TrackPointExtension>
        </extensions>
      </trkpt>
      <trkpt lat="31.987289451062679290771484375" lon="118.7845077551901340484619140625">
        <ele>18.6000003814697265625</ele>
        <time>2024-10-23T11:37:30.000Z</time>
        <extensions>
          <ns3:TrackPointExtension>
            <ns3:atemp>20.0</ns3:atemp>
            <ns3:hr>142</ns3:hr>
            <ns3:cad>95</ns3:cad>
          </ns3:TrackPointExtension>
        </extensions>
      </trkpt>
      <trkpt lat="31.9872604496777057647705078125" lon="118.78451957367360591888427734375">
        <ele>18.3999996185302734375</ele>
        <time>2024-10-23T11:37:31.000Z</time>
        <extensions>
          <ns3:TrackPointExtension>
            <ns3:atemp>20.0</ns3:atemp>
            <ns3:hr>143</ns3:hr>
            <ns3:cad>95</ns3:cad>
          </ns3:TrackPointExtension>
        </extensions>
      </trkpt>
      <trkpt lat="31.987233459949493408203125" lon="118.78453030250966548919677734375">
        <ele>18.3999996185302734375</ele>
        <time>2024-10-23T11:37:32.000Z</time>
        <extensions>
          <ns3:TrackPointExtension>
            <ns3:atemp>20.0</ns3:atemp>
            <ns3:hr>142</ns3:hr>
            <ns3:cad>95</ns3:cad>
          </ns3:TrackPointExtension>
        </extensions>
      </trkpt>
      <trkpt lat="31.987204290926456451416015625" lon="118.7845386005938053131103515625">
        <ele>18.3999996185302734375</ele>
        <time>2024-10-23T11:37:33.000Z</time>
        <extensions>
          <ns3:TrackPointExtension>
            <ns3:atemp>20.0</ns3:atemp>
            <ns3:hr>142</ns3:hr>
            <ns3:cad>95</ns3:cad>
          </ns3:TrackPointExtension>
        </extensions>
      </trkpt>
      <trkpt lat="31.98717637918889522552490234375" lon="118.7845473177731037139892578125">
        <ele>18.3999996185302734375</ele>
        <time>2024-10-23T11:37:34.000Z</time>
        <extensions>
          <ns3:TrackPointExtension>
            <ns3:atemp>20.0</ns3:atemp>
            <ns3:hr>143</ns3:hr>
            <ns3:cad>95</ns3:cad>
          </ns3:TrackPointExtension>
        </extensions>
      </trkpt>
      <trkpt lat="31.987152658402919769287109375" lon="118.7845565378665924072265625">
        <ele>18.200000762939453125</ele>
        <time>2024-10-23T11:37:35.000Z</time>
        <extensions>
          <ns3:TrackPointExtension>
            <ns3:atemp>20.0</ns3:atemp>
            <ns3:hr>143</ns3:hr>
            <ns3:cad>95</ns3:cad>
          </ns3:TrackPointExtension>
        </extensions>
      </trkpt>
      <trkpt lat="31.98712608776986598968505859375" lon="118.7845714576542377471923828125">
        <ele>18.200000762939453125</ele>
        <time>2024-10-23T11:37:36.000Z</time>
        <extensions>
          <ns3:TrackPointExtension>
            <ns3:atemp>20.0</ns3:atemp>
            <ns3:hr>143</ns3:hr>
            <ns3:cad>95</ns3:cad>
          </ns3:TrackPointExtension>
        </extensions>
      </trkpt>
      <trkpt lat="31.98710194788873195648193359375" lon="118.7845855392515659332275390625">
        <ele>18.200000762939453125</ele>
        <time>2024-10-23T11:37:37.000Z</time>
        <extensions>
          <ns3:TrackPointExtension>
            <ns3:atemp>20.0</ns3:atemp>
            <ns3:hr>144</ns3:hr>
            <ns3:cad>95</ns3:cad>
          </ns3:TrackPointExtension>
        </extensions>
      </trkpt>
      <trkpt lat="31.98707730509340763092041015625" lon="118.78460406325757503509521484375">
        <ele>18.200000762939453125</ele>
        <time>2024-10-23T11:37:38.000Z</time>
        <extensions>
          <ns3:TrackPointExtension>
            <ns3:atemp>20.0</ns3:atemp>
            <ns3:hr>144</ns3:hr>
            <ns3:cad>95</ns3:cad>
          </ns3:TrackPointExtension>
        </extensions>
      </trkpt>
      <trkpt lat="31.98705266229808330535888671875" lon="118.7846170552074909210205078125">
        <ele>18</ele>
        <time>2024-10-23T11:37:39.000Z</time>
        <extensions>
          <ns3:TrackPointExtension>
            <ns3:atemp>20.0</ns3:atemp>
            <ns3:hr>144</ns3:hr>
            <ns3:cad>95</ns3:cad>
          </ns3:TrackPointExtension>
        </extensions>
      </trkpt>
      <trkpt lat="31.9870250858366489410400390625" lon="118.78462837077677249908447265625">
        <ele>18</ele>
        <time>2024-10-23T11:37:40.000Z</time>
        <extensions>
          <ns3:TrackPointExtension>
            <ns3:atemp>20.0</ns3:atemp>
            <ns3:hr>144</ns3:hr>
            <ns3:cad>95</ns3:cad>
          </ns3:TrackPointExtension>
        </extensions>
      </trkpt>
      <trkpt lat="31.98699734173715114593505859375" lon="118.78464111126959323883056640625">
        <ele>18</ele>
        <time>2024-10-23T11:37:41.000Z</time>
        <extensions>
          <ns3:TrackPointExtension>
            <ns3:atemp>20.0</ns3:atemp>
            <ns3:hr>145</ns3:hr>
            <ns3:cad>95</ns3:cad>
          </ns3:TrackPointExtension>
        </extensions>
      </trkpt>
      <trkpt lat="31.98697202838957309722900390625" lon="118.7846556119620800018310546875">
        <ele>17.799999237060546875</ele>
        <time>2024-10-23T11:37:42.000Z</time>
        <extensions>
          <ns3:TrackPointExtension>
            <ns3:atemp>20.0</ns3:atemp>
            <ns3:hr>145</ns3:hr>
            <ns3:cad>94</ns3:cad>
          </ns3:TrackPointExtension>
        </extensions>
      </trkpt>
      <trkpt lat="31.986945457756519317626953125" lon="118.784667514264583587646484375">
        <ele>17.799999237060546875</ele>
        <time>2024-10-23T11:37:43.000Z</time>
        <extensions>
          <ns3:TrackPointExtension>
            <ns3:atemp>20.0</ns3:atemp>
            <ns3:hr>145</ns3:hr>
            <ns3:cad>94</ns3:cad>
          </ns3:TrackPointExtension>
        </extensions>
      </trkpt>
      <trkpt lat="31.98691922239959239959716796875" lon="118.7846770696341991424560546875">
        <ele>17.799999237060546875</ele>
        <time>2024-10-23T11:37:44.000Z</time>
        <extensions>
          <ns3:TrackPointExtension>
            <ns3:atemp>20.0</ns3:atemp>
            <ns3:hr>146</ns3:hr>
            <ns3:cad>93</ns3:cad>
          </ns3:TrackPointExtension>
        </extensions>
      </trkpt>
      <trkpt lat="31.9868914783000946044921875" lon="118.78468838520348072052001953125">
        <ele>17.6000003814697265625</ele>
        <time>2024-10-23T11:37:45.000Z</time>
        <extensions>
          <ns3:TrackPointExtension>
            <ns3:atemp>20.0</ns3:atemp>
            <ns3:hr>147</ns3:hr>
            <ns3:cad>93</ns3:cad>
          </ns3:TrackPointExtension>
        </extensions>
      </trkpt>
      <trkpt lat="31.98686440475285053253173828125" lon="118.7846986949443817138671875">
        <ele>17.6000003814697265625</ele>
        <time>2024-10-23T11:37:46.000Z</time>
        <extensions>
          <ns3:TrackPointExtension>
            <ns3:atemp>20.0</ns3:atemp>
            <ns3:hr>147</ns3:hr>
            <ns3:cad>93</ns3:cad>
          </ns3:TrackPointExtension>
        </extensions>
      </trkpt>
      <trkpt lat="31.98683582246303558349609375" lon="118.7847126089036464691162109375">
        <ele>17.6000003814697265625</ele>
        <time>2024-10-23T11:37:47.000Z</time>
        <extensions>
          <ns3:TrackPointExtension>
            <ns3:atemp>20.0</ns3:atemp>
            <ns3:hr>148</ns3:hr>
            <ns3:cad>94</ns3:cad>
          </ns3:TrackPointExtension>
        </extensions>
      </trkpt>
      <trkpt lat="31.986807323992252349853515625" lon="118.78472258336842060089111328125">
        <ele>17.6000003814697265625</ele>
        <time>2024-10-23T11:37:48.000Z</time>
        <extensions>
          <ns3:TrackPointExtension>
            <ns3:atemp>20.0</ns3:atemp>
            <ns3:hr>148</ns3:hr>
            <ns3:cad>94</ns3:cad>
          </ns3:TrackPointExtension>
        </extensions>
      </trkpt>
      <trkpt lat="31.98678242973983287811279296875" lon="118.7847287021577358245849609375">
        <ele>17.3999996185302734375</ele>
        <time>2024-10-23T11:37:49.000Z</time>
        <extensions>
          <ns3:TrackPointExtension>
            <ns3:atemp>20.0</ns3:atemp>
            <ns3:hr>148</ns3:hr>
            <ns3:cad>95</ns3:cad>
          </ns3:TrackPointExtension>
        </extensions>
      </trkpt>
      <trkpt lat="31.9867548532783985137939453125" lon="118.784739263355731964111328125">
        <ele>17.3999996185302734375</ele>
        <time>2024-10-23T11:37:50.000Z</time>
        <extensions>
          <ns3:TrackPointExtension>
            <ns3:atemp>20.0</ns3:atemp>
            <ns3:hr>148</ns3:hr>
            <ns3:cad>95</ns3:cad>
          </ns3:TrackPointExtension>
        </extensions>
      </trkpt>
      <trkpt lat="31.98673389852046966552734375" lon="118.78475837409496307373046875">
        <ele>17.200000762939453125</ele>
        <time>2024-10-23T11:37:51.000Z</time>
        <extensions>
          <ns3:TrackPointExtension>
            <ns3:atemp>20.0</ns3:atemp>
            <ns3:hr>149</ns3:hr>
            <ns3:cad>95</ns3:cad>
          </ns3:TrackPointExtension>
        </extensions>
      </trkpt>
      <trkpt lat="31.98670967482030391693115234375" lon="118.78477002494037151336669921875">
        <ele>17.200000762939453125</ele>
        <time>2024-10-23T11:37:52.000Z</time>
        <extensions>
          <ns3:TrackPointExtension>
            <ns3:atemp>20.0</ns3:atemp>
            <ns3:hr>149</ns3:hr>
            <ns3:cad>95</ns3:cad>
          </ns3:TrackPointExtension>
        </extensions>
      </trkpt>
      <trkpt lat="31.98668587021529674530029296875" lon="118.7847803346812725067138671875">
        <ele>17.200000762939453125</ele>
        <time>2024-10-23T11:37:53.000Z</time>
        <extensions>
          <ns3:TrackPointExtension>
            <ns3:atemp>20.0</ns3:atemp>
            <ns3:hr>149</ns3:hr>
            <ns3:cad>95</ns3:cad>
          </ns3:TrackPointExtension>
        </extensions>
      </trkpt>
      <trkpt lat="31.98665955103933811187744140625" lon="118.7847890518605709075927734375">
        <ele>17.200000762939453125</ele>
        <time>2024-10-23T11:37:54.000Z</time>
        <extensions>
          <ns3:TrackPointExtension>
            <ns3:atemp>20.0</ns3:atemp>
            <ns3:hr>150</ns3:hr>
            <ns3:cad>96</ns3:cad>
          </ns3:TrackPointExtension>
        </extensions>
      </trkpt>
      <trkpt lat="31.98663272894918918609619140625" lon="118.7848007865250110626220703125">
        <ele>17.200000762939453125</ele>
        <time>2024-10-23T11:37:55.000Z</time>
        <extensions>
          <ns3:TrackPointExtension>
            <ns3:atemp>20.0</ns3:atemp>
            <ns3:hr>150</ns3:hr>
            <ns3:cad>96</ns3:cad>
          </ns3:TrackPointExtension>
        </extensions>
      </trkpt>
      <trkpt lat="31.98660640977323055267333984375" lon="118.78481335937976837158203125">
        <ele>17</ele>
        <time>2024-10-23T11:37:56.000Z</time>
        <extensions>
          <ns3:TrackPointExtension>
            <ns3:atemp>20.0</ns3:atemp>
            <ns3:hr>151</ns3:hr>
            <ns3:cad>95</ns3:cad>
          </ns3:TrackPointExtension>
        </extensions>
      </trkpt>
      <trkpt lat="31.9865805096924304962158203125" lon="118.7848274409770965576171875">
        <ele>17</ele>
        <time>2024-10-23T11:37:57.000Z</time>
        <extensions>
          <ns3:TrackPointExtension>
            <ns3:atemp>20.0</ns3:atemp>
            <ns3:hr>151</ns3:hr>
            <ns3:cad>95</ns3:cad>
          </ns3:TrackPointExtension>
        </extensions>
      </trkpt>
      <trkpt lat="31.98655578307807445526123046875" lon="118.784842193126678466796875">
        <ele>17</ele>
        <time>2024-10-23T11:37:58.000Z</time>
        <extensions>
          <ns3:TrackPointExtension>
            <ns3:atemp>20.0</ns3:atemp>
            <ns3:hr>152</ns3:hr>
            <ns3:cad>95</ns3:cad>
          </ns3:TrackPointExtension>
        </extensions>
      </trkpt>
      <trkpt lat="31.98653030209243297576904296875" lon="118.78485954366624355316162109375">
        <ele>16.799999237060546875</ele>
        <time>2024-10-23T11:37:59.000Z</time>
        <extensions>
          <ns3:TrackPointExtension>
            <ns3:atemp>20.0</ns3:atemp>
            <ns3:hr>152</ns3:hr>
            <ns3:cad>95</ns3:cad>
          </ns3:TrackPointExtension>
        </extensions>
      </trkpt>
      <trkpt lat="31.98650700040161609649658203125" lon="118.78487370908260345458984375">
        <ele>16.799999237060546875</ele>
        <time>2024-10-23T11:38:00.000Z</time>
        <extensions>
          <ns3:TrackPointExtension>
            <ns3:atemp>20.0</ns3:atemp>
            <ns3:hr>153</ns3:hr>
            <ns3:cad>95</ns3:cad>
          </ns3:TrackPointExtension>
        </extensions>
      </trkpt>
      <trkpt lat="31.98648177087306976318359375" lon="118.784891478717327117919921875">
        <ele>16.799999237060546875</ele>
        <time>2024-10-23T11:38:01.000Z</time>
        <extensions>
          <ns3:TrackPointExtension>
            <ns3:atemp>20.0</ns3:atemp>
            <ns3:hr>153</ns3:hr>
            <ns3:cad>95</ns3:cad>
          </ns3:TrackPointExtension>
        </extensions>
      </trkpt>
      <trkpt lat="31.98645771481096744537353515625" lon="118.78490648232400417327880859375">
        <ele>16.799999237060546875</ele>
        <time>2024-10-23T11:38:02.000Z</time>
        <extensions>
          <ns3:TrackPointExtension>
            <ns3:atemp>20.0</ns3:atemp>
            <ns3:hr>154</ns3:hr>
            <ns3:cad>93</ns3:cad>
          </ns3:TrackPointExtension>
        </extensions>
      </trkpt>
      <trkpt lat="31.98643307201564311981201171875" lon="118.78492190502583980560302734375">
        <ele>16.799999237060546875</ele>
        <time>2024-10-23T11:38:03.000Z</time>
        <extensions>
          <ns3:TrackPointExtension>
            <ns3:atemp>20.0</ns3:atemp>
            <ns3:hr>154</ns3:hr>
            <ns3:cad>93</ns3:cad>
          </ns3:TrackPointExtension>
        </extensions>
      </trkpt>
      <trkpt lat="31.9864071719348430633544921875" lon="118.78493699245154857635498046875">
        <ele>16.6000003814697265625</ele>
        <time>2024-10-23T11:38:04.000Z</time>
        <extensions>
          <ns3:TrackPointExtension>
            <ns3:atemp>20.0</ns3:atemp>
            <ns3:hr>154</ns3:hr>
            <ns3:cad>94</ns3:cad>
          </ns3:TrackPointExtension>
        </extensions>
      </trkpt>
      <trkpt lat="31.98638378642499446868896484375" lon="118.7849509902298450469970703125">
        <ele>16.6000003814697265625</ele>
        <time>2024-10-23T11:38:05.000Z</time>
        <extensions>
          <ns3:TrackPointExtension>
            <ns3:atemp>20.0</ns3:atemp>
            <ns3:hr>155</ns3:hr>
            <ns3:cad>94</ns3:cad>
          </ns3:TrackPointExtension>
        </extensions>
      </trkpt>
      <trkpt lat="31.986356712877750396728515625" lon="118.78496817313134670257568359375">
        <ele>16.3999996185302734375</ele>
        <time>2024-10-23T11:38:06.000Z</time>
        <extensions>
          <ns3:TrackPointExtension>
            <ns3:atemp>20.0</ns3:atemp>
            <ns3:hr>155</ns3:hr>
            <ns3:cad>94</ns3:cad>
          </ns3:TrackPointExtension>
        </extensions>
      </trkpt>
      <trkpt lat="31.98633215390145778656005859375" lon="118.78498359583318233489990234375">
        <ele>16.3999996185302734375</ele>
        <time>2024-10-23T11:38:07.000Z</time>
        <extensions>
          <ns3:TrackPointExtension>
            <ns3:atemp>20.0</ns3:atemp>
            <ns3:hr>155</ns3:hr>
            <ns3:cad>93</ns3:cad>
          </ns3:TrackPointExtension>
        </extensions>
      </trkpt>
      <trkpt lat="31.986307762563228607177734375" lon="118.78499734215438365936279296875">
        <ele>16.3999996185302734375</ele>
        <time>2024-10-23T11:38:08.000Z</time>
        <extensions>
          <ns3:TrackPointExtension>
            <ns3:atemp>20.0</ns3:atemp>
            <ns3:hr>155</ns3:hr>
            <ns3:cad>93</ns3:cad>
          </ns3:TrackPointExtension>
        </extensions>
      </trkpt>
      <trkpt lat="31.98628328740596771240234375" lon="118.7850098311901092529296875">
        <ele>16.3999996185302734375</ele>
        <time>2024-10-23T11:38:09.000Z</time>
        <extensions>
          <ns3:TrackPointExtension>
            <ns3:atemp>20.0</ns3:atemp>
            <ns3:hr>156</ns3:hr>
            <ns3:cad>94</ns3:cad>
          </ns3:TrackPointExtension>
        </extensions>
      </trkpt>
      <trkpt lat="31.9862549565732479095458984375" lon="118.7850205600261688232421875">
        <ele>16.3999996185302734375</ele>
        <time>2024-10-23T11:38:10.000Z</time>
        <extensions>
          <ns3:TrackPointExtension>
            <ns3:atemp>20.0</ns3:atemp>
            <ns3:hr>156</ns3:hr>
            <ns3:cad>94</ns3:cad>
          </ns3:TrackPointExtension>
        </extensions>
      </trkpt>
      <trkpt lat="31.98622738011181354522705078125" lon="118.78503606654703617095947265625">
        <ele>16.3999996185302734375</ele>
        <time>2024-10-23T11:38:11.000Z</time>
        <extensions>
          <ns3:TrackPointExtension>
            <ns3:atemp>20.0</ns3:atemp>
            <ns3:hr>156</ns3:hr>
            <ns3:cad>94</ns3:cad>
          </ns3:TrackPointExtension>
        </extensions>
      </trkpt>
      <trkpt lat="31.986205168068408966064453125" lon="118.7850492261350154876708984375">
        <ele>16.3999996185302734375</ele>
        <time>2024-10-23T11:38:12.000Z</time>
        <extensions>
          <ns3:TrackPointExtension>
            <ns3:atemp>20.0</ns3:atemp>
            <ns3:hr>157</ns3:hr>
            <ns3:cad>93</ns3:cad>
          </ns3:TrackPointExtension>
        </extensions>
      </trkpt>
      <trkpt lat="31.98617960326373577117919921875" lon="118.78507059998810291290283203125">
        <ele>16.3999996185302734375</ele>
        <time>2024-10-23T11:38:13.000Z</time>
        <extensions>
          <ns3:TrackPointExtension>
            <ns3:atemp>20.0</ns3:atemp>
            <ns3:hr>157</ns3:hr>
            <ns3:cad>93</ns3:cad>
          </ns3:TrackPointExtension>
        </extensions>
      </trkpt>
      <trkpt lat="31.9861590676009654998779296875" lon="118.7850847654044628143310546875">
        <ele>16.3999996185302734375</ele>
        <time>2024-10-23T11:38:14.000Z</time>
        <extensions>
          <ns3:TrackPointExtension>
            <ns3:atemp>20.0</ns3:atemp>
            <ns3:hr>157</ns3:hr>
            <ns3:cad>93</ns3:cad>
          </ns3:TrackPointExtension>
        </extensions>
      </trkpt>
      <trkpt lat="31.986133418977260589599609375" lon="118.78509725444018840789794921875">
        <ele>16.3999996185302734375</ele>
        <time>2024-10-23T11:38:15.000Z</time>
        <extensions>
          <ns3:TrackPointExtension>
            <ns3:atemp>20.0</ns3:atemp>
            <ns3:hr>157</ns3:hr>
            <ns3:cad>94</ns3:cad>
          </ns3:TrackPointExtension>
        </extensions>
      </trkpt>
      <trkpt lat="31.98610668070614337921142578125" lon="118.78511016257107257843017578125">
        <ele>16.3999996185302734375</ele>
        <time>2024-10-23T11:38:16.000Z</time>
        <extensions>
          <ns3:TrackPointExtension>
            <ns3:atemp>20.0</ns3:atemp>
            <ns3:hr>157</ns3:hr>
            <ns3:cad>94</ns3:cad>
          </ns3:TrackPointExtension>
        </extensions>
      </trkpt>
      <trkpt lat="31.98607248254120349884033203125" lon="118.78512374125421047210693359375">
        <ele>16.3999996185302734375</ele>
        <time>2024-10-23T11:38:17.000Z</time>
        <extensions>
          <ns3:TrackPointExtension>
            <ns3:atemp>20.0</ns3:atemp>
            <ns3:hr>157</ns3:hr>
            <ns3:cad>94</ns3:cad>
          </ns3:TrackPointExtension>
        </extensions>
      </trkpt>
      <trkpt lat="31.9860447384417057037353515625" lon="118.78513656556606292724609375">
        <ele>16.3999996185302734375</ele>
        <time>2024-10-23T11:38:18.000Z</time>
        <extensions>
          <ns3:TrackPointExtension>
            <ns3:atemp>20.0</ns3:atemp>
            <ns3:hr>157</ns3:hr>
            <ns3:cad>93</ns3:cad>
          </ns3:TrackPointExtension>
        </extensions>
      </trkpt>
      <trkpt lat="31.98602068237960338592529296875" lon="118.7851519882678985595703125">
        <ele>16.200000762939453125</ele>
        <time>2024-10-23T11:38:19.000Z</time>
        <extensions>
          <ns3:TrackPointExtension>
            <ns3:atemp>20.0</ns3:atemp>
            <ns3:hr>157</ns3:hr>
            <ns3:cad>93</ns3:cad>
          </ns3:TrackPointExtension>
        </extensions>
      </trkpt>
      <trkpt lat="31.98599955998361110687255859375" lon="118.78516581840813159942626953125">
        <ele>16.200000762939453125</ele>
        <time>2024-10-23T11:38:20.000Z</time>
        <extensions>
          <ns3:TrackPointExtension>
            <ns3:atemp>20.0</ns3:atemp>
            <ns3:hr>158</ns3:hr>
            <ns3:cad>92</ns3:cad>
          </ns3:TrackPointExtension>
        </extensions>
      </trkpt>
      <trkpt lat="31.98597894050180912017822265625" lon="118.78517654724419116973876953125">
        <ele>16.200000762939453125</ele>
        <time>2024-10-23T11:38:21.000Z</time>
        <extensions>
          <ns3:TrackPointExtension>
            <ns3:atemp>20.0</ns3:atemp>
            <ns3:hr>158</ns3:hr>
            <ns3:cad>92</ns3:cad>
          </ns3:TrackPointExtension>
        </extensions>
      </trkpt>
      <trkpt lat="31.98595530353486537933349609375" lon="118.785187862813472747802734375">
        <ele>16.200000762939453125</ele>
        <time>2024-10-23T11:38:22.000Z</time>
        <extensions>
          <ns3:TrackPointExtension>
            <ns3:atemp>20.0</ns3:atemp>
            <ns3:hr>158</ns3:hr>
            <ns3:cad>92</ns3:cad>
          </ns3:TrackPointExtension>
        </extensions>
      </trkpt>
      <trkpt lat="31.98593568988144397735595703125" lon="118.785196579992771148681640625">
        <ele>16.200000762939453125</ele>
        <time>2024-10-23T11:38:23.000Z</time>
        <extensions>
          <ns3:TrackPointExtension>
            <ns3:atemp>20.0</ns3:atemp>
            <ns3:hr>158</ns3:hr>
            <ns3:cad>92</ns3:cad>
          </ns3:TrackPointExtension>
        </extensions>
      </trkpt>
      <trkpt lat="31.98591657914221286773681640625" lon="118.7852074764668941497802734375">
        <ele>16.200000762939453125</ele>
        <time>2024-10-23T11:38:24.000Z</time>
        <extensions>
          <ns3:TrackPointExtension>
            <ns3:atemp>20.0</ns3:atemp>
            <ns3:hr>158</ns3:hr>
            <ns3:cad>92</ns3:cad>
          </ns3:TrackPointExtension>
        </extensions>
      </trkpt>
      <trkpt lat="31.9858921878039836883544921875" lon="118.7852178700268268585205078125">
        <ele>16.200000762939453125</ele>
        <time>2024-10-23T11:38:25.000Z</time>
        <extensions>
          <ns3:TrackPointExtension>
            <ns3:atemp>20.0</ns3:atemp>
            <ns3:hr>158</ns3:hr>
            <ns3:cad>92</ns3:cad>
          </ns3:TrackPointExtension>
        </extensions>
      </trkpt>
      <trkpt lat="31.98587165214121341705322265625" lon="118.7852272577583789825439453125">
        <ele>16.200000762939453125</ele>
        <time>2024-10-23T11:38:26.000Z</time>
        <extensions>
          <ns3:TrackPointExtension>
            <ns3:atemp>20.0</ns3:atemp>
            <ns3:hr>158</ns3:hr>
            <ns3:cad>93</ns3:cad>
          </ns3:TrackPointExtension>
        </extensions>
      </trkpt>
      <trkpt lat="31.985845081508159637451171875" lon="118.7852379865944385528564453125">
        <ele>16.200000762939453125</ele>
        <time>2024-10-23T11:38:27.000Z</time>
        <extensions>
          <ns3:TrackPointExtension>
            <ns3:atemp>20.0</ns3:atemp>
            <ns3:hr>158</ns3:hr>
            <ns3:cad>93</ns3:cad>
          </ns3:TrackPointExtension>
        </extensions>
      </trkpt>
      <trkpt lat="31.985824294388294219970703125" lon="118.7852473743259906768798828125">
        <ele>16.200000762939453125</ele>
        <time>2024-10-23T11:38:28.000Z</time>
        <extensions>
          <ns3:TrackPointExtension>
            <ns3:atemp>20.0</ns3:atemp>
            <ns3:hr>158</ns3:hr>
            <ns3:cad>93</ns3:cad>
          </ns3:TrackPointExtension>
        </extensions>
      </trkpt>
      <trkpt lat="31.985795795917510986328125" lon="118.7852592766284942626953125">
        <ele>16.200000762939453125</ele>
        <time>2024-10-23T11:38:29.000Z</time>
        <extensions>
          <ns3:TrackPointExtension>
            <ns3:atemp>20.0</ns3:atemp>
            <ns3:hr>158</ns3:hr>
            <ns3:cad>93</ns3:cad>
          </ns3:TrackPointExtension>
        </extensions>
      </trkpt>
      <trkpt lat="31.98577173985540866851806640625" lon="118.78527109511196613311767578125">
        <ele>16.200000762939453125</ele>
        <time>2024-10-23T11:38:30.000Z</time>
        <extensions>
          <ns3:TrackPointExtension>
            <ns3:atemp>20.0</ns3:atemp>
            <ns3:hr>158</ns3:hr>
            <ns3:cad>93</ns3:cad>
          </ns3:TrackPointExtension>
        </extensions>
      </trkpt>
      <trkpt lat="31.98573988862335681915283203125" lon="118.78528685308992862701416015625">
        <ele>16.200000762939453125</ele>
        <time>2024-10-23T11:38:31.000Z</time>
        <extensions>
          <ns3:TrackPointExtension>
            <ns3:atemp>20.0</ns3:atemp>
            <ns3:hr>158</ns3:hr>
            <ns3:cad>93</ns3:cad>
          </ns3:TrackPointExtension>
        </extensions>
      </trkpt>
      <trkpt lat="31.98571105487644672393798828125" lon="118.78529976122081279754638671875">
        <ele>16.200000762939453125</ele>
        <time>2024-10-23T11:38:32.000Z</time>
        <extensions>
          <ns3:TrackPointExtension>
            <ns3:atemp>20.0</ns3:atemp>
            <ns3:hr>158</ns3:hr>
            <ns3:cad>94</ns3:cad>
          </ns3:TrackPointExtension>
        </extensions>
      </trkpt>
      <trkpt lat="31.98567568324506282806396484375" lon="118.78531149588525295257568359375">
        <ele>16.200000762939453125</ele>
        <time>2024-10-23T11:38:33.000Z</time>
        <extensions>
          <ns3:TrackPointExtension>
            <ns3:atemp>20.0</ns3:atemp>
            <ns3:hr>158</ns3:hr>
            <ns3:cad>94</ns3:cad>
          </ns3:TrackPointExtension>
        </extensions>
      </trkpt>
      <trkpt lat="31.98564215563237667083740234375" lon="118.78532239235937595367431640625">
        <ele>16.200000762939453125</ele>
        <time>2024-10-23T11:38:34.000Z</time>
        <extensions>
          <ns3:TrackPointExtension>
            <ns3:atemp>20.0</ns3:atemp>
            <ns3:hr>158</ns3:hr>
            <ns3:cad>94</ns3:cad>
          </ns3:TrackPointExtension>
        </extensions>
      </trkpt>
      <trkpt lat="31.98560929857194423675537109375" lon="118.785331360995769500732421875">
        <ele>16.200000762939453125</ele>
        <time>2024-10-23T11:38:35.000Z</time>
        <extensions>
          <ns3:TrackPointExtension>
            <ns3:atemp>20.0</ns3:atemp>
            <ns3:hr>158</ns3:hr>
            <ns3:cad>93</ns3:cad>
          </ns3:TrackPointExtension>
        </extensions>
      </trkpt>
      <trkpt lat="31.985578872263431549072265625" lon="118.78534368239343166351318359375">
        <ele>16.200000762939453125</ele>
        <time>2024-10-23T11:38:36.000Z</time>
        <extensions>
          <ns3:TrackPointExtension>
            <ns3:atemp>20.0</ns3:atemp>
            <ns3:hr>158</ns3:hr>
            <ns3:cad>93</ns3:cad>
          </ns3:TrackPointExtension>
        </extensions>
      </trkpt>
      <trkpt lat="31.985552050173282623291015625" lon="118.78535156138241291046142578125">
        <ele>16.200000762939453125</ele>
        <time>2024-10-23T11:38:37.000Z</time>
        <extensions>
          <ns3:TrackPointExtension>
            <ns3:atemp>20.0</ns3:atemp>
            <ns3:hr>158</ns3:hr>
            <ns3:cad>93</ns3:cad>
          </ns3:TrackPointExtension>
        </extensions>
      </trkpt>
      <trkpt lat="31.98552397079765796661376953125" lon="118.78537033684551715850830078125">
        <ele>16.200000762939453125</ele>
        <time>2024-10-23T11:38:38.000Z</time>
        <extensions>
          <ns3:TrackPointExtension>
            <ns3:atemp>20.0</ns3:atemp>
            <ns3:hr>159</ns3:hr>
            <ns3:cad>92</ns3:cad>
          </ns3:TrackPointExtension>
        </extensions>
      </trkpt>
      <trkpt lat="31.985502429306507110595703125" lon="118.785380981862545013427734375">
        <ele>16</ele>
        <time>2024-10-23T11:38:39.000Z</time>
        <extensions>
          <ns3:TrackPointExtension>
            <ns3:atemp>20.0</ns3:atemp>
            <ns3:hr>159</ns3:hr>
            <ns3:cad>92</ns3:cad>
          </ns3:TrackPointExtension>
        </extensions>
      </trkpt>
      <trkpt lat="31.98547619394958019256591796875" lon="118.7853933870792388916015625">
        <ele>16</ele>
        <time>2024-10-23T11:38:40.000Z</time>
        <extensions>
          <ns3:TrackPointExtension>
            <ns3:atemp>20.0</ns3:atemp>
            <ns3:hr>159</ns3:hr>
            <ns3:cad>92</ns3:cad>
          </ns3:TrackPointExtension>
        </extensions>
      </trkpt>
      <trkpt lat="31.9854519702494144439697265625" lon="118.785405121743679046630859375">
        <ele>16</ele>
        <time>2024-10-23T11:38:41.000Z</time>
        <extensions>
          <ns3:TrackPointExtension>
            <ns3:atemp>20.0</ns3:atemp>
            <ns3:hr>160</ns3:hr>
            <ns3:cad>92</ns3:cad>
          </ns3:TrackPointExtension>
        </extensions>
      </trkpt>
      <trkpt lat="31.98542707599699497222900390625" lon="118.78541744314134120941162109375">
        <ele>16</ele>
        <time>2024-10-23T11:38:42.000Z</time>
        <extensions>
          <ns3:TrackPointExtension>
            <ns3:atemp>20.0</ns3:atemp>
            <ns3:hr>160</ns3:hr>
            <ns3:cad>92</ns3:cad>
          </ns3:TrackPointExtension>
        </extensions>
      </trkpt>
      <trkpt lat="31.9854020141065120697021484375" lon="118.785427249968051910400390625">
        <ele>16</ele>
        <time>2024-10-23T11:38:43.000Z</time>
        <extensions>
          <ns3:TrackPointExtension>
            <ns3:atemp>20.0</ns3:atemp>
            <ns3:hr>160</ns3:hr>
            <ns3:cad>93</ns3:cad>
          </ns3:TrackPointExtension>
        </extensions>
      </trkpt>
      <trkpt lat="31.98538080789148807525634765625" lon="118.78543429076671600341796875">
        <ele>16</ele>
        <time>2024-10-23T11:38:44.000Z</time>
        <extensions>
          <ns3:TrackPointExtension>
            <ns3:atemp>20.0</ns3:atemp>
            <ns3:hr>160</ns3:hr>
            <ns3:cad>94</ns3:cad>
          </ns3:TrackPointExtension>
        </extensions>
      </trkpt>
      <trkpt lat="31.9853527285158634185791015625" lon="118.78544342704117298126220703125">
        <ele>16</ele>
        <time>2024-10-23T11:38:45.000Z</time>
        <extensions>
          <ns3:TrackPointExtension>
            <ns3:atemp>20.0</ns3:atemp>
            <ns3:hr>160</ns3:hr>
            <ns3:cad>94</ns3:cad>
          </ns3:TrackPointExtension>
        </extensions>
      </trkpt>
      <trkpt lat="31.98532900772988796234130859375" lon="118.785450048744678497314453125">
        <ele>16</ele>
        <time>2024-10-23T11:38:46.000Z</time>
        <extensions>
          <ns3:TrackPointExtension>
            <ns3:atemp>20.0</ns3:atemp>
            <ns3:hr>160</ns3:hr>
            <ns3:cad>92</ns3:cad>
          </ns3:TrackPointExtension>
        </extensions>
      </trkpt>
      <trkpt lat="31.9853004254400730133056640625" lon="118.78546304069459438323974609375">
        <ele>16</ele>
        <time>2024-10-23T11:38:47.000Z</time>
        <extensions>
          <ns3:TrackPointExtension>
            <ns3:atemp>20.0</ns3:atemp>
            <ns3:hr>160</ns3:hr>
            <ns3:cad>92</ns3:cad>
          </ns3:TrackPointExtension>
        </extensions>
      </trkpt>
      <trkpt lat="31.985273770987987518310546875" lon="118.7854787148535251617431640625">
        <ele>16</ele>
        <time>2024-10-23T11:38:48.000Z</time>
        <extensions>
          <ns3:TrackPointExtension>
            <ns3:atemp>20.0</ns3:atemp>
            <ns3:hr>160</ns3:hr>
            <ns3:cad>92</ns3:cad>
          </ns3:TrackPointExtension>
        </extensions>
      </trkpt>
      <trkpt lat="31.9852487929165363311767578125" lon="118.7854958139359951019287109375">
        <ele>16</ele>
        <time>2024-10-23T11:38:49.000Z</time>
        <extensions>
          <ns3:TrackPointExtension>
            <ns3:atemp>20.0</ns3:atemp>
            <ns3:hr>160</ns3:hr>
            <ns3:cad>92</ns3:cad>
          </ns3:TrackPointExtension>
        </extensions>
      </trkpt>
      <trkpt lat="31.9852246530354022979736328125" lon="118.785511068999767303466796875">
        <ele>15.80000019073486328125</ele>
        <time>2024-10-23T11:38:50.000Z</time>
        <extensions>
          <ns3:TrackPointExtension>
            <ns3:atemp>20.0</ns3:atemp>
            <ns3:hr>160</ns3:hr>
            <ns3:cad>93</ns3:cad>
          </ns3:TrackPointExtension>
        </extensions>
      </trkpt>
      <trkpt lat="31.98519607074558734893798828125" lon="118.78552305512130260467529296875">
        <ele>15.80000019073486328125</ele>
        <time>2024-10-23T11:38:51.000Z</time>
        <extensions>
          <ns3:TrackPointExtension>
            <ns3:atemp>20.0</ns3:atemp>
            <ns3:hr>161</ns3:hr>
            <ns3:cad>94</ns3:cad>
          </ns3:TrackPointExtension>
        </extensions>
      </trkpt>
      <trkpt lat="31.98516841046512126922607421875" lon="118.78553780727088451385498046875">
        <ele>15.80000019073486328125</ele>
        <time>2024-10-23T11:38:52.000Z</time>
        <extensions>
          <ns3:TrackPointExtension>
            <ns3:atemp>20.0</ns3:atemp>
            <ns3:hr>161</ns3:hr>
            <ns3:cad>94</ns3:cad>
          </ns3:TrackPointExtension>
        </extensions>
      </trkpt>
      <trkpt lat="31.98513932526111602783203125" lon="118.78555088303983211517333984375">
        <ele>15.80000019073486328125</ele>
        <time>2024-10-23T11:38:53.000Z</time>
        <extensions>
          <ns3:TrackPointExtension>
            <ns3:atemp>20.0</ns3:atemp>
            <ns3:hr>161</ns3:hr>
            <ns3:cad>93</ns3:cad>
          </ns3:TrackPointExtension>
        </extensions>
      </trkpt>
      <trkpt lat="31.9851126708090305328369140625" lon="118.7855638749897480010986328125">
        <ele>15.80000019073486328125</ele>
        <time>2024-10-23T11:38:54.000Z</time>
        <extensions>
          <ns3:TrackPointExtension>
            <ns3:atemp>20.0</ns3:atemp>
            <ns3:hr>162</ns3:hr>
            <ns3:cad>93</ns3:cad>
          </ns3:TrackPointExtension>
        </extensions>
      </trkpt>
      <trkpt lat="31.98508760891854763031005859375" lon="118.7855766154825687408447265625">
        <ele>15.80000019073486328125</ele>
        <time>2024-10-23T11:38:55.000Z</time>
        <extensions>
          <ns3:TrackPointExtension>
            <ns3:atemp>20.0</ns3:atemp>
            <ns3:hr>162</ns3:hr>
            <ns3:cad>93</ns3:cad>
          </ns3:TrackPointExtension>
        </extensions>
      </trkpt>
      <trkpt lat="31.98506732471287250518798828125" lon="118.78558441065251827239990234375">
        <ele>15.80000019073486328125</ele>
        <time>2024-10-23T11:38:56.000Z</time>
        <extensions>
          <ns3:TrackPointExtension>
            <ns3:atemp>20.0</ns3:atemp>
            <ns3:hr>163</ns3:hr>
            <ns3:cad>93</ns3:cad>
          </ns3:TrackPointExtension>
        </extensions>
      </trkpt>
      <trkpt lat="31.98504813015460968017578125" lon="118.78559078089892864227294921875">
        <ele>15.80000019073486328125</ele>
        <time>2024-10-23T11:38:57.000Z</time>
        <extensions>
          <ns3:TrackPointExtension>
            <ns3:atemp>20.0</ns3:atemp>
            <ns3:hr>163</ns3:hr>
            <ns3:cad>93</ns3:cad>
          </ns3:TrackPointExtension>
        </extensions>
      </trkpt>
      <trkpt lat="31.9850238226354122161865234375" lon="118.7855953909456729888916015625">
        <ele>15.80000019073486328125</ele>
        <time>2024-10-23T11:38:58.000Z</time>
        <extensions>
          <ns3:TrackPointExtension>
            <ns3:atemp>20.0</ns3:atemp>
            <ns3:hr>163</ns3:hr>
            <ns3:cad>92</ns3:cad>
          </ns3:TrackPointExtension>
        </extensions>
      </trkpt>
      <trkpt lat="31.98499624617397785186767578125" lon="118.78560268320143222808837890625">
        <ele>15.80000019073486328125</ele>
        <time>2024-10-23T11:38:59.000Z</time>
        <extensions>
          <ns3:TrackPointExtension>
            <ns3:atemp>20.0</ns3:atemp>
            <ns3:hr>164</ns3:hr>
            <ns3:cad>90</ns3:cad>
          </ns3:TrackPointExtension>
        </extensions>
      </trkpt>
      <trkpt lat="31.98497076518833637237548828125" lon="118.7856118194758892059326171875">
        <ele>15.80000019073486328125</ele>
        <time>2024-10-23T11:39:00.000Z</time>
        <extensions>
          <ns3:TrackPointExtension>
            <ns3:atemp>20.0</ns3:atemp>
            <ns3:hr>164</ns3:hr>
            <ns3:cad>90</ns3:cad>
          </ns3:TrackPointExtension>
        </extensions>
      </trkpt>
      <trkpt lat="31.984948553144931793212890625" lon="118.785620033740997314453125">
        <ele>15.80000019073486328125</ele>
        <time>2024-10-23T11:39:01.000Z</time>
        <extensions>
          <ns3:TrackPointExtension>
            <ns3:atemp>20.0</ns3:atemp>
            <ns3:hr>164</ns3:hr>
            <ns3:cad>90</ns3:cad>
          </ns3:TrackPointExtension>
        </extensions>
      </trkpt>
      <trkpt lat="31.98492801748216152191162109375" lon="118.78562799654901027679443359375">
        <ele>15.80000019073486328125</ele>
        <time>2024-10-23T11:39:02.000Z</time>
        <extensions>
          <ns3:TrackPointExtension>
            <ns3:atemp>20.0</ns3:atemp>
            <ns3:hr>164</ns3:hr>
            <ns3:cad>90</ns3:cad>
          </ns3:TrackPointExtension>
        </extensions>
      </trkpt>
      <trkpt lat="31.984906308352947235107421875" lon="118.78563604317605495452880859375">
        <ele>16</ele>
        <time>2024-10-23T11:39:03.000Z</time>
        <extensions>
          <ns3:TrackPointExtension>
            <ns3:atemp>20.0</ns3:atemp>
            <ns3:hr>165</ns3:hr>
            <ns3:cad>90</ns3:cad>
          </ns3:TrackPointExtension>
        </extensions>
      </trkpt>
      <trkpt lat="31.98488057591021060943603515625" lon="118.78564643673598766326904296875">
        <ele>16</ele>
        <time>2024-10-23T11:39:04.000Z</time>
        <extensions>
          <ns3:TrackPointExtension>
            <ns3:atemp>20.0</ns3:atemp>
            <ns3:hr>165</ns3:hr>
            <ns3:cad>92</ns3:cad>
          </ns3:TrackPointExtension>
        </extensions>
      </trkpt>
      <trkpt lat="31.98485744185745716094970703125" lon="118.78565632738173007965087890625">
        <ele>15.80000019073486328125</ele>
        <time>2024-10-23T11:39:05.000Z</time>
        <extensions>
          <ns3:TrackPointExtension>
            <ns3:atemp>20.0</ns3:atemp>
            <ns3:hr>164</ns3:hr>
            <ns3:cad>92</ns3:cad>
          </ns3:TrackPointExtension>
        </extensions>
      </trkpt>
      <trkpt lat="31.98483481071889400482177734375" lon="118.78567091189324855804443359375">
        <ele>15.80000019073486328125</ele>
        <time>2024-10-23T11:39:06.000Z</time>
        <extensions>
          <ns3:TrackPointExtension>
            <ns3:atemp>20.0</ns3:atemp>
            <ns3:hr>164</ns3:hr>
            <ns3:cad>92</ns3:cad>
          </ns3:TrackPointExtension>
        </extensions>
      </trkpt>
      <trkpt lat="31.98481620289385318756103515625" lon="118.785684071481227874755859375">
        <ele>15.80000019073486328125</ele>
        <time>2024-10-23T11:39:07.000Z</time>
        <extensions>
          <ns3:TrackPointExtension>
            <ns3:atemp>20.0</ns3:atemp>
            <ns3:hr>164</ns3:hr>
            <ns3:cad>92</ns3:cad>
          </ns3:TrackPointExtension>
        </extensions>
      </trkpt>
      <trkpt lat="31.98479675687849521636962890625" lon="118.7856976501643657684326171875">
        <ele>15.80000019073486328125</ele>
        <time>2024-10-23T11:39:08.000Z</time>
        <extensions>
          <ns3:TrackPointExtension>
            <ns3:atemp>20.0</ns3:atemp>
            <ns3:hr>164</ns3:hr>
            <ns3:cad>92</ns3:cad>
          </ns3:TrackPointExtension>
        </extensions>
      </trkpt>
      <trkpt lat="31.9847794063389301300048828125" lon="118.7857110612094402313232421875">
        <ele>15.80000019073486328125</ele>
        <time>2024-10-23T11:39:09.000Z</time>
        <extensions>
          <ns3:TrackPointExtension>
            <ns3:atemp>20.0</ns3:atemp>
            <ns3:hr>164</ns3:hr>
            <ns3:cad>92</ns3:cad>
          </ns3:TrackPointExtension>
        </extensions>
      </trkpt>
      <trkpt lat="31.98475166223943233489990234375" lon="118.7857251428067684173583984375">
        <ele>15.80000019073486328125</ele>
        <time>2024-10-23T11:39:10.000Z</time>
        <extensions>
          <ns3:TrackPointExtension>
            <ns3:atemp>20.0</ns3:atemp>
            <ns3:hr>164</ns3:hr>
            <ns3:cad>92</ns3:cad>
          </ns3:TrackPointExtension>
        </extensions>
      </trkpt>
      <trkpt lat="31.984725929796695709228515625" lon="118.78573813475668430328369140625">
        <ele>15.80000019073486328125</ele>
        <time>2024-10-23T11:39:11.000Z</time>
        <extensions>
          <ns3:TrackPointExtension>
            <ns3:atemp>20.0</ns3:atemp>
            <ns3:hr>164</ns3:hr>
            <ns3:cad>91</ns3:cad>
          </ns3:TrackPointExtension>
        </extensions>
      </trkpt>
      <trkpt lat="31.9846979342401027679443359375" lon="118.78575406037271022796630859375">
        <ele>15.80000019073486328125</ele>
        <time>2024-10-23T11:39:12.000Z</time>
        <extensions>
          <ns3:TrackPointExtension>
            <ns3:atemp>20.0</ns3:atemp>
            <ns3:hr>164</ns3:hr>
            <ns3:cad>91</ns3:cad>
          </ns3:TrackPointExtension>
        </extensions>
      </trkpt>
      <trkpt lat="31.98467287234961986541748046875" lon="118.785766549408435821533203125">
        <ele>15.80000019073486328125</ele>
        <time>2024-10-23T11:39:13.000Z</time>
        <extensions>
          <ns3:TrackPointExtension>
            <ns3:atemp>20.0</ns3:atemp>
            <ns3:hr>163</ns3:hr>
            <ns3:cad>91</ns3:cad>
          </ns3:TrackPointExtension>
        </extensions>
      </trkpt>
      <trkpt lat="31.9846491515636444091796875" lon="118.78578205592930316925048828125">
        <ele>15.80000019073486328125</ele>
        <time>2024-10-23T11:39:14.000Z</time>
        <extensions>
          <ns3:TrackPointExtension>
            <ns3:atemp>20.0</ns3:atemp>
            <ns3:hr>163</ns3:hr>
            <ns3:cad>92</ns3:cad>
          </ns3:TrackPointExtension>
        </extensions>
      </trkpt>
      <trkpt lat="31.9846285320818424224853515625" lon="118.78579638898372650146484375">
        <ele>15.6000003814697265625</ele>
        <time>2024-10-23T11:39:15.000Z</time>
        <extensions>
          <ns3:TrackPointExtension>
            <ns3:atemp>20.0</ns3:atemp>
            <ns3:hr>163</ns3:hr>
            <ns3:cad>92</ns3:cad>
          </ns3:TrackPointExtension>
        </extensions>
      </trkpt>
      <trkpt lat="31.98460632003843784332275390625" lon="118.78581189550459384918212890625">
        <ele>15.6000003814697265625</ele>
        <time>2024-10-23T11:39:16.000Z</time>
        <extensions>
          <ns3:TrackPointExtension>
            <ns3:atemp>20.0</ns3:atemp>
            <ns3:hr>163</ns3:hr>
            <ns3:cad>92</ns3:cad>
          </ns3:TrackPointExtension>
        </extensions>
      </trkpt>
      <trkpt lat="31.9845879636704921722412109375" lon="118.785823546350002288818359375">
        <ele>15.6000003814697265625</ele>
        <time>2024-10-23T11:39:17.000Z</time>
        <extensions>
          <ns3:TrackPointExtension>
            <ns3:atemp>20.0</ns3:atemp>
            <ns3:hr>163</ns3:hr>
            <ns3:cad>92</ns3:cad>
          </ns3:TrackPointExtension>
        </extensions>
      </trkpt>
      <trkpt lat="31.98456457816064357757568359375" lon="118.7858367897570133209228515625">
        <ele>15.6000003814697265625</ele>
        <time>2024-10-23T11:39:18.000Z</time>
        <extensions>
          <ns3:TrackPointExtension>
            <ns3:atemp>20.0</ns3:atemp>
            <ns3:hr>163</ns3:hr>
            <ns3:cad>92</ns3:cad>
          </ns3:TrackPointExtension>
        </extensions>
      </trkpt>
      <trkpt lat="31.984540857374668121337890625" lon="118.78584525547921657562255859375">
        <ele>15.6000003814697265625</ele>
        <time>2024-10-23T11:39:19.000Z</time>
        <extensions>
          <ns3:TrackPointExtension>
            <ns3:atemp>20.0</ns3:atemp>
            <ns3:hr>163</ns3:hr>
            <ns3:cad>92</ns3:cad>
          </ns3:TrackPointExtension>
        </extensions>
      </trkpt>
      <trkpt lat="31.98451529256999492645263671875" lon="118.78585732541978359222412109375">
        <ele>15.6000003814697265625</ele>
        <time>2024-10-23T11:39:20.000Z</time>
        <extensions>
          <ns3:TrackPointExtension>
            <ns3:atemp>20.0</ns3:atemp>
            <ns3:hr>163</ns3:hr>
            <ns3:cad>92</ns3:cad>
          </ns3:TrackPointExtension>
        </extensions>
      </trkpt>
      <trkpt lat="31.98448897339403629302978515625" lon="118.78586956299841403961181640625">
        <ele>15.6000003814697265625</ele>
        <time>2024-10-23T11:39:21.000Z</time>
        <extensions>
          <ns3:TrackPointExtension>
            <ns3:atemp>20.0</ns3:atemp>
            <ns3:hr>163</ns3:hr>
            <ns3:cad>92</ns3:cad>
          </ns3:TrackPointExtension>
        </extensions>
      </trkpt>
      <trkpt lat="31.98445930145680904388427734375" lon="118.78588113002479076385498046875">
        <ele>15.6000003814697265625</ele>
        <time>2024-10-23T11:39:22.000Z</time>
        <extensions>
          <ns3:TrackPointExtension>
            <ns3:atemp>20.0</ns3:atemp>
            <ns3:hr>163</ns3:hr>
            <ns3:cad>92</ns3:cad>
          </ns3:TrackPointExtension>
        </extensions>
      </trkpt>
      <trkpt lat="31.98443298228085041046142578125" lon="118.785895965993404388427734375">
        <ele>15.6000003814697265625</ele>
        <time>2024-10-23T11:39:23.000Z</time>
        <extensions>
          <ns3:TrackPointExtension>
            <ns3:atemp>20.0</ns3:atemp>
            <ns3:hr>163</ns3:hr>
            <ns3:cad>92</ns3:cad>
          </ns3:TrackPointExtension>
        </extensions>
      </trkpt>
      <trkpt lat="31.98440750129520893096923828125" lon="118.7859085388481616973876953125">
        <ele>15.6000003814697265625</ele>
        <time>2024-10-23T11:39:24.000Z</time>
        <extensions>
          <ns3:TrackPointExtension>
            <ns3:atemp>20.0</ns3:atemp>
            <ns3:hr>163</ns3:hr>
            <ns3:cad>93</ns3:cad>
          </ns3:TrackPointExtension>
        </extensions>
      </trkpt>
      <trkpt lat="31.98437933810055255889892578125" lon="118.78592136316001415252685546875">
        <ele>15.6000003814697265625</ele>
        <time>2024-10-23T11:39:25.000Z</time>
        <extensions>
          <ns3:TrackPointExtension>
            <ns3:atemp>20.0</ns3:atemp>
            <ns3:hr>163</ns3:hr>
            <ns3:cad>93</ns3:cad>
          </ns3:TrackPointExtension>
        </extensions>
      </trkpt>
      <trkpt lat="31.98435285128653049468994140625" lon="118.78593309782445430755615234375">
        <ele>15.6000003814697265625</ele>
        <time>2024-10-23T11:39:26.000Z</time>
        <extensions>
          <ns3:TrackPointExtension>
            <ns3:atemp>20.0</ns3:atemp>
            <ns3:hr>163</ns3:hr>
            <ns3:cad>93</ns3:cad>
          </ns3:TrackPointExtension>
        </extensions>
      </trkpt>
      <trkpt lat="31.98432535864412784576416015625" lon="118.78594516776502132415771484375">
        <ele>15.3999996185302734375</ele>
        <time>2024-10-23T11:39:27.000Z</time>
        <extensions>
          <ns3:TrackPointExtension>
            <ns3:atemp>20.0</ns3:atemp>
            <ns3:hr>163</ns3:hr>
            <ns3:cad>93</ns3:cad>
          </ns3:TrackPointExtension>
        </extensions>
      </trkpt>
      <trkpt lat="31.9842992909252643585205078125" lon="118.78595388494431972503662109375">
        <ele>15.3999996185302734375</ele>
        <time>2024-10-23T11:39:28.000Z</time>
        <extensions>
          <ns3:TrackPointExtension>
            <ns3:atemp>20.0</ns3:atemp>
            <ns3:hr>163</ns3:hr>
            <ns3:cad>93</ns3:cad>
          </ns3:TrackPointExtension>
        </extensions>
      </trkpt>
      <trkpt lat="31.984274648129940032958984375" lon="118.78597341477870941162109375">
        <ele>15.6000003814697265625</ele>
        <time>2024-10-23T11:39:29.000Z</time>
        <extensions>
          <ns3:TrackPointExtension>
            <ns3:atemp>20.0</ns3:atemp>
            <ns3:hr>163</ns3:hr>
            <ns3:cad>94</ns3:cad>
          </ns3:TrackPointExtension>
        </extensions>
      </trkpt>
      <trkpt lat="31.98425377719104290008544921875" lon="118.785986490547657012939453125">
        <ele>15.6000003814697265625</ele>
        <time>2024-10-23T11:39:30.000Z</time>
        <extensions>
          <ns3:TrackPointExtension>
            <ns3:atemp>20.0</ns3:atemp>
            <ns3:hr>164</ns3:hr>
            <ns3:cad>94</ns3:cad>
          </ns3:TrackPointExtension>
        </extensions>
      </trkpt>
      <trkpt lat="31.98422946967184543609619140625" lon="118.78600249998271465301513671875">
        <ele>15.6000003814697265625</ele>
        <time>2024-10-23T11:39:31.000Z</time>
        <extensions>
          <ns3:TrackPointExtension>
            <ns3:atemp>20.0</ns3:atemp>
            <ns3:hr>164</ns3:hr>
            <ns3:cad>94</ns3:cad>
          </ns3:TrackPointExtension>
        </extensions>
      </trkpt>
      <trkpt lat="31.98420415632426738739013671875" lon="118.78601758740842342376708984375">
        <ele>15.6000003814697265625</ele>
        <time>2024-10-23T11:39:32.000Z</time>
        <extensions>
          <ns3:TrackPointExtension>
            <ns3:atemp>20.0</ns3:atemp>
            <ns3:hr>164</ns3:hr>
            <ns3:cad>93</ns3:cad>
          </ns3:TrackPointExtension>
        </extensions>
      </trkpt>
      <trkpt lat="31.9841732271015644073486328125" lon="118.78603250719606876373291015625">
        <ele>15.6000003814697265625</ele>
        <time>2024-10-23T11:39:33.000Z</time>
        <extensions>
          <ns3:TrackPointExtension>
            <ns3:atemp>20.0</ns3:atemp>
            <ns3:hr>164</ns3:hr>
            <ns3:cad>92</ns3:cad>
          </ns3:TrackPointExtension>
        </extensions>
      </trkpt>
      <trkpt lat="31.9841475784778594970703125" lon="118.7860460020601749420166015625">
        <ele>15.3999996185302734375</ele>
        <time>2024-10-23T11:39:34.000Z</time>
        <extensions>
          <ns3:TrackPointExtension>
            <ns3:atemp>20.0</ns3:atemp>
            <ns3:hr>164</ns3:hr>
            <ns3:cad>92</ns3:cad>
          </ns3:TrackPointExtension>
        </extensions>
      </trkpt>
      <trkpt lat="31.984122097492218017578125" lon="118.78605765290558338165283203125">
        <ele>15.6000003814697265625</ele>
        <time>2024-10-23T11:39:35.000Z</time>
        <extensions>
          <ns3:TrackPointExtension>
            <ns3:atemp>20.0</ns3:atemp>
            <ns3:hr>164</ns3:hr>
            <ns3:cad>92</ns3:cad>
          </ns3:TrackPointExtension>
        </extensions>
      </trkpt>
      <trkpt lat="31.9840917550027370452880859375" lon="118.7860711477696895599365234375">
        <ele>15.3999996185302734375</ele>
        <time>2024-10-23T11:39:36.000Z</time>
        <extensions>
          <ns3:TrackPointExtension>
            <ns3:atemp>20.0</ns3:atemp>
            <ns3:hr>164</ns3:hr>
            <ns3:cad>92</ns3:cad>
          </ns3:TrackPointExtension>
        </extensions>
      </trkpt>
      <trkpt lat="31.9840645976364612579345703125" lon="118.78608061932027339935302734375">
        <ele>15.3999996185302734375</ele>
        <time>2024-10-23T11:39:37.000Z</time>
        <extensions>
          <ns3:TrackPointExtension>
            <ns3:atemp>20.0</ns3:atemp>
            <ns3:hr>164</ns3:hr>
            <ns3:cad>92</ns3:cad>
          </ns3:TrackPointExtension>
        </extensions>
      </trkpt>
      <trkpt lat="31.98403685353696346282958984375" lon="118.7860936112701892852783203125">
        <ele>15.3999996185302734375</ele>
        <time>2024-10-23T11:39:38.000Z</time>
        <extensions>
          <ns3:TrackPointExtension>
            <ns3:atemp>20.0</ns3:atemp>
            <ns3:hr>164</ns3:hr>
            <ns3:cad>92</ns3:cad>
          </ns3:TrackPointExtension>
        </extensions>
      </trkpt>
      <trkpt lat="31.98401070199906826019287109375" lon="118.78610241226851940155029296875">
        <ele>15.3999996185302734375</ele>
        <time>2024-10-23T11:39:39.000Z</time>
        <extensions>
          <ns3:TrackPointExtension>
            <ns3:atemp>20.0</ns3:atemp>
            <ns3:hr>164</ns3:hr>
            <ns3:cad>93</ns3:cad>
          </ns3:TrackPointExtension>
        </extensions>
      </trkpt>
      <trkpt lat="31.98398605920374393463134765625" lon="118.786113895475864410400390625">
        <ele>15.3999996185302734375</ele>
        <time>2024-10-23T11:39:40.000Z</time>
        <extensions>
          <ns3:TrackPointExtension>
            <ns3:atemp>20.0</ns3:atemp>
            <ns3:hr>164</ns3:hr>
            <ns3:cad>93</ns3:cad>
          </ns3:TrackPointExtension>
        </extensions>
      </trkpt>
      <trkpt lat="31.98396393097937107086181640625" lon="118.78612521104514598846435546875">
        <ele>15.3999996185302734375</ele>
        <time>2024-10-23T11:39:41.000Z</time>
        <extensions>
          <ns3:TrackPointExtension>
            <ns3:atemp>20.0</ns3:atemp>
            <ns3:hr>164</ns3:hr>
            <ns3:cad>94</ns3:cad>
          </ns3:TrackPointExtension>
        </extensions>
      </trkpt>
      <trkpt lat="31.9839402101933956146240234375" lon="118.78613912500441074371337890625">
        <ele>15.3999996185302734375</ele>
        <time>2024-10-23T11:39:42.000Z</time>
        <extensions>
          <ns3:TrackPointExtension>
            <ns3:atemp>20.0</ns3:atemp>
            <ns3:hr>164</ns3:hr>
            <ns3:cad>94</ns3:cad>
          </ns3:TrackPointExtension>
        </extensions>
      </trkpt>
      <trkpt lat="31.98391799814999103546142578125" lon="118.78614985384047031402587890625">
        <ele>15.3999996185302734375</ele>
        <time>2024-10-23T11:39:43.000Z</time>
        <extensions>
          <ns3:TrackPointExtension>
            <ns3:atemp>20.0</ns3:atemp>
            <ns3:hr>164</ns3:hr>
            <ns3:cad>92</ns3:cad>
          </ns3:TrackPointExtension>
        </extensions>
      </trkpt>
      <trkpt lat="31.9838941097259521484375" lon="118.78616108559072017669677734375">
        <ele>15.3999996185302734375</ele>
        <time>2024-10-23T11:39:44.000Z</time>
        <extensions>
          <ns3:TrackPointExtension>
            <ns3:atemp>20.0</ns3:atemp>
            <ns3:hr>164</ns3:hr>
            <ns3:cad>92</ns3:cad>
          </ns3:TrackPointExtension>
        </extensions>
      </trkpt>
      <trkpt lat="31.983869969844818115234375" lon="118.78617231734097003936767578125">
        <ele>15.3999996185302734375</ele>
        <time>2024-10-23T11:39:45.000Z</time>
        <extensions>
          <ns3:TrackPointExtension>
            <ns3:atemp>20.0</ns3:atemp>
            <ns3:hr>164</ns3:hr>
            <ns3:cad>92</ns3:cad>
          </ns3:TrackPointExtension>
        </extensions>
      </trkpt>
      <trkpt lat="31.9838439859449863433837890625" lon="118.78618690185248851776123046875">
        <ele>15.3999996185302734375</ele>
        <time>2024-10-23T11:39:46.000Z</time>
        <extensions>
          <ns3:TrackPointExtension>
            <ns3:atemp>20.0</ns3:atemp>
            <ns3:hr>165</ns3:hr>
            <ns3:cad>92</ns3:cad>
          </ns3:TrackPointExtension>
        </extensions>
      </trkpt>
      <trkpt lat="31.98382227681577205657958984375" lon="118.78619830124080181121826171875">
        <ele>15.3999996185302734375</ele>
        <time>2024-10-23T11:39:47.000Z</time>
        <extensions>
          <ns3:TrackPointExtension>
            <ns3:atemp>20.0</ns3:atemp>
            <ns3:hr>165</ns3:hr>
            <ns3:cad>92</ns3:cad>
          </ns3:TrackPointExtension>
        </extensions>
      </trkpt>
      <trkpt lat="31.9837990589439868927001953125" lon="118.78620944917201995849609375">
        <ele>15.3999996185302734375</ele>
        <time>2024-10-23T11:39:48.000Z</time>
        <extensions>
          <ns3:TrackPointExtension>
            <ns3:atemp>20.0</ns3:atemp>
            <ns3:hr>164</ns3:hr>
            <ns3:cad>92</ns3:cad>
          </ns3:TrackPointExtension>
        </extensions>
      </trkpt>
      <trkpt lat="31.98377332650125026702880859375" lon="118.78622445277869701385498046875">
        <ele>15.3999996185302734375</ele>
        <time>2024-10-23T11:39:49.000Z</time>
        <extensions>
          <ns3:TrackPointExtension>
            <ns3:atemp>20.0</ns3:atemp>
            <ns3:hr>164</ns3:hr>
            <ns3:cad>92</ns3:cad>
          </ns3:TrackPointExtension>
        </extensions>
      </trkpt>
      <trkpt lat="31.98374834842979907989501953125" lon="118.78623803146183490753173828125">
        <ele>15.3999996185302734375</ele>
        <time>2024-10-23T11:39:50.000Z</time>
        <extensions>
          <ns3:TrackPointExtension>
            <ns3:atemp>20.0</ns3:atemp>
            <ns3:hr>164</ns3:hr>
            <ns3:cad>92</ns3:cad>
          </ns3:TrackPointExtension>
        </extensions>
      </trkpt>
      <trkpt lat="31.98372018523514270782470703125" lon="118.7862528674304485321044921875">
        <ele>15.3999996185302734375</ele>
        <time>2024-10-23T11:39:51.000Z</time>
        <extensions>
          <ns3:TrackPointExtension>
            <ns3:atemp>20.0</ns3:atemp>
            <ns3:hr>164</ns3:hr>
            <ns3:cad>92</ns3:cad>
          </ns3:TrackPointExtension>
        </extensions>
      </trkpt>
      <trkpt lat="31.9836931116878986358642578125" lon="118.7862669490277767181396484375">
        <ele>15.3999996185302734375</ele>
        <time>2024-10-23T11:39:52.000Z</time>
        <extensions>
          <ns3:TrackPointExtension>
            <ns3:atemp>20.0</ns3:atemp>
            <ns3:hr>164</ns3:hr>
            <ns3:cad>92</ns3:cad>
          </ns3:TrackPointExtension>
        </extensions>
      </trkpt>
      <trkpt lat="31.98366503231227397918701171875" lon="118.78628161735832691192626953125">
        <ele>15.3999996185302734375</ele>
        <time>2024-10-23T11:39:53.000Z</time>
        <extensions>
          <ns3:TrackPointExtension>
            <ns3:atemp>20.0</ns3:atemp>
            <ns3:hr>164</ns3:hr>
            <ns3:cad>94</ns3:cad>
          </ns3:TrackPointExtension>
        </extensions>
      </trkpt>
      <trkpt lat="31.98363787494599819183349609375" lon="118.78629469312727451324462890625">
        <ele>15.3999996185302734375</ele>
        <time>2024-10-23T11:39:54.000Z</time>
        <extensions>
          <ns3:TrackPointExtension>
            <ns3:atemp>20.0</ns3:atemp>
            <ns3:hr>164</ns3:hr>
            <ns3:cad>94</ns3:cad>
          </ns3:TrackPointExtension>
        </extensions>
      </trkpt>
      <trkpt lat="31.9836082868278026580810546875" lon="118.7863105349242687225341796875">
        <ele>15.3999996185302734375</ele>
        <time>2024-10-23T11:39:55.000Z</time>
        <extensions>
          <ns3:TrackPointExtension>
            <ns3:atemp>20.0</ns3:atemp>
            <ns3:hr>164</ns3:hr>
            <ns3:cad>93</ns3:cad>
          </ns3:TrackPointExtension>
        </extensions>
      </trkpt>
      <trkpt lat="31.98358104564249515533447265625" lon="118.78632369451224803924560546875">
        <ele>15.19999980926513671875</ele>
        <time>2024-10-23T11:39:56.000Z</time>
        <extensions>
          <ns3:TrackPointExtension>
            <ns3:atemp>20.0</ns3:atemp>
            <ns3:hr>165</ns3:hr>
            <ns3:cad>93</ns3:cad>
          </ns3:TrackPointExtension>
        </extensions>
      </trkpt>
      <trkpt lat="31.9835586659610271453857421875" lon="118.78633492626249790191650390625">
        <ele>15.19999980926513671875</ele>
        <time>2024-10-23T11:39:57.000Z</time>
        <extensions>
          <ns3:TrackPointExtension>
            <ns3:atemp>20.0</ns3:atemp>
            <ns3:hr>165</ns3:hr>
            <ns3:cad>92</ns3:cad>
          </ns3:TrackPointExtension>
        </extensions>
      </trkpt>
      <trkpt lat="31.9835321791470050811767578125" lon="118.78634582273662090301513671875">
        <ele>15.19999980926513671875</ele>
        <time>2024-10-23T11:39:58.000Z</time>
        <extensions>
          <ns3:TrackPointExtension>
            <ns3:atemp>20.0</ns3:atemp>
            <ns3:hr>165</ns3:hr>
            <ns3:cad>92</ns3:cad>
          </ns3:TrackPointExtension>
        </extensions>
      </trkpt>
      <trkpt lat="31.98350845836102962493896484375" lon="118.78635269589722156524658203125">
        <ele>15.3999996185302734375</ele>
        <time>2024-10-23T11:39:59.000Z</time>
        <extensions>
          <ns3:TrackPointExtension>
            <ns3:atemp>20.0</ns3:atemp>
            <ns3:hr>165</ns3:hr>
            <ns3:cad>92</ns3:cad>
          </ns3:TrackPointExtension>
        </extensions>
      </trkpt>
      <trkpt lat="31.9834835641086101531982421875" lon="118.78636376000940799713134765625">
        <ele>15.3999996185302734375</ele>
        <time>2024-10-23T11:40:00.000Z</time>
        <extensions>
          <ns3:TrackPointExtension>
            <ns3:atemp>20.0</ns3:atemp>
            <ns3:hr>166</ns3:hr>
            <ns3:cad>92</ns3:cad>
          </ns3:TrackPointExtension>
        </extensions>
      </trkpt>
      <trkpt lat="31.98346654884517192840576171875" lon="118.78637147136032581329345703125">
        <ele>15.19999980926513671875</ele>
        <time>2024-10-23T11:40:01.000Z</time>
        <extensions>
          <ns3:TrackPointExtension>
            <ns3:atemp>20.0</ns3:atemp>
            <ns3:hr>166</ns3:hr>
            <ns3:cad>93</ns3:cad>
          </ns3:TrackPointExtension>
        </extensions>
      </trkpt>
      <trkpt lat="31.98343972675502300262451171875" lon="118.7863809429109096527099609375">
        <ele>15.19999980926513671875</ele>
        <time>2024-10-23T11:40:02.000Z</time>
        <extensions>
          <ns3:TrackPointExtension>
            <ns3:atemp>20.0</ns3:atemp>
            <ns3:hr>166</ns3:hr>
            <ns3:cad>93</ns3:cad>
          </ns3:TrackPointExtension>
        </extensions>
      </trkpt>
      <trkpt lat="31.9834180176258087158203125" lon="118.78638915717601776123046875">
        <ele>15.19999980926513671875</ele>
        <time>2024-10-23T11:40:03.000Z</time>
        <extensions>
          <ns3:TrackPointExtension>
            <ns3:atemp>20.0</ns3:atemp>
            <ns3:hr>166</ns3:hr>
            <ns3:cad>93</ns3:cad>
          </ns3:TrackPointExtension>
        </extensions>
      </trkpt>
      <trkpt lat="31.98339312337338924407958984375" lon="118.786399550735950469970703125">
        <ele>15.19999980926513671875</ele>
        <time>2024-10-23T11:40:04.000Z</time>
        <extensions>
          <ns3:TrackPointExtension>
            <ns3:atemp>20.0</ns3:atemp>
            <ns3:hr>166</ns3:hr>
            <ns3:cad>93</ns3:cad>
          </ns3:TrackPointExtension>
        </extensions>
      </trkpt>
      <trkpt lat="31.98336848057806491851806640625" lon="118.78640902228653430938720703125">
        <ele>15.19999980926513671875</ele>
        <time>2024-10-23T11:40:05.000Z</time>
        <extensions>
          <ns3:TrackPointExtension>
            <ns3:atemp>19.0</ns3:atemp>
            <ns3:hr>166</ns3:hr>
            <ns3:cad>93</ns3:cad>
          </ns3:TrackPointExtension>
        </extensions>
      </trkpt>
      <trkpt lat="31.98334224522113800048828125" lon="118.78641958348453044891357421875">
        <ele>15.19999980926513671875</ele>
        <time>2024-10-23T11:40:06.000Z</time>
        <extensions>
          <ns3:TrackPointExtension>
            <ns3:atemp>19.0</ns3:atemp>
            <ns3:hr>166</ns3:hr>
            <ns3:cad>93</ns3:cad>
          </ns3:TrackPointExtension>
        </extensions>
      </trkpt>
      <trkpt lat="31.9833155907690525054931640625" lon="118.78642763011157512664794921875">
        <ele>15.19999980926513671875</ele>
        <time>2024-10-23T11:40:07.000Z</time>
        <extensions>
          <ns3:TrackPointExtension>
            <ns3:atemp>19.0</ns3:atemp>
            <ns3:hr>166</ns3:hr>
            <ns3:cad>93</ns3:cad>
          </ns3:TrackPointExtension>
        </extensions>
      </trkpt>
      <trkpt lat="31.98328667320311069488525390625" lon="118.78643483854830265045166015625">
        <ele>15.19999980926513671875</ele>
        <time>2024-10-23T11:40:08.000Z</time>
        <extensions>
          <ns3:TrackPointExtension>
            <ns3:atemp>19.0</ns3:atemp>
            <ns3:hr>166</ns3:hr>
            <ns3:cad>93</ns3:cad>
          </ns3:TrackPointExtension>
        </extensions>
      </trkpt>
      <trkpt lat="31.98325934819877147674560546875" lon="118.786442466080188751220703125">
        <ele>15.19999980926513671875</ele>
        <time>2024-10-23T11:40:09.000Z</time>
        <extensions>
          <ns3:TrackPointExtension>
            <ns3:atemp>19.0</ns3:atemp>
            <ns3:hr>166</ns3:hr>
            <ns3:cad>93</ns3:cad>
          </ns3:TrackPointExtension>
        </extensions>
      </trkpt>
      <trkpt lat="31.98323537595570087432861328125" lon="118.78644925542175769805908203125">
        <ele>15.19999980926513671875</ele>
        <time>2024-10-23T11:40:10.000Z</time>
        <extensions>
          <ns3:TrackPointExtension>
            <ns3:atemp>19.0</ns3:atemp>
            <ns3:hr>166</ns3:hr>
            <ns3:cad>93</ns3:cad>
          </ns3:TrackPointExtension>
        </extensions>
      </trkpt>
      <trkpt lat="31.98320955969393253326416015625" lon="118.7864567153155803680419921875">
        <ele>15.19999980926513671875</ele>
        <time>2024-10-23T11:40:11.000Z</time>
        <extensions>
          <ns3:TrackPointExtension>
            <ns3:atemp>19.0</ns3:atemp>
            <ns3:hr>166</ns3:hr>
            <ns3:cad>93</ns3:cad>
          </ns3:TrackPointExtension>
        </extensions>
      </trkpt>
      <trkpt lat="31.9831848330795764923095703125" lon="118.786463253200054168701171875">
        <ele>15.19999980926513671875</ele>
        <time>2024-10-23T11:40:12.000Z</time>
        <extensions>
          <ns3:TrackPointExtension>
            <ns3:atemp>19.0</ns3:atemp>
            <ns3:hr>166</ns3:hr>
            <ns3:cad>93</ns3:cad>
          </ns3:TrackPointExtension>
        </extensions>
      </trkpt>
      <trkpt lat="31.98315859772264957427978515625" lon="118.78647230565547943115234375">
        <ele>15.19999980926513671875</ele>
        <time>2024-10-23T11:40:13.000Z</time>
        <extensions>
          <ns3:TrackPointExtension>
            <ns3:atemp>19.0</ns3:atemp>
            <ns3:hr>166</ns3:hr>
            <ns3:cad>93</ns3:cad>
          </ns3:TrackPointExtension>
        </extensions>
      </trkpt>
      <trkpt lat="31.98313361965119838714599609375" lon="118.786478005349636077880859375">
        <ele>15.19999980926513671875</ele>
        <time>2024-10-23T11:40:14.000Z</time>
        <extensions>
          <ns3:TrackPointExtension>
            <ns3:atemp>19.0</ns3:atemp>
            <ns3:hr>166</ns3:hr>
            <ns3:cad>93</ns3:cad>
          </ns3:TrackPointExtension>
        </extensions>
      </trkpt>
      <trkpt lat="31.9831080548465251922607421875" lon="118.786498121917247772216796875">
        <ele>15</ele>
        <time>2024-10-23T11:40:15.000Z</time>
        <extensions>
          <ns3:TrackPointExtension>
            <ns3:atemp>19.0</ns3:atemp>
            <ns3:hr>166</ns3:hr>
            <ns3:cad>93</ns3:cad>
          </ns3:TrackPointExtension>
        </extensions>
      </trkpt>
      <trkpt lat="31.9830835796892642974853515625" lon="118.7865113653242588043212890625">
        <ele>15</ele>
        <time>2024-10-23T11:40:16.000Z</time>
        <extensions>
          <ns3:TrackPointExtension>
            <ns3:atemp>19.0</ns3:atemp>
            <ns3:hr>166</ns3:hr>
            <ns3:cad>93</ns3:cad>
          </ns3:TrackPointExtension>
        </extensions>
      </trkpt>
      <trkpt lat="31.9830570928752422332763671875" lon="118.78652519546449184417724609375">
        <ele>15</ele>
        <time>2024-10-23T11:40:17.000Z</time>
        <extensions>
          <ns3:TrackPointExtension>
            <ns3:atemp>19.0</ns3:atemp>
            <ns3:hr>166</ns3:hr>
            <ns3:cad>93</ns3:cad>
          </ns3:TrackPointExtension>
        </extensions>
      </trkpt>
      <trkpt lat="31.9830326177179813385009765625" lon="118.786537349224090576171875">
        <ele>15</ele>
        <time>2024-10-23T11:40:18.000Z</time>
        <extensions>
          <ns3:TrackPointExtension>
            <ns3:atemp>19.0</ns3:atemp>
            <ns3:hr>166</ns3:hr>
            <ns3:cad>93</ns3:cad>
          </ns3:TrackPointExtension>
        </extensions>
      </trkpt>
      <trkpt lat="31.983007974922657012939453125" lon="118.7865509279072284698486328125">
        <ele>15</ele>
        <time>2024-10-23T11:40:19.000Z</time>
        <extensions>
          <ns3:TrackPointExtension>
            <ns3:atemp>19.0</ns3:atemp>
            <ns3:hr>166</ns3:hr>
            <ns3:cad>93</ns3:cad>
          </ns3:TrackPointExtension>
        </extensions>
      </trkpt>
      <trkpt lat="31.98298417031764984130859375" lon="118.78656442277133464813232421875">
        <ele>15</ele>
        <time>2024-10-23T11:40:20.000Z</time>
        <extensions>
          <ns3:TrackPointExtension>
            <ns3:atemp>19.0</ns3:atemp>
            <ns3:hr>166</ns3:hr>
            <ns3:cad>92</ns3:cad>
          </ns3:TrackPointExtension>
        </extensions>
      </trkpt>
      <trkpt lat="31.9829612039029598236083984375" lon="118.78657632507383823394775390625">
        <ele>15</ele>
        <time>2024-10-23T11:40:21.000Z</time>
        <extensions>
          <ns3:TrackPointExtension>
            <ns3:atemp>19.0</ns3:atemp>
            <ns3:hr>166</ns3:hr>
            <ns3:cad>92</ns3:cad>
          </ns3:TrackPointExtension>
        </extensions>
      </trkpt>
      <trkpt lat="31.982940249145030975341796875" lon="118.7865869700908660888671875">
        <ele>15</ele>
        <time>2024-10-23T11:40:22.000Z</time>
        <extensions>
          <ns3:TrackPointExtension>
            <ns3:atemp>19.0</ns3:atemp>
            <ns3:hr>166</ns3:hr>
            <ns3:cad>92</ns3:cad>
          </ns3:TrackPointExtension>
        </extensions>
      </trkpt>
      <trkpt lat="31.9829189591109752655029296875" lon="118.7865995429456233978271484375">
        <ele>15</ele>
        <time>2024-10-23T11:40:23.000Z</time>
        <extensions>
          <ns3:TrackPointExtension>
            <ns3:atemp>19.0</ns3:atemp>
            <ns3:hr>166</ns3:hr>
            <ns3:cad>92</ns3:cad>
          </ns3:TrackPointExtension>
        </extensions>
      </trkpt>
      <trkpt lat="31.9828938134014606475830078125" lon="118.78661119379103183746337890625">
        <ele>15</ele>
        <time>2024-10-23T11:40:24.000Z</time>
        <extensions>
          <ns3:TrackPointExtension>
            <ns3:atemp>19.0</ns3:atemp>
            <ns3:hr>166</ns3:hr>
            <ns3:cad>92</ns3:cad>
          </ns3:TrackPointExtension>
        </extensions>
      </trkpt>
      <trkpt lat="31.982868500053882598876953125" lon="118.78662292845547199249267578125">
        <ele>15</ele>
        <time>2024-10-23T11:40:25.000Z</time>
        <extensions>
          <ns3:TrackPointExtension>
            <ns3:atemp>19.0</ns3:atemp>
            <ns3:hr>166</ns3:hr>
            <ns3:cad>93</ns3:cad>
          </ns3:TrackPointExtension>
        </extensions>
      </trkpt>
      <trkpt lat="31.98284410871565341949462890625" lon="118.78663684241473674774169921875">
        <ele>15</ele>
        <time>2024-10-23T11:40:26.000Z</time>
        <extensions>
          <ns3:TrackPointExtension>
            <ns3:atemp>19.0</ns3:atemp>
            <ns3:hr>167</ns3:hr>
            <ns3:cad>93</ns3:cad>
          </ns3:TrackPointExtension>
        </extensions>
      </trkpt>
      <trkpt lat="31.9828190468251705169677734375" lon="118.78665092401206493377685546875">
        <ele>14.80000019073486328125</ele>
        <time>2024-10-23T11:40:27.000Z</time>
        <extensions>
          <ns3:TrackPointExtension>
            <ns3:atemp>19.0</ns3:atemp>
            <ns3:hr>167</ns3:hr>
            <ns3:cad>93</ns3:cad>
          </ns3:TrackPointExtension>
        </extensions>
      </trkpt>
      <trkpt lat="31.98279398493468761444091796875" lon="118.78666408360004425048828125">
        <ele>14.80000019073486328125</ele>
        <time>2024-10-23T11:40:28.000Z</time>
        <extensions>
          <ns3:TrackPointExtension>
            <ns3:atemp>19.0</ns3:atemp>
            <ns3:hr>167</ns3:hr>
            <ns3:cad>92</ns3:cad>
          </ns3:TrackPointExtension>
        </extensions>
      </trkpt>
      <trkpt lat="31.9827697612345218658447265625" lon="118.78667640499770641326904296875">
        <ele>14.80000019073486328125</ele>
        <time>2024-10-23T11:40:29.000Z</time>
        <extensions>
          <ns3:TrackPointExtension>
            <ns3:atemp>19.0</ns3:atemp>
            <ns3:hr>167</ns3:hr>
            <ns3:cad>92</ns3:cad>
          </ns3:TrackPointExtension>
        </extensions>
      </trkpt>
      <trkpt lat="31.9827462919056415557861328125" lon="118.78669065423309803009033203125">
        <ele>14.80000019073486328125</ele>
        <time>2024-10-23T11:40:30.000Z</time>
        <extensions>
          <ns3:TrackPointExtension>
            <ns3:atemp>19.0</ns3:atemp>
            <ns3:hr>167</ns3:hr>
            <ns3:cad>92</ns3:cad>
          </ns3:TrackPointExtension>
        </extensions>
      </trkpt>
      <trkpt lat="31.98272458277642726898193359375" lon="118.786705993115901947021484375">
        <ele>14.80000019073486328125</ele>
        <time>2024-10-23T11:40:31.000Z</time>
        <extensions>
          <ns3:TrackPointExtension>
            <ns3:atemp>19.0</ns3:atemp>
            <ns3:hr>167</ns3:hr>
            <ns3:cad>92</ns3:cad>
          </ns3:TrackPointExtension>
        </extensions>
      </trkpt>
      <trkpt lat="31.98269826360046863555908203125" lon="118.7867189012467861175537109375">
        <ele>14.80000019073486328125</ele>
        <time>2024-10-23T11:40:32.000Z</time>
        <extensions>
          <ns3:TrackPointExtension>
            <ns3:atemp>19.0</ns3:atemp>
            <ns3:hr>167</ns3:hr>
            <ns3:cad>92</ns3:cad>
          </ns3:TrackPointExtension>
        </extensions>
      </trkpt>
      <trkpt lat="31.98267328552901744842529296875" lon="118.78672904334962368011474609375">
        <ele>14.80000019073486328125</ele>
        <time>2024-10-23T11:40:33.000Z</time>
        <extensions>
          <ns3:TrackPointExtension>
            <ns3:atemp>19.0</ns3:atemp>
            <ns3:hr>167</ns3:hr>
            <ns3:cad>92</ns3:cad>
          </ns3:TrackPointExtension>
        </extensions>
      </trkpt>
      <trkpt lat="31.982647888362407684326171875" lon="118.78674111329019069671630859375">
        <ele>14.80000019073486328125</ele>
        <time>2024-10-23T11:40:34.000Z</time>
        <extensions>
          <ns3:TrackPointExtension>
            <ns3:atemp>19.0</ns3:atemp>
            <ns3:hr>167</ns3:hr>
            <ns3:cad>92</ns3:cad>
          </ns3:TrackPointExtension>
        </extensions>
      </trkpt>
      <trkpt lat="31.98262668214738368988037109375" lon="118.7867524288594722747802734375">
        <ele>14.80000019073486328125</ele>
        <time>2024-10-23T11:40:35.000Z</time>
        <extensions>
          <ns3:TrackPointExtension>
            <ns3:atemp>19.0</ns3:atemp>
            <ns3:hr>167</ns3:hr>
            <ns3:cad>92</ns3:cad>
          </ns3:TrackPointExtension>
        </extensions>
      </trkpt>
      <trkpt lat="31.9826066493988037109375" lon="118.7867651693522930145263671875">
        <ele>14.80000019073486328125</ele>
        <time>2024-10-23T11:40:36.000Z</time>
        <extensions>
          <ns3:TrackPointExtension>
            <ns3:atemp>19.0</ns3:atemp>
            <ns3:hr>167</ns3:hr>
            <ns3:cad>92</ns3:cad>
          </ns3:TrackPointExtension>
        </extensions>
      </trkpt>
      <trkpt lat="31.98259566910564899444580078125" lon="118.7867728807032108306884765625">
        <ele>14.80000019073486328125</ele>
        <time>2024-10-23T11:40:37.000Z</time>
        <extensions>
          <ns3:TrackPointExtension>
            <ns3:atemp>19.0</ns3:atemp>
            <ns3:hr>167</ns3:hr>
            <ns3:cad>92</ns3:cad>
          </ns3:TrackPointExtension>
        </extensions>
      </trkpt>
      <trkpt lat="31.982577145099639892578125" lon="118.78677849657833576202392578125">
        <ele>14.80000019073486328125</ele>
        <time>2024-10-23T11:40:38.000Z</time>
        <extensions>
          <ns3:TrackPointExtension>
            <ns3:atemp>19.0</ns3:atemp>
            <ns3:hr>167</ns3:hr>
            <ns3:cad>92</ns3:cad>
          </ns3:TrackPointExtension>
        </extensions>
      </trkpt>
      <trkpt lat="31.98256499134004116058349609375" lon="118.78677765838801860809326171875">
        <ele>14.80000019073486328125</ele>
        <time>2024-10-23T11:40:39.000Z</time>
        <extensions>
          <ns3:TrackPointExtension>
            <ns3:atemp>19.0</ns3:atemp>
            <ns3:hr>167</ns3:hr>
            <ns3:cad>92</ns3:cad>
          </ns3:TrackPointExtension>
        </extensions>
      </trkpt>
      <trkpt lat="31.982543282210826873779296875" lon="118.786773048341274261474609375">
        <ele>15</ele>
        <time>2024-10-23T11:40:40.000Z</time>
        <extensions>
          <ns3:TrackPointExtension>
            <ns3:atemp>19.0</ns3:atemp>
            <ns3:hr>167</ns3:hr>
            <ns3:cad>92</ns3:cad>
          </ns3:TrackPointExtension>
        </extensions>
      </trkpt>
      <trkpt lat="31.982526518404483795166015625" lon="118.78676609136164188385009765625">
        <ele>15</ele>
        <time>2024-10-23T11:40:41.000Z</time>
        <extensions>
          <ns3:TrackPointExtension>
            <ns3:atemp>19.0</ns3:atemp>
            <ns3:hr>167</ns3:hr>
            <ns3:cad>92</ns3:cad>
          </ns3:TrackPointExtension>
        </extensions>
      </trkpt>
      <trkpt lat="31.98250673711299896240234375" lon="118.7867567874491214752197265625">
        <ele>15</ele>
        <time>2024-10-23T11:40:42.000Z</time>
        <extensions>
          <ns3:TrackPointExtension>
            <ns3:atemp>19.0</ns3:atemp>
            <ns3:hr>167</ns3:hr>
            <ns3:cad>90</ns3:cad>
          </ns3:TrackPointExtension>
        </extensions>
      </trkpt>
      <trkpt lat="31.98248921893537044525146484375" lon="118.7867438793182373046875">
        <ele>15</ele>
        <time>2024-10-23T11:40:43.000Z</time>
        <extensions>
          <ns3:TrackPointExtension>
            <ns3:atemp>19.0</ns3:atemp>
            <ns3:hr>167</ns3:hr>
            <ns3:cad>90</ns3:cad>
          </ns3:TrackPointExtension>
        </extensions>
      </trkpt>
      <trkpt lat="31.98246843181550502777099609375" lon="118.78673004917800426483154296875">
        <ele>15</ele>
        <time>2024-10-23T11:40:44.000Z</time>
        <extensions>
          <ns3:TrackPointExtension>
            <ns3:atemp>19.0</ns3:atemp>
            <ns3:hr>167</ns3:hr>
            <ns3:cad>89</ns3:cad>
          </ns3:TrackPointExtension>
        </extensions>
      </trkpt>
      <trkpt lat="31.98245108127593994140625" lon="118.78671395592391490936279296875">
        <ele>15</ele>
        <time>2024-10-23T11:40:45.000Z</time>
        <extensions>
          <ns3:TrackPointExtension>
            <ns3:atemp>19.0</ns3:atemp>
            <ns3:hr>166</ns3:hr>
            <ns3:cad>89</ns3:cad>
          </ns3:TrackPointExtension>
        </extensions>
      </trkpt>
      <trkpt lat="31.98243322782218456268310546875" lon="118.78669450990855693817138671875">
        <ele>15</ele>
        <time>2024-10-23T11:40:46.000Z</time>
        <extensions>
          <ns3:TrackPointExtension>
            <ns3:atemp>19.0</ns3:atemp>
            <ns3:hr>166</ns3:hr>
            <ns3:cad>90</ns3:cad>
          </ns3:TrackPointExtension>
        </extensions>
      </trkpt>
      <trkpt lat="31.9824136979877948760986328125" lon="118.78667355515062808990478515625">
        <ele>15</ele>
        <time>2024-10-23T11:40:47.000Z</time>
        <extensions>
          <ns3:TrackPointExtension>
            <ns3:atemp>19.0</ns3:atemp>
            <ns3:hr>166</ns3:hr>
            <ns3:cad>90</ns3:cad>
          </ns3:TrackPointExtension>
        </extensions>
      </trkpt>
      <trkpt lat="31.982394419610500335693359375" lon="118.78665075637400150299072265625">
        <ele>15</ele>
        <time>2024-10-23T11:40:48.000Z</time>
        <extensions>
          <ns3:TrackPointExtension>
            <ns3:atemp>19.0</ns3:atemp>
            <ns3:hr>166</ns3:hr>
            <ns3:cad>91</ns3:cad>
          </ns3:TrackPointExtension>
        </extensions>
      </trkpt>
      <trkpt lat="31.98237488977611064910888671875" lon="118.7866293825209140777587890625">
        <ele>15</ele>
        <time>2024-10-23T11:40:49.000Z</time>
        <extensions>
          <ns3:TrackPointExtension>
            <ns3:atemp>19.0</ns3:atemp>
            <ns3:hr>166</ns3:hr>
            <ns3:cad>92</ns3:cad>
          </ns3:TrackPointExtension>
        </extensions>
      </trkpt>
      <trkpt lat="31.982353515923023223876953125" lon="118.78660649992525577545166015625">
        <ele>15</ele>
        <time>2024-10-23T11:40:50.000Z</time>
        <extensions>
          <ns3:TrackPointExtension>
            <ns3:atemp>19.0</ns3:atemp>
            <ns3:hr>166</ns3:hr>
            <ns3:cad>92</ns3:cad>
          </ns3:TrackPointExtension>
        </extensions>
      </trkpt>
      <trkpt lat="31.98233197443187236785888671875" lon="118.786580599844455718994140625">
        <ele>15</ele>
        <time>2024-10-23T11:40:51.000Z</time>
        <extensions>
          <ns3:TrackPointExtension>
            <ns3:atemp>19.0</ns3:atemp>
            <ns3:hr>166</ns3:hr>
            <ns3:cad>92</ns3:cad>
          </ns3:TrackPointExtension>
        </extensions>
      </trkpt>
      <trkpt lat="31.98230917565524578094482421875" lon="118.7865556217730045318603515625">
        <ele>15</ele>
        <time>2024-10-23T11:40:52.000Z</time>
        <extensions>
          <ns3:TrackPointExtension>
            <ns3:atemp>19.0</ns3:atemp>
            <ns3:hr>166</ns3:hr>
            <ns3:cad>91</ns3:cad>
          </ns3:TrackPointExtension>
        </extensions>
      </trkpt>
      <trkpt lat="31.98228503577411174774169921875" lon="118.786529637873172760009765625">
        <ele>15</ele>
        <time>2024-10-23T11:40:53.000Z</time>
        <extensions>
          <ns3:TrackPointExtension>
            <ns3:atemp>19.0</ns3:atemp>
            <ns3:hr>165</ns3:hr>
            <ns3:cad>91</ns3:cad>
          </ns3:TrackPointExtension>
        </extensions>
      </trkpt>
      <trkpt lat="31.9822633266448974609375" lon="118.78650449216365814208984375">
        <ele>15</ele>
        <time>2024-10-23T11:40:54.000Z</time>
        <extensions>
          <ns3:TrackPointExtension>
            <ns3:atemp>19.0</ns3:atemp>
            <ns3:hr>165</ns3:hr>
            <ns3:cad>93</ns3:cad>
          </ns3:TrackPointExtension>
        </extensions>
      </trkpt>
      <trkpt lat="31.9822443835437297821044921875" lon="118.78647808916866779327392578125">
        <ele>15</ele>
        <time>2024-10-23T11:40:55.000Z</time>
        <extensions>
          <ns3:TrackPointExtension>
            <ns3:atemp>19.0</ns3:atemp>
            <ns3:hr>165</ns3:hr>
            <ns3:cad>93</ns3:cad>
          </ns3:TrackPointExtension>
        </extensions>
      </trkpt>
      <trkpt lat="31.9822232611477375030517578125" lon="118.78645629622042179107666015625">
        <ele>15</ele>
        <time>2024-10-23T11:40:56.000Z</time>
        <extensions>
          <ns3:TrackPointExtension>
            <ns3:atemp>19.0</ns3:atemp>
            <ns3:hr>165</ns3:hr>
            <ns3:cad>93</ns3:cad>
          </ns3:TrackPointExtension>
        </extensions>
      </trkpt>
      <trkpt lat="31.98220423422753810882568359375" lon="118.7864332459867000579833984375">
        <ele>14.80000019073486328125</ele>
        <time>2024-10-23T11:40:57.000Z</time>
        <extensions>
          <ns3:TrackPointExtension>
            <ns3:atemp>19.0</ns3:atemp>
            <ns3:hr>165</ns3:hr>
            <ns3:cad>93</ns3:cad>
          </ns3:TrackPointExtension>
        </extensions>
      </trkpt>
      <trkpt lat="31.98218713514506816864013671875" lon="118.78640918992459774017333984375">
        <ele>14.80000019073486328125</ele>
        <time>2024-10-23T11:40:58.000Z</time>
        <extensions>
          <ns3:TrackPointExtension>
            <ns3:atemp>19.0</ns3:atemp>
            <ns3:hr>165</ns3:hr>
            <ns3:cad>92</ns3:cad>
          </ns3:TrackPointExtension>
        </extensions>
      </trkpt>
      <trkpt lat="31.98217020370066165924072265625" lon="118.7863842956721782684326171875">
        <ele>14.80000019073486328125</ele>
        <time>2024-10-23T11:40:59.000Z</time>
        <extensions>
          <ns3:TrackPointExtension>
            <ns3:atemp>19.0</ns3:atemp>
            <ns3:hr>165</ns3:hr>
            <ns3:cad>92</ns3:cad>
          </ns3:TrackPointExtension>
        </extensions>
      </trkpt>
      <trkpt lat="31.982153356075286865234375" lon="118.78635889850556850433349609375">
        <ele>14.80000019073486328125</ele>
        <time>2024-10-23T11:41:00.000Z</time>
        <extensions>
          <ns3:TrackPointExtension>
            <ns3:atemp>19.0</ns3:atemp>
            <ns3:hr>165</ns3:hr>
            <ns3:cad>92</ns3:cad>
          </ns3:TrackPointExtension>
        </extensions>
      </trkpt>
      <trkpt lat="31.98213583789765834808349609375" lon="118.78633542917668819427490234375">
        <ele>14.80000019073486328125</ele>
        <time>2024-10-23T11:41:01.000Z</time>
        <extensions>
          <ns3:TrackPointExtension>
            <ns3:atemp>19.0</ns3:atemp>
            <ns3:hr>165</ns3:hr>
            <ns3:cad>92</ns3:cad>
          </ns3:TrackPointExtension>
        </extensions>
      </trkpt>
      <trkpt lat="31.98212091811001300811767578125" lon="118.786317408084869384765625">
        <ele>14.80000019073486328125</ele>
        <time>2024-10-23T11:41:02.000Z</time>
        <extensions>
          <ns3:TrackPointExtension>
            <ns3:atemp>19.0</ns3:atemp>
            <ns3:hr>165</ns3:hr>
            <ns3:cad>92</ns3:cad>
          </ns3:TrackPointExtension>
        </extensions>
      </trkpt>
      <trkpt lat="31.98210574686527252197265625" lon="118.7862924300134181976318359375">
        <ele>14.80000019073486328125</ele>
        <time>2024-10-23T11:41:03.000Z</time>
        <extensions>
          <ns3:TrackPointExtension>
            <ns3:atemp>19.0</ns3:atemp>
            <ns3:hr>165</ns3:hr>
            <ns3:cad>92</ns3:cad>
          </ns3:TrackPointExtension>
        </extensions>
      </trkpt>
      <trkpt lat="31.9820911623537540435791015625" lon="118.7862696312367916107177734375">
        <ele>14.80000019073486328125</ele>
        <time>2024-10-23T11:41:04.000Z</time>
        <extensions>
          <ns3:TrackPointExtension>
            <ns3:atemp>19.0</ns3:atemp>
            <ns3:hr>165</ns3:hr>
            <ns3:cad>91</ns3:cad>
          </ns3:TrackPointExtension>
        </extensions>
      </trkpt>
      <trkpt lat="31.98207532055675983428955078125" lon="118.7862428091466426849365234375">
        <ele>14.80000019073486328125</ele>
        <time>2024-10-23T11:41:05.000Z</time>
        <extensions>
          <ns3:TrackPointExtension>
            <ns3:atemp>19.0</ns3:atemp>
            <ns3:hr>165</ns3:hr>
            <ns3:cad>90</ns3:cad>
          </ns3:TrackPointExtension>
        </extensions>
      </trkpt>
      <trkpt lat="31.9820609875023365020751953125" lon="118.7862168252468109130859375">
        <ele>14.80000019073486328125</ele>
        <time>2024-10-23T11:41:06.000Z</time>
        <extensions>
          <ns3:TrackPointExtension>
            <ns3:atemp>19.0</ns3:atemp>
            <ns3:hr>164</ns3:hr>
            <ns3:cad>90</ns3:cad>
          </ns3:TrackPointExtension>
        </extensions>
      </trkpt>
      <trkpt lat="31.98204749263823032379150390625" lon="118.786191008985042572021484375">
        <ele>14.80000019073486328125</ele>
        <time>2024-10-23T11:41:07.000Z</time>
        <extensions>
          <ns3:TrackPointExtension>
            <ns3:atemp>19.0</ns3:atemp>
            <ns3:hr>164</ns3:hr>
            <ns3:cad>90</ns3:cad>
          </ns3:TrackPointExtension>
        </extensions>
      </trkpt>
      <trkpt lat="31.98203274048864841461181640625" lon="118.78616779111325740814208984375">
        <ele>14.80000019073486328125</ele>
        <time>2024-10-23T11:41:08.000Z</time>
        <extensions>
          <ns3:TrackPointExtension>
            <ns3:atemp>19.0</ns3:atemp>
            <ns3:hr>164</ns3:hr>
            <ns3:cad>90</ns3:cad>
          </ns3:TrackPointExtension>
        </extensions>
      </trkpt>
      <trkpt lat="31.9820163957774639129638671875" lon="118.786144070327281951904296875">
        <ele>14.80000019073486328125</ele>
        <time>2024-10-23T11:41:09.000Z</time>
        <extensions>
          <ns3:TrackPointExtension>
            <ns3:atemp>19.0</ns3:atemp>
            <ns3:hr>164</ns3:hr>
            <ns3:cad>90</ns3:cad>
          </ns3:TrackPointExtension>
        </extensions>
      </trkpt>
      <trkpt lat="31.98200256563723087310791015625" lon="118.78611951135098934173583984375">
        <ele>14.80000019073486328125</ele>
        <time>2024-10-23T11:41:10.000Z</time>
        <extensions>
          <ns3:TrackPointExtension>
            <ns3:atemp>19.0</ns3:atemp>
            <ns3:hr>164</ns3:hr>
            <ns3:cad>90</ns3:cad>
          </ns3:TrackPointExtension>
        </extensions>
      </trkpt>
      <trkpt lat="31.9819902442395687103271484375" lon="118.7860912643373012542724609375">
        <ele>14.80000019073486328125</ele>
        <time>2024-10-23T11:41:11.000Z</time>
        <extensions>
          <ns3:TrackPointExtension>
            <ns3:atemp>19.0</ns3:atemp>
            <ns3:hr>164</ns3:hr>
            <ns3:cad>90</ns3:cad>
          </ns3:TrackPointExtension>
        </extensions>
      </trkpt>
      <trkpt lat="31.9819791801273822784423828125" lon="118.78606402315199375152587890625">
        <ele>14.80000019073486328125</ele>
        <time>2024-10-23T11:41:12.000Z</time>
        <extensions>
          <ns3:TrackPointExtension>
            <ns3:atemp>19.0</ns3:atemp>
            <ns3:hr>164</ns3:hr>
            <ns3:cad>90</ns3:cad>
          </ns3:TrackPointExtension>
        </extensions>
      </trkpt>
      <trkpt lat="31.9819684512913227081298828125" lon="118.7860319204628467559814453125">
        <ele>14.80000019073486328125</ele>
        <time>2024-10-23T11:41:13.000Z</time>
        <extensions>
          <ns3:TrackPointExtension>
            <ns3:atemp>19.0</ns3:atemp>
            <ns3:hr>164</ns3:hr>
            <ns3:cad>90</ns3:cad>
          </ns3:TrackPointExtension>
        </extensions>
      </trkpt>
      <trkpt lat="31.9819583930075168609619140625" lon="118.7860027514398097991943359375">
        <ele>14.6000003814697265625</ele>
        <time>2024-10-23T11:41:14.000Z</time>
        <extensions>
          <ns3:TrackPointExtension>
            <ns3:atemp>19.0</ns3:atemp>
            <ns3:hr>164</ns3:hr>
            <ns3:cad>90</ns3:cad>
          </ns3:TrackPointExtension>
        </extensions>
      </trkpt>
      <trkpt lat="31.98195017874240875244140625" lon="118.78597383387386798858642578125">
        <ele>14.6000003814697265625</ele>
        <time>2024-10-23T11:41:15.000Z</time>
        <extensions>
          <ns3:TrackPointExtension>
            <ns3:atemp>19.0</ns3:atemp>
            <ns3:hr>164</ns3:hr>
            <ns3:cad>91</ns3:cad>
          </ns3:TrackPointExtension>
        </extensions>
      </trkpt>
      <trkpt lat="31.98194104246795177459716796875" lon="118.78594667650759220123291015625">
        <ele>14.6000003814697265625</ele>
        <time>2024-10-23T11:41:16.000Z</time>
        <extensions>
          <ns3:TrackPointExtension>
            <ns3:atemp>19.0</ns3:atemp>
            <ns3:hr>164</ns3:hr>
            <ns3:cad>92</ns3:cad>
          </ns3:TrackPointExtension>
        </extensions>
      </trkpt>
      <trkpt lat="31.98193031363189220428466796875" lon="118.7859172560274600982666015625">
        <ele>14.6000003814697265625</ele>
        <time>2024-10-23T11:41:17.000Z</time>
        <extensions>
          <ns3:TrackPointExtension>
            <ns3:atemp>19.0</ns3:atemp>
            <ns3:hr>164</ns3:hr>
            <ns3:cad>92</ns3:cad>
          </ns3:TrackPointExtension>
        </extensions>
      </trkpt>
      <trkpt lat="31.98191975243389606475830078125" lon="118.78589051775634288787841796875">
        <ele>14.6000003814697265625</ele>
        <time>2024-10-23T11:41:18.000Z</time>
        <extensions>
          <ns3:TrackPointExtension>
            <ns3:atemp>19.0</ns3:atemp>
            <ns3:hr>164</ns3:hr>
            <ns3:cad>91</ns3:cad>
          </ns3:TrackPointExtension>
        </extensions>
      </trkpt>
      <trkpt lat="31.98190726339817047119140625" lon="118.7858609296381473541259765625">
        <ele>14.6000003814697265625</ele>
        <time>2024-10-23T11:41:19.000Z</time>
        <extensions>
          <ns3:TrackPointExtension>
            <ns3:atemp>19.0</ns3:atemp>
            <ns3:hr>164</ns3:hr>
            <ns3:cad>90</ns3:cad>
          </ns3:TrackPointExtension>
        </extensions>
      </trkpt>
      <trkpt lat="31.9818936847150325775146484375" lon="118.785833604633808135986328125">
        <ele>14.6000003814697265625</ele>
        <time>2024-10-23T11:41:20.000Z</time>
        <extensions>
          <ns3:TrackPointExtension>
            <ns3:atemp>19.0</ns3:atemp>
            <ns3:hr>164</ns3:hr>
            <ns3:cad>90</ns3:cad>
          </ns3:TrackPointExtension>
        </extensions>
      </trkpt>
      <trkpt lat="31.98187851347029209136962890625" lon="118.78580586053431034088134765625">
        <ele>14.6000003814697265625</ele>
        <time>2024-10-23T11:41:21.000Z</time>
        <extensions>
          <ns3:TrackPointExtension>
            <ns3:atemp>19.0</ns3:atemp>
            <ns3:hr>164</ns3:hr>
            <ns3:cad>90</ns3:cad>
          </ns3:TrackPointExtension>
        </extensions>
      </trkpt>
      <trkpt lat="31.981863677501678466796875" lon="118.78578205592930316925048828125">
        <ele>14.6000003814697265625</ele>
        <time>2024-10-23T11:41:22.000Z</time>
        <extensions>
          <ns3:TrackPointExtension>
            <ns3:atemp>19.0</ns3:atemp>
            <ns3:hr>164</ns3:hr>
            <ns3:cad>90</ns3:cad>
          </ns3:TrackPointExtension>
        </extensions>
      </trkpt>
      <trkpt lat="31.98184951208531856536865234375" lon="118.785761855542659759521484375">
        <ele>14.6000003814697265625</ele>
        <time>2024-10-23T11:41:23.000Z</time>
        <extensions>
          <ns3:TrackPointExtension>
            <ns3:atemp>19.0</ns3:atemp>
            <ns3:hr>164</ns3:hr>
            <ns3:cad>90</ns3:cad>
          </ns3:TrackPointExtension>
        </extensions>
      </trkpt>
      <trkpt lat="31.98183660395443439483642578125" lon="118.78573997877538204193115234375">
        <ele>14.6000003814697265625</ele>
        <time>2024-10-23T11:41:24.000Z</time>
        <extensions>
          <ns3:TrackPointExtension>
            <ns3:atemp>19.0</ns3:atemp>
            <ns3:hr>164</ns3:hr>
            <ns3:cad>90</ns3:cad>
          </ns3:TrackPointExtension>
        </extensions>
      </trkpt>
      <trkpt lat="31.98181967251002788543701171875" lon="118.78571583889424800872802734375">
        <ele>14.6000003814697265625</ele>
        <time>2024-10-23T11:41:25.000Z</time>
        <extensions>
          <ns3:TrackPointExtension>
            <ns3:atemp>19.0</ns3:atemp>
            <ns3:hr>164</ns3:hr>
            <ns3:cad>90</ns3:cad>
          </ns3:TrackPointExtension>
        </extensions>
      </trkpt>
      <trkpt lat="31.9818045012652873992919921875" lon="118.78569555468857288360595703125">
        <ele>14.6000003814697265625</ele>
        <time>2024-10-23T11:41:26.000Z</time>
        <extensions>
          <ns3:TrackPointExtension>
            <ns3:atemp>19.0</ns3:atemp>
            <ns3:hr>164</ns3:hr>
            <ns3:cad>90</ns3:cad>
          </ns3:TrackPointExtension>
        </extensions>
      </trkpt>
      <trkpt lat="31.98178597725927829742431640625" lon="118.78567342646420001983642578125">
        <ele>14.6000003814697265625</ele>
        <time>2024-10-23T11:41:27.000Z</time>
        <extensions>
          <ns3:TrackPointExtension>
            <ns3:atemp>19.0</ns3:atemp>
            <ns3:hr>164</ns3:hr>
            <ns3:cad>90</ns3:cad>
          </ns3:TrackPointExtension>
        </extensions>
      </trkpt>
      <trkpt lat="31.9817679561674594879150390625" lon="118.7856483645737171173095703125">
        <ele>14.6000003814697265625</ele>
        <time>2024-10-23T11:41:28.000Z</time>
        <extensions>
          <ns3:TrackPointExtension>
            <ns3:atemp>19.0</ns3:atemp>
            <ns3:hr>164</ns3:hr>
            <ns3:cad>90</ns3:cad>
          </ns3:TrackPointExtension>
        </extensions>
      </trkpt>
      <trkpt lat="31.98174976743757724761962890625" lon="118.78562581725418567657470703125">
        <ele>14.6000003814697265625</ele>
        <time>2024-10-23T11:41:29.000Z</time>
        <extensions>
          <ns3:TrackPointExtension>
            <ns3:atemp>19.0</ns3:atemp>
            <ns3:hr>164</ns3:hr>
            <ns3:cad>90</ns3:cad>
          </ns3:TrackPointExtension>
        </extensions>
      </trkpt>
      <trkpt lat="31.98173048906028270721435546875" lon="118.7856041081249713897705078125">
        <ele>14.6000003814697265625</ele>
        <time>2024-10-23T11:41:30.000Z</time>
        <extensions>
          <ns3:TrackPointExtension>
            <ns3:atemp>19.0</ns3:atemp>
            <ns3:hr>164</ns3:hr>
            <ns3:cad>90</ns3:cad>
          </ns3:TrackPointExtension>
        </extensions>
      </trkpt>
      <trkpt lat="31.98171280324459075927734375" lon="118.78558306954801082611083984375">
        <ele>14.6000003814697265625</ele>
        <time>2024-10-23T11:41:31.000Z</time>
        <extensions>
          <ns3:TrackPointExtension>
            <ns3:atemp>19.0</ns3:atemp>
            <ns3:hr>164</ns3:hr>
            <ns3:cad>90</ns3:cad>
          </ns3:TrackPointExtension>
        </extensions>
      </trkpt>
      <trkpt lat="31.98169444687664508819580078125" lon="118.785561025142669677734375">
        <ele>14.6000003814697265625</ele>
        <time>2024-10-23T11:41:32.000Z</time>
        <extensions>
          <ns3:TrackPointExtension>
            <ns3:atemp>19.0</ns3:atemp>
            <ns3:hr>164</ns3:hr>
            <ns3:cad>90</ns3:cad>
          </ns3:TrackPointExtension>
        </extensions>
      </trkpt>
      <trkpt lat="31.98167835362255573272705078125" lon="118.785537220537662506103515625">
        <ele>14.6000003814697265625</ele>
        <time>2024-10-23T11:41:33.000Z</time>
        <extensions>
          <ns3:TrackPointExtension>
            <ns3:atemp>19.0</ns3:atemp>
            <ns3:hr>164</ns3:hr>
            <ns3:cad>90</ns3:cad>
          </ns3:TrackPointExtension>
        </extensions>
      </trkpt>
      <trkpt lat="31.98166108690202236175537109375" lon="118.78550997935235500335693359375">
        <ele>14.6000003814697265625</ele>
        <time>2024-10-23T11:41:34.000Z</time>
        <extensions>
          <ns3:TrackPointExtension>
            <ns3:atemp>19.0</ns3:atemp>
            <ns3:hr>164</ns3:hr>
            <ns3:cad>90</ns3:cad>
          </ns3:TrackPointExtension>
        </extensions>
      </trkpt>
      <trkpt lat="31.9816368632018566131591796875" lon="118.7854864262044429779052734375">
        <ele>14.6000003814697265625</ele>
        <time>2024-10-23T11:41:35.000Z</time>
        <extensions>
          <ns3:TrackPointExtension>
            <ns3:atemp>19.0</ns3:atemp>
            <ns3:hr>164</ns3:hr>
            <ns3:cad>90</ns3:cad>
          </ns3:TrackPointExtension>
        </extensions>
      </trkpt>
      <trkpt lat="31.98161984793841838836669921875" lon="118.78546404652297496795654296875">
        <ele>14.6000003814697265625</ele>
        <time>2024-10-23T11:41:36.000Z</time>
        <extensions>
          <ns3:TrackPointExtension>
            <ns3:atemp>19.0</ns3:atemp>
            <ns3:hr>164</ns3:hr>
            <ns3:cad>90</ns3:cad>
          </ns3:TrackPointExtension>
        </extensions>
      </trkpt>
      <trkpt lat="31.98160358704626560211181640625" lon="118.78544325940310955047607421875">
        <ele>14.6000003814697265625</ele>
        <time>2024-10-23T11:41:37.000Z</time>
        <extensions>
          <ns3:TrackPointExtension>
            <ns3:atemp>19.0</ns3:atemp>
            <ns3:hr>164</ns3:hr>
            <ns3:cad>90</ns3:cad>
          </ns3:TrackPointExtension>
        </extensions>
      </trkpt>
      <trkpt lat="31.9815889187157154083251953125" lon="118.7854230590164661407470703125">
        <ele>14.6000003814697265625</ele>
        <time>2024-10-23T11:41:38.000Z</time>
        <extensions>
          <ns3:TrackPointExtension>
            <ns3:atemp>19.0</ns3:atemp>
            <ns3:hr>164</ns3:hr>
            <ns3:cad>90</ns3:cad>
          </ns3:TrackPointExtension>
        </extensions>
      </trkpt>
      <trkpt lat="31.98157198727130889892578125" lon="118.7853982485830783843994140625">
        <ele>14.6000003814697265625</ele>
        <time>2024-10-23T11:41:39.000Z</time>
        <extensions>
          <ns3:TrackPointExtension>
            <ns3:atemp>19.0</ns3:atemp>
            <ns3:hr>164</ns3:hr>
            <ns3:cad>90</ns3:cad>
          </ns3:TrackPointExtension>
        </extensions>
      </trkpt>
      <trkpt lat="31.98155581019818782806396484375" lon="118.78537067212164402008056640625">
        <ele>14.6000003814697265625</ele>
        <time>2024-10-23T11:41:40.000Z</time>
        <extensions>
          <ns3:TrackPointExtension>
            <ns3:atemp>19.0</ns3:atemp>
            <ns3:hr>164</ns3:hr>
            <ns3:cad>91</ns3:cad>
          </ns3:TrackPointExtension>
        </extensions>
      </trkpt>
      <trkpt lat="31.98154105804860591888427734375" lon="118.78534804098308086395263671875">
        <ele>14.6000003814697265625</ele>
        <time>2024-10-23T11:41:41.000Z</time>
        <extensions>
          <ns3:TrackPointExtension>
            <ns3:atemp>19.0</ns3:atemp>
            <ns3:hr>164</ns3:hr>
            <ns3:cad>91</ns3:cad>
          </ns3:TrackPointExtension>
        </extensions>
      </trkpt>
      <trkpt lat="31.98152898810803890228271484375" lon="118.78532473929226398468017578125">
        <ele>14.6000003814697265625</ele>
        <time>2024-10-23T11:41:42.000Z</time>
        <extensions>
          <ns3:TrackPointExtension>
            <ns3:atemp>19.0</ns3:atemp>
            <ns3:hr>164</ns3:hr>
            <ns3:cad>92</ns3:cad>
          </ns3:TrackPointExtension>
        </extensions>
      </trkpt>
      <trkpt lat="31.981516666710376739501953125" lon="118.78530378453433513641357421875">
        <ele>14.6000003814697265625</ele>
        <time>2024-10-23T11:41:43.000Z</time>
        <extensions>
          <ns3:TrackPointExtension>
            <ns3:atemp>19.0</ns3:atemp>
            <ns3:hr>164</ns3:hr>
            <ns3:cad>92</ns3:cad>
          </ns3:TrackPointExtension>
        </extensions>
      </trkpt>
      <trkpt lat="31.98150484822690486907958984375" lon="118.78528165630996227264404296875">
        <ele>14.6000003814697265625</ele>
        <time>2024-10-23T11:41:44.000Z</time>
        <extensions>
          <ns3:TrackPointExtension>
            <ns3:atemp>19.0</ns3:atemp>
            <ns3:hr>164</ns3:hr>
            <ns3:cad>92</ns3:cad>
          </ns3:TrackPointExtension>
        </extensions>
      </trkpt>
      <trkpt lat="31.981487162411212921142578125" lon="118.78526556305587291717529296875">
        <ele>14.6000003814697265625</ele>
        <time>2024-10-23T11:41:45.000Z</time>
        <extensions>
          <ns3:TrackPointExtension>
            <ns3:atemp>19.0</ns3:atemp>
            <ns3:hr>164</ns3:hr>
            <ns3:cad>90</ns3:cad>
          </ns3:TrackPointExtension>
        </extensions>
      </trkpt>
      <trkpt lat="31.98147551156580448150634765625" lon="118.78523983061313629150390625">
        <ele>14.6000003814697265625</ele>
        <time>2024-10-23T11:41:46.000Z</time>
        <extensions>
          <ns3:TrackPointExtension>
            <ns3:atemp>19.0</ns3:atemp>
            <ns3:hr>164</ns3:hr>
            <ns3:cad>90</ns3:cad>
          </ns3:TrackPointExtension>
        </extensions>
      </trkpt>
      <trkpt lat="31.981456987559795379638671875" lon="118.78521795384585857391357421875">
        <ele>14.3999996185302734375</ele>
        <time>2024-10-23T11:41:47.000Z</time>
        <extensions>
          <ns3:TrackPointExtension>
            <ns3:atemp>19.0</ns3:atemp>
            <ns3:hr>164</ns3:hr>
            <ns3:cad>90</ns3:cad>
          </ns3:TrackPointExtension>
        </extensions>
      </trkpt>
      <trkpt lat="31.98144550435245037078857421875" lon="118.78519331105053424835205078125">
        <ele>14.3999996185302734375</ele>
        <time>2024-10-23T11:41:48.000Z</time>
        <extensions>
          <ns3:TrackPointExtension>
            <ns3:atemp>19.0</ns3:atemp>
            <ns3:hr>164</ns3:hr>
            <ns3:cad>90</ns3:cad>
          </ns3:TrackPointExtension>
        </extensions>
      </trkpt>
      <trkpt lat="31.98143226094543933868408203125" lon="118.7851665727794170379638671875">
        <ele>14.3999996185302734375</ele>
        <time>2024-10-23T11:41:49.000Z</time>
        <extensions>
          <ns3:TrackPointExtension>
            <ns3:atemp>19.0</ns3:atemp>
            <ns3:hr>164</ns3:hr>
            <ns3:cad>90</ns3:cad>
          </ns3:TrackPointExtension>
        </extensions>
      </trkpt>
      <trkpt lat="31.98141910135746002197265625" lon="118.78513463772833347320556640625">
        <ele>14.3999996185302734375</ele>
        <time>2024-10-23T11:41:50.000Z</time>
        <extensions>
          <ns3:TrackPointExtension>
            <ns3:atemp>19.0</ns3:atemp>
            <ns3:hr>164</ns3:hr>
            <ns3:cad>90</ns3:cad>
          </ns3:TrackPointExtension>
        </extensions>
      </trkpt>
      <trkpt lat="31.9814082048833370208740234375" lon="118.78510781563818454742431640625">
        <ele>14.3999996185302734375</ele>
        <time>2024-10-23T11:41:51.000Z</time>
        <extensions>
          <ns3:TrackPointExtension>
            <ns3:atemp>19.0</ns3:atemp>
            <ns3:hr>164</ns3:hr>
            <ns3:cad>90</ns3:cad>
          </ns3:TrackPointExtension>
        </extensions>
      </trkpt>
      <trkpt lat="31.98139823041856288909912109375" lon="118.78507755696773529052734375">
        <ele>14.3999996185302734375</ele>
        <time>2024-10-23T11:41:52.000Z</time>
        <extensions>
          <ns3:TrackPointExtension>
            <ns3:atemp>19.0</ns3:atemp>
            <ns3:hr>164</ns3:hr>
            <ns3:cad>90</ns3:cad>
          </ns3:TrackPointExtension>
        </extensions>
      </trkpt>
      <trkpt lat="31.98138884268701076507568359375" lon="118.78505165688693523406982421875">
        <ele>14.3999996185302734375</ele>
        <time>2024-10-23T11:41:53.000Z</time>
        <extensions>
          <ns3:TrackPointExtension>
            <ns3:atemp>19.0</ns3:atemp>
            <ns3:hr>164</ns3:hr>
            <ns3:cad>90</ns3:cad>
          </ns3:TrackPointExtension>
        </extensions>
      </trkpt>
      <trkpt lat="31.98137618601322174072265625" lon="118.78502533771097660064697265625">
        <ele>14.3999996185302734375</ele>
        <time>2024-10-23T11:41:54.000Z</time>
        <extensions>
          <ns3:TrackPointExtension>
            <ns3:atemp>19.0</ns3:atemp>
            <ns3:hr>164</ns3:hr>
            <ns3:cad>90</ns3:cad>
          </ns3:TrackPointExtension>
        </extensions>
      </trkpt>
      <trkpt lat="31.98136151768267154693603515625" lon="118.78500052727758884429931640625">
        <ele>14.3999996185302734375</ele>
        <time>2024-10-23T11:41:55.000Z</time>
        <extensions>
          <ns3:TrackPointExtension>
            <ns3:atemp>19.0</ns3:atemp>
            <ns3:hr>164</ns3:hr>
            <ns3:cad>91</ns3:cad>
          </ns3:TrackPointExtension>
        </extensions>
      </trkpt>
      <trkpt lat="31.98134542442858219146728515625" lon="118.78497152589261531829833984375">
        <ele>14.3999996185302734375</ele>
        <time>2024-10-23T11:41:56.000Z</time>
        <extensions>
          <ns3:TrackPointExtension>
            <ns3:atemp>19.0</ns3:atemp>
            <ns3:hr>164</ns3:hr>
            <ns3:cad>92</ns3:cad>
          </ns3:TrackPointExtension>
        </extensions>
      </trkpt>
      <trkpt lat="31.9813287444412708282470703125" lon="118.78494805656373500823974609375">
        <ele>14.3999996185302734375</ele>
        <time>2024-10-23T11:41:57.000Z</time>
        <extensions>
          <ns3:TrackPointExtension>
            <ns3:atemp>19.0</ns3:atemp>
            <ns3:hr>164</ns3:hr>
            <ns3:cad>92</ns3:cad>
          </ns3:TrackPointExtension>
        </extensions>
      </trkpt>
      <trkpt lat="31.9813151657581329345703125" lon="118.78492257557809352874755859375">
        <ele>14.3999996185302734375</ele>
        <time>2024-10-23T11:41:58.000Z</time>
        <extensions>
          <ns3:TrackPointExtension>
            <ns3:atemp>19.0</ns3:atemp>
            <ns3:hr>164</ns3:hr>
            <ns3:cad>92</ns3:cad>
          </ns3:TrackPointExtension>
        </extensions>
      </trkpt>
      <trkpt lat="31.98130250908434391021728515625" lon="118.7848993577063083648681640625">
        <ele>14.3999996185302734375</ele>
        <time>2024-10-23T11:41:59.000Z</time>
        <extensions>
          <ns3:TrackPointExtension>
            <ns3:atemp>19.0</ns3:atemp>
            <ns3:hr>164</ns3:hr>
            <ns3:cad>92</ns3:cad>
          </ns3:TrackPointExtension>
        </extensions>
      </trkpt>
      <trkpt lat="31.98129194788634777069091796875" lon="118.78487161360681056976318359375">
        <ele>14.3999996185302734375</ele>
        <time>2024-10-23T11:42:00.000Z</time>
        <extensions>
          <ns3:TrackPointExtension>
            <ns3:atemp>19.0</ns3:atemp>
            <ns3:hr>164</ns3:hr>
            <ns3:cad>92</ns3:cad>
          </ns3:TrackPointExtension>
        </extensions>
      </trkpt>
      <trkpt lat="31.98127836920320987701416015625" lon="118.78484713844954967498779296875">
        <ele>14.3999996185302734375</ele>
        <time>2024-10-23T11:42:01.000Z</time>
        <extensions>
          <ns3:TrackPointExtension>
            <ns3:atemp>19.0</ns3:atemp>
            <ns3:hr>164</ns3:hr>
            <ns3:cad>92</ns3:cad>
          </ns3:TrackPointExtension>
        </extensions>
      </trkpt>
      <trkpt lat="31.981265209615230560302734375" lon="118.78481713123619556427001953125">
        <ele>14.3999996185302734375</ele>
        <time>2024-10-23T11:42:02.000Z</time>
        <extensions>
          <ns3:TrackPointExtension>
            <ns3:atemp>19.0</ns3:atemp>
            <ns3:hr>164</ns3:hr>
            <ns3:cad>91</ns3:cad>
          </ns3:TrackPointExtension>
        </extensions>
      </trkpt>
      <trkpt lat="31.981252133846282958984375" lon="118.7847912311553955078125">
        <ele>14.3999996185302734375</ele>
        <time>2024-10-23T11:42:03.000Z</time>
        <extensions>
          <ns3:TrackPointExtension>
            <ns3:atemp>19.0</ns3:atemp>
            <ns3:hr>164</ns3:hr>
            <ns3:cad>90</ns3:cad>
          </ns3:TrackPointExtension>
        </extensions>
      </trkpt>
      <trkpt lat="31.9812400639057159423828125" lon="118.7847649119794368743896484375">
        <ele>14.3999996185302734375</ele>
        <time>2024-10-23T11:42:04.000Z</time>
        <extensions>
          <ns3:TrackPointExtension>
            <ns3:atemp>19.0</ns3:atemp>
            <ns3:hr>164</ns3:hr>
            <ns3:cad>90</ns3:cad>
          </ns3:TrackPointExtension>
        </extensions>
      </trkpt>
      <trkpt lat="31.98122992180287837982177734375" lon="118.78473884426057338714599609375">
        <ele>14.3999996185302734375</ele>
        <time>2024-10-23T11:42:05.000Z</time>
        <extensions>
          <ns3:TrackPointExtension>
            <ns3:atemp>19.0</ns3:atemp>
            <ns3:hr>164</ns3:hr>
            <ns3:cad>89</ns3:cad>
          </ns3:TrackPointExtension>
        </extensions>
      </trkpt>
      <trkpt lat="31.98122036643326282501220703125" lon="118.78471235744655132293701171875">
        <ele>14.3999996185302734375</ele>
        <time>2024-10-23T11:42:06.000Z</time>
        <extensions>
          <ns3:TrackPointExtension>
            <ns3:atemp>19.0</ns3:atemp>
            <ns3:hr>164</ns3:hr>
            <ns3:cad>89</ns3:cad>
          </ns3:TrackPointExtension>
        </extensions>
      </trkpt>
      <trkpt lat="31.98121164925396442413330078125" lon="118.7846847809851169586181640625">
        <ele>14.3999996185302734375</ele>
        <time>2024-10-23T11:42:07.000Z</time>
        <extensions>
          <ns3:TrackPointExtension>
            <ns3:atemp>19.0</ns3:atemp>
            <ns3:hr>164</ns3:hr>
            <ns3:cad>88</ns3:cad>
          </ns3:TrackPointExtension>
        </extensions>
      </trkpt>
      <trkpt lat="31.98119790293276309967041015625" lon="118.78465133719146251678466796875">
        <ele>14.3999996185302734375</ele>
        <time>2024-10-23T11:42:08.000Z</time>
        <extensions>
          <ns3:TrackPointExtension>
            <ns3:atemp>19.0</ns3:atemp>
            <ns3:hr>164</ns3:hr>
            <ns3:cad>88</ns3:cad>
          </ns3:TrackPointExtension>
        </extensions>
      </trkpt>
      <trkpt lat="31.98118298314511775970458984375" lon="118.78462183289229869842529296875">
        <ele>14.3999996185302734375</ele>
        <time>2024-10-23T11:42:09.000Z</time>
        <extensions>
          <ns3:TrackPointExtension>
            <ns3:atemp>19.0</ns3:atemp>
            <ns3:hr>164</ns3:hr>
            <ns3:cad>88</ns3:cad>
          </ns3:TrackPointExtension>
        </extensions>
      </trkpt>
      <trkpt lat="31.981169320642948150634765625" lon="118.78459098748862743377685546875">
        <ele>14.3999996185302734375</ele>
        <time>2024-10-23T11:42:10.000Z</time>
        <extensions>
          <ns3:TrackPointExtension>
            <ns3:atemp>19.0</ns3:atemp>
            <ns3:hr>164</ns3:hr>
            <ns3:cad>89</ns3:cad>
          </ns3:TrackPointExtension>
        </extensions>
      </trkpt>
      <trkpt lat="31.98115758597850799560546875" lon="118.784566260874271392822265625">
        <ele>14.19999980926513671875</ele>
        <time>2024-10-23T11:42:11.000Z</time>
        <extensions>
          <ns3:TrackPointExtension>
            <ns3:atemp>19.0</ns3:atemp>
            <ns3:hr>164</ns3:hr>
            <ns3:cad>89</ns3:cad>
          </ns3:TrackPointExtension>
        </extensions>
      </trkpt>
      <trkpt lat="31.98114627040922641754150390625" lon="118.78453910350799560546875">
        <ele>14.19999980926513671875</ele>
        <time>2024-10-23T11:42:12.000Z</time>
        <extensions>
          <ns3:TrackPointExtension>
            <ns3:atemp>19.0</ns3:atemp>
            <ns3:hr>164</ns3:hr>
            <ns3:cad>89</ns3:cad>
          </ns3:TrackPointExtension>
        </extensions>
      </trkpt>
      <trkpt lat="31.98113637976348400115966796875" lon="118.78451772965490818023681640625">
        <ele>14.19999980926513671875</ele>
        <time>2024-10-23T11:42:13.000Z</time>
        <extensions>
          <ns3:TrackPointExtension>
            <ns3:atemp>19.0</ns3:atemp>
            <ns3:hr>164</ns3:hr>
            <ns3:cad>89</ns3:cad>
          </ns3:TrackPointExtension>
        </extensions>
      </trkpt>
      <trkpt lat="31.98113101534545421600341796875" lon="118.784486465156078338623046875">
        <ele>14.19999980926513671875</ele>
        <time>2024-10-23T11:42:14.000Z</time>
        <extensions>
          <ns3:TrackPointExtension>
            <ns3:atemp>19.0</ns3:atemp>
            <ns3:hr>164</ns3:hr>
            <ns3:cad>89</ns3:cad>
          </ns3:TrackPointExtension>
        </extensions>
      </trkpt>
      <trkpt lat="31.98111944831907749176025390625" lon="118.7844571284949779510498046875">
        <ele>14.19999980926513671875</ele>
        <time>2024-10-23T11:42:15.000Z</time>
        <extensions>
          <ns3:TrackPointExtension>
            <ns3:atemp>19.0</ns3:atemp>
            <ns3:hr>164</ns3:hr>
            <ns3:cad>89</ns3:cad>
          </ns3:TrackPointExtension>
        </extensions>
      </trkpt>
      <trkpt lat="31.98110905475914478302001953125" lon="118.78442351706326007843017578125">
        <ele>14.19999980926513671875</ele>
        <time>2024-10-23T11:42:16.000Z</time>
        <extensions>
          <ns3:TrackPointExtension>
            <ns3:atemp>19.0</ns3:atemp>
            <ns3:hr>164</ns3:hr>
            <ns3:cad>89</ns3:cad>
          </ns3:TrackPointExtension>
        </extensions>
      </trkpt>
      <trkpt lat="31.98109748773276805877685546875" lon="118.78439426422119140625">
        <ele>14.19999980926513671875</ele>
        <time>2024-10-23T11:42:17.000Z</time>
        <extensions>
          <ns3:TrackPointExtension>
            <ns3:atemp>19.0</ns3:atemp>
            <ns3:hr>164</ns3:hr>
            <ns3:cad>90</ns3:cad>
          </ns3:TrackPointExtension>
        </extensions>
      </trkpt>
      <trkpt lat="31.98108525015413761138916015625" lon="118.7843676097691059112548828125">
        <ele>14.19999980926513671875</ele>
        <time>2024-10-23T11:42:18.000Z</time>
        <extensions>
          <ns3:TrackPointExtension>
            <ns3:atemp>19.0</ns3:atemp>
            <ns3:hr>164</ns3:hr>
            <ns3:cad>90</ns3:cad>
          </ns3:TrackPointExtension>
        </extensions>
      </trkpt>
      <trkpt lat="31.98107242584228515625" lon="118.784332908689975738525390625">
        <ele>14.19999980926513671875</ele>
        <time>2024-10-23T11:42:19.000Z</time>
        <extensions>
          <ns3:TrackPointExtension>
            <ns3:atemp>19.0</ns3:atemp>
            <ns3:hr>164</ns3:hr>
            <ns3:cad>90</ns3:cad>
          </ns3:TrackPointExtension>
        </extensions>
      </trkpt>
      <trkpt lat="31.98106370866298675537109375" lon="118.784306757152080535888671875">
        <ele>14.19999980926513671875</ele>
        <time>2024-10-23T11:42:20.000Z</time>
        <extensions>
          <ns3:TrackPointExtension>
            <ns3:atemp>19.0</ns3:atemp>
            <ns3:hr>164</ns3:hr>
            <ns3:cad>89</ns3:cad>
          </ns3:TrackPointExtension>
        </extensions>
      </trkpt>
      <trkpt lat="31.9810595177114009857177734375" lon="118.78427985124289989471435546875">
        <ele>14.19999980926513671875</ele>
        <time>2024-10-23T11:42:21.000Z</time>
        <extensions>
          <ns3:TrackPointExtension>
            <ns3:atemp>19.0</ns3:atemp>
            <ns3:hr>164</ns3:hr>
            <ns3:cad>89</ns3:cad>
          </ns3:TrackPointExtension>
        </extensions>
      </trkpt>
      <trkpt lat="31.981047280132770538330078125" lon="118.78424548543989658355712890625">
        <ele>14.19999980926513671875</ele>
        <time>2024-10-23T11:42:22.000Z</time>
        <extensions>
          <ns3:TrackPointExtension>
            <ns3:atemp>19.0</ns3:atemp>
            <ns3:hr>164</ns3:hr>
            <ns3:cad>89</ns3:cad>
          </ns3:TrackPointExtension>
        </extensions>
      </trkpt>
      <trkpt lat="31.98103311471641063690185546875" lon="118.7842117063701152801513671875">
        <ele>14.19999980926513671875</ele>
        <time>2024-10-23T11:42:23.000Z</time>
        <extensions>
          <ns3:TrackPointExtension>
            <ns3:atemp>19.0</ns3:atemp>
            <ns3:hr>164</ns3:hr>
            <ns3:cad>89</ns3:cad>
          </ns3:TrackPointExtension>
        </extensions>
      </trkpt>
      <trkpt lat="31.98101936839520931243896484375" lon="118.7841795198619365692138671875">
        <ele>14.19999980926513671875</ele>
        <time>2024-10-23T11:42:24.000Z</time>
        <extensions>
          <ns3:TrackPointExtension>
            <ns3:atemp>19.0</ns3:atemp>
            <ns3:hr>164</ns3:hr>
            <ns3:cad>90</ns3:cad>
          </ns3:TrackPointExtension>
        </extensions>
      </trkpt>
      <trkpt lat="31.9810062088072299957275390625" lon="118.78415227867662906646728515625">
        <ele>14.19999980926513671875</ele>
        <time>2024-10-23T11:42:25.000Z</time>
        <extensions>
          <ns3:TrackPointExtension>
            <ns3:atemp>19.0</ns3:atemp>
            <ns3:hr>164</ns3:hr>
            <ns3:cad>91</ns3:cad>
          </ns3:TrackPointExtension>
        </extensions>
      </trkpt>
      <trkpt lat="31.9809934683144092559814453125" lon="118.78411774523556232452392578125">
        <ele>14.19999980926513671875</ele>
        <time>2024-10-23T11:42:26.000Z</time>
        <extensions>
          <ns3:TrackPointExtension>
            <ns3:atemp>19.0</ns3:atemp>
            <ns3:hr>164</ns3:hr>
            <ns3:cad>92</ns3:cad>
          </ns3:TrackPointExtension>
        </extensions>
      </trkpt>
      <trkpt lat="31.980984248220920562744140625" lon="118.78409477882087230682373046875">
        <ele>14.19999980926513671875</ele>
        <time>2024-10-23T11:42:27.000Z</time>
        <extensions>
          <ns3:TrackPointExtension>
            <ns3:atemp>19.0</ns3:atemp>
            <ns3:hr>164</ns3:hr>
            <ns3:cad>92</ns3:cad>
          </ns3:TrackPointExtension>
        </extensions>
      </trkpt>
      <trkpt lat="31.98097393848001956939697265625" lon="118.7840656936168670654296875">
        <ele>14.19999980926513671875</ele>
        <time>2024-10-23T11:42:28.000Z</time>
        <extensions>
          <ns3:TrackPointExtension>
            <ns3:atemp>19.0</ns3:atemp>
            <ns3:hr>164</ns3:hr>
            <ns3:cad>92</ns3:cad>
          </ns3:TrackPointExtension>
        </extensions>
      </trkpt>
      <trkpt lat="31.98096555657684803009033203125" lon="118.78403862006962299346923828125">
        <ele>14.19999980926513671875</ele>
        <time>2024-10-23T11:42:29.000Z</time>
        <extensions>
          <ns3:TrackPointExtension>
            <ns3:atemp>19.0</ns3:atemp>
            <ns3:hr>163</ns3:hr>
            <ns3:cad>92</ns3:cad>
          </ns3:TrackPointExtension>
        </extensions>
      </trkpt>
      <trkpt lat="31.9809535704553127288818359375" lon="118.7840078584849834442138671875">
        <ele>14.19999980926513671875</ele>
        <time>2024-10-23T11:42:30.000Z</time>
        <extensions>
          <ns3:TrackPointExtension>
            <ns3:atemp>19.0</ns3:atemp>
            <ns3:hr>163</ns3:hr>
            <ns3:cad>91</ns3:cad>
          </ns3:TrackPointExtension>
        </extensions>
      </trkpt>
      <trkpt lat="31.98094242252409458160400390625" lon="118.7839820422232151031494140625">
        <ele>14.19999980926513671875</ele>
        <time>2024-10-23T11:42:31.000Z</time>
        <extensions>
          <ns3:TrackPointExtension>
            <ns3:atemp>19.0</ns3:atemp>
            <ns3:hr>163</ns3:hr>
            <ns3:cad>90</ns3:cad>
          </ns3:TrackPointExtension>
        </extensions>
      </trkpt>
      <trkpt lat="31.98092649690806865692138671875" lon="118.783952705562114715576171875">
        <ele>14.19999980926513671875</ele>
        <time>2024-10-23T11:42:32.000Z</time>
        <extensions>
          <ns3:TrackPointExtension>
            <ns3:atemp>19.0</ns3:atemp>
            <ns3:hr>163</ns3:hr>
            <ns3:cad>90</ns3:cad>
          </ns3:TrackPointExtension>
        </extensions>
      </trkpt>
      <trkpt lat="31.98091484606266021728515625" lon="118.783926554024219512939453125">
        <ele>14.19999980926513671875</ele>
        <time>2024-10-23T11:42:33.000Z</time>
        <extensions>
          <ns3:TrackPointExtension>
            <ns3:atemp>19.0</ns3:atemp>
            <ns3:hr>163</ns3:hr>
            <ns3:cad>90</ns3:cad>
          </ns3:TrackPointExtension>
        </extensions>
      </trkpt>
      <trkpt lat="31.9809022732079029083251953125" lon="118.78389528952538967132568359375">
        <ele>14.19999980926513671875</ele>
        <time>2024-10-23T11:42:34.000Z</time>
        <extensions>
          <ns3:TrackPointExtension>
            <ns3:atemp>19.0</ns3:atemp>
            <ns3:hr>163</ns3:hr>
            <ns3:cad>90</ns3:cad>
          </ns3:TrackPointExtension>
        </extensions>
      </trkpt>
      <trkpt lat="31.9808938913047313690185546875" lon="118.7838672101497650146484375">
        <ele>14.19999980926513671875</ele>
        <time>2024-10-23T11:42:35.000Z</time>
        <extensions>
          <ns3:TrackPointExtension>
            <ns3:atemp>19.0</ns3:atemp>
            <ns3:hr>163</ns3:hr>
            <ns3:cad>90</ns3:cad>
          </ns3:TrackPointExtension>
        </extensions>
      </trkpt>
      <trkpt lat="31.98089095763862133026123046875" lon="118.7838385440409183502197265625">
        <ele>14.19999980926513671875</ele>
        <time>2024-10-23T11:42:36.000Z</time>
        <extensions>
          <ns3:TrackPointExtension>
            <ns3:atemp>19.0</ns3:atemp>
            <ns3:hr>163</ns3:hr>
            <ns3:cad>90</ns3:cad>
          </ns3:TrackPointExtension>
        </extensions>
      </trkpt>
      <trkpt lat="31.980883665382862091064453125" lon="118.7838160805404186248779296875">
        <ele>14</ele>
        <time>2024-10-23T11:42:37.000Z</time>
        <extensions>
          <ns3:TrackPointExtension>
            <ns3:atemp>19.0</ns3:atemp>
            <ns3:hr>163</ns3:hr>
            <ns3:cad>90</ns3:cad>
          </ns3:TrackPointExtension>
        </extensions>
      </trkpt>
      <trkpt lat="31.980866901576519012451171875" lon="118.78379353322088718414306640625">
        <ele>14</ele>
        <time>2024-10-23T11:42:38.000Z</time>
        <extensions>
          <ns3:TrackPointExtension>
            <ns3:atemp>19.0</ns3:atemp>
            <ns3:hr>163</ns3:hr>
            <ns3:cad>90</ns3:cad>
          </ns3:TrackPointExtension>
        </extensions>
      </trkpt>
      <trkpt lat="31.980854161083698272705078125" lon="118.783771656453609466552734375">
        <ele>14</ele>
        <time>2024-10-23T11:42:39.000Z</time>
        <extensions>
          <ns3:TrackPointExtension>
            <ns3:atemp>19.0</ns3:atemp>
            <ns3:hr>162</ns3:hr>
            <ns3:cad>89</ns3:cad>
          </ns3:TrackPointExtension>
        </extensions>
      </trkpt>
      <trkpt lat="31.98084217496216297149658203125" lon="118.78374491818249225616455078125">
        <ele>14</ele>
        <time>2024-10-23T11:42:40.000Z</time>
        <extensions>
          <ns3:TrackPointExtension>
            <ns3:atemp>19.0</ns3:atemp>
            <ns3:hr>162</ns3:hr>
            <ns3:cad>89</ns3:cad>
          </ns3:TrackPointExtension>
        </extensions>
      </trkpt>
      <trkpt lat="31.98083094321191310882568359375" lon="118.78372111357748508453369140625">
        <ele>14</ele>
        <time>2024-10-23T11:42:41.000Z</time>
        <extensions>
          <ns3:TrackPointExtension>
            <ns3:atemp>19.0</ns3:atemp>
            <ns3:hr>162</ns3:hr>
            <ns3:cad>89</ns3:cad>
          </ns3:TrackPointExtension>
        </extensions>
      </trkpt>
      <trkpt lat="31.980824656784534454345703125" lon="118.78368683159351348876953125">
        <ele>14</ele>
        <time>2024-10-23T11:42:42.000Z</time>
        <extensions>
          <ns3:TrackPointExtension>
            <ns3:atemp>19.0</ns3:atemp>
            <ns3:hr>162</ns3:hr>
            <ns3:cad>89</ns3:cad>
          </ns3:TrackPointExtension>
        </extensions>
      </trkpt>
      <trkpt lat="31.980814598500728607177734375" lon="118.78365472890436649322509765625">
        <ele>14</ele>
        <time>2024-10-23T11:42:43.000Z</time>
        <extensions>
          <ns3:TrackPointExtension>
            <ns3:atemp>19.0</ns3:atemp>
            <ns3:hr>162</ns3:hr>
            <ns3:cad>89</ns3:cad>
          </ns3:TrackPointExtension>
        </extensions>
      </trkpt>
      <trkpt lat="31.98080613277852535247802734375" lon="118.78362271003425121307373046875">
        <ele>14</ele>
        <time>2024-10-23T11:42:44.000Z</time>
        <extensions>
          <ns3:TrackPointExtension>
            <ns3:atemp>19.0</ns3:atemp>
            <ns3:hr>161</ns3:hr>
            <ns3:cad>89</ns3:cad>
          </ns3:TrackPointExtension>
        </extensions>
      </trkpt>
      <trkpt lat="31.98079816997051239013671875" lon="118.7835931219160556793212890625">
        <ele>14</ele>
        <time>2024-10-23T11:42:45.000Z</time>
        <extensions>
          <ns3:TrackPointExtension>
            <ns3:atemp>19.0</ns3:atemp>
            <ns3:hr>161</ns3:hr>
            <ns3:cad>90</ns3:cad>
          </ns3:TrackPointExtension>
        </extensions>
      </trkpt>
      <trkpt lat="31.98078635148704051971435546875" lon="118.78356269560754299163818359375">
        <ele>14</ele>
        <time>2024-10-23T11:42:46.000Z</time>
        <extensions>
          <ns3:TrackPointExtension>
            <ns3:atemp>19.0</ns3:atemp>
            <ns3:hr>161</ns3:hr>
            <ns3:cad>90</ns3:cad>
          </ns3:TrackPointExtension>
        </extensions>
      </trkpt>
      <trkpt lat="31.98077579028904438018798828125" lon="118.78353470005095005035400390625">
        <ele>14</ele>
        <time>2024-10-23T11:42:47.000Z</time>
        <extensions>
          <ns3:TrackPointExtension>
            <ns3:atemp>19.0</ns3:atemp>
            <ns3:hr>161</ns3:hr>
            <ns3:cad>91</ns3:cad>
          </ns3:TrackPointExtension>
        </extensions>
      </trkpt>
      <trkpt lat="31.98076506145298480987548828125" lon="118.783506117761135101318359375">
        <ele>14</ele>
        <time>2024-10-23T11:42:48.000Z</time>
        <extensions>
          <ns3:TrackPointExtension>
            <ns3:atemp>19.0</ns3:atemp>
            <ns3:hr>161</ns3:hr>
            <ns3:cad>92</ns3:cad>
          </ns3:TrackPointExtension>
        </extensions>
      </trkpt>
      <trkpt lat="31.98075533844530582427978515625" lon="118.78347904421389102935791015625">
        <ele>14</ele>
        <time>2024-10-23T11:42:49.000Z</time>
        <extensions>
          <ns3:TrackPointExtension>
            <ns3:atemp>19.0</ns3:atemp>
            <ns3:hr>161</ns3:hr>
            <ns3:cad>92</ns3:cad>
          </ns3:TrackPointExtension>
        </extensions>
      </trkpt>
      <trkpt lat="31.98074578307569026947021484375" lon="118.783448450267314910888671875">
        <ele>14</ele>
        <time>2024-10-23T11:42:50.000Z</time>
        <extensions>
          <ns3:TrackPointExtension>
            <ns3:atemp>19.0</ns3:atemp>
            <ns3:hr>161</ns3:hr>
            <ns3:cad>92</ns3:cad>
          </ns3:TrackPointExtension>
        </extensions>
      </trkpt>
      <trkpt lat="31.98073773644864559173583984375" lon="118.783418275415897369384765625">
        <ele>14</ele>
        <time>2024-10-23T11:42:51.000Z</time>
        <extensions>
          <ns3:TrackPointExtension>
            <ns3:atemp>19.0</ns3:atemp>
            <ns3:hr>161</ns3:hr>
            <ns3:cad>92</ns3:cad>
          </ns3:TrackPointExtension>
        </extensions>
      </trkpt>
      <trkpt lat="31.980730779469013214111328125" lon="118.7833897769451141357421875">
        <ele>14</ele>
        <time>2024-10-23T11:42:52.000Z</time>
        <extensions>
          <ns3:TrackPointExtension>
            <ns3:atemp>19.0</ns3:atemp>
            <ns3:hr>161</ns3:hr>
            <ns3:cad>92</ns3:cad>
          </ns3:TrackPointExtension>
        </extensions>
      </trkpt>
      <trkpt lat="31.98072013445198535919189453125" lon="118.78336220048367977142333984375">
        <ele>14</ele>
        <time>2024-10-23T11:42:53.000Z</time>
        <extensions>
          <ns3:TrackPointExtension>
            <ns3:atemp>19.0</ns3:atemp>
            <ns3:hr>161</ns3:hr>
            <ns3:cad>92</ns3:cad>
          </ns3:TrackPointExtension>
        </extensions>
      </trkpt>
      <trkpt lat="31.98071208782494068145751953125" lon="118.7833342887461185455322265625">
        <ele>14</ele>
        <time>2024-10-23T11:42:54.000Z</time>
        <extensions>
          <ns3:TrackPointExtension>
            <ns3:atemp>19.0</ns3:atemp>
            <ns3:hr>161</ns3:hr>
            <ns3:cad>91</ns3:cad>
          </ns3:TrackPointExtension>
        </extensions>
      </trkpt>
      <trkpt lat="31.98070554994046688079833984375" lon="118.7833054549992084503173828125">
        <ele>14</ele>
        <time>2024-10-23T11:42:55.000Z</time>
        <extensions>
          <ns3:TrackPointExtension>
            <ns3:atemp>19.0</ns3:atemp>
            <ns3:hr>161</ns3:hr>
            <ns3:cad>90</ns3:cad>
          </ns3:TrackPointExtension>
        </extensions>
      </trkpt>
      <trkpt lat="31.98069767095148563385009765625" lon="118.7832739390432834625244140625">
        <ele>14</ele>
        <time>2024-10-23T11:42:56.000Z</time>
        <extensions>
          <ns3:TrackPointExtension>
            <ns3:atemp>19.0</ns3:atemp>
            <ns3:hr>161</ns3:hr>
            <ns3:cad>90</ns3:cad>
          </ns3:TrackPointExtension>
        </extensions>
      </trkpt>
      <trkpt lat="31.9806893728673458099365234375" lon="118.7832422554492950439453125">
        <ele>14</ele>
        <time>2024-10-23T11:42:57.000Z</time>
        <extensions>
          <ns3:TrackPointExtension>
            <ns3:atemp>19.0</ns3:atemp>
            <ns3:hr>161</ns3:hr>
            <ns3:cad>90</ns3:cad>
          </ns3:TrackPointExtension>
        </extensions>
      </trkpt>
      <trkpt lat="31.9806799851357936859130859375" lon="118.7832105718553066253662109375">
        <ele>14</ele>
        <time>2024-10-23T11:42:58.000Z</time>
        <extensions>
          <ns3:TrackPointExtension>
            <ns3:atemp>19.0</ns3:atemp>
            <ns3:hr>161</ns3:hr>
            <ns3:cad>91</ns3:cad>
          </ns3:TrackPointExtension>
        </extensions>
      </trkpt>
      <trkpt lat="31.9806705974042415618896484375" lon="118.7831793911755084991455078125">
        <ele>14</ele>
        <time>2024-10-23T11:42:59.000Z</time>
        <extensions>
          <ns3:TrackPointExtension>
            <ns3:atemp>19.0</ns3:atemp>
            <ns3:hr>161</ns3:hr>
            <ns3:cad>92</ns3:cad>
          </ns3:TrackPointExtension>
        </extensions>
      </trkpt>
      <trkpt lat="31.98066271841526031494140625" lon="118.783149383962154388427734375">
        <ele>14</ele>
        <time>2024-10-23T11:43:00.000Z</time>
        <extensions>
          <ns3:TrackPointExtension>
            <ns3:atemp>19.0</ns3:atemp>
            <ns3:hr>161</ns3:hr>
            <ns3:cad>92</ns3:cad>
          </ns3:TrackPointExtension>
        </extensions>
      </trkpt>
      <trkpt lat="31.9806540012359619140625" lon="118.78311510197818279266357421875">
        <ele>14</ele>
        <time>2024-10-23T11:43:01.000Z</time>
        <extensions>
          <ns3:TrackPointExtension>
            <ns3:atemp>19.0</ns3:atemp>
            <ns3:hr>161</ns3:hr>
            <ns3:cad>93</ns3:cad>
          </ns3:TrackPointExtension>
        </extensions>
      </trkpt>
      <trkpt lat="31.98064838536083698272705078125" lon="118.78308325074613094329833984375">
        <ele>13.80000019073486328125</ele>
        <time>2024-10-23T11:43:02.000Z</time>
        <extensions>
          <ns3:TrackPointExtension>
            <ns3:atemp>19.0</ns3:atemp>
            <ns3:hr>161</ns3:hr>
            <ns3:cad>93</ns3:cad>
          </ns3:TrackPointExtension>
        </extensions>
      </trkpt>
      <trkpt lat="31.980642266571521759033203125" lon="118.78305190242826938629150390625">
        <ele>13.80000019073486328125</ele>
        <time>2024-10-23T11:43:03.000Z</time>
        <extensions>
          <ns3:TrackPointExtension>
            <ns3:atemp>19.0</ns3:atemp>
            <ns3:hr>161</ns3:hr>
            <ns3:cad>93</ns3:cad>
          </ns3:TrackPointExtension>
        </extensions>
      </trkpt>
      <trkpt lat="31.9806357286870479583740234375" lon="118.783021979033946990966796875">
        <ele>13.80000019073486328125</ele>
        <time>2024-10-23T11:43:04.000Z</time>
        <extensions>
          <ns3:TrackPointExtension>
            <ns3:atemp>19.0</ns3:atemp>
            <ns3:hr>161</ns3:hr>
            <ns3:cad>92</ns3:cad>
          </ns3:TrackPointExtension>
        </extensions>
      </trkpt>
      <trkpt lat="31.980625502765178680419921875" lon="118.7829902954399585723876953125">
        <ele>13.80000019073486328125</ele>
        <time>2024-10-23T11:43:05.000Z</time>
        <extensions>
          <ns3:TrackPointExtension>
            <ns3:atemp>19.0</ns3:atemp>
            <ns3:hr>161</ns3:hr>
            <ns3:cad>92</ns3:cad>
          </ns3:TrackPointExtension>
        </extensions>
      </trkpt>
      <trkpt lat="31.9806172885000705718994140625" lon="118.7829614616930484771728515625">
        <ele>13.80000019073486328125</ele>
        <time>2024-10-23T11:43:06.000Z</time>
        <extensions>
          <ns3:TrackPointExtension>
            <ns3:atemp>19.0</ns3:atemp>
            <ns3:hr>162</ns3:hr>
            <ns3:cad>92</ns3:cad>
          </ns3:TrackPointExtension>
        </extensions>
      </trkpt>
      <trkpt lat="31.9806065596640110015869140625" lon="118.7829312868416309356689453125">
        <ele>13.80000019073486328125</ele>
        <time>2024-10-23T11:43:07.000Z</time>
        <extensions>
          <ns3:TrackPointExtension>
            <ns3:atemp>19.0</ns3:atemp>
            <ns3:hr>162</ns3:hr>
            <ns3:cad>91</ns3:cad>
          </ns3:TrackPointExtension>
        </extensions>
      </trkpt>
      <trkpt lat="31.9805971719324588775634765625" lon="118.78290555439889430999755859375">
        <ele>13.80000019073486328125</ele>
        <time>2024-10-23T11:43:08.000Z</time>
        <extensions>
          <ns3:TrackPointExtension>
            <ns3:atemp>19.0</ns3:atemp>
            <ns3:hr>163</ns3:hr>
            <ns3:cad>90</ns3:cad>
          </ns3:TrackPointExtension>
        </extensions>
      </trkpt>
      <trkpt lat="31.98058568872511386871337890625" lon="118.7828773073852062225341796875">
        <ele>13.80000019073486328125</ele>
        <time>2024-10-23T11:43:09.000Z</time>
        <extensions>
          <ns3:TrackPointExtension>
            <ns3:atemp>19.0</ns3:atemp>
            <ns3:hr>163</ns3:hr>
            <ns3:cad>90</ns3:cad>
          </ns3:TrackPointExtension>
        </extensions>
      </trkpt>
      <trkpt lat="31.98057529516518115997314453125" lon="118.78285123966634273529052734375">
        <ele>13.80000019073486328125</ele>
        <time>2024-10-23T11:43:10.000Z</time>
        <extensions>
          <ns3:TrackPointExtension>
            <ns3:atemp>19.0</ns3:atemp>
            <ns3:hr>163</ns3:hr>
            <ns3:cad>90</ns3:cad>
          </ns3:TrackPointExtension>
        </extensions>
      </trkpt>
      <trkpt lat="31.98056615889072418212890625" lon="118.782822825014591217041015625">
        <ele>13.80000019073486328125</ele>
        <time>2024-10-23T11:43:11.000Z</time>
        <extensions>
          <ns3:TrackPointExtension>
            <ns3:atemp>19.0</ns3:atemp>
            <ns3:hr>163</ns3:hr>
            <ns3:cad>90</ns3:cad>
          </ns3:TrackPointExtension>
        </extensions>
      </trkpt>
      <trkpt lat="31.9805586151778697967529296875" lon="118.78279767930507659912109375">
        <ele>13.6000003814697265625</ele>
        <time>2024-10-23T11:43:12.000Z</time>
        <extensions>
          <ns3:TrackPointExtension>
            <ns3:atemp>19.0</ns3:atemp>
            <ns3:hr>163</ns3:hr>
            <ns3:cad>90</ns3:cad>
          </ns3:TrackPointExtension>
        </extensions>
      </trkpt>
      <trkpt lat="31.98055065236985683441162109375" lon="118.78277010284364223480224609375">
        <ele>13.6000003814697265625</ele>
        <time>2024-10-23T11:43:13.000Z</time>
        <extensions>
          <ns3:TrackPointExtension>
            <ns3:atemp>19.0</ns3:atemp>
            <ns3:hr>163</ns3:hr>
            <ns3:cad>90</ns3:cad>
          </ns3:TrackPointExtension>
        </extensions>
      </trkpt>
      <trkpt lat="31.98054277338087558746337890625" lon="118.78274311311542987823486328125">
        <ele>13.6000003814697265625</ele>
        <time>2024-10-23T11:43:14.000Z</time>
        <extensions>
          <ns3:TrackPointExtension>
            <ns3:atemp>19.0</ns3:atemp>
            <ns3:hr>163</ns3:hr>
            <ns3:cad>90</ns3:cad>
          </ns3:TrackPointExtension>
        </extensions>
      </trkpt>
      <trkpt lat="31.980535648763179779052734375" lon="118.7827143631875514984130859375">
        <ele>13.6000003814697265625</ele>
        <time>2024-10-23T11:43:15.000Z</time>
        <extensions>
          <ns3:TrackPointExtension>
            <ns3:atemp>19.0</ns3:atemp>
            <ns3:hr>164</ns3:hr>
            <ns3:cad>90</ns3:cad>
          </ns3:TrackPointExtension>
        </extensions>
      </trkpt>
      <trkpt lat="31.98052869178354740142822265625" lon="118.782686032354831695556640625">
        <ele>13.6000003814697265625</ele>
        <time>2024-10-23T11:43:16.000Z</time>
        <extensions>
          <ns3:TrackPointExtension>
            <ns3:atemp>19.0</ns3:atemp>
            <ns3:hr>164</ns3:hr>
            <ns3:cad>90</ns3:cad>
          </ns3:TrackPointExtension>
        </extensions>
      </trkpt>
      <trkpt lat="31.98051863349974155426025390625" lon="118.7826553545892238616943359375">
        <ele>13.6000003814697265625</ele>
        <time>2024-10-23T11:43:17.000Z</time>
        <extensions>
          <ns3:TrackPointExtension>
            <ns3:atemp>19.0</ns3:atemp>
            <ns3:hr>164</ns3:hr>
            <ns3:cad>90</ns3:cad>
          </ns3:TrackPointExtension>
        </extensions>
      </trkpt>
      <trkpt lat="31.9805100001394748687744140625" lon="118.782627023756504058837890625">
        <ele>13.6000003814697265625</ele>
        <time>2024-10-23T11:43:18.000Z</time>
        <extensions>
          <ns3:TrackPointExtension>
            <ns3:atemp>19.0</ns3:atemp>
            <ns3:hr>164</ns3:hr>
            <ns3:cad>90</ns3:cad>
          </ns3:TrackPointExtension>
        </extensions>
      </trkpt>
      <trkpt lat="31.98050203733146190643310546875" lon="118.78259961493313312530517578125">
        <ele>13.6000003814697265625</ele>
        <time>2024-10-23T11:43:19.000Z</time>
        <extensions>
          <ns3:TrackPointExtension>
            <ns3:atemp>19.0</ns3:atemp>
            <ns3:hr>164</ns3:hr>
            <ns3:cad>90</ns3:cad>
          </ns3:TrackPointExtension>
        </extensions>
      </trkpt>
      <trkpt lat="31.9804942421615123748779296875" lon="118.78257371485233306884765625">
        <ele>13.6000003814697265625</ele>
        <time>2024-10-23T11:43:20.000Z</time>
        <extensions>
          <ns3:TrackPointExtension>
            <ns3:atemp>19.0</ns3:atemp>
            <ns3:hr>164</ns3:hr>
            <ns3:cad>90</ns3:cad>
          </ns3:TrackPointExtension>
        </extensions>
      </trkpt>
      <trkpt lat="31.98048259131610393524169921875" lon="118.7825457192957401275634765625">
        <ele>13.6000003814697265625</ele>
        <time>2024-10-23T11:43:21.000Z</time>
        <extensions>
          <ns3:TrackPointExtension>
            <ns3:atemp>19.0</ns3:atemp>
            <ns3:hr>164</ns3:hr>
            <ns3:cad>89</ns3:cad>
          </ns3:TrackPointExtension>
        </extensions>
      </trkpt>
      <trkpt lat="31.980473957955837249755859375" lon="118.78251730464398860931396484375">
        <ele>13.6000003814697265625</ele>
        <time>2024-10-23T11:43:22.000Z</time>
        <extensions>
          <ns3:TrackPointExtension>
            <ns3:atemp>19.0</ns3:atemp>
            <ns3:hr>164</ns3:hr>
            <ns3:cad>89</ns3:cad>
          </ns3:TrackPointExtension>
        </extensions>
      </trkpt>
      <trkpt lat="31.98046549223363399505615234375" lon="118.78248847089707851409912109375">
        <ele>13.80000019073486328125</ele>
        <time>2024-10-23T11:43:23.000Z</time>
        <extensions>
          <ns3:TrackPointExtension>
            <ns3:atemp>19.0</ns3:atemp>
            <ns3:hr>165</ns3:hr>
            <ns3:cad>89</ns3:cad>
          </ns3:TrackPointExtension>
        </extensions>
      </trkpt>
      <trkpt lat="31.9804583676159381866455078125" lon="118.782462738454341888427734375">
        <ele>13.80000019073486328125</ele>
        <time>2024-10-23T11:43:24.000Z</time>
        <extensions>
          <ns3:TrackPointExtension>
            <ns3:atemp>19.0</ns3:atemp>
            <ns3:hr>165</ns3:hr>
            <ns3:cad>89</ns3:cad>
          </ns3:TrackPointExtension>
        </extensions>
      </trkpt>
      <trkpt lat="31.98045057244598865509033203125" lon="118.78243465907871723175048828125">
        <ele>13.80000019073486328125</ele>
        <time>2024-10-23T11:43:25.000Z</time>
        <extensions>
          <ns3:TrackPointExtension>
            <ns3:atemp>19.0</ns3:atemp>
            <ns3:hr>165</ns3:hr>
            <ns3:cad>88</ns3:cad>
          </ns3:TrackPointExtension>
        </extensions>
      </trkpt>
      <trkpt lat="31.98044504038989543914794921875" lon="118.78240867517888545989990234375">
        <ele>13.80000019073486328125</ele>
        <time>2024-10-23T11:43:26.000Z</time>
        <extensions>
          <ns3:TrackPointExtension>
            <ns3:atemp>19.0</ns3:atemp>
            <ns3:hr>165</ns3:hr>
            <ns3:cad>88</ns3:cad>
          </ns3:TrackPointExtension>
        </extensions>
      </trkpt>
      <trkpt lat="31.980436407029628753662109375" lon="118.7823804281651973724365234375">
        <ele>13.80000019073486328125</ele>
        <time>2024-10-23T11:43:27.000Z</time>
        <extensions>
          <ns3:TrackPointExtension>
            <ns3:atemp>19.0</ns3:atemp>
            <ns3:hr>165</ns3:hr>
            <ns3:cad>88</ns3:cad>
          </ns3:TrackPointExtension>
        </extensions>
      </trkpt>
      <trkpt lat="31.980428360402584075927734375" lon="118.782356120645999908447265625">
        <ele>13.80000019073486328125</ele>
        <time>2024-10-23T11:43:28.000Z</time>
        <extensions>
          <ns3:TrackPointExtension>
            <ns3:atemp>19.0</ns3:atemp>
            <ns3:hr>165</ns3:hr>
            <ns3:cad>88</ns3:cad>
          </ns3:TrackPointExtension>
        </extensions>
      </trkpt>
      <trkpt lat="31.980417631566524505615234375" lon="118.7823276221752166748046875">
        <ele>13.80000019073486328125</ele>
        <time>2024-10-23T11:43:29.000Z</time>
        <extensions>
          <ns3:TrackPointExtension>
            <ns3:atemp>19.0</ns3:atemp>
            <ns3:hr>165</ns3:hr>
            <ns3:cad>88</ns3:cad>
          </ns3:TrackPointExtension>
        </extensions>
      </trkpt>
      <trkpt lat="31.9804112613201141357421875" lon="118.7823023088276386260986328125">
        <ele>13.80000019073486328125</ele>
        <time>2024-10-23T11:43:30.000Z</time>
        <extensions>
          <ns3:TrackPointExtension>
            <ns3:atemp>19.0</ns3:atemp>
            <ns3:hr>166</ns3:hr>
            <ns3:cad>89</ns3:cad>
          </ns3:TrackPointExtension>
        </extensions>
      </trkpt>
      <trkpt lat="31.98040715418756008148193359375" lon="118.78227171488106250762939453125">
        <ele>13.80000019073486328125</ele>
        <time>2024-10-23T11:43:31.000Z</time>
        <extensions>
          <ns3:TrackPointExtension>
            <ns3:atemp>19.0</ns3:atemp>
            <ns3:hr>166</ns3:hr>
            <ns3:cad>89</ns3:cad>
          </ns3:TrackPointExtension>
        </extensions>
      </trkpt>
      <trkpt lat="31.98040128685534000396728515625" lon="118.78224522806704044342041015625">
        <ele>13.80000019073486328125</ele>
        <time>2024-10-23T11:43:32.000Z</time>
        <extensions>
          <ns3:TrackPointExtension>
            <ns3:atemp>19.0</ns3:atemp>
            <ns3:hr>166</ns3:hr>
            <ns3:cad>89</ns3:cad>
          </ns3:TrackPointExtension>
        </extensions>
      </trkpt>
      <trkpt lat="31.9803936593234539031982421875" lon="118.78221563994884490966796875">
        <ele>13.80000019073486328125</ele>
        <time>2024-10-23T11:43:33.000Z</time>
        <extensions>
          <ns3:TrackPointExtension>
            <ns3:atemp>19.0</ns3:atemp>
            <ns3:hr>166</ns3:hr>
            <ns3:cad>89</ns3:cad>
          </ns3:TrackPointExtension>
        </extensions>
      </trkpt>
      <trkpt lat="31.98038770817220211029052734375" lon="118.782189153134822845458984375">
        <ele>13.80000019073486328125</ele>
        <time>2024-10-23T11:43:34.000Z</time>
        <extensions>
          <ns3:TrackPointExtension>
            <ns3:atemp>19.0</ns3:atemp>
            <ns3:hr>166</ns3:hr>
            <ns3:cad>89</ns3:cad>
          </ns3:TrackPointExtension>
        </extensions>
      </trkpt>
      <trkpt lat="31.98038117028772830963134765625" lon="118.78216124139726161956787109375">
        <ele>13.80000019073486328125</ele>
        <time>2024-10-23T11:43:35.000Z</time>
        <extensions>
          <ns3:TrackPointExtension>
            <ns3:atemp>19.0</ns3:atemp>
            <ns3:hr>166</ns3:hr>
            <ns3:cad>89</ns3:cad>
          </ns3:TrackPointExtension>
        </extensions>
      </trkpt>
      <trkpt lat="31.9803752191364765167236328125" lon="118.78213173709809780120849609375">
        <ele>13.80000019073486328125</ele>
        <time>2024-10-23T11:43:36.000Z</time>
        <extensions>
          <ns3:TrackPointExtension>
            <ns3:atemp>19.0</ns3:atemp>
            <ns3:hr>165</ns3:hr>
            <ns3:cad>89</ns3:cad>
          </ns3:TrackPointExtension>
        </extensions>
      </trkpt>
      <trkpt lat="31.9803685136139392852783203125" lon="118.78209988586604595184326171875">
        <ele>13.80000019073486328125</ele>
        <time>2024-10-23T11:43:37.000Z</time>
        <extensions>
          <ns3:TrackPointExtension>
            <ns3:atemp>19.0</ns3:atemp>
            <ns3:hr>165</ns3:hr>
            <ns3:cad>89</ns3:cad>
          </ns3:TrackPointExtension>
        </extensions>
      </trkpt>
      <trkpt lat="31.98036289773881435394287109375" lon="118.78207147121429443359375">
        <ele>13.80000019073486328125</ele>
        <time>2024-10-23T11:43:38.000Z</time>
        <extensions>
          <ns3:TrackPointExtension>
            <ns3:atemp>19.0</ns3:atemp>
            <ns3:hr>165</ns3:hr>
            <ns3:cad>89</ns3:cad>
          </ns3:TrackPointExtension>
        </extensions>
      </trkpt>
      <trkpt lat="31.9803581200540065765380859375" lon="118.78204540349543094635009765625">
        <ele>14</ele>
        <time>2024-10-23T11:43:39.000Z</time>
        <extensions>
          <ns3:TrackPointExtension>
            <ns3:atemp>19.0</ns3:atemp>
            <ns3:hr>165</ns3:hr>
            <ns3:cad>89</ns3:cad>
          </ns3:TrackPointExtension>
        </extensions>
      </trkpt>
      <trkpt lat="31.980354599654674530029296875" lon="118.78201958723366260528564453125">
        <ele>14</ele>
        <time>2024-10-23T11:43:40.000Z</time>
        <extensions>
          <ns3:TrackPointExtension>
            <ns3:atemp>19.0</ns3:atemp>
            <ns3:hr>165</ns3:hr>
            <ns3:cad>89</ns3:cad>
          </ns3:TrackPointExtension>
        </extensions>
      </trkpt>
      <trkpt lat="31.9803517498075962066650390625" lon="118.78199226222932338714599609375">
        <ele>14</ele>
        <time>2024-10-23T11:43:41.000Z</time>
        <extensions>
          <ns3:TrackPointExtension>
            <ns3:atemp>19.0</ns3:atemp>
            <ns3:hr>165</ns3:hr>
            <ns3:cad>89</ns3:cad>
          </ns3:TrackPointExtension>
        </extensions>
      </trkpt>
      <trkpt lat="31.98034512810409069061279296875" lon="118.7819683738052845001220703125">
        <ele>14</ele>
        <time>2024-10-23T11:43:42.000Z</time>
        <extensions>
          <ns3:TrackPointExtension>
            <ns3:atemp>19.0</ns3:atemp>
            <ns3:hr>165</ns3:hr>
            <ns3:cad>88</ns3:cad>
          </ns3:TrackPointExtension>
        </extensions>
      </trkpt>
      <trkpt lat="31.9803396798670291900634765625" lon="118.78194314427673816680908203125">
        <ele>14</ele>
        <time>2024-10-23T11:43:43.000Z</time>
        <extensions>
          <ns3:TrackPointExtension>
            <ns3:atemp>19.0</ns3:atemp>
            <ns3:hr>165</ns3:hr>
            <ns3:cad>88</ns3:cad>
          </ns3:TrackPointExtension>
        </extensions>
      </trkpt>
      <trkpt lat="31.98033289052546024322509765625" lon="118.78191682510077953338623046875">
        <ele>14</ele>
        <time>2024-10-23T11:43:44.000Z</time>
        <extensions>
          <ns3:TrackPointExtension>
            <ns3:atemp>19.0</ns3:atemp>
            <ns3:hr>164</ns3:hr>
            <ns3:cad>87</ns3:cad>
          </ns3:TrackPointExtension>
        </extensions>
      </trkpt>
      <trkpt lat="31.9803272746503353118896484375" lon="118.78189218230545520782470703125">
        <ele>14</ele>
        <time>2024-10-23T11:43:45.000Z</time>
        <extensions>
          <ns3:TrackPointExtension>
            <ns3:atemp>19.0</ns3:atemp>
            <ns3:hr>164</ns3:hr>
            <ns3:cad>87</ns3:cad>
          </ns3:TrackPointExtension>
        </extensions>
      </trkpt>
      <trkpt lat="31.9803212396800518035888671875" lon="118.78186670131981372833251953125">
        <ele>14</ele>
        <time>2024-10-23T11:43:46.000Z</time>
        <extensions>
          <ns3:TrackPointExtension>
            <ns3:atemp>19.0</ns3:atemp>
            <ns3:hr>164</ns3:hr>
            <ns3:cad>87</ns3:cad>
          </ns3:TrackPointExtension>
        </extensions>
      </trkpt>
      <trkpt lat="31.980317048728466033935546875" lon="118.78183971159160137176513671875">
        <ele>14.19999980926513671875</ele>
        <time>2024-10-23T11:43:47.000Z</time>
        <extensions>
          <ns3:TrackPointExtension>
            <ns3:atemp>19.0</ns3:atemp>
            <ns3:hr>164</ns3:hr>
            <ns3:cad>87</ns3:cad>
          </ns3:TrackPointExtension>
        </extensions>
      </trkpt>
      <trkpt lat="31.98031344451010227203369140625" lon="118.78181003965437412261962890625">
        <ele>14.19999980926513671875</ele>
        <time>2024-10-23T11:43:48.000Z</time>
        <extensions>
          <ns3:TrackPointExtension>
            <ns3:atemp>19.0</ns3:atemp>
            <ns3:hr>164</ns3:hr>
            <ns3:cad>87</ns3:cad>
          </ns3:TrackPointExtension>
        </extensions>
      </trkpt>
      <trkpt lat="31.9803095050156116485595703125" lon="118.7817816250026226043701171875">
        <ele>14.19999980926513671875</ele>
        <time>2024-10-23T11:43:49.000Z</time>
        <extensions>
          <ns3:TrackPointExtension>
            <ns3:atemp>19.0</ns3:atemp>
            <ns3:hr>164</ns3:hr>
            <ns3:cad>87</ns3:cad>
          </ns3:TrackPointExtension>
        </extensions>
      </trkpt>
      <trkpt lat="31.98030598461627960205078125" lon="118.7817517854273319244384765625">
        <ele>14.19999980926513671875</ele>
        <time>2024-10-23T11:43:50.000Z</time>
        <extensions>
          <ns3:TrackPointExtension>
            <ns3:atemp>19.0</ns3:atemp>
            <ns3:hr>164</ns3:hr>
            <ns3:cad>88</ns3:cad>
          </ns3:TrackPointExtension>
        </extensions>
      </trkpt>
      <trkpt lat="31.98030288331210613250732421875" lon="118.781723119318485260009765625">
        <ele>14.19999980926513671875</ele>
        <time>2024-10-23T11:43:51.000Z</time>
        <extensions>
          <ns3:TrackPointExtension>
            <ns3:atemp>19.0</ns3:atemp>
            <ns3:hr>164</ns3:hr>
            <ns3:cad>88</ns3:cad>
          </ns3:TrackPointExtension>
        </extensions>
      </trkpt>
      <trkpt lat="31.98029994964599609375" lon="118.78169395029544830322265625">
        <ele>14.3999996185302734375</ele>
        <time>2024-10-23T11:43:52.000Z</time>
        <extensions>
          <ns3:TrackPointExtension>
            <ns3:atemp>19.0</ns3:atemp>
            <ns3:hr>164</ns3:hr>
            <ns3:cad>87</ns3:cad>
          </ns3:TrackPointExtension>
        </extensions>
      </trkpt>
      <trkpt lat="31.98029257357120513916015625" lon="118.78167115151882171630859375">
        <ele>14.3999996185302734375</ele>
        <time>2024-10-23T11:43:53.000Z</time>
        <extensions>
          <ns3:TrackPointExtension>
            <ns3:atemp>19.0</ns3:atemp>
            <ns3:hr>165</ns3:hr>
            <ns3:cad>87</ns3:cad>
          </ns3:TrackPointExtension>
        </extensions>
      </trkpt>
      <trkpt lat="31.98028863407671451568603515625" lon="118.78164944238960742950439453125">
        <ele>14.3999996185302734375</ele>
        <time>2024-10-23T11:43:54.000Z</time>
        <extensions>
          <ns3:TrackPointExtension>
            <ns3:atemp>19.0</ns3:atemp>
            <ns3:hr>165</ns3:hr>
            <ns3:cad>86</ns3:cad>
          </ns3:TrackPointExtension>
        </extensions>
      </trkpt>
      <trkpt lat="31.98028343729674816131591796875" lon="118.78162614069879055023193359375">
        <ele>14.3999996185302734375</ele>
        <time>2024-10-23T11:43:55.000Z</time>
        <extensions>
          <ns3:TrackPointExtension>
            <ns3:atemp>19.0</ns3:atemp>
            <ns3:hr>165</ns3:hr>
            <ns3:cad>86</ns3:cad>
          </ns3:TrackPointExtension>
        </extensions>
      </trkpt>
      <trkpt lat="31.98027824051678180694580078125" lon="118.78160133026540279388427734375">
        <ele>14.3999996185302734375</ele>
        <time>2024-10-23T11:43:56.000Z</time>
        <extensions>
          <ns3:TrackPointExtension>
            <ns3:atemp>19.0</ns3:atemp>
            <ns3:hr>165</ns3:hr>
            <ns3:cad>86</ns3:cad>
          </ns3:TrackPointExtension>
        </extensions>
      </trkpt>
      <trkpt lat="31.98027421720325946807861328125" lon="118.78157517872750759124755859375">
        <ele>14.6000003814697265625</ele>
        <time>2024-10-23T11:43:57.000Z</time>
        <extensions>
          <ns3:TrackPointExtension>
            <ns3:atemp>19.0</ns3:atemp>
            <ns3:hr>165</ns3:hr>
            <ns3:cad>86</ns3:cad>
          </ns3:TrackPointExtension>
        </extensions>
      </trkpt>
      <trkpt lat="31.98026885278522968292236328125" lon="118.78154399804770946502685546875">
        <ele>14.6000003814697265625</ele>
        <time>2024-10-23T11:43:58.000Z</time>
        <extensions>
          <ns3:TrackPointExtension>
            <ns3:atemp>19.0</ns3:atemp>
            <ns3:hr>165</ns3:hr>
            <ns3:cad>87</ns3:cad>
          </ns3:TrackPointExtension>
        </extensions>
      </trkpt>
      <trkpt lat="31.9802632369101047515869140625" lon="118.78151248209178447723388671875">
        <ele>14.6000003814697265625</ele>
        <time>2024-10-23T11:43:59.000Z</time>
        <extensions>
          <ns3:TrackPointExtension>
            <ns3:atemp>19.0</ns3:atemp>
            <ns3:hr>165</ns3:hr>
            <ns3:cad>87</ns3:cad>
          </ns3:TrackPointExtension>
        </extensions>
      </trkpt>
      <trkpt lat="31.98025770485401153564453125" lon="118.7814854085445404052734375">
        <ele>14.6000003814697265625</ele>
        <time>2024-10-23T11:44:00.000Z</time>
        <extensions>
          <ns3:TrackPointExtension>
            <ns3:atemp>19.0</ns3:atemp>
            <ns3:hr>165</ns3:hr>
            <ns3:cad>87</ns3:cad>
          </ns3:TrackPointExtension>
        </extensions>
      </trkpt>
      <trkpt lat="31.98025158606469631195068359375" lon="118.78145791590213775634765625">
        <ele>14.6000003814697265625</ele>
        <time>2024-10-23T11:44:01.000Z</time>
        <extensions>
          <ns3:TrackPointExtension>
            <ns3:atemp>19.0</ns3:atemp>
            <ns3:hr>165</ns3:hr>
            <ns3:cad>88</ns3:cad>
          </ns3:TrackPointExtension>
        </extensions>
      </trkpt>
      <trkpt lat="31.980245299637317657470703125" lon="118.781430087983608245849609375">
        <ele>14.6000003814697265625</ele>
        <time>2024-10-23T11:44:02.000Z</time>
        <extensions>
          <ns3:TrackPointExtension>
            <ns3:atemp>19.0</ns3:atemp>
            <ns3:hr>165</ns3:hr>
            <ns3:cad>88</ns3:cad>
          </ns3:TrackPointExtension>
        </extensions>
      </trkpt>
      <trkpt lat="31.98024186305701732635498046875" lon="118.781398236751556396484375">
        <ele>14.80000019073486328125</ele>
        <time>2024-10-23T11:44:03.000Z</time>
        <extensions>
          <ns3:TrackPointExtension>
            <ns3:atemp>19.0</ns3:atemp>
            <ns3:hr>165</ns3:hr>
            <ns3:cad>88</ns3:cad>
          </ns3:TrackPointExtension>
        </extensions>
      </trkpt>
      <trkpt lat="31.98023767210543155670166015625" lon="118.781374432146549224853515625">
        <ele>14.80000019073486328125</ele>
        <time>2024-10-23T11:44:04.000Z</time>
        <extensions>
          <ns3:TrackPointExtension>
            <ns3:atemp>19.0</ns3:atemp>
            <ns3:hr>165</ns3:hr>
            <ns3:cad>88</ns3:cad>
          </ns3:TrackPointExtension>
        </extensions>
      </trkpt>
      <trkpt lat="31.980233900249004364013671875" lon="118.78134526312351226806640625">
        <ele>14.80000019073486328125</ele>
        <time>2024-10-23T11:44:05.000Z</time>
        <extensions>
          <ns3:TrackPointExtension>
            <ns3:atemp>19.0</ns3:atemp>
            <ns3:hr>165</ns3:hr>
            <ns3:cad>88</ns3:cad>
          </ns3:TrackPointExtension>
        </extensions>
      </trkpt>
      <trkpt lat="31.98023180477321147918701171875" lon="118.78132380545139312744140625">
        <ele>14.80000019073486328125</ele>
        <time>2024-10-23T11:44:06.000Z</time>
        <extensions>
          <ns3:TrackPointExtension>
            <ns3:atemp>19.0</ns3:atemp>
            <ns3:hr>165</ns3:hr>
            <ns3:cad>88</ns3:cad>
          </ns3:TrackPointExtension>
        </extensions>
      </trkpt>
      <trkpt lat="31.9802162982523441314697265625" lon="118.7813038565218448638916015625">
        <ele>15</ele>
        <time>2024-10-23T11:44:07.000Z</time>
        <extensions>
          <ns3:TrackPointExtension>
            <ns3:atemp>19.0</ns3:atemp>
            <ns3:hr>165</ns3:hr>
            <ns3:cad>88</ns3:cad>
          </ns3:TrackPointExtension>
        </extensions>
      </trkpt>
      <trkpt lat="31.98020665906369686126708984375" lon="118.78128265030682086944580078125">
        <ele>15</ele>
        <time>2024-10-23T11:44:08.000Z</time>
        <extensions>
          <ns3:TrackPointExtension>
            <ns3:atemp>19.0</ns3:atemp>
            <ns3:hr>165</ns3:hr>
            <ns3:cad>88</ns3:cad>
          </ns3:TrackPointExtension>
        </extensions>
      </trkpt>
      <trkpt lat="31.98019978590309619903564453125" lon="118.78125264309346675872802734375">
        <ele>15</ele>
        <time>2024-10-23T11:44:09.000Z</time>
        <extensions>
          <ns3:TrackPointExtension>
            <ns3:atemp>19.0</ns3:atemp>
            <ns3:hr>165</ns3:hr>
            <ns3:cad>88</ns3:cad>
          </ns3:TrackPointExtension>
        </extensions>
      </trkpt>
      <trkpt lat="31.98018922470510005950927734375" lon="118.781222887337207794189453125">
        <ele>15</ele>
        <time>2024-10-23T11:44:10.000Z</time>
        <extensions>
          <ns3:TrackPointExtension>
            <ns3:atemp>19.0</ns3:atemp>
            <ns3:hr>166</ns3:hr>
            <ns3:cad>87</ns3:cad>
          </ns3:TrackPointExtension>
        </extensions>
      </trkpt>
      <trkpt lat="31.9801831059157848358154296875" lon="118.7811955623328685760498046875">
        <ele>15</ele>
        <time>2024-10-23T11:44:11.000Z</time>
        <extensions>
          <ns3:TrackPointExtension>
            <ns3:atemp>19.0</ns3:atemp>
            <ns3:hr>166</ns3:hr>
            <ns3:cad>87</ns3:cad>
          </ns3:TrackPointExtension>
        </extensions>
      </trkpt>
      <trkpt lat="31.98017631657421588897705078125" lon="118.78116463311016559600830078125">
        <ele>15</ele>
        <time>2024-10-23T11:44:12.000Z</time>
        <extensions>
          <ns3:TrackPointExtension>
            <ns3:atemp>19.0</ns3:atemp>
            <ns3:hr>166</ns3:hr>
            <ns3:cad>87</ns3:cad>
          </ns3:TrackPointExtension>
        </extensions>
      </trkpt>
      <trkpt lat="31.9801673479378223419189453125" lon="118.781135380268096923828125">
        <ele>15.19999980926513671875</ele>
        <time>2024-10-23T11:44:13.000Z</time>
        <extensions>
          <ns3:TrackPointExtension>
            <ns3:atemp>19.0</ns3:atemp>
            <ns3:hr>166</ns3:hr>
            <ns3:cad>88</ns3:cad>
          </ns3:TrackPointExtension>
        </extensions>
      </trkpt>
      <trkpt lat="31.98015938512980937957763671875" lon="118.78110922873020172119140625">
        <ele>15.19999980926513671875</ele>
        <time>2024-10-23T11:44:14.000Z</time>
        <extensions>
          <ns3:TrackPointExtension>
            <ns3:atemp>19.0</ns3:atemp>
            <ns3:hr>166</ns3:hr>
            <ns3:cad>88</ns3:cad>
          </ns3:TrackPointExtension>
        </extensions>
      </trkpt>
      <trkpt lat="31.980152763426303863525390625" lon="118.781080730259418487548828125">
        <ele>15.19999980926513671875</ele>
        <time>2024-10-23T11:44:15.000Z</time>
        <extensions>
          <ns3:TrackPointExtension>
            <ns3:atemp>19.0</ns3:atemp>
            <ns3:hr>165</ns3:hr>
            <ns3:cad>88</ns3:cad>
          </ns3:TrackPointExtension>
        </extensions>
      </trkpt>
      <trkpt lat="31.98014639317989349365234375" lon="118.7810534052550792694091796875">
        <ele>15.19999980926513671875</ele>
        <time>2024-10-23T11:44:16.000Z</time>
        <extensions>
          <ns3:TrackPointExtension>
            <ns3:atemp>19.0</ns3:atemp>
            <ns3:hr>165</ns3:hr>
            <ns3:cad>88</ns3:cad>
          </ns3:TrackPointExtension>
        </extensions>
      </trkpt>
      <trkpt lat="31.9801391847431659698486328125" lon="118.78102448768913745880126953125">
        <ele>15.3999996185302734375</ele>
        <time>2024-10-23T11:44:17.000Z</time>
        <extensions>
          <ns3:TrackPointExtension>
            <ns3:atemp>19.0</ns3:atemp>
            <ns3:hr>165</ns3:hr>
            <ns3:cad>89</ns3:cad>
          </ns3:TrackPointExtension>
        </extensions>
      </trkpt>
      <trkpt lat="31.980133317410945892333984375" lon="118.7809960730373859405517578125">
        <ele>15.3999996185302734375</ele>
        <time>2024-10-23T11:44:18.000Z</time>
        <extensions>
          <ns3:TrackPointExtension>
            <ns3:atemp>19.0</ns3:atemp>
            <ns3:hr>165</ns3:hr>
            <ns3:cad>89</ns3:cad>
          </ns3:TrackPointExtension>
        </extensions>
      </trkpt>
      <trkpt lat="31.98012803681194782257080078125" lon="118.7809677422046661376953125">
        <ele>15.3999996185302734375</ele>
        <time>2024-10-23T11:44:19.000Z</time>
        <extensions>
          <ns3:TrackPointExtension>
            <ns3:atemp>19.0</ns3:atemp>
            <ns3:hr>165</ns3:hr>
            <ns3:cad>89</ns3:cad>
          </ns3:TrackPointExtension>
        </extensions>
      </trkpt>
      <trkpt lat="31.9801214151084423065185546875" lon="118.78093756735324859619140625">
        <ele>15.3999996185302734375</ele>
        <time>2024-10-23T11:44:20.000Z</time>
        <extensions>
          <ns3:TrackPointExtension>
            <ns3:atemp>19.0</ns3:atemp>
            <ns3:hr>165</ns3:hr>
            <ns3:cad>89</ns3:cad>
          </ns3:TrackPointExtension>
        </extensions>
      </trkpt>
      <trkpt lat="31.980113871395587921142578125" lon="118.780909739434719085693359375">
        <ele>15.6000003814697265625</ele>
        <time>2024-10-23T11:44:21.000Z</time>
        <extensions>
          <ns3:TrackPointExtension>
            <ns3:atemp>19.0</ns3:atemp>
            <ns3:hr>165</ns3:hr>
            <ns3:cad>89</ns3:cad>
          </ns3:TrackPointExtension>
        </extensions>
      </trkpt>
      <trkpt lat="31.980105824768543243408203125" lon="118.780879564583301544189453125">
        <ele>15.6000003814697265625</ele>
        <time>2024-10-23T11:44:22.000Z</time>
        <extensions>
          <ns3:TrackPointExtension>
            <ns3:atemp>19.0</ns3:atemp>
            <ns3:hr>165</ns3:hr>
            <ns3:cad>89</ns3:cad>
          </ns3:TrackPointExtension>
        </extensions>
      </trkpt>
      <trkpt lat="31.980098448693752288818359375" lon="118.78085332922637462615966796875">
        <ele>15.6000003814697265625</ele>
        <time>2024-10-23T11:44:23.000Z</time>
        <extensions>
          <ns3:TrackPointExtension>
            <ns3:atemp>19.0</ns3:atemp>
            <ns3:hr>165</ns3:hr>
            <ns3:cad>89</ns3:cad>
          </ns3:TrackPointExtension>
        </extensions>
      </trkpt>
      <trkpt lat="31.98008897714316844940185546875" lon="118.780824579298496246337890625">
        <ele>15.6000003814697265625</ele>
        <time>2024-10-23T11:44:24.000Z</time>
        <extensions>
          <ns3:TrackPointExtension>
            <ns3:atemp>19.0</ns3:atemp>
            <ns3:hr>164</ns3:hr>
            <ns3:cad>89</ns3:cad>
          </ns3:TrackPointExtension>
        </extensions>
      </trkpt>
      <trkpt lat="31.98008000850677490234375" lon="118.7807982601225376129150390625">
        <ele>15.6000003814697265625</ele>
        <time>2024-10-23T11:44:25.000Z</time>
        <extensions>
          <ns3:TrackPointExtension>
            <ns3:atemp>19.0</ns3:atemp>
            <ns3:hr>164</ns3:hr>
            <ns3:cad>89</ns3:cad>
          </ns3:TrackPointExtension>
        </extensions>
      </trkpt>
      <trkpt lat="31.9800704531371593475341796875" lon="118.78076992928981781005859375">
        <ele>15.6000003814697265625</ele>
        <time>2024-10-23T11:44:26.000Z</time>
        <extensions>
          <ns3:TrackPointExtension>
            <ns3:atemp>19.0</ns3:atemp>
            <ns3:hr>164</ns3:hr>
            <ns3:cad>89</ns3:cad>
          </ns3:TrackPointExtension>
        </extensions>
      </trkpt>
      <trkpt lat="31.98006617836654186248779296875" lon="118.7807442806661128997802734375">
        <ele>15.6000003814697265625</ele>
        <time>2024-10-23T11:44:27.000Z</time>
        <extensions>
          <ns3:TrackPointExtension>
            <ns3:atemp>19.0</ns3:atemp>
            <ns3:hr>164</ns3:hr>
            <ns3:cad>89</ns3:cad>
          </ns3:TrackPointExtension>
        </extensions>
      </trkpt>
      <trkpt lat="31.980060897767543792724609375" lon="118.7807164527475833892822265625">
        <ele>15.6000003814697265625</ele>
        <time>2024-10-23T11:44:28.000Z</time>
        <extensions>
          <ns3:TrackPointExtension>
            <ns3:atemp>19.0</ns3:atemp>
            <ns3:hr>164</ns3:hr>
            <ns3:cad>89</ns3:cad>
          </ns3:TrackPointExtension>
        </extensions>
      </trkpt>
      <trkpt lat="31.98005796410143375396728515625" lon="118.78069021739065647125244140625">
        <ele>15.6000003814697265625</ele>
        <time>2024-10-23T11:44:29.000Z</time>
        <extensions>
          <ns3:TrackPointExtension>
            <ns3:atemp>19.0</ns3:atemp>
            <ns3:hr>165</ns3:hr>
            <ns3:cad>89</ns3:cad>
          </ns3:TrackPointExtension>
        </extensions>
      </trkpt>
      <trkpt lat="31.98005327023565769195556640625" lon="118.780658952891826629638671875">
        <ele>15.80000019073486328125</ele>
        <time>2024-10-23T11:44:30.000Z</time>
        <extensions>
          <ns3:TrackPointExtension>
            <ns3:atemp>20.0</ns3:atemp>
            <ns3:hr>165</ns3:hr>
            <ns3:cad>89</ns3:cad>
          </ns3:TrackPointExtension>
        </extensions>
      </trkpt>
      <trkpt lat="31.98004715144634246826171875" lon="118.78063523210585117340087890625">
        <ele>15.80000019073486328125</ele>
        <time>2024-10-23T11:44:31.000Z</time>
        <extensions>
          <ns3:TrackPointExtension>
            <ns3:atemp>19.0</ns3:atemp>
            <ns3:hr>165</ns3:hr>
            <ns3:cad>88</ns3:cad>
          </ns3:TrackPointExtension>
        </extensions>
      </trkpt>
      <trkpt lat="31.98004069738090038299560546875" lon="118.780607320368289947509765625">
        <ele>16</ele>
        <time>2024-10-23T11:44:32.000Z</time>
        <extensions>
          <ns3:TrackPointExtension>
            <ns3:atemp>19.0</ns3:atemp>
            <ns3:hr>165</ns3:hr>
            <ns3:cad>88</ns3:cad>
          </ns3:TrackPointExtension>
        </extensions>
      </trkpt>
      <trkpt lat="31.98003348894417285919189453125" lon="118.78058644942939281463623046875">
        <ele>16</ele>
        <time>2024-10-23T11:44:33.000Z</time>
        <extensions>
          <ns3:TrackPointExtension>
            <ns3:atemp>19.0</ns3:atemp>
            <ns3:hr>165</ns3:hr>
            <ns3:cad>88</ns3:cad>
          </ns3:TrackPointExtension>
        </extensions>
      </trkpt>
      <trkpt lat="31.98002829216420650482177734375" lon="118.7805592082440853118896484375">
        <ele>16</ele>
        <time>2024-10-23T11:44:34.000Z</time>
        <extensions>
          <ns3:TrackPointExtension>
            <ns3:atemp>19.0</ns3:atemp>
            <ns3:hr>165</ns3:hr>
            <ns3:cad>87</ns3:cad>
          </ns3:TrackPointExtension>
        </extensions>
      </trkpt>
      <trkpt lat="31.98002611286938190460205078125" lon="118.78053364343941211700439453125">
        <ele>16</ele>
        <time>2024-10-23T11:44:35.000Z</time>
        <extensions>
          <ns3:TrackPointExtension>
            <ns3:atemp>19.0</ns3:atemp>
            <ns3:hr>165</ns3:hr>
            <ns3:cad>87</ns3:cad>
          </ns3:TrackPointExtension>
        </extensions>
      </trkpt>
      <trkpt lat="31.98002460412681102752685546875" lon="118.78050464205443859100341796875">
        <ele>16</ele>
        <time>2024-10-23T11:44:36.000Z</time>
        <extensions>
          <ns3:TrackPointExtension>
            <ns3:atemp>19.0</ns3:atemp>
            <ns3:hr>165</ns3:hr>
            <ns3:cad>88</ns3:cad>
          </ns3:TrackPointExtension>
        </extensions>
      </trkpt>
      <trkpt lat="31.98001957498490810394287109375" lon="118.78047765232622623443603515625">
        <ele>16</ele>
        <time>2024-10-23T11:44:37.000Z</time>
        <extensions>
          <ns3:TrackPointExtension>
            <ns3:atemp>19.0</ns3:atemp>
            <ns3:hr>165</ns3:hr>
            <ns3:cad>88</ns3:cad>
          </ns3:TrackPointExtension>
        </extensions>
      </trkpt>
      <trkpt lat="31.98001354001462459564208984375" lon="118.78044806420803070068359375">
        <ele>16.200000762939453125</ele>
        <time>2024-10-23T11:44:38.000Z</time>
        <extensions>
          <ns3:TrackPointExtension>
            <ns3:atemp>19.0</ns3:atemp>
            <ns3:hr>165</ns3:hr>
            <ns3:cad>88</ns3:cad>
          </ns3:TrackPointExtension>
        </extensions>
      </trkpt>
      <trkpt lat="31.9800067506730556488037109375" lon="118.7804200686514377593994140625">
        <ele>16.200000762939453125</ele>
        <time>2024-10-23T11:44:39.000Z</time>
        <extensions>
          <ns3:TrackPointExtension>
            <ns3:atemp>19.0</ns3:atemp>
            <ns3:hr>166</ns3:hr>
            <ns3:cad>87</ns3:cad>
          </ns3:TrackPointExtension>
        </extensions>
      </trkpt>
      <trkpt lat="31.9799997098743915557861328125" lon="118.78039400093257427215576171875">
        <ele>16.200000762939453125</ele>
        <time>2024-10-23T11:44:40.000Z</time>
        <extensions>
          <ns3:TrackPointExtension>
            <ns3:atemp>19.0</ns3:atemp>
            <ns3:hr>166</ns3:hr>
            <ns3:cad>87</ns3:cad>
          </ns3:TrackPointExtension>
        </extensions>
      </trkpt>
      <trkpt lat="31.97999560274183750152587890625" lon="118.780365251004695892333984375">
        <ele>16.200000762939453125</ele>
        <time>2024-10-23T11:44:41.000Z</time>
        <extensions>
          <ns3:TrackPointExtension>
            <ns3:atemp>19.0</ns3:atemp>
            <ns3:hr>166</ns3:hr>
            <ns3:cad>87</ns3:cad>
          </ns3:TrackPointExtension>
        </extensions>
      </trkpt>
      <trkpt lat="31.9799909926950931549072265625" lon="118.7803399376571178436279296875">
        <ele>16.3999996185302734375</ele>
        <time>2024-10-23T11:44:42.000Z</time>
        <extensions>
          <ns3:TrackPointExtension>
            <ns3:atemp>19.0</ns3:atemp>
            <ns3:hr>166</ns3:hr>
            <ns3:cad>87</ns3:cad>
          </ns3:TrackPointExtension>
        </extensions>
      </trkpt>
      <trkpt lat="31.97998705320060253143310546875" lon="118.78031034953892230987548828125">
        <ele>16.3999996185302734375</ele>
        <time>2024-10-23T11:44:43.000Z</time>
        <extensions>
          <ns3:TrackPointExtension>
            <ns3:atemp>19.0</ns3:atemp>
            <ns3:hr>166</ns3:hr>
            <ns3:cad>87</ns3:cad>
          </ns3:TrackPointExtension>
        </extensions>
      </trkpt>
      <trkpt lat="31.97998453862965106964111328125" lon="118.78028713166713714599609375">
        <ele>16.3999996185302734375</ele>
        <time>2024-10-23T11:44:44.000Z</time>
        <extensions>
          <ns3:TrackPointExtension>
            <ns3:atemp>19.0</ns3:atemp>
            <ns3:hr>166</ns3:hr>
            <ns3:cad>87</ns3:cad>
          </ns3:TrackPointExtension>
        </extensions>
      </trkpt>
      <trkpt lat="31.9799819402396678924560546875" lon="118.7802611477673053741455078125">
        <ele>16.3999996185302734375</ele>
        <time>2024-10-23T11:44:45.000Z</time>
        <extensions>
          <ns3:TrackPointExtension>
            <ns3:atemp>19.0</ns3:atemp>
            <ns3:hr>166</ns3:hr>
            <ns3:cad>88</ns3:cad>
          </ns3:TrackPointExtension>
        </extensions>
      </trkpt>
      <trkpt lat="31.97997607290744781494140625" lon="118.7802360020577907562255859375">
        <ele>16.3999996185302734375</ele>
        <time>2024-10-23T11:44:46.000Z</time>
        <extensions>
          <ns3:TrackPointExtension>
            <ns3:atemp>19.0</ns3:atemp>
            <ns3:hr>166</ns3:hr>
            <ns3:cad>88</ns3:cad>
          </ns3:TrackPointExtension>
        </extensions>
      </trkpt>
      <trkpt lat="31.97997095994651317596435546875" lon="118.7802068330347537994384765625">
        <ele>16.3999996185302734375</ele>
        <time>2024-10-23T11:44:47.000Z</time>
        <extensions>
          <ns3:TrackPointExtension>
            <ns3:atemp>19.0</ns3:atemp>
            <ns3:hr>166</ns3:hr>
            <ns3:cad>88</ns3:cad>
          </ns3:TrackPointExtension>
        </extensions>
      </trkpt>
      <trkpt lat="31.9799651764333248138427734375" lon="118.78017540089786052703857421875">
        <ele>16.3999996185302734375</ele>
        <time>2024-10-23T11:44:48.000Z</time>
        <extensions>
          <ns3:TrackPointExtension>
            <ns3:atemp>19.0</ns3:atemp>
            <ns3:hr>166</ns3:hr>
            <ns3:cad>88</ns3:cad>
          </ns3:TrackPointExtension>
        </extensions>
      </trkpt>
      <trkpt lat="31.979960985481739044189453125" lon="118.78014422021806240081787109375">
        <ele>16.6000003814697265625</ele>
        <time>2024-10-23T11:44:49.000Z</time>
        <extensions>
          <ns3:TrackPointExtension>
            <ns3:atemp>19.0</ns3:atemp>
            <ns3:hr>166</ns3:hr>
            <ns3:cad>88</ns3:cad>
          </ns3:TrackPointExtension>
        </extensions>
      </trkpt>
      <trkpt lat="31.9799571298062801361083984375" lon="118.7801109440624713897705078125">
        <ele>16.6000003814697265625</ele>
        <time>2024-10-23T11:44:50.000Z</time>
        <extensions>
          <ns3:TrackPointExtension>
            <ns3:atemp>19.0</ns3:atemp>
            <ns3:hr>166</ns3:hr>
            <ns3:cad>88</ns3:cad>
          </ns3:TrackPointExtension>
        </extensions>
      </trkpt>
      <trkpt lat="31.97995436377823352813720703125" lon="118.78008672036230564117431640625">
        <ele>16.6000003814697265625</ele>
        <time>2024-10-23T11:44:51.000Z</time>
        <extensions>
          <ns3:TrackPointExtension>
            <ns3:atemp>19.0</ns3:atemp>
            <ns3:hr>166</ns3:hr>
            <ns3:cad>88</ns3:cad>
          </ns3:TrackPointExtension>
        </extensions>
      </trkpt>
      <trkpt lat="31.9799507595598697662353515625" lon="118.7800584733486175537109375">
        <ele>16.6000003814697265625</ele>
        <time>2024-10-23T11:44:52.000Z</time>
        <extensions>
          <ns3:TrackPointExtension>
            <ns3:atemp>19.0</ns3:atemp>
            <ns3:hr>166</ns3:hr>
            <ns3:cad>88</ns3:cad>
          </ns3:TrackPointExtension>
        </extensions>
      </trkpt>
      <trkpt lat="31.97994631715118885040283203125" lon="118.7800304777920246124267578125">
        <ele>16.799999237060546875</ele>
        <time>2024-10-23T11:44:53.000Z</time>
        <extensions>
          <ns3:TrackPointExtension>
            <ns3:atemp>19.0</ns3:atemp>
            <ns3:hr>166</ns3:hr>
            <ns3:cad>88</ns3:cad>
          </ns3:TrackPointExtension>
        </extensions>
      </trkpt>
      <trkpt lat="31.9799418747425079345703125" lon="118.78000223077833652496337890625">
        <ele>16.799999237060546875</ele>
        <time>2024-10-23T11:44:54.000Z</time>
        <extensions>
          <ns3:TrackPointExtension>
            <ns3:atemp>19.0</ns3:atemp>
            <ns3:hr>166</ns3:hr>
            <ns3:cad>88</ns3:cad>
          </ns3:TrackPointExtension>
        </extensions>
      </trkpt>
      <trkpt lat="31.97993659414350986480712890625" lon="118.7799744866788387298583984375">
        <ele>16.799999237060546875</ele>
        <time>2024-10-23T11:44:55.000Z</time>
        <extensions>
          <ns3:TrackPointExtension>
            <ns3:atemp>19.0</ns3:atemp>
            <ns3:hr>166</ns3:hr>
            <ns3:cad>88</ns3:cad>
          </ns3:TrackPointExtension>
        </extensions>
      </trkpt>
      <trkpt lat="31.97993047535419464111328125" lon="118.7799476645886898040771484375">
        <ele>16.799999237060546875</ele>
        <time>2024-10-23T11:44:56.000Z</time>
        <extensions>
          <ns3:TrackPointExtension>
            <ns3:atemp>19.0</ns3:atemp>
            <ns3:hr>166</ns3:hr>
            <ns3:cad>88</ns3:cad>
          </ns3:TrackPointExtension>
        </extensions>
      </trkpt>
      <trkpt lat="31.97992502711713314056396484375" lon="118.7799201719462871551513671875">
        <ele>16.799999237060546875</ele>
        <time>2024-10-23T11:44:57.000Z</time>
        <extensions>
          <ns3:TrackPointExtension>
            <ns3:atemp>19.0</ns3:atemp>
            <ns3:hr>166</ns3:hr>
            <ns3:cad>88</ns3:cad>
          </ns3:TrackPointExtension>
        </extensions>
      </trkpt>
      <trkpt lat="31.9799225963652133941650390625" lon="118.77988941036164760589599609375">
        <ele>16.799999237060546875</ele>
        <time>2024-10-23T11:44:58.000Z</time>
        <extensions>
          <ns3:TrackPointExtension>
            <ns3:atemp>19.0</ns3:atemp>
            <ns3:hr>166</ns3:hr>
            <ns3:cad>88</ns3:cad>
          </ns3:TrackPointExtension>
        </extensions>
      </trkpt>
      <trkpt lat="31.97991899214684963226318359375" lon="118.779863677918910980224609375">
        <ele>16.799999237060546875</ele>
        <time>2024-10-23T11:44:59.000Z</time>
        <extensions>
          <ns3:TrackPointExtension>
            <ns3:atemp>19.0</ns3:atemp>
            <ns3:hr>166</ns3:hr>
            <ns3:cad>88</ns3:cad>
          </ns3:TrackPointExtension>
        </extensions>
      </trkpt>
      <trkpt lat="31.97991429828107357025146484375" lon="118.7798346765339374542236328125">
        <ele>16.799999237060546875</ele>
        <time>2024-10-23T11:45:00.000Z</time>
        <extensions>
          <ns3:TrackPointExtension>
            <ns3:atemp>20.0</ns3:atemp>
            <ns3:hr>166</ns3:hr>
            <ns3:cad>88</ns3:cad>
          </ns3:TrackPointExtension>
        </extensions>
      </trkpt>
      <trkpt lat="31.97991245426237583160400390625" lon="118.77980894409120082855224609375">
        <ele>17</ele>
        <time>2024-10-23T11:45:01.000Z</time>
        <extensions>
          <ns3:TrackPointExtension>
            <ns3:atemp>19.0</ns3:atemp>
            <ns3:hr>167</ns3:hr>
            <ns3:cad>88</ns3:cad>
          </ns3:TrackPointExtension>
        </extensions>
      </trkpt>
      <trkpt lat="31.9799101911485195159912109375" lon="118.77978153526782989501953125">
        <ele>17</ele>
        <time>2024-10-23T11:45:02.000Z</time>
        <extensions>
          <ns3:TrackPointExtension>
            <ns3:atemp>19.0</ns3:atemp>
            <ns3:hr>167</ns3:hr>
            <ns3:cad>89</ns3:cad>
          </ns3:TrackPointExtension>
        </extensions>
      </trkpt>
      <trkpt lat="31.97990608401596546173095703125" lon="118.77975211478769779205322265625">
        <ele>17</ele>
        <time>2024-10-23T11:45:03.000Z</time>
        <extensions>
          <ns3:TrackPointExtension>
            <ns3:atemp>19.0</ns3:atemp>
            <ns3:hr>167</ns3:hr>
            <ns3:cad>89</ns3:cad>
          </ns3:TrackPointExtension>
        </extensions>
      </trkpt>
      <trkpt lat="31.97990407235920429229736328125" lon="118.77972328104078769683837890625">
        <ele>17</ele>
        <time>2024-10-23T11:45:04.000Z</time>
        <extensions>
          <ns3:TrackPointExtension>
            <ns3:atemp>19.0</ns3:atemp>
            <ns3:hr>167</ns3:hr>
            <ns3:cad>89</ns3:cad>
          </ns3:TrackPointExtension>
        </extensions>
      </trkpt>
      <trkpt lat="31.9798997975885868072509765625" lon="118.7796945311129093170166015625">
        <ele>17.200000762939453125</ele>
        <time>2024-10-23T11:45:05.000Z</time>
        <extensions>
          <ns3:TrackPointExtension>
            <ns3:atemp>19.0</ns3:atemp>
            <ns3:hr>167</ns3:hr>
            <ns3:cad>89</ns3:cad>
          </ns3:TrackPointExtension>
        </extensions>
      </trkpt>
      <trkpt lat="31.97989451698958873748779296875" lon="118.77965949475765228271484375">
        <ele>17.200000762939453125</ele>
        <time>2024-10-23T11:45:06.000Z</time>
        <extensions>
          <ns3:TrackPointExtension>
            <ns3:atemp>19.0</ns3:atemp>
            <ns3:hr>167</ns3:hr>
            <ns3:cad>89</ns3:cad>
          </ns3:TrackPointExtension>
        </extensions>
      </trkpt>
      <trkpt lat="31.97989183478057384490966796875" lon="118.7796308286488056182861328125">
        <ele>17.200000762939453125</ele>
        <time>2024-10-23T11:45:07.000Z</time>
        <extensions>
          <ns3:TrackPointExtension>
            <ns3:atemp>19.0</ns3:atemp>
            <ns3:hr>167</ns3:hr>
            <ns3:cad>89</ns3:cad>
          </ns3:TrackPointExtension>
        </extensions>
      </trkpt>
      <trkpt lat="31.97988680563867092132568359375" lon="118.77960124053061008453369140625">
        <ele>17.200000762939453125</ele>
        <time>2024-10-23T11:45:08.000Z</time>
        <extensions>
          <ns3:TrackPointExtension>
            <ns3:atemp>19.0</ns3:atemp>
            <ns3:hr>167</ns3:hr>
            <ns3:cad>89</ns3:cad>
          </ns3:TrackPointExtension>
        </extensions>
      </trkpt>
      <trkpt lat="31.979885213077068328857421875" lon="118.77957290969789028167724609375">
        <ele>17.200000762939453125</ele>
        <time>2024-10-23T11:45:09.000Z</time>
        <extensions>
          <ns3:TrackPointExtension>
            <ns3:atemp>19.0</ns3:atemp>
            <ns3:hr>167</ns3:hr>
            <ns3:cad>88</ns3:cad>
          </ns3:TrackPointExtension>
        </extensions>
      </trkpt>
      <trkpt lat="31.9798828661441802978515625" lon="118.77954022027552127838134765625">
        <ele>17.200000762939453125</ele>
        <time>2024-10-23T11:45:10.000Z</time>
        <extensions>
          <ns3:TrackPointExtension>
            <ns3:atemp>19.0</ns3:atemp>
            <ns3:hr>167</ns3:hr>
            <ns3:cad>88</ns3:cad>
          </ns3:TrackPointExtension>
        </extensions>
      </trkpt>
      <trkpt lat="31.9798815250396728515625" lon="118.77951222471892833709716796875">
        <ele>17.200000762939453125</ele>
        <time>2024-10-23T11:45:11.000Z</time>
        <extensions>
          <ns3:TrackPointExtension>
            <ns3:atemp>19.0</ns3:atemp>
            <ns3:hr>167</ns3:hr>
            <ns3:cad>88</ns3:cad>
          </ns3:TrackPointExtension>
        </extensions>
      </trkpt>
      <trkpt lat="31.9798786751925945281982421875" lon="118.77948288805782794952392578125">
        <ele>17.3999996185302734375</ele>
        <time>2024-10-23T11:45:12.000Z</time>
        <extensions>
          <ns3:TrackPointExtension>
            <ns3:atemp>19.0</ns3:atemp>
            <ns3:hr>167</ns3:hr>
            <ns3:cad>88</ns3:cad>
          </ns3:TrackPointExtension>
        </extensions>
      </trkpt>
      <trkpt lat="31.97987616062164306640625" lon="118.77945698797702789306640625">
        <ele>17.3999996185302734375</ele>
        <time>2024-10-23T11:45:13.000Z</time>
        <extensions>
          <ns3:TrackPointExtension>
            <ns3:atemp>19.0</ns3:atemp>
            <ns3:hr>167</ns3:hr>
            <ns3:cad>88</ns3:cad>
          </ns3:TrackPointExtension>
        </extensions>
      </trkpt>
      <trkpt lat="31.979871131479740142822265625" lon="118.77942689694464206695556640625">
        <ele>17.3999996185302734375</ele>
        <time>2024-10-23T11:45:14.000Z</time>
        <extensions>
          <ns3:TrackPointExtension>
            <ns3:atemp>19.0</ns3:atemp>
            <ns3:hr>167</ns3:hr>
            <ns3:cad>88</ns3:cad>
          </ns3:TrackPointExtension>
        </extensions>
      </trkpt>
      <trkpt lat="31.97986886836588382720947265625" lon="118.77939797937870025634765625">
        <ele>17.3999996185302734375</ele>
        <time>2024-10-23T11:45:15.000Z</time>
        <extensions>
          <ns3:TrackPointExtension>
            <ns3:atemp>20.0</ns3:atemp>
            <ns3:hr>167</ns3:hr>
            <ns3:cad>89</ns3:cad>
          </ns3:TrackPointExtension>
        </extensions>
      </trkpt>
      <trkpt lat="31.97986417450010776519775390625" lon="118.77936721779406070709228515625">
        <ele>17.6000003814697265625</ele>
        <time>2024-10-23T11:45:16.000Z</time>
        <extensions>
          <ns3:TrackPointExtension>
            <ns3:atemp>19.0</ns3:atemp>
            <ns3:hr>167</ns3:hr>
            <ns3:cad>89</ns3:cad>
          </ns3:TrackPointExtension>
        </extensions>
      </trkpt>
      <trkpt lat="31.97985931299626827239990234375" lon="118.77933804877102375030517578125">
        <ele>17.6000003814697265625</ele>
        <time>2024-10-23T11:45:17.000Z</time>
        <extensions>
          <ns3:TrackPointExtension>
            <ns3:atemp>19.0</ns3:atemp>
            <ns3:hr>167</ns3:hr>
            <ns3:cad>89</ns3:cad>
          </ns3:TrackPointExtension>
        </extensions>
      </trkpt>
      <trkpt lat="31.97984623722732067108154296875" lon="118.7793089635670185089111328125">
        <ele>17.6000003814697265625</ele>
        <time>2024-10-23T11:45:18.000Z</time>
        <extensions>
          <ns3:TrackPointExtension>
            <ns3:atemp>19.0</ns3:atemp>
            <ns3:hr>167</ns3:hr>
            <ns3:cad>88</ns3:cad>
          </ns3:TrackPointExtension>
        </extensions>
      </trkpt>
      <trkpt lat="31.97983668185770511627197265625" lon="118.77927820198237895965576171875">
        <ele>17.6000003814697265625</ele>
        <time>2024-10-23T11:45:19.000Z</time>
        <extensions>
          <ns3:TrackPointExtension>
            <ns3:atemp>19.0</ns3:atemp>
            <ns3:hr>167</ns3:hr>
            <ns3:cad>88</ns3:cad>
          </ns3:TrackPointExtension>
        </extensions>
      </trkpt>
      <trkpt lat="31.97982628829777240753173828125" lon="118.77924752421677112579345703125">
        <ele>17.799999237060546875</ele>
        <time>2024-10-23T11:45:20.000Z</time>
        <extensions>
          <ns3:TrackPointExtension>
            <ns3:atemp>19.0</ns3:atemp>
            <ns3:hr>167</ns3:hr>
            <ns3:cad>89</ns3:cad>
          </ns3:TrackPointExtension>
        </extensions>
      </trkpt>
      <trkpt lat="31.97981757111847400665283203125" lon="118.77921734936535358428955078125">
        <ele>17.799999237060546875</ele>
        <time>2024-10-23T11:45:21.000Z</time>
        <extensions>
          <ns3:TrackPointExtension>
            <ns3:atemp>19.0</ns3:atemp>
            <ns3:hr>167</ns3:hr>
            <ns3:cad>89</ns3:cad>
          </ns3:TrackPointExtension>
        </extensions>
      </trkpt>
      <trkpt lat="31.97981287725269794464111328125" lon="118.77918801270425319671630859375">
        <ele>17.799999237060546875</ele>
        <time>2024-10-23T11:45:22.000Z</time>
        <extensions>
          <ns3:TrackPointExtension>
            <ns3:atemp>20.0</ns3:atemp>
            <ns3:hr>167</ns3:hr>
            <ns3:cad>89</ns3:cad>
          </ns3:TrackPointExtension>
        </extensions>
      </trkpt>
      <trkpt lat="31.97981421835720539093017578125" lon="118.7791590951383113861083984375">
        <ele>17.799999237060546875</ele>
        <time>2024-10-23T11:45:23.000Z</time>
        <extensions>
          <ns3:TrackPointExtension>
            <ns3:atemp>19.0</ns3:atemp>
            <ns3:hr>167</ns3:hr>
            <ns3:cad>89</ns3:cad>
          </ns3:TrackPointExtension>
        </extensions>
      </trkpt>
      <trkpt lat="31.97982595302164554595947265625" lon="118.77913780510425567626953125">
        <ele>17.799999237060546875</ele>
        <time>2024-10-23T11:45:24.000Z</time>
        <extensions>
          <ns3:TrackPointExtension>
            <ns3:atemp>19.0</ns3:atemp>
            <ns3:hr>167</ns3:hr>
            <ns3:cad>89</ns3:cad>
          </ns3:TrackPointExtension>
        </extensions>
      </trkpt>
      <trkpt lat="31.979842297732830047607421875" lon="118.77911634743213653564453125">
        <ele>18</ele>
        <time>2024-10-23T11:45:25.000Z</time>
        <extensions>
          <ns3:TrackPointExtension>
            <ns3:atemp>19.0</ns3:atemp>
            <ns3:hr>167</ns3:hr>
            <ns3:cad>89</ns3:cad>
          </ns3:TrackPointExtension>
        </extensions>
      </trkpt>
      <trkpt lat="31.97986233048141002655029296875" lon="118.77908893860876560211181640625">
        <ele>18</ele>
        <time>2024-10-23T11:45:26.000Z</time>
        <extensions>
          <ns3:TrackPointExtension>
            <ns3:atemp>19.0</ns3:atemp>
            <ns3:hr>166</ns3:hr>
            <ns3:cad>89</ns3:cad>
          </ns3:TrackPointExtension>
        </extensions>
      </trkpt>
      <trkpt lat="31.97988261468708515167236328125" lon="118.779063709080219268798828125">
        <ele>18.200000762939453125</ele>
        <time>2024-10-23T11:45:27.000Z</time>
        <extensions>
          <ns3:TrackPointExtension>
            <ns3:atemp>19.0</ns3:atemp>
            <ns3:hr>166</ns3:hr>
            <ns3:cad>89</ns3:cad>
          </ns3:TrackPointExtension>
        </extensions>
      </trkpt>
      <trkpt lat="31.9798994623124599456787109375" lon="118.77904049120843410491943359375">
        <ele>18.3999996185302734375</ele>
        <time>2024-10-23T11:45:28.000Z</time>
        <extensions>
          <ns3:TrackPointExtension>
            <ns3:atemp>19.0</ns3:atemp>
            <ns3:hr>166</ns3:hr>
            <ns3:cad>89</ns3:cad>
          </ns3:TrackPointExtension>
        </extensions>
      </trkpt>
      <trkpt lat="31.97991396300494670867919921875" lon="118.779014758765697479248046875">
        <ele>18.6000003814697265625</ele>
        <time>2024-10-23T11:45:29.000Z</time>
        <extensions>
          <ns3:TrackPointExtension>
            <ns3:atemp>19.0</ns3:atemp>
            <ns3:hr>166</ns3:hr>
            <ns3:cad>89</ns3:cad>
          </ns3:TrackPointExtension>
        </extensions>
      </trkpt>
      <trkpt lat="31.97992200963199138641357421875" lon="118.77899221144616603851318359375">
        <ele>18.799999237060546875</ele>
        <time>2024-10-23T11:45:30.000Z</time>
        <extensions>
          <ns3:TrackPointExtension>
            <ns3:atemp>19.0</ns3:atemp>
            <ns3:hr>166</ns3:hr>
            <ns3:cad>89</ns3:cad>
          </ns3:TrackPointExtension>
        </extensions>
      </trkpt>
      <trkpt lat="31.979929469525814056396484375" lon="118.7789629586040973663330078125">
        <ele>19</ele>
        <time>2024-10-23T11:45:31.000Z</time>
        <extensions>
          <ns3:TrackPointExtension>
            <ns3:atemp>19.0</ns3:atemp>
            <ns3:hr>166</ns3:hr>
            <ns3:cad>88</ns3:cad>
          </ns3:TrackPointExtension>
        </extensions>
      </trkpt>
      <trkpt lat="31.9799346663057804107666015625" lon="118.77893387340009212493896484375">
        <ele>19.200000762939453125</ele>
        <time>2024-10-23T11:45:32.000Z</time>
        <extensions>
          <ns3:TrackPointExtension>
            <ns3:atemp>19.0</ns3:atemp>
            <ns3:hr>166</ns3:hr>
            <ns3:cad>88</ns3:cad>
          </ns3:TrackPointExtension>
        </extensions>
      </trkpt>
      <trkpt lat="31.9799386896193027496337890625" lon="118.77890738658607006072998046875">
        <ele>19.3999996185302734375</ele>
        <time>2024-10-23T11:45:33.000Z</time>
        <extensions>
          <ns3:TrackPointExtension>
            <ns3:atemp>19.0</ns3:atemp>
            <ns3:hr>166</ns3:hr>
            <ns3:cad>88</ns3:cad>
          </ns3:TrackPointExtension>
        </extensions>
      </trkpt>
      <trkpt lat="31.97994028218090534210205078125" lon="118.77888358198106288909912109375">
        <ele>19.3999996185302734375</ele>
        <time>2024-10-23T11:45:34.000Z</time>
        <extensions>
          <ns3:TrackPointExtension>
            <ns3:atemp>19.0</ns3:atemp>
            <ns3:hr>166</ns3:hr>
            <ns3:cad>88</ns3:cad>
          </ns3:TrackPointExtension>
        </extensions>
      </trkpt>
      <trkpt lat="31.97994128800928592681884765625" lon="118.77885659225285053253173828125">
        <ele>19.3999996185302734375</ele>
        <time>2024-10-23T11:45:35.000Z</time>
        <extensions>
          <ns3:TrackPointExtension>
            <ns3:atemp>19.0</ns3:atemp>
            <ns3:hr>166</ns3:hr>
            <ns3:cad>88</ns3:cad>
          </ns3:TrackPointExtension>
        </extensions>
      </trkpt>
      <trkpt lat="31.97994262911379337310791015625" lon="118.77883060835301876068115234375">
        <ele>19.6000003814697265625</ele>
        <time>2024-10-23T11:45:36.000Z</time>
        <extensions>
          <ns3:TrackPointExtension>
            <ns3:atemp>19.0</ns3:atemp>
            <ns3:hr>166</ns3:hr>
            <ns3:cad>88</ns3:cad>
          </ns3:TrackPointExtension>
        </extensions>
      </trkpt>
      <trkpt lat="31.9799420423805713653564453125" lon="118.7788031995296478271484375">
        <ele>19.6000003814697265625</ele>
        <time>2024-10-23T11:45:37.000Z</time>
        <extensions>
          <ns3:TrackPointExtension>
            <ns3:atemp>19.0</ns3:atemp>
            <ns3:hr>166</ns3:hr>
            <ns3:cad>89</ns3:cad>
          </ns3:TrackPointExtension>
        </extensions>
      </trkpt>
      <trkpt lat="31.979942210018634796142578125" lon="118.77877436578273773193359375">
        <ele>19.6000003814697265625</ele>
        <time>2024-10-23T11:45:38.000Z</time>
        <extensions>
          <ns3:TrackPointExtension>
            <ns3:atemp>19.0</ns3:atemp>
            <ns3:hr>166</ns3:hr>
            <ns3:cad>89</ns3:cad>
          </ns3:TrackPointExtension>
        </extensions>
      </trkpt>
      <trkpt lat="31.97994095273315906524658203125" lon="118.778745867311954498291015625">
        <ele>19.6000003814697265625</ele>
        <time>2024-10-23T11:45:39.000Z</time>
        <extensions>
          <ns3:TrackPointExtension>
            <ns3:atemp>19.0</ns3:atemp>
            <ns3:hr>166</ns3:hr>
            <ns3:cad>89</ns3:cad>
          </ns3:TrackPointExtension>
        </extensions>
      </trkpt>
      <trkpt lat="31.97993961162865161895751953125" lon="118.77871334552764892578125">
        <ele>19.799999237060546875</ele>
        <time>2024-10-23T11:45:40.000Z</time>
        <extensions>
          <ns3:TrackPointExtension>
            <ns3:atemp>19.0</ns3:atemp>
            <ns3:hr>166</ns3:hr>
            <ns3:cad>89</ns3:cad>
          </ns3:TrackPointExtension>
        </extensions>
      </trkpt>
      <trkpt lat="31.9799363426864147186279296875" lon="118.7786825001239776611328125">
        <ele>19.799999237060546875</ele>
        <time>2024-10-23T11:45:41.000Z</time>
        <extensions>
          <ns3:TrackPointExtension>
            <ns3:atemp>19.0</ns3:atemp>
            <ns3:hr>166</ns3:hr>
            <ns3:cad>90</ns3:cad>
          </ns3:TrackPointExtension>
        </extensions>
      </trkpt>
      <trkpt lat="31.97993583977222442626953125" lon="118.7786476314067840576171875">
        <ele>19.799999237060546875</ele>
        <time>2024-10-23T11:45:42.000Z</time>
        <extensions>
          <ns3:TrackPointExtension>
            <ns3:atemp>19.0</ns3:atemp>
            <ns3:hr>166</ns3:hr>
            <ns3:cad>90</ns3:cad>
          </ns3:TrackPointExtension>
        </extensions>
      </trkpt>
      <trkpt lat="31.979934833943843841552734375" lon="118.77861569635570049285888671875">
        <ele>19.799999237060546875</ele>
        <time>2024-10-23T11:45:43.000Z</time>
        <extensions>
          <ns3:TrackPointExtension>
            <ns3:atemp>19.0</ns3:atemp>
            <ns3:hr>166</ns3:hr>
            <ns3:cad>90</ns3:cad>
          </ns3:TrackPointExtension>
        </extensions>
      </trkpt>
      <trkpt lat="31.9799350015819072723388671875" lon="118.77858753316104412078857421875">
        <ele>20</ele>
        <time>2024-10-23T11:45:44.000Z</time>
        <extensions>
          <ns3:TrackPointExtension>
            <ns3:atemp>19.0</ns3:atemp>
            <ns3:hr>166</ns3:hr>
            <ns3:cad>90</ns3:cad>
          </ns3:TrackPointExtension>
        </extensions>
      </trkpt>
      <trkpt lat="31.97992938570678234100341796875" lon="118.7785629741847515106201171875">
        <ele>20</ele>
        <time>2024-10-23T11:45:45.000Z</time>
        <extensions>
          <ns3:TrackPointExtension>
            <ns3:atemp>19.0</ns3:atemp>
            <ns3:hr>166</ns3:hr>
            <ns3:cad>90</ns3:cad>
          </ns3:TrackPointExtension>
        </extensions>
      </trkpt>
      <trkpt lat="31.97992703877389430999755859375" lon="118.77853296697139739990234375">
        <ele>20</ele>
        <time>2024-10-23T11:45:46.000Z</time>
        <extensions>
          <ns3:TrackPointExtension>
            <ns3:atemp>19.0</ns3:atemp>
            <ns3:hr>166</ns3:hr>
            <ns3:cad>90</ns3:cad>
          </ns3:TrackPointExtension>
        </extensions>
      </trkpt>
      <trkpt lat="31.97992268018424510955810546875" lon="118.7785036303102970123291015625">
        <ele>20</ele>
        <time>2024-10-23T11:45:47.000Z</time>
        <extensions>
          <ns3:TrackPointExtension>
            <ns3:atemp>19.0</ns3:atemp>
            <ns3:hr>166</ns3:hr>
            <ns3:cad>90</ns3:cad>
          </ns3:TrackPointExtension>
        </extensions>
      </trkpt>
      <trkpt lat="31.97991966269910335540771484375" lon="118.7784732878208160400390625">
        <ele>20</ele>
        <time>2024-10-23T11:45:48.000Z</time>
        <extensions>
          <ns3:TrackPointExtension>
            <ns3:atemp>19.0</ns3:atemp>
            <ns3:hr>166</ns3:hr>
            <ns3:cad>90</ns3:cad>
          </ns3:TrackPointExtension>
        </extensions>
      </trkpt>
      <trkpt lat="31.97991706430912017822265625" lon="118.7784432806074619293212890625">
        <ele>20</ele>
        <time>2024-10-23T11:45:49.000Z</time>
        <extensions>
          <ns3:TrackPointExtension>
            <ns3:atemp>19.0</ns3:atemp>
            <ns3:hr>167</ns3:hr>
            <ns3:cad>90</ns3:cad>
          </ns3:TrackPointExtension>
        </extensions>
      </trkpt>
      <trkpt lat="31.97991396300494670867919921875" lon="118.77841453067958354949951171875">
        <ele>20</ele>
        <time>2024-10-23T11:45:50.000Z</time>
        <extensions>
          <ns3:TrackPointExtension>
            <ns3:atemp>19.0</ns3:atemp>
            <ns3:hr>167</ns3:hr>
            <ns3:cad>90</ns3:cad>
          </ns3:TrackPointExtension>
        </extensions>
      </trkpt>
      <trkpt lat="31.979908011853694915771484375" lon="118.7783846072852611541748046875">
        <ele>20</ele>
        <time>2024-10-23T11:45:51.000Z</time>
        <extensions>
          <ns3:TrackPointExtension>
            <ns3:atemp>19.0</ns3:atemp>
            <ns3:hr>167</ns3:hr>
            <ns3:cad>90</ns3:cad>
          </ns3:TrackPointExtension>
        </extensions>
      </trkpt>
      <trkpt lat="31.979903317987918853759765625" lon="118.77835929393768310546875">
        <ele>20</ele>
        <time>2024-10-23T11:45:52.000Z</time>
        <extensions>
          <ns3:TrackPointExtension>
            <ns3:atemp>19.0</ns3:atemp>
            <ns3:hr>167</ns3:hr>
            <ns3:cad>90</ns3:cad>
          </ns3:TrackPointExtension>
        </extensions>
      </trkpt>
      <trkpt lat="31.979895271360874176025390625" lon="118.77833758480846881866455078125">
        <ele>19.799999237060546875</ele>
        <time>2024-10-23T11:45:53.000Z</time>
        <extensions>
          <ns3:TrackPointExtension>
            <ns3:atemp>19.0</ns3:atemp>
            <ns3:hr>167</ns3:hr>
            <ns3:cad>90</ns3:cad>
          </ns3:TrackPointExtension>
        </extensions>
      </trkpt>
      <trkpt lat="31.97988890111446380615234375" lon="118.77830774523317813873291015625">
        <ele>19.799999237060546875</ele>
        <time>2024-10-23T11:45:54.000Z</time>
        <extensions>
          <ns3:TrackPointExtension>
            <ns3:atemp>19.0</ns3:atemp>
            <ns3:hr>167</ns3:hr>
            <ns3:cad>90</ns3:cad>
          </ns3:TrackPointExtension>
        </extensions>
      </trkpt>
      <trkpt lat="31.97988227941095829010009765625" lon="118.77828075550496578216552734375">
        <ele>19.799999237060546875</ele>
        <time>2024-10-23T11:45:55.000Z</time>
        <extensions>
          <ns3:TrackPointExtension>
            <ns3:atemp>19.0</ns3:atemp>
            <ns3:hr>167</ns3:hr>
            <ns3:cad>90</ns3:cad>
          </ns3:TrackPointExtension>
        </extensions>
      </trkpt>
      <trkpt lat="31.97987305931746959686279296875" lon="118.7782501615583896636962890625">
        <ele>19.6000003814697265625</ele>
        <time>2024-10-23T11:45:56.000Z</time>
        <extensions>
          <ns3:TrackPointExtension>
            <ns3:atemp>19.0</ns3:atemp>
            <ns3:hr>167</ns3:hr>
            <ns3:cad>90</ns3:cad>
          </ns3:TrackPointExtension>
        </extensions>
      </trkpt>
      <trkpt lat="31.97986048646271228790283203125" lon="118.778221495449542999267578125">
        <ele>19.6000003814697265625</ele>
        <time>2024-10-23T11:45:57.000Z</time>
        <extensions>
          <ns3:TrackPointExtension>
            <ns3:atemp>19.0</ns3:atemp>
            <ns3:hr>168</ns3:hr>
            <ns3:cad>90</ns3:cad>
          </ns3:TrackPointExtension>
        </extensions>
      </trkpt>
      <trkpt lat="31.9798458181321620941162109375" lon="118.7781961821019649505615234375">
        <ele>19.6000003814697265625</ele>
        <time>2024-10-23T11:45:58.000Z</time>
        <extensions>
          <ns3:TrackPointExtension>
            <ns3:atemp>19.0</ns3:atemp>
            <ns3:hr>168</ns3:hr>
            <ns3:cad>90</ns3:cad>
          </ns3:TrackPointExtension>
        </extensions>
      </trkpt>
      <trkpt lat="31.9798246957361698150634765625" lon="118.77817832864820957183837890625">
        <ele>19.3999996185302734375</ele>
        <time>2024-10-23T11:45:59.000Z</time>
        <extensions>
          <ns3:TrackPointExtension>
            <ns3:atemp>19.0</ns3:atemp>
            <ns3:hr>168</ns3:hr>
            <ns3:cad>90</ns3:cad>
          </ns3:TrackPointExtension>
        </extensions>
      </trkpt>
      <trkpt lat="31.9798029027879238128662109375" lon="118.778159804642200469970703125">
        <ele>19.3999996185302734375</ele>
        <time>2024-10-23T11:46:00.000Z</time>
        <extensions>
          <ns3:TrackPointExtension>
            <ns3:atemp>19.0</ns3:atemp>
            <ns3:hr>168</ns3:hr>
            <ns3:cad>90</ns3:cad>
          </ns3:TrackPointExtension>
        </extensions>
      </trkpt>
      <trkpt lat="31.97977214120328426361083984375" lon="118.778139017522335052490234375">
        <ele>19.3999996185302734375</ele>
        <time>2024-10-23T11:46:01.000Z</time>
        <extensions>
          <ns3:TrackPointExtension>
            <ns3:atemp>19.0</ns3:atemp>
            <ns3:hr>168</ns3:hr>
            <ns3:cad>90</ns3:cad>
          </ns3:TrackPointExtension>
        </extensions>
      </trkpt>
      <trkpt lat="31.979747079312801361083984375" lon="118.77811864949762821197509765625">
        <ele>19.3999996185302734375</ele>
        <time>2024-10-23T11:46:02.000Z</time>
        <extensions>
          <ns3:TrackPointExtension>
            <ns3:atemp>19.0</ns3:atemp>
            <ns3:hr>168</ns3:hr>
            <ns3:cad>90</ns3:cad>
          </ns3:TrackPointExtension>
        </extensions>
      </trkpt>
      <trkpt lat="31.979718245565891265869140625" lon="118.7780972756445407867431640625">
        <ele>19.200000762939453125</ele>
        <time>2024-10-23T11:46:03.000Z</time>
        <extensions>
          <ns3:TrackPointExtension>
            <ns3:atemp>19.0</ns3:atemp>
            <ns3:hr>168</ns3:hr>
            <ns3:cad>90</ns3:cad>
          </ns3:TrackPointExtension>
        </extensions>
      </trkpt>
      <trkpt lat="31.9797063432633876800537109375" lon="118.77807187847793102264404296875">
        <ele>19.200000762939453125</ele>
        <time>2024-10-23T11:46:04.000Z</time>
        <extensions>
          <ns3:TrackPointExtension>
            <ns3:atemp>19.0</ns3:atemp>
            <ns3:hr>168</ns3:hr>
            <ns3:cad>90</ns3:cad>
          </ns3:TrackPointExtension>
        </extensions>
      </trkpt>
      <trkpt lat="31.97970055975019931793212890625" lon="118.7780453078448772430419921875">
        <ele>19.200000762939453125</ele>
        <time>2024-10-23T11:46:05.000Z</time>
        <extensions>
          <ns3:TrackPointExtension>
            <ns3:atemp>19.0</ns3:atemp>
            <ns3:hr>168</ns3:hr>
            <ns3:cad>90</ns3:cad>
          </ns3:TrackPointExtension>
        </extensions>
      </trkpt>
      <trkpt lat="31.97971598245203495025634765625" lon="118.77795788459479808807373046875">
        <ele>19.200000762939453125</ele>
        <time>2024-10-23T11:47:09.000Z</time>
        <extensions>
          <ns3:TrackPointExtension>
            <ns3:atemp>20.0</ns3:atemp>
            <ns3:hr>133</ns3:hr>
            <ns3:cad>0</ns3:cad>
          </ns3:TrackPointExtension>
        </extensions>
      </trkpt>
      <trkpt lat="31.97971933521330356597900390625" lon="118.7779517658054828643798828125">
        <ele>19.200000762939453125</ele>
        <time>2024-10-23T11:47:10.000Z</time>
        <extensions>
          <ns3:TrackPointExtension>
            <ns3:atemp>20.0</ns3:atemp>
            <ns3:hr>133</ns3:hr>
            <ns3:cad>0</ns3:cad>
          </ns3:TrackPointExtension>
        </extensions>
      </trkpt>
      <trkpt lat="31.97971615009009838104248046875" lon="118.77794598229229450225830078125">
        <ele>19.200000762939453125</ele>
        <time>2024-10-23T11:47:11.000Z</time>
        <extensions>
          <ns3:TrackPointExtension>
            <ns3:atemp>20.0</ns3:atemp>
            <ns3:hr>132</ns3:hr>
            <ns3:cad>0</ns3:cad>
          </ns3:TrackPointExtension>
        </extensions>
      </trkpt>
      <trkpt lat="31.97971145622432231903076171875" lon="118.777931146323680877685546875">
        <ele>19.200000762939453125</ele>
        <time>2024-10-23T11:47:12.000Z</time>
        <extensions>
          <ns3:TrackPointExtension>
            <ns3:atemp>20.0</ns3:atemp>
            <ns3:hr>132</ns3:hr>
            <ns3:cad>0</ns3:cad>
          </ns3:TrackPointExtension>
        </extensions>
      </trkpt>
      <trkpt lat="31.9797003082931041717529296875" lon="118.77791346050798892974853515625">
        <ele>19.200000762939453125</ele>
        <time>2024-10-23T11:47:13.000Z</time>
        <extensions>
          <ns3:TrackPointExtension>
            <ns3:atemp>20.0</ns3:atemp>
            <ns3:hr>132</ns3:hr>
            <ns3:cad>0</ns3:cad>
          </ns3:TrackPointExtension>
        </extensions>
      </trkpt>
      <trkpt lat="31.97969117201864719390869140625" lon="118.7778853811323642730712890625">
        <ele>19.200000762939453125</ele>
        <time>2024-10-23T11:47:14.000Z</time>
        <extensions>
          <ns3:TrackPointExtension>
            <ns3:atemp>20.0</ns3:atemp>
            <ns3:hr>131</ns3:hr>
            <ns3:cad>0</ns3:cad>
          </ns3:TrackPointExtension>
        </extensions>
      </trkpt>
      <trkpt lat="31.9796815328299999237060546875" lon="118.77786283381283283233642578125">
        <ele>19.200000762939453125</ele>
        <time>2024-10-23T11:47:15.000Z</time>
        <extensions>
          <ns3:TrackPointExtension>
            <ns3:atemp>20.0</ns3:atemp>
            <ns3:hr>130</ns3:hr>
            <ns3:cad>94</ns3:cad>
          </ns3:TrackPointExtension>
        </extensions>
      </trkpt>
      <trkpt lat="31.979675330221652984619140625" lon="118.77783291041851043701171875">
        <ele>19.200000762939453125</ele>
        <time>2024-10-23T11:47:16.000Z</time>
        <extensions>
          <ns3:TrackPointExtension>
            <ns3:atemp>20.0</ns3:atemp>
            <ns3:hr>129</ns3:hr>
            <ns3:cad>94</ns3:cad>
          </ns3:TrackPointExtension>
        </extensions>
      </trkpt>
      <trkpt lat="31.97967155836522579193115234375" lon="118.77780684269964694976806640625">
        <ele>19</ele>
        <time>2024-10-23T11:47:17.000Z</time>
        <extensions>
          <ns3:TrackPointExtension>
            <ns3:atemp>20.0</ns3:atemp>
            <ns3:hr>128</ns3:hr>
            <ns3:cad>94</ns3:cad>
          </ns3:TrackPointExtension>
        </extensions>
      </trkpt>
      <trkpt lat="31.9796738214790821075439453125" lon="118.77777951769530773162841796875">
        <ele>19</ele>
        <time>2024-10-23T11:47:18.000Z</time>
        <extensions>
          <ns3:TrackPointExtension>
            <ns3:atemp>20.0</ns3:atemp>
            <ns3:hr>127</ns3:hr>
            <ns3:cad>92</ns3:cad>
          </ns3:TrackPointExtension>
        </extensions>
      </trkpt>
      <trkpt lat="31.97967340238392353057861328125" lon="118.77774783410131931304931640625">
        <ele>19.200000762939453125</ele>
        <time>2024-10-23T11:47:19.000Z</time>
        <extensions>
          <ns3:TrackPointExtension>
            <ns3:atemp>20.0</ns3:atemp>
            <ns3:hr>127</ns3:hr>
            <ns3:cad>92</ns3:cad>
          </ns3:TrackPointExtension>
        </extensions>
      </trkpt>
      <trkpt lat="31.97967172600328922271728515625" lon="118.77771816216409206390380859375">
        <ele>19.200000762939453125</ele>
        <time>2024-10-23T11:47:20.000Z</time>
        <extensions>
          <ns3:TrackPointExtension>
            <ns3:atemp>20.0</ns3:atemp>
            <ns3:hr>127</ns3:hr>
            <ns3:cad>92</ns3:cad>
          </ns3:TrackPointExtension>
        </extensions>
      </trkpt>
      <trkpt lat="31.9796708039939403533935546875" lon="118.77769050188362598419189453125">
        <ele>19.200000762939453125</ele>
        <time>2024-10-23T11:47:21.000Z</time>
        <extensions>
          <ns3:TrackPointExtension>
            <ns3:atemp>20.0</ns3:atemp>
            <ns3:hr>127</ns3:hr>
            <ns3:cad>92</ns3:cad>
          </ns3:TrackPointExtension>
        </extensions>
      </trkpt>
      <trkpt lat="31.9796694628894329071044921875" lon="118.777667619287967681884765625">
        <ele>19.200000762939453125</ele>
        <time>2024-10-23T11:47:22.000Z</time>
        <extensions>
          <ns3:TrackPointExtension>
            <ns3:atemp>20.0</ns3:atemp>
            <ns3:hr>128</ns3:hr>
            <ns3:cad>92</ns3:cad>
          </ns3:TrackPointExtension>
        </extensions>
      </trkpt>
      <trkpt lat="31.97966719977557659149169921875" lon="118.7776444852352142333984375">
        <ele>19.200000762939453125</ele>
        <time>2024-10-23T11:47:23.000Z</time>
        <extensions>
          <ns3:TrackPointExtension>
            <ns3:atemp>20.0</ns3:atemp>
            <ns3:hr>128</ns3:hr>
            <ns3:cad>92</ns3:cad>
          </ns3:TrackPointExtension>
        </extensions>
      </trkpt>
      <trkpt lat="31.9796651042997837066650390625" lon="118.77761824987828731536865234375">
        <ele>19.3999996185302734375</ele>
        <time>2024-10-23T11:47:24.000Z</time>
        <extensions>
          <ns3:TrackPointExtension>
            <ns3:atemp>20.0</ns3:atemp>
            <ns3:hr>128</ns3:hr>
            <ns3:cad>92</ns3:cad>
          </ns3:TrackPointExtension>
        </extensions>
      </trkpt>
      <trkpt lat="31.97966150008141994476318359375" lon="118.77759058959782123565673828125">
        <ele>19.3999996185302734375</ele>
        <time>2024-10-23T11:47:25.000Z</time>
        <extensions>
          <ns3:TrackPointExtension>
            <ns3:atemp>20.0</ns3:atemp>
            <ns3:hr>129</ns3:hr>
            <ns3:cad>92</ns3:cad>
          </ns3:TrackPointExtension>
        </extensions>
      </trkpt>
      <trkpt lat="31.97965085506439208984375" lon="118.77754884772002696990966796875">
        <ele>19.6000003814697265625</ele>
        <time>2024-10-23T11:47:26.000Z</time>
        <extensions>
          <ns3:TrackPointExtension>
            <ns3:atemp>20.0</ns3:atemp>
            <ns3:hr>132</ns3:hr>
            <ns3:cad>93</ns3:cad>
          </ns3:TrackPointExtension>
        </extensions>
      </trkpt>
      <trkpt lat="31.97964406572282314300537109375" lon="118.77751900814473628997802734375">
        <ele>19.6000003814697265625</ele>
        <time>2024-10-23T11:47:27.000Z</time>
        <extensions>
          <ns3:TrackPointExtension>
            <ns3:atemp>20.0</ns3:atemp>
            <ns3:hr>133</ns3:hr>
            <ns3:cad>93</ns3:cad>
          </ns3:TrackPointExtension>
        </extensions>
      </trkpt>
      <trkpt lat="31.9796292297542095184326171875" lon="118.77748698927462100982666015625">
        <ele>19.6000003814697265625</ele>
        <time>2024-10-23T11:47:28.000Z</time>
        <extensions>
          <ns3:TrackPointExtension>
            <ns3:atemp>20.0</ns3:atemp>
            <ns3:hr>133</ns3:hr>
            <ns3:cad>93</ns3:cad>
          </ns3:TrackPointExtension>
        </extensions>
      </trkpt>
      <trkpt lat="31.97962461970746517181396484375" lon="118.7774659506976604461669921875">
        <ele>19.6000003814697265625</ele>
        <time>2024-10-23T11:47:29.000Z</time>
        <extensions>
          <ns3:TrackPointExtension>
            <ns3:atemp>20.0</ns3:atemp>
            <ns3:hr>134</ns3:hr>
            <ns3:cad>93</ns3:cad>
          </ns3:TrackPointExtension>
        </extensions>
      </trkpt>
      <trkpt lat="31.97961531579494476318359375" lon="118.7774354405701160430908203125">
        <ele>19.6000003814697265625</ele>
        <time>2024-10-23T11:47:30.000Z</time>
        <extensions>
          <ns3:TrackPointExtension>
            <ns3:atemp>20.0</ns3:atemp>
            <ns3:hr>134</ns3:hr>
            <ns3:cad>93</ns3:cad>
          </ns3:TrackPointExtension>
        </extensions>
      </trkpt>
      <trkpt lat="31.97960986755788326263427734375" lon="118.7774079479277133941650390625">
        <ele>19.6000003814697265625</ele>
        <time>2024-10-23T11:47:31.000Z</time>
        <extensions>
          <ns3:TrackPointExtension>
            <ns3:atemp>20.0</ns3:atemp>
            <ns3:hr>134</ns3:hr>
            <ns3:cad>92</ns3:cad>
          </ns3:TrackPointExtension>
        </extensions>
      </trkpt>
      <trkpt lat="31.97960332967340946197509765625" lon="118.77737936563789844512939453125">
        <ele>19.3999996185302734375</ele>
        <time>2024-10-23T11:47:32.000Z</time>
        <extensions>
          <ns3:TrackPointExtension>
            <ns3:atemp>20.0</ns3:atemp>
            <ns3:hr>134</ns3:hr>
            <ns3:cad>92</ns3:cad>
          </ns3:TrackPointExtension>
        </extensions>
      </trkpt>
      <trkpt lat="31.97959997691214084625244140625" lon="118.77735103480517864227294921875">
        <ele>19.3999996185302734375</ele>
        <time>2024-10-23T11:47:33.000Z</time>
        <extensions>
          <ns3:TrackPointExtension>
            <ns3:atemp>20.0</ns3:atemp>
            <ns3:hr>136</ns3:hr>
            <ns3:cad>92</ns3:cad>
          </ns3:TrackPointExtension>
        </extensions>
      </trkpt>
      <trkpt lat="31.97959519922733306884765625" lon="118.77731884829699993133544921875">
        <ele>19.3999996185302734375</ele>
        <time>2024-10-23T11:47:34.000Z</time>
        <extensions>
          <ns3:TrackPointExtension>
            <ns3:atemp>20.0</ns3:atemp>
            <ns3:hr>136</ns3:hr>
            <ns3:cad>93</ns3:cad>
          </ns3:TrackPointExtension>
        </extensions>
      </trkpt>
      <trkpt lat="31.97959343902766704559326171875" lon="118.777288086712360382080078125">
        <ele>19.3999996185302734375</ele>
        <time>2024-10-23T11:47:35.000Z</time>
        <extensions>
          <ns3:TrackPointExtension>
            <ns3:atemp>20.0</ns3:atemp>
            <ns3:hr>137</ns3:hr>
            <ns3:cad>93</ns3:cad>
          </ns3:TrackPointExtension>
        </extensions>
      </trkpt>
      <trkpt lat="31.97959964163601398468017578125" lon="118.7772574089467525482177734375">
        <ele>19.3999996185302734375</ele>
        <time>2024-10-23T11:47:36.000Z</time>
        <extensions>
          <ns3:TrackPointExtension>
            <ns3:atemp>20.0</ns3:atemp>
            <ns3:hr>137</ns3:hr>
            <ns3:cad>93</ns3:cad>
          </ns3:TrackPointExtension>
        </extensions>
      </trkpt>
      <trkpt lat="31.97960869409143924713134765625" lon="118.77722446806728839874267578125">
        <ele>19.3999996185302734375</ele>
        <time>2024-10-23T11:47:37.000Z</time>
        <extensions>
          <ns3:TrackPointExtension>
            <ns3:atemp>20.0</ns3:atemp>
            <ns3:hr>138</ns3:hr>
            <ns3:cad>92</ns3:cad>
          </ns3:TrackPointExtension>
        </extensions>
      </trkpt>
      <trkpt lat="31.9796114601194858551025390625" lon="118.7771938741207122802734375">
        <ele>19.3999996185302734375</ele>
        <time>2024-10-23T11:47:38.000Z</time>
        <extensions>
          <ns3:TrackPointExtension>
            <ns3:atemp>20.0</ns3:atemp>
            <ns3:hr>138</ns3:hr>
            <ns3:cad>92</ns3:cad>
          </ns3:TrackPointExtension>
        </extensions>
      </trkpt>
      <trkpt lat="31.9796094484627246856689453125" lon="118.777165375649929046630859375">
        <ele>19.6000003814697265625</ele>
        <time>2024-10-23T11:47:39.000Z</time>
        <extensions>
          <ns3:TrackPointExtension>
            <ns3:atemp>20.0</ns3:atemp>
            <ns3:hr>139</ns3:hr>
            <ns3:cad>92</ns3:cad>
          </ns3:TrackPointExtension>
        </extensions>
      </trkpt>
      <trkpt lat="31.97960668243467807769775390625" lon="118.77713779918849468231201171875">
        <ele>19.6000003814697265625</ele>
        <time>2024-10-23T11:47:40.000Z</time>
        <extensions>
          <ns3:TrackPointExtension>
            <ns3:atemp>20.0</ns3:atemp>
            <ns3:hr>139</ns3:hr>
            <ns3:cad>92</ns3:cad>
          </ns3:TrackPointExtension>
        </extensions>
      </trkpt>
      <trkpt lat="31.9796010665595531463623046875" lon="118.7771093845367431640625">
        <ele>19.6000003814697265625</ele>
        <time>2024-10-23T11:47:41.000Z</time>
        <extensions>
          <ns3:TrackPointExtension>
            <ns3:atemp>20.0</ns3:atemp>
            <ns3:hr>140</ns3:hr>
            <ns3:cad>90</ns3:cad>
          </ns3:TrackPointExtension>
        </extensions>
      </trkpt>
      <trkpt lat="31.979596205055713653564453125" lon="118.7770777009427547454833984375">
        <ele>19.6000003814697265625</ele>
        <time>2024-10-23T11:47:42.000Z</time>
        <extensions>
          <ns3:TrackPointExtension>
            <ns3:atemp>20.0</ns3:atemp>
            <ns3:hr>141</ns3:hr>
            <ns3:cad>90</ns3:cad>
          </ns3:TrackPointExtension>
        </extensions>
      </trkpt>
      <trkpt lat="31.9795923493802547454833984375" lon="118.77704727463424205780029296875">
        <ele>19.6000003814697265625</ele>
        <time>2024-10-23T11:47:43.000Z</time>
        <extensions>
          <ns3:TrackPointExtension>
            <ns3:atemp>20.0</ns3:atemp>
            <ns3:hr>141</ns3:hr>
            <ns3:cad>91</ns3:cad>
          </ns3:TrackPointExtension>
        </extensions>
      </trkpt>
      <trkpt lat="31.97958623059093952178955078125" lon="118.77701458521187305450439453125">
        <ele>19.6000003814697265625</ele>
        <time>2024-10-23T11:47:44.000Z</time>
        <extensions>
          <ns3:TrackPointExtension>
            <ns3:atemp>20.0</ns3:atemp>
            <ns3:hr>141</ns3:hr>
            <ns3:cad>92</ns3:cad>
          </ns3:TrackPointExtension>
        </extensions>
      </trkpt>
      <trkpt lat="31.979582794010639190673828125" lon="118.77698038704693317413330078125">
        <ele>19.6000003814697265625</ele>
        <time>2024-10-23T11:47:45.000Z</time>
        <extensions>
          <ns3:TrackPointExtension>
            <ns3:atemp>20.0</ns3:atemp>
            <ns3:hr>141</ns3:hr>
            <ns3:cad>92</ns3:cad>
          </ns3:TrackPointExtension>
        </extensions>
      </trkpt>
      <trkpt lat="31.979581452906131744384765625" lon="118.77694778144359588623046875">
        <ele>19.799999237060546875</ele>
        <time>2024-10-23T11:47:46.000Z</time>
        <extensions>
          <ns3:TrackPointExtension>
            <ns3:atemp>20.0</ns3:atemp>
            <ns3:hr>142</ns3:hr>
            <ns3:cad>92</ns3:cad>
          </ns3:TrackPointExtension>
        </extensions>
      </trkpt>
      <trkpt lat="31.97957969270646572113037109375" lon="118.7769167684018611907958984375">
        <ele>19.799999237060546875</ele>
        <time>2024-10-23T11:47:47.000Z</time>
        <extensions>
          <ns3:TrackPointExtension>
            <ns3:atemp>20.0</ns3:atemp>
            <ns3:hr>142</ns3:hr>
            <ns3:cad>92</ns3:cad>
          </ns3:TrackPointExtension>
        </extensions>
      </trkpt>
      <trkpt lat="31.97957801632583141326904296875" lon="118.7768907845020294189453125">
        <ele>19.799999237060546875</ele>
        <time>2024-10-23T11:47:48.000Z</time>
        <extensions>
          <ns3:TrackPointExtension>
            <ns3:atemp>20.0</ns3:atemp>
            <ns3:hr>142</ns3:hr>
            <ns3:cad>92</ns3:cad>
          </ns3:TrackPointExtension>
        </extensions>
      </trkpt>
      <trkpt lat="31.97957550175487995147705078125" lon="118.77685549668967723846435546875">
        <ele>19.799999237060546875</ele>
        <time>2024-10-23T11:47:49.000Z</time>
        <extensions>
          <ns3:TrackPointExtension>
            <ns3:atemp>20.0</ns3:atemp>
            <ns3:hr>143</ns3:hr>
            <ns3:cad>92</ns3:cad>
          </ns3:TrackPointExtension>
        </extensions>
      </trkpt>
      <trkpt lat="31.97957508265972137451171875" lon="118.77682398073375225067138671875">
        <ele>19.799999237060546875</ele>
        <time>2024-10-23T11:47:50.000Z</time>
        <extensions>
          <ns3:TrackPointExtension>
            <ns3:atemp>20.0</ns3:atemp>
            <ns3:hr>143</ns3:hr>
            <ns3:cad>92</ns3:cad>
          </ns3:TrackPointExtension>
        </extensions>
      </trkpt>
      <trkpt lat="31.9795749150216579437255859375" lon="118.7767890281975269317626953125">
        <ele>19.799999237060546875</ele>
        <time>2024-10-23T11:47:51.000Z</time>
        <extensions>
          <ns3:TrackPointExtension>
            <ns3:atemp>20.0</ns3:atemp>
            <ns3:hr>144</ns3:hr>
            <ns3:cad>91</ns3:cad>
          </ns3:TrackPointExtension>
        </extensions>
      </trkpt>
      <trkpt lat="31.9795752502977848052978515625" lon="118.77675608731806278228759765625">
        <ele>19.799999237060546875</ele>
        <time>2024-10-23T11:47:52.000Z</time>
        <extensions>
          <ns3:TrackPointExtension>
            <ns3:atemp>20.0</ns3:atemp>
            <ns3:hr>144</ns3:hr>
            <ns3:cad>91</ns3:cad>
          </ns3:TrackPointExtension>
        </extensions>
      </trkpt>
      <trkpt lat="31.97957332246005535125732421875" lon="118.77671568654477596282958984375">
        <ele>20</ele>
        <time>2024-10-23T11:47:53.000Z</time>
        <extensions>
          <ns3:TrackPointExtension>
            <ns3:atemp>20.0</ns3:atemp>
            <ns3:hr>144</ns3:hr>
            <ns3:cad>93</ns3:cad>
          </ns3:TrackPointExtension>
        </extensions>
      </trkpt>
      <trkpt lat="31.97956837713718414306640625" lon="118.77667981199920177459716796875">
        <ele>20</ele>
        <time>2024-10-23T11:47:54.000Z</time>
        <extensions>
          <ns3:TrackPointExtension>
            <ns3:atemp>20.0</ns3:atemp>
            <ns3:hr>144</ns3:hr>
            <ns3:cad>93</ns3:cad>
          </ns3:TrackPointExtension>
        </extensions>
      </trkpt>
      <trkpt lat="31.979564018547534942626953125" lon="118.77664913423359394073486328125">
        <ele>20</ele>
        <time>2024-10-23T11:47:55.000Z</time>
        <extensions>
          <ns3:TrackPointExtension>
            <ns3:atemp>20.0</ns3:atemp>
            <ns3:hr>144</ns3:hr>
            <ns3:cad>93</ns3:cad>
          </ns3:TrackPointExtension>
        </extensions>
      </trkpt>
      <trkpt lat="31.97955739684402942657470703125" lon="118.7766180373728275299072265625">
        <ele>20</ele>
        <time>2024-10-23T11:47:56.000Z</time>
        <extensions>
          <ns3:TrackPointExtension>
            <ns3:atemp>20.0</ns3:atemp>
            <ns3:hr>144</ns3:hr>
            <ns3:cad>93</ns3:cad>
          </ns3:TrackPointExtension>
        </extensions>
      </trkpt>
      <trkpt lat="31.979547925293445587158203125" lon="118.7765892036259174346923828125">
        <ele>20</ele>
        <time>2024-10-23T11:47:57.000Z</time>
        <extensions>
          <ns3:TrackPointExtension>
            <ns3:atemp>20.0</ns3:atemp>
            <ns3:hr>145</ns3:hr>
            <ns3:cad>93</ns3:cad>
          </ns3:TrackPointExtension>
        </extensions>
      </trkpt>
      <trkpt lat="31.97954096831381320953369140625" lon="118.776559196412563323974609375">
        <ele>20</ele>
        <time>2024-10-23T11:47:58.000Z</time>
        <extensions>
          <ns3:TrackPointExtension>
            <ns3:atemp>20.0</ns3:atemp>
            <ns3:hr>146</ns3:hr>
            <ns3:cad>93</ns3:cad>
          </ns3:TrackPointExtension>
        </extensions>
      </trkpt>
      <trkpt lat="31.97953577153384685516357421875" lon="118.776533044874668121337890625">
        <ele>20</ele>
        <time>2024-10-23T11:47:59.000Z</time>
        <extensions>
          <ns3:TrackPointExtension>
            <ns3:atemp>20.0</ns3:atemp>
            <ns3:hr>146</ns3:hr>
            <ns3:cad>93</ns3:cad>
          </ns3:TrackPointExtension>
        </extensions>
      </trkpt>
      <trkpt lat="31.979531832039356231689453125" lon="118.77650379203259944915771484375">
        <ele>20.200000762939453125</ele>
        <time>2024-10-23T11:48:00.000Z</time>
        <extensions>
          <ns3:TrackPointExtension>
            <ns3:atemp>20.0</ns3:atemp>
            <ns3:hr>146</ns3:hr>
            <ns3:cad>93</ns3:cad>
          </ns3:TrackPointExtension>
        </extensions>
      </trkpt>
      <trkpt lat="31.97952873073518276214599609375" lon="118.7764708511531352996826171875">
        <ele>20.200000762939453125</ele>
        <time>2024-10-23T11:48:01.000Z</time>
        <extensions>
          <ns3:TrackPointExtension>
            <ns3:atemp>20.0</ns3:atemp>
            <ns3:hr>147</ns3:hr>
            <ns3:cad>93</ns3:cad>
          </ns3:TrackPointExtension>
        </extensions>
      </trkpt>
      <trkpt lat="31.97952420450747013092041015625" lon="118.776436485350131988525390625">
        <ele>20.200000762939453125</ele>
        <time>2024-10-23T11:48:02.000Z</time>
        <extensions>
          <ns3:TrackPointExtension>
            <ns3:atemp>20.0</ns3:atemp>
            <ns3:hr>147</ns3:hr>
            <ns3:cad>93</ns3:cad>
          </ns3:TrackPointExtension>
        </extensions>
      </trkpt>
      <trkpt lat="31.97951900772750377655029296875" lon="118.77640463411808013916015625">
        <ele>20.200000762939453125</ele>
        <time>2024-10-23T11:48:03.000Z</time>
        <extensions>
          <ns3:TrackPointExtension>
            <ns3:atemp>20.0</ns3:atemp>
            <ns3:hr>147</ns3:hr>
            <ns3:cad>93</ns3:cad>
          </ns3:TrackPointExtension>
        </extensions>
      </trkpt>
      <trkpt lat="31.97951515205204486846923828125" lon="118.7763722799718379974365234375">
        <ele>20.200000762939453125</ele>
        <time>2024-10-23T11:48:04.000Z</time>
        <extensions>
          <ns3:TrackPointExtension>
            <ns3:atemp>20.0</ns3:atemp>
            <ns3:hr>148</ns3:hr>
            <ns3:cad>92</ns3:cad>
          </ns3:TrackPointExtension>
        </extensions>
      </trkpt>
      <trkpt lat="31.97951096110045909881591796875" lon="118.7763434462249279022216796875">
        <ele>20.200000762939453125</ele>
        <time>2024-10-23T11:48:05.000Z</time>
        <extensions>
          <ns3:TrackPointExtension>
            <ns3:atemp>20.0</ns3:atemp>
            <ns3:hr>148</ns3:hr>
            <ns3:cad>92</ns3:cad>
          </ns3:TrackPointExtension>
        </extensions>
      </trkpt>
      <trkpt lat="31.979509033262729644775390625" lon="118.7763087451457977294921875">
        <ele>20.200000762939453125</ele>
        <time>2024-10-23T11:48:06.000Z</time>
        <extensions>
          <ns3:TrackPointExtension>
            <ns3:atemp>20.0</ns3:atemp>
            <ns3:hr>148</ns3:hr>
            <ns3:cad>92</ns3:cad>
          </ns3:TrackPointExtension>
        </extensions>
      </trkpt>
      <trkpt lat="31.9795071892440319061279296875" lon="118.77628401853144168853759765625">
        <ele>20.3999996185302734375</ele>
        <time>2024-10-23T11:48:07.000Z</time>
        <extensions>
          <ns3:TrackPointExtension>
            <ns3:atemp>20.0</ns3:atemp>
            <ns3:hr>149</ns3:hr>
            <ns3:cad>92</ns3:cad>
          </ns3:TrackPointExtension>
        </extensions>
      </trkpt>
      <trkpt lat="31.9795041717588901519775390625" lon="118.77625736407935619354248046875">
        <ele>20.3999996185302734375</ele>
        <time>2024-10-23T11:48:08.000Z</time>
        <extensions>
          <ns3:TrackPointExtension>
            <ns3:atemp>20.0</ns3:atemp>
            <ns3:hr>149</ns3:hr>
            <ns3:cad>92</ns3:cad>
          </ns3:TrackPointExtension>
        </extensions>
      </trkpt>
      <trkpt lat="31.97949998080730438232421875" lon="118.7762311287224292755126953125">
        <ele>20.3999996185302734375</ele>
        <time>2024-10-23T11:48:09.000Z</time>
        <extensions>
          <ns3:TrackPointExtension>
            <ns3:atemp>20.0</ns3:atemp>
            <ns3:hr>149</ns3:hr>
            <ns3:cad>91</ns3:cad>
          </ns3:TrackPointExtension>
        </extensions>
      </trkpt>
      <trkpt lat="31.97949738241732120513916015625" lon="118.77620279788970947265625">
        <ele>20.3999996185302734375</ele>
        <time>2024-10-23T11:48:10.000Z</time>
        <extensions>
          <ns3:TrackPointExtension>
            <ns3:atemp>20.0</ns3:atemp>
            <ns3:hr>150</ns3:hr>
            <ns3:cad>90</ns3:cad>
          </ns3:TrackPointExtension>
        </extensions>
      </trkpt>
      <trkpt lat="31.97949436493217945098876953125" lon="118.776176981627941131591796875">
        <ele>20.3999996185302734375</ele>
        <time>2024-10-23T11:48:11.000Z</time>
        <extensions>
          <ns3:TrackPointExtension>
            <ns3:atemp>20.0</ns3:atemp>
            <ns3:hr>150</ns3:hr>
            <ns3:cad>90</ns3:cad>
          </ns3:TrackPointExtension>
        </extensions>
      </trkpt>
      <trkpt lat="31.97949101217091083526611328125" lon="118.77614521421492099761962890625">
        <ele>20.3999996185302734375</ele>
        <time>2024-10-23T11:48:12.000Z</time>
        <extensions>
          <ns3:TrackPointExtension>
            <ns3:atemp>20.0</ns3:atemp>
            <ns3:hr>151</ns3:hr>
            <ns3:cad>90</ns3:cad>
          </ns3:TrackPointExtension>
        </extensions>
      </trkpt>
      <trkpt lat="31.9794857315719127655029296875" lon="118.7761188112199306488037109375">
        <ele>20.3999996185302734375</ele>
        <time>2024-10-23T11:48:13.000Z</time>
        <extensions>
          <ns3:TrackPointExtension>
            <ns3:atemp>20.0</ns3:atemp>
            <ns3:hr>151</ns3:hr>
            <ns3:cad>90</ns3:cad>
          </ns3:TrackPointExtension>
        </extensions>
      </trkpt>
      <trkpt lat="31.97947927750647068023681640625" lon="118.776089809834957122802734375">
        <ele>20.3999996185302734375</ele>
        <time>2024-10-23T11:48:14.000Z</time>
        <extensions>
          <ns3:TrackPointExtension>
            <ns3:atemp>20.0</ns3:atemp>
            <ns3:hr>152</ns3:hr>
            <ns3:cad>90</ns3:cad>
          </ns3:TrackPointExtension>
        </extensions>
      </trkpt>
      <trkpt lat="31.97947341017425060272216796875" lon="118.77606659196317195892333984375">
        <ele>20.6000003814697265625</ele>
        <time>2024-10-23T11:48:15.000Z</time>
        <extensions>
          <ns3:TrackPointExtension>
            <ns3:atemp>20.0</ns3:atemp>
            <ns3:hr>152</ns3:hr>
            <ns3:cad>90</ns3:cad>
          </ns3:TrackPointExtension>
        </extensions>
      </trkpt>
      <trkpt lat="31.97946553118526935577392578125" lon="118.77603909932076930999755859375">
        <ele>20.6000003814697265625</ele>
        <time>2024-10-23T11:48:16.000Z</time>
        <extensions>
          <ns3:TrackPointExtension>
            <ns3:atemp>20.0</ns3:atemp>
            <ns3:hr>153</ns3:hr>
            <ns3:cad>90</ns3:cad>
          </ns3:TrackPointExtension>
        </extensions>
      </trkpt>
      <trkpt lat="31.97945974767208099365234375" lon="118.77600842155516147613525390625">
        <ele>20.6000003814697265625</ele>
        <time>2024-10-23T11:48:17.000Z</time>
        <extensions>
          <ns3:TrackPointExtension>
            <ns3:atemp>20.0</ns3:atemp>
            <ns3:hr>153</ns3:hr>
            <ns3:cad>90</ns3:cad>
          </ns3:TrackPointExtension>
        </extensions>
      </trkpt>
      <trkpt lat="31.97945396415889263153076171875" lon="118.7759759835898876190185546875">
        <ele>20.6000003814697265625</ele>
        <time>2024-10-23T11:48:18.000Z</time>
        <extensions>
          <ns3:TrackPointExtension>
            <ns3:atemp>20.0</ns3:atemp>
            <ns3:hr>154</ns3:hr>
            <ns3:cad>90</ns3:cad>
          </ns3:TrackPointExtension>
        </extensions>
      </trkpt>
      <trkpt lat="31.97944725863635540008544921875" lon="118.77594522200524806976318359375">
        <ele>20.6000003814697265625</ele>
        <time>2024-10-23T11:48:19.000Z</time>
        <extensions>
          <ns3:TrackPointExtension>
            <ns3:atemp>20.0</ns3:atemp>
            <ns3:hr>154</ns3:hr>
            <ns3:cad>91</ns3:cad>
          </ns3:TrackPointExtension>
        </extensions>
      </trkpt>
      <trkpt lat="31.9794454984366893768310546875" lon="118.77591018564999103546142578125">
        <ele>20.6000003814697265625</ele>
        <time>2024-10-23T11:48:20.000Z</time>
        <extensions>
          <ns3:TrackPointExtension>
            <ns3:atemp>20.0</ns3:atemp>
            <ns3:hr>154</ns3:hr>
            <ns3:cad>91</ns3:cad>
          </ns3:TrackPointExtension>
        </extensions>
      </trkpt>
      <trkpt lat="31.9794414751231670379638671875" lon="118.775879926979541778564453125">
        <ele>20.6000003814697265625</ele>
        <time>2024-10-23T11:48:21.000Z</time>
        <extensions>
          <ns3:TrackPointExtension>
            <ns3:atemp>20.0</ns3:atemp>
            <ns3:hr>155</ns3:hr>
            <ns3:cad>91</ns3:cad>
          </ns3:TrackPointExtension>
        </extensions>
      </trkpt>
      <trkpt lat="31.9794381223618984222412109375" lon="118.77584514208137989044189453125">
        <ele>20.6000003814697265625</ele>
        <time>2024-10-23T11:48:22.000Z</time>
        <extensions>
          <ns3:TrackPointExtension>
            <ns3:atemp>20.0</ns3:atemp>
            <ns3:hr>155</ns3:hr>
            <ns3:cad>91</ns3:cad>
          </ns3:TrackPointExtension>
        </extensions>
      </trkpt>
      <trkpt lat="31.9794364459812641143798828125" lon="118.77581496722996234893798828125">
        <ele>20.6000003814697265625</ele>
        <time>2024-10-23T11:48:23.000Z</time>
        <extensions>
          <ns3:TrackPointExtension>
            <ns3:atemp>20.0</ns3:atemp>
            <ns3:hr>155</ns3:hr>
            <ns3:cad>90</ns3:cad>
          </ns3:TrackPointExtension>
        </extensions>
      </trkpt>
      <trkpt lat="31.97943401522934436798095703125" lon="118.77578370273113250732421875">
        <ele>20.6000003814697265625</ele>
        <time>2024-10-23T11:48:24.000Z</time>
        <extensions>
          <ns3:TrackPointExtension>
            <ns3:atemp>20.0</ns3:atemp>
            <ns3:hr>155</ns3:hr>
            <ns3:cad>90</ns3:cad>
          </ns3:TrackPointExtension>
        </extensions>
      </trkpt>
      <trkpt lat="31.97942881844937801361083984375" lon="118.775756545364856719970703125">
        <ele>20.799999237060546875</ele>
        <time>2024-10-23T11:48:25.000Z</time>
        <extensions>
          <ns3:TrackPointExtension>
            <ns3:atemp>20.0</ns3:atemp>
            <ns3:hr>156</ns3:hr>
            <ns3:cad>90</ns3:cad>
          </ns3:TrackPointExtension>
        </extensions>
      </trkpt>
      <trkpt lat="31.97942378930747509002685546875" lon="118.775727711617946624755859375">
        <ele>20.799999237060546875</ele>
        <time>2024-10-23T11:48:26.000Z</time>
        <extensions>
          <ns3:TrackPointExtension>
            <ns3:atemp>20.0</ns3:atemp>
            <ns3:hr>156</ns3:hr>
            <ns3:cad>90</ns3:cad>
          </ns3:TrackPointExtension>
        </extensions>
      </trkpt>
      <trkpt lat="31.97941658087074756622314453125" lon="118.77570080570876598358154296875">
        <ele>20.799999237060546875</ele>
        <time>2024-10-23T11:48:27.000Z</time>
        <extensions>
          <ns3:TrackPointExtension>
            <ns3:atemp>20.0</ns3:atemp>
            <ns3:hr>156</ns3:hr>
            <ns3:cad>90</ns3:cad>
          </ns3:TrackPointExtension>
        </extensions>
      </trkpt>
      <trkpt lat="31.97940954007208347320556640625" lon="118.77566744573414325714111328125">
        <ele>20.799999237060546875</ele>
        <time>2024-10-23T11:48:28.000Z</time>
        <extensions>
          <ns3:TrackPointExtension>
            <ns3:atemp>20.0</ns3:atemp>
            <ns3:hr>157</ns3:hr>
            <ns3:cad>90</ns3:cad>
          </ns3:TrackPointExtension>
        </extensions>
      </trkpt>
      <trkpt lat="31.97939948178827762603759765625" lon="118.7756360135972499847412109375">
        <ele>20.799999237060546875</ele>
        <time>2024-10-23T11:48:29.000Z</time>
        <extensions>
          <ns3:TrackPointExtension>
            <ns3:atemp>20.0</ns3:atemp>
            <ns3:hr>157</ns3:hr>
            <ns3:cad>91</ns3:cad>
          </ns3:TrackPointExtension>
        </extensions>
      </trkpt>
      <trkpt lat="31.97939135134220123291015625" lon="118.77560156397521495819091796875">
        <ele>20.799999237060546875</ele>
        <time>2024-10-23T11:48:30.000Z</time>
        <extensions>
          <ns3:TrackPointExtension>
            <ns3:atemp>20.0</ns3:atemp>
            <ns3:hr>157</ns3:hr>
            <ns3:cad>92</ns3:cad>
          </ns3:TrackPointExtension>
        </extensions>
      </trkpt>
      <trkpt lat="31.97938464581966400146484375" lon="118.77557390369474887847900390625">
        <ele>21</ele>
        <time>2024-10-23T11:48:31.000Z</time>
        <extensions>
          <ns3:TrackPointExtension>
            <ns3:atemp>20.0</ns3:atemp>
            <ns3:hr>157</ns3:hr>
            <ns3:cad>92</ns3:cad>
          </ns3:TrackPointExtension>
        </extensions>
      </trkpt>
      <trkpt lat="31.97937902994453907012939453125" lon="118.77554372884333133697509765625">
        <ele>21</ele>
        <time>2024-10-23T11:48:32.000Z</time>
        <extensions>
          <ns3:TrackPointExtension>
            <ns3:atemp>20.0</ns3:atemp>
            <ns3:hr>157</ns3:hr>
            <ns3:cad>92</ns3:cad>
          </ns3:TrackPointExtension>
        </extensions>
      </trkpt>
      <trkpt lat="31.97937249206006526947021484375" lon="118.77551204524934291839599609375">
        <ele>21</ele>
        <time>2024-10-23T11:48:33.000Z</time>
        <extensions>
          <ns3:TrackPointExtension>
            <ns3:atemp>20.0</ns3:atemp>
            <ns3:hr>157</ns3:hr>
            <ns3:cad>92</ns3:cad>
          </ns3:TrackPointExtension>
        </extensions>
      </trkpt>
      <trkpt lat="31.97936645708978176116943359375" lon="118.77547868527472019195556640625">
        <ele>21</ele>
        <time>2024-10-23T11:48:34.000Z</time>
        <extensions>
          <ns3:TrackPointExtension>
            <ns3:atemp>20.0</ns3:atemp>
            <ns3:hr>157</ns3:hr>
            <ns3:cad>92</ns3:cad>
          </ns3:TrackPointExtension>
        </extensions>
      </trkpt>
      <trkpt lat="31.979362182319164276123046875" lon="118.775448091328144073486328125">
        <ele>21</ele>
        <time>2024-10-23T11:48:35.000Z</time>
        <extensions>
          <ns3:TrackPointExtension>
            <ns3:atemp>20.0</ns3:atemp>
            <ns3:hr>158</ns3:hr>
            <ns3:cad>92</ns3:cad>
          </ns3:TrackPointExtension>
        </extensions>
      </trkpt>
      <trkpt lat="31.9793598353862762451171875" lon="118.77541892230510711669921875">
        <ele>21</ele>
        <time>2024-10-23T11:48:36.000Z</time>
        <extensions>
          <ns3:TrackPointExtension>
            <ns3:atemp>20.0</ns3:atemp>
            <ns3:hr>158</ns3:hr>
            <ns3:cad>92</ns3:cad>
          </ns3:TrackPointExtension>
        </extensions>
      </trkpt>
      <trkpt lat="31.97935656644403934478759765625" lon="118.77538782544434070587158203125">
        <ele>21</ele>
        <time>2024-10-23T11:48:37.000Z</time>
        <extensions>
          <ns3:TrackPointExtension>
            <ns3:atemp>20.0</ns3:atemp>
            <ns3:hr>158</ns3:hr>
            <ns3:cad>92</ns3:cad>
          </ns3:TrackPointExtension>
        </extensions>
      </trkpt>
      <trkpt lat="31.97935438714921474456787109375" lon="118.7753577344119548797607421875">
        <ele>21</ele>
        <time>2024-10-23T11:48:38.000Z</time>
        <extensions>
          <ns3:TrackPointExtension>
            <ns3:atemp>20.0</ns3:atemp>
            <ns3:hr>159</ns3:hr>
            <ns3:cad>92</ns3:cad>
          </ns3:TrackPointExtension>
        </extensions>
      </trkpt>
      <trkpt lat="31.9793519563972949981689453125" lon="118.77532512880861759185791015625">
        <ele>21</ele>
        <time>2024-10-23T11:48:39.000Z</time>
        <extensions>
          <ns3:TrackPointExtension>
            <ns3:atemp>20.0</ns3:atemp>
            <ns3:hr>159</ns3:hr>
            <ns3:cad>92</ns3:cad>
          </ns3:TrackPointExtension>
        </extensions>
      </trkpt>
      <trkpt lat="31.97934969328343868255615234375" lon="118.7752973847091197967529296875">
        <ele>21</ele>
        <time>2024-10-23T11:48:40.000Z</time>
        <extensions>
          <ns3:TrackPointExtension>
            <ns3:atemp>20.0</ns3:atemp>
            <ns3:hr>160</ns3:hr>
            <ns3:cad>92</ns3:cad>
          </ns3:TrackPointExtension>
        </extensions>
      </trkpt>
      <trkpt lat="31.97934667579829692840576171875" lon="118.77526729367673397064208984375">
        <ele>21.200000762939453125</ele>
        <time>2024-10-23T11:48:41.000Z</time>
        <extensions>
          <ns3:TrackPointExtension>
            <ns3:atemp>20.0</ns3:atemp>
            <ns3:hr>160</ns3:hr>
            <ns3:cad>92</ns3:cad>
          </ns3:TrackPointExtension>
        </extensions>
      </trkpt>
      <trkpt lat="31.97934466414153575897216796875" lon="118.77523913048207759857177734375">
        <ele>21.200000762939453125</ele>
        <time>2024-10-23T11:48:42.000Z</time>
        <extensions>
          <ns3:TrackPointExtension>
            <ns3:atemp>20.0</ns3:atemp>
            <ns3:hr>160</ns3:hr>
            <ns3:cad>91</ns3:cad>
          </ns3:TrackPointExtension>
        </extensions>
      </trkpt>
      <trkpt lat="31.979342736303806304931640625" lon="118.775208033621311187744140625">
        <ele>21.200000762939453125</ele>
        <time>2024-10-23T11:48:43.000Z</time>
        <extensions>
          <ns3:TrackPointExtension>
            <ns3:atemp>20.0</ns3:atemp>
            <ns3:hr>160</ns3:hr>
            <ns3:cad>91</ns3:cad>
          </ns3:TrackPointExtension>
        </extensions>
      </trkpt>
      <trkpt lat="31.97934315539896488189697265625" lon="118.775181211531162261962890625">
        <ele>21.200000762939453125</ele>
        <time>2024-10-23T11:48:44.000Z</time>
        <extensions>
          <ns3:TrackPointExtension>
            <ns3:atemp>20.0</ns3:atemp>
            <ns3:hr>160</ns3:hr>
            <ns3:cad>91</ns3:cad>
          </ns3:TrackPointExtension>
        </extensions>
      </trkpt>
      <trkpt lat="31.97934131138026714324951171875" lon="118.77515078522264957427978515625">
        <ele>21.200000762939453125</ele>
        <time>2024-10-23T11:48:45.000Z</time>
        <extensions>
          <ns3:TrackPointExtension>
            <ns3:atemp>20.0</ns3:atemp>
            <ns3:hr>160</ns3:hr>
            <ns3:cad>90</ns3:cad>
          </ns3:TrackPointExtension>
        </extensions>
      </trkpt>
      <trkpt lat="31.97934399358928203582763671875" lon="118.77512278966605663299560546875">
        <ele>21.200000762939453125</ele>
        <time>2024-10-23T11:48:46.000Z</time>
        <extensions>
          <ns3:TrackPointExtension>
            <ns3:atemp>20.0</ns3:atemp>
            <ns3:hr>160</ns3:hr>
            <ns3:cad>90</ns3:cad>
          </ns3:TrackPointExtension>
        </extensions>
      </trkpt>
      <trkpt lat="31.97934332303702831268310546875" lon="118.7750921957194805145263671875">
        <ele>21.200000762939453125</ele>
        <time>2024-10-23T11:48:47.000Z</time>
        <extensions>
          <ns3:TrackPointExtension>
            <ns3:atemp>20.0</ns3:atemp>
            <ns3:hr>161</ns3:hr>
            <ns3:cad>90</ns3:cad>
          </ns3:TrackPointExtension>
        </extensions>
      </trkpt>
      <trkpt lat="31.97934751398861408233642578125" lon="118.77506227232515811920166015625">
        <ele>21.200000762939453125</ele>
        <time>2024-10-23T11:48:48.000Z</time>
        <extensions>
          <ns3:TrackPointExtension>
            <ns3:atemp>20.0</ns3:atemp>
            <ns3:hr>161</ns3:hr>
            <ns3:cad>90</ns3:cad>
          </ns3:TrackPointExtension>
        </extensions>
      </trkpt>
      <trkpt lat="31.97935044765472412109375" lon="118.77502773888409137725830078125">
        <ele>21.200000762939453125</ele>
        <time>2024-10-23T11:48:49.000Z</time>
        <extensions>
          <ns3:TrackPointExtension>
            <ns3:atemp>20.0</ns3:atemp>
            <ns3:hr>161</ns3:hr>
            <ns3:cad>90</ns3:cad>
          </ns3:TrackPointExtension>
        </extensions>
      </trkpt>
      <trkpt lat="31.97935371659696102142333984375" lon="118.7749956361949443817138671875">
        <ele>21.200000762939453125</ele>
        <time>2024-10-23T11:48:50.000Z</time>
        <extensions>
          <ns3:TrackPointExtension>
            <ns3:atemp>20.0</ns3:atemp>
            <ns3:hr>162</ns3:hr>
            <ns3:cad>90</ns3:cad>
          </ns3:TrackPointExtension>
        </extensions>
      </trkpt>
      <trkpt lat="31.97934709489345550537109375" lon="118.77496269531548023223876953125">
        <ele>21.3999996185302734375</ele>
        <time>2024-10-23T11:48:51.000Z</time>
        <extensions>
          <ns3:TrackPointExtension>
            <ns3:atemp>20.0</ns3:atemp>
            <ns3:hr>162</ns3:hr>
            <ns3:cad>90</ns3:cad>
          </ns3:TrackPointExtension>
        </extensions>
      </trkpt>
      <trkpt lat="31.97934449650347232818603515625" lon="118.77493469975888729095458984375">
        <ele>21.3999996185302734375</ele>
        <time>2024-10-23T11:48:52.000Z</time>
        <extensions>
          <ns3:TrackPointExtension>
            <ns3:atemp>20.0</ns3:atemp>
            <ns3:hr>163</ns3:hr>
            <ns3:cad>90</ns3:cad>
          </ns3:TrackPointExtension>
        </extensions>
      </trkpt>
      <trkpt lat="31.9793418981134891510009765625" lon="118.77490368671715259552001953125">
        <ele>21.3999996185302734375</ele>
        <time>2024-10-23T11:48:53.000Z</time>
        <extensions>
          <ns3:TrackPointExtension>
            <ns3:atemp>20.0</ns3:atemp>
            <ns3:hr>163</ns3:hr>
            <ns3:cad>90</ns3:cad>
          </ns3:TrackPointExtension>
        </extensions>
      </trkpt>
      <trkpt lat="31.97934114374220371246337890625" lon="118.77487502060830593109130859375">
        <ele>21.3999996185302734375</ele>
        <time>2024-10-23T11:48:54.000Z</time>
        <extensions>
          <ns3:TrackPointExtension>
            <ns3:atemp>20.0</ns3:atemp>
            <ns3:hr>163</ns3:hr>
            <ns3:cad>90</ns3:cad>
          </ns3:TrackPointExtension>
        </extensions>
      </trkpt>
      <trkpt lat="31.9793395511806011199951171875" lon="118.7748447619378566741943359375">
        <ele>21.3999996185302734375</ele>
        <time>2024-10-23T11:48:55.000Z</time>
        <extensions>
          <ns3:TrackPointExtension>
            <ns3:atemp>20.0</ns3:atemp>
            <ns3:hr>163</ns3:hr>
            <ns3:cad>90</ns3:cad>
          </ns3:TrackPointExtension>
        </extensions>
      </trkpt>
      <trkpt lat="31.9793392159044742584228515625" lon="118.77481986768543720245361328125">
        <ele>21.3999996185302734375</ele>
        <time>2024-10-23T11:48:56.000Z</time>
        <extensions>
          <ns3:TrackPointExtension>
            <ns3:atemp>20.0</ns3:atemp>
            <ns3:hr>163</ns3:hr>
            <ns3:cad>89</ns3:cad>
          </ns3:TrackPointExtension>
        </extensions>
      </trkpt>
      <trkpt lat="31.9793382100760936737060546875" lon="118.7747931294143199920654296875">
        <ele>21.3999996185302734375</ele>
        <time>2024-10-23T11:48:57.000Z</time>
        <extensions>
          <ns3:TrackPointExtension>
            <ns3:atemp>20.0</ns3:atemp>
            <ns3:hr>163</ns3:hr>
            <ns3:cad>89</ns3:cad>
          </ns3:TrackPointExtension>
        </extensions>
      </trkpt>
      <trkpt lat="31.9793368689715862274169921875" lon="118.7747663073241710662841796875">
        <ele>21.3999996185302734375</ele>
        <time>2024-10-23T11:48:58.000Z</time>
        <extensions>
          <ns3:TrackPointExtension>
            <ns3:atemp>20.0</ns3:atemp>
            <ns3:hr>163</ns3:hr>
            <ns3:cad>89</ns3:cad>
          </ns3:TrackPointExtension>
        </extensions>
      </trkpt>
      <trkpt lat="31.9793348573148250579833984375" lon="118.77473353408277034759521484375">
        <ele>21.6000003814697265625</ele>
        <time>2024-10-23T11:48:59.000Z</time>
        <extensions>
          <ns3:TrackPointExtension>
            <ns3:atemp>20.0</ns3:atemp>
            <ns3:hr>163</ns3:hr>
            <ns3:cad>89</ns3:cad>
          </ns3:TrackPointExtension>
        </extensions>
      </trkpt>
      <trkpt lat="31.97933058254420757293701171875" lon="118.774705789983272552490234375">
        <ele>21.6000003814697265625</ele>
        <time>2024-10-23T11:49:00.000Z</time>
        <extensions>
          <ns3:TrackPointExtension>
            <ns3:atemp>20.0</ns3:atemp>
            <ns3:hr>164</ns3:hr>
            <ns3:cad>89</ns3:cad>
          </ns3:TrackPointExtension>
        </extensions>
      </trkpt>
      <trkpt lat="31.9793278165161609649658203125" lon="118.7746767885982990264892578125">
        <ele>21.6000003814697265625</ele>
        <time>2024-10-23T11:49:01.000Z</time>
        <extensions>
          <ns3:TrackPointExtension>
            <ns3:atemp>20.0</ns3:atemp>
            <ns3:hr>164</ns3:hr>
            <ns3:cad>89</ns3:cad>
          </ns3:TrackPointExtension>
        </extensions>
      </trkpt>
      <trkpt lat="31.979322619736194610595703125" lon="118.7746516428887844085693359375">
        <ele>21.6000003814697265625</ele>
        <time>2024-10-23T11:49:02.000Z</time>
        <extensions>
          <ns3:TrackPointExtension>
            <ns3:atemp>20.0</ns3:atemp>
            <ns3:hr>164</ns3:hr>
            <ns3:cad>89</ns3:cad>
          </ns3:TrackPointExtension>
        </extensions>
      </trkpt>
      <trkpt lat="31.97931817732751369476318359375" lon="118.77462171949446201324462890625">
        <ele>21.6000003814697265625</ele>
        <time>2024-10-23T11:49:03.000Z</time>
        <extensions>
          <ns3:TrackPointExtension>
            <ns3:atemp>20.0</ns3:atemp>
            <ns3:hr>164</ns3:hr>
            <ns3:cad>89</ns3:cad>
          </ns3:TrackPointExtension>
        </extensions>
      </trkpt>
      <trkpt lat="31.979309879243373870849609375" lon="118.77459548413753509521484375">
        <ele>21.6000003814697265625</ele>
        <time>2024-10-23T11:49:04.000Z</time>
        <extensions>
          <ns3:TrackPointExtension>
            <ns3:atemp>20.0</ns3:atemp>
            <ns3:hr>164</ns3:hr>
            <ns3:cad>89</ns3:cad>
          </ns3:TrackPointExtension>
        </extensions>
      </trkpt>
      <trkpt lat="31.9793035089969635009765625" lon="118.7745624594390392303466796875">
        <ele>21.6000003814697265625</ele>
        <time>2024-10-23T11:49:05.000Z</time>
        <extensions>
          <ns3:TrackPointExtension>
            <ns3:atemp>20.0</ns3:atemp>
            <ns3:hr>164</ns3:hr>
            <ns3:cad>89</ns3:cad>
          </ns3:TrackPointExtension>
        </extensions>
      </trkpt>
      <trkpt lat="31.97929621674120426177978515625" lon="118.774531781673431396484375">
        <ele>21.6000003814697265625</ele>
        <time>2024-10-23T11:49:06.000Z</time>
        <extensions>
          <ns3:TrackPointExtension>
            <ns3:atemp>20.0</ns3:atemp>
            <ns3:hr>165</ns3:hr>
            <ns3:cad>89</ns3:cad>
          </ns3:TrackPointExtension>
        </extensions>
      </trkpt>
      <trkpt lat="31.97929118759930133819580078125" lon="118.7745007686316967010498046875">
        <ele>21.6000003814697265625</ele>
        <time>2024-10-23T11:49:07.000Z</time>
        <extensions>
          <ns3:TrackPointExtension>
            <ns3:atemp>20.0</ns3:atemp>
            <ns3:hr>165</ns3:hr>
            <ns3:cad>89</ns3:cad>
          </ns3:TrackPointExtension>
        </extensions>
      </trkpt>
      <trkpt lat="31.97928682900965213775634765625" lon="118.77447302453219890594482421875">
        <ele>21.6000003814697265625</ele>
        <time>2024-10-23T11:49:08.000Z</time>
        <extensions>
          <ns3:TrackPointExtension>
            <ns3:atemp>20.0</ns3:atemp>
            <ns3:hr>165</ns3:hr>
            <ns3:cad>89</ns3:cad>
          </ns3:TrackPointExtension>
        </extensions>
      </trkpt>
      <trkpt lat="31.97928272187709808349609375" lon="118.7744431011378765106201171875">
        <ele>21.6000003814697265625</ele>
        <time>2024-10-23T11:49:09.000Z</time>
        <extensions>
          <ns3:TrackPointExtension>
            <ns3:atemp>20.0</ns3:atemp>
            <ns3:hr>165</ns3:hr>
            <ns3:cad>90</ns3:cad>
          </ns3:TrackPointExtension>
        </extensions>
      </trkpt>
      <trkpt lat="31.97927660308778285980224609375" lon="118.7744119204580783843994140625">
        <ele>21.6000003814697265625</ele>
        <time>2024-10-23T11:49:10.000Z</time>
        <extensions>
          <ns3:TrackPointExtension>
            <ns3:atemp>20.0</ns3:atemp>
            <ns3:hr>165</ns3:hr>
            <ns3:cad>90</ns3:cad>
          </ns3:TrackPointExtension>
        </extensions>
      </trkpt>
      <trkpt lat="31.9792708195745944976806640625" lon="118.77438166178762912750244140625">
        <ele>21.799999237060546875</ele>
        <time>2024-10-23T11:49:11.000Z</time>
        <extensions>
          <ns3:TrackPointExtension>
            <ns3:atemp>20.0</ns3:atemp>
            <ns3:hr>165</ns3:hr>
            <ns3:cad>90</ns3:cad>
          </ns3:TrackPointExtension>
        </extensions>
      </trkpt>
      <trkpt lat="31.979261934757232666015625" lon="118.7743552587926387786865234375">
        <ele>21.799999237060546875</ele>
        <time>2024-10-23T11:49:12.000Z</time>
        <extensions>
          <ns3:TrackPointExtension>
            <ns3:atemp>20.0</ns3:atemp>
            <ns3:hr>165</ns3:hr>
            <ns3:cad>90</ns3:cad>
          </ns3:TrackPointExtension>
        </extensions>
      </trkpt>
      <trkpt lat="31.9792547263205051422119140625" lon="118.774322904646396636962890625">
        <ele>21.799999237060546875</ele>
        <time>2024-10-23T11:49:13.000Z</time>
        <extensions>
          <ns3:TrackPointExtension>
            <ns3:atemp>20.0</ns3:atemp>
            <ns3:hr>166</ns3:hr>
            <ns3:cad>89</ns3:cad>
          </ns3:TrackPointExtension>
        </extensions>
      </trkpt>
      <trkpt lat="31.97924793697893619537353515625" lon="118.77429306507110595703125">
        <ele>21.799999237060546875</ele>
        <time>2024-10-23T11:49:14.000Z</time>
        <extensions>
          <ns3:TrackPointExtension>
            <ns3:atemp>20.0</ns3:atemp>
            <ns3:hr>166</ns3:hr>
            <ns3:cad>89</ns3:cad>
          </ns3:TrackPointExtension>
        </extensions>
      </trkpt>
      <trkpt lat="31.979244165122509002685546875" lon="118.77426381222903728485107421875">
        <ele>21.799999237060546875</ele>
        <time>2024-10-23T11:49:15.000Z</time>
        <extensions>
          <ns3:TrackPointExtension>
            <ns3:atemp>20.0</ns3:atemp>
            <ns3:hr>166</ns3:hr>
            <ns3:cad>89</ns3:cad>
          </ns3:TrackPointExtension>
        </extensions>
      </trkpt>
      <trkpt lat="31.97924156673252582550048828125" lon="118.77423581667244434356689453125">
        <ele>21.799999237060546875</ele>
        <time>2024-10-23T11:49:16.000Z</time>
        <extensions>
          <ns3:TrackPointExtension>
            <ns3:atemp>20.0</ns3:atemp>
            <ns3:hr>166</ns3:hr>
            <ns3:cad>89</ns3:cad>
          </ns3:TrackPointExtension>
        </extensions>
      </trkpt>
      <trkpt lat="31.97923921979963779449462890625" lon="118.77420731820166110992431640625">
        <ele>21.799999237060546875</ele>
        <time>2024-10-23T11:49:17.000Z</time>
        <extensions>
          <ns3:TrackPointExtension>
            <ns3:atemp>20.0</ns3:atemp>
            <ns3:hr>166</ns3:hr>
            <ns3:cad>89</ns3:cad>
          </ns3:TrackPointExtension>
        </extensions>
      </trkpt>
      <trkpt lat="31.97923955507576465606689453125" lon="118.7741778977215290069580078125">
        <ele>21.799999237060546875</ele>
        <time>2024-10-23T11:49:18.000Z</time>
        <extensions>
          <ns3:TrackPointExtension>
            <ns3:atemp>20.0</ns3:atemp>
            <ns3:hr>166</ns3:hr>
            <ns3:cad>89</ns3:cad>
          </ns3:TrackPointExtension>
        </extensions>
      </trkpt>
      <trkpt lat="31.97924843989312648773193359375" lon="118.7741490639746189117431640625">
        <ele>21.799999237060546875</ele>
        <time>2024-10-23T11:49:19.000Z</time>
        <extensions>
          <ns3:TrackPointExtension>
            <ns3:atemp>20.0</ns3:atemp>
            <ns3:hr>166</ns3:hr>
            <ns3:cad>89</ns3:cad>
          </ns3:TrackPointExtension>
        </extensions>
      </trkpt>
      <trkpt lat="31.979257576167583465576171875" lon="118.77412970177829265594482421875">
        <ele>21.799999237060546875</ele>
        <time>2024-10-23T11:49:20.000Z</time>
        <extensions>
          <ns3:TrackPointExtension>
            <ns3:atemp>20.0</ns3:atemp>
            <ns3:hr>166</ns3:hr>
            <ns3:cad>89</ns3:cad>
          </ns3:TrackPointExtension>
        </extensions>
      </trkpt>
      <trkpt lat="31.97927073575556278228759765625" lon="118.77411042340099811553955078125">
        <ele>21.799999237060546875</ele>
        <time>2024-10-23T11:49:21.000Z</time>
        <extensions>
          <ns3:TrackPointExtension>
            <ns3:atemp>20.0</ns3:atemp>
            <ns3:hr>166</ns3:hr>
            <ns3:cad>89</ns3:cad>
          </ns3:TrackPointExtension>
        </extensions>
      </trkpt>
      <trkpt lat="31.979286409914493560791015625" lon="118.7740924023091793060302734375">
        <ele>21.799999237060546875</ele>
        <time>2024-10-23T11:49:22.000Z</time>
        <extensions>
          <ns3:TrackPointExtension>
            <ns3:atemp>20.0</ns3:atemp>
            <ns3:hr>166</ns3:hr>
            <ns3:cad>89</ns3:cad>
          </ns3:TrackPointExtension>
        </extensions>
      </trkpt>
      <trkpt lat="31.97929747402667999267578125" lon="118.77407136373221874237060546875">
        <ele>22</ele>
        <time>2024-10-23T11:49:23.000Z</time>
        <extensions>
          <ns3:TrackPointExtension>
            <ns3:atemp>20.0</ns3:atemp>
            <ns3:hr>166</ns3:hr>
            <ns3:cad>88</ns3:cad>
          </ns3:TrackPointExtension>
        </extensions>
      </trkpt>
      <trkpt lat="31.97931046597659587860107421875" lon="118.774043284356594085693359375">
        <ele>22</ele>
        <time>2024-10-23T11:49:24.000Z</time>
        <extensions>
          <ns3:TrackPointExtension>
            <ns3:atemp>20.0</ns3:atemp>
            <ns3:hr>166</ns3:hr>
            <ns3:cad>88</ns3:cad>
          </ns3:TrackPointExtension>
        </extensions>
      </trkpt>
      <trkpt lat="31.97931784205138683319091796875" lon="118.77401612699031829833984375">
        <ele>22.3999996185302734375</ele>
        <time>2024-10-23T11:49:25.000Z</time>
        <extensions>
          <ns3:TrackPointExtension>
            <ns3:atemp>20.0</ns3:atemp>
            <ns3:hr>166</ns3:hr>
            <ns3:cad>88</ns3:cad>
          </ns3:TrackPointExtension>
        </extensions>
      </trkpt>
      <trkpt lat="31.97932018898427486419677734375" lon="118.77398687414824962615966796875">
        <ele>22.6000003814697265625</ele>
        <time>2024-10-23T11:49:26.000Z</time>
        <extensions>
          <ns3:TrackPointExtension>
            <ns3:atemp>20.0</ns3:atemp>
            <ns3:hr>166</ns3:hr>
            <ns3:cad>87</ns3:cad>
          </ns3:TrackPointExtension>
        </extensions>
      </trkpt>
      <trkpt lat="31.9793236255645751953125" lon="118.77395845949649810791015625">
        <ele>22.799999237060546875</ele>
        <time>2024-10-23T11:49:27.000Z</time>
        <extensions>
          <ns3:TrackPointExtension>
            <ns3:atemp>20.0</ns3:atemp>
            <ns3:hr>166</ns3:hr>
            <ns3:cad>87</ns3:cad>
          </ns3:TrackPointExtension>
        </extensions>
      </trkpt>
      <trkpt lat="31.979325972497463226318359375" lon="118.77392585389316082000732421875">
        <ele>22.799999237060546875</ele>
        <time>2024-10-23T11:49:28.000Z</time>
        <extensions>
          <ns3:TrackPointExtension>
            <ns3:atemp>20.0</ns3:atemp>
            <ns3:hr>166</ns3:hr>
            <ns3:cad>88</ns3:cad>
          </ns3:TrackPointExtension>
        </extensions>
      </trkpt>
      <trkpt lat="31.97932655923068523406982421875" lon="118.7738972716033458709716796875">
        <ele>22.799999237060546875</ele>
        <time>2024-10-23T11:49:29.000Z</time>
        <extensions>
          <ns3:TrackPointExtension>
            <ns3:atemp>20.0</ns3:atemp>
            <ns3:hr>166</ns3:hr>
            <ns3:cad>88</ns3:cad>
          </ns3:TrackPointExtension>
        </extensions>
      </trkpt>
      <trkpt lat="31.97932387702167034149169921875" lon="118.77386868931353092193603515625">
        <ele>22.799999237060546875</ele>
        <time>2024-10-23T11:49:30.000Z</time>
        <extensions>
          <ns3:TrackPointExtension>
            <ns3:atemp>20.0</ns3:atemp>
            <ns3:hr>166</ns3:hr>
            <ns3:cad>88</ns3:cad>
          </ns3:TrackPointExtension>
        </extensions>
      </trkpt>
      <trkpt lat="31.97932303883135318756103515625" lon="118.7738369219005107879638671875">
        <ele>22.799999237060546875</ele>
        <time>2024-10-23T11:49:31.000Z</time>
        <extensions>
          <ns3:TrackPointExtension>
            <ns3:atemp>20.0</ns3:atemp>
            <ns3:hr>166</ns3:hr>
            <ns3:cad>89</ns3:cad>
          </ns3:TrackPointExtension>
        </extensions>
      </trkpt>
      <trkpt lat="31.97931784205138683319091796875" lon="118.77380331046879291534423828125">
        <ele>22.799999237060546875</ele>
        <time>2024-10-23T11:49:32.000Z</time>
        <extensions>
          <ns3:TrackPointExtension>
            <ns3:atemp>20.0</ns3:atemp>
            <ns3:hr>166</ns3:hr>
            <ns3:cad>89</ns3:cad>
          </ns3:TrackPointExtension>
        </extensions>
      </trkpt>
      <trkpt lat="31.97931549511849880218505859375" lon="118.7737752310931682586669921875">
        <ele>23</ele>
        <time>2024-10-23T11:49:33.000Z</time>
        <extensions>
          <ns3:TrackPointExtension>
            <ns3:atemp>20.0</ns3:atemp>
            <ns3:hr>166</ns3:hr>
            <ns3:cad>89</ns3:cad>
          </ns3:TrackPointExtension>
        </extensions>
      </trkpt>
      <trkpt lat="31.97931130416691303253173828125" lon="118.77375016920268535614013671875">
        <ele>23</ele>
        <time>2024-10-23T11:49:34.000Z</time>
        <extensions>
          <ns3:TrackPointExtension>
            <ns3:atemp>20.0</ns3:atemp>
            <ns3:hr>165</ns3:hr>
            <ns3:cad>90</ns3:cad>
          </ns3:TrackPointExtension>
        </extensions>
      </trkpt>
      <trkpt lat="31.9793093763291835784912109375" lon="118.77372502349317073822021484375">
        <ele>23</ele>
        <time>2024-10-23T11:49:35.000Z</time>
        <extensions>
          <ns3:TrackPointExtension>
            <ns3:atemp>20.0</ns3:atemp>
            <ns3:hr>165</ns3:hr>
            <ns3:cad>90</ns3:cad>
          </ns3:TrackPointExtension>
        </extensions>
      </trkpt>
      <trkpt lat="31.97930753231048583984375" lon="118.7736951000988483428955078125">
        <ele>23</ele>
        <time>2024-10-23T11:49:36.000Z</time>
        <extensions>
          <ns3:TrackPointExtension>
            <ns3:atemp>20.0</ns3:atemp>
            <ns3:hr>165</ns3:hr>
            <ns3:cad>90</ns3:cad>
          </ns3:TrackPointExtension>
        </extensions>
      </trkpt>
      <trkpt lat="31.97930510155856609344482421875" lon="118.773662745952606201171875">
        <ele>23</ele>
        <time>2024-10-23T11:49:37.000Z</time>
        <extensions>
          <ns3:TrackPointExtension>
            <ns3:atemp>20.0</ns3:atemp>
            <ns3:hr>165</ns3:hr>
            <ns3:cad>90</ns3:cad>
          </ns3:TrackPointExtension>
        </extensions>
      </trkpt>
      <trkpt lat="31.9793030060827732086181640625" lon="118.77363122999668121337890625">
        <ele>23</ele>
        <time>2024-10-23T11:49:38.000Z</time>
        <extensions>
          <ns3:TrackPointExtension>
            <ns3:atemp>20.0</ns3:atemp>
            <ns3:hr>165</ns3:hr>
            <ns3:cad>92</ns3:cad>
          </ns3:TrackPointExtension>
        </extensions>
      </trkpt>
      <trkpt lat="31.9793009944260120391845703125" lon="118.77360113896429538726806640625">
        <ele>23</ele>
        <time>2024-10-23T11:49:39.000Z</time>
        <extensions>
          <ns3:TrackPointExtension>
            <ns3:atemp>20.0</ns3:atemp>
            <ns3:hr>165</ns3:hr>
            <ns3:cad>92</ns3:cad>
          </ns3:TrackPointExtension>
        </extensions>
      </trkpt>
      <trkpt lat="31.979299485683441162109375" lon="118.77357264049351215362548828125">
        <ele>23</ele>
        <time>2024-10-23T11:49:40.000Z</time>
        <extensions>
          <ns3:TrackPointExtension>
            <ns3:atemp>20.0</ns3:atemp>
            <ns3:hr>164</ns3:hr>
            <ns3:cad>92</ns3:cad>
          </ns3:TrackPointExtension>
        </extensions>
      </trkpt>
      <trkpt lat="31.9792993180453777313232421875" lon="118.77354498021304607391357421875">
        <ele>23</ele>
        <time>2024-10-23T11:49:41.000Z</time>
        <extensions>
          <ns3:TrackPointExtension>
            <ns3:atemp>20.0</ns3:atemp>
            <ns3:hr>164</ns3:hr>
            <ns3:cad>92</ns3:cad>
          </ns3:TrackPointExtension>
        </extensions>
      </trkpt>
      <trkpt lat="31.979297809302806854248046875" lon="118.77351782284677028656005859375">
        <ele>23</ele>
        <time>2024-10-23T11:49:42.000Z</time>
        <extensions>
          <ns3:TrackPointExtension>
            <ns3:atemp>20.0</ns3:atemp>
            <ns3:hr>164</ns3:hr>
            <ns3:cad>92</ns3:cad>
          </ns3:TrackPointExtension>
        </extensions>
      </trkpt>
      <trkpt lat="31.9792963005602359771728515625" lon="118.773488737642765045166015625">
        <ele>23</ele>
        <time>2024-10-23T11:49:43.000Z</time>
        <extensions>
          <ns3:TrackPointExtension>
            <ns3:atemp>20.0</ns3:atemp>
            <ns3:hr>164</ns3:hr>
            <ns3:cad>92</ns3:cad>
          </ns3:TrackPointExtension>
        </extensions>
      </trkpt>
      <trkpt lat="31.97929252870380878448486328125" lon="118.77346082590520381927490234375">
        <ele>23.200000762939453125</ele>
        <time>2024-10-23T11:49:44.000Z</time>
        <extensions>
          <ns3:TrackPointExtension>
            <ns3:atemp>20.0</ns3:atemp>
            <ns3:hr>165</ns3:hr>
            <ns3:cad>91</ns3:cad>
          </ns3:TrackPointExtension>
        </extensions>
      </trkpt>
      <trkpt lat="31.97929068468511104583740234375" lon="118.77343400381505489349365234375">
        <ele>23.200000762939453125</ele>
        <time>2024-10-23T11:49:45.000Z</time>
        <extensions>
          <ns3:TrackPointExtension>
            <ns3:atemp>20.0</ns3:atemp>
            <ns3:hr>165</ns3:hr>
            <ns3:cad>90</ns3:cad>
          </ns3:TrackPointExtension>
        </extensions>
      </trkpt>
      <trkpt lat="31.97928464971482753753662109375" lon="118.77341170795261859893798828125">
        <ele>23.200000762939453125</ele>
        <time>2024-10-23T11:49:46.000Z</time>
        <extensions>
          <ns3:TrackPointExtension>
            <ns3:atemp>20.0</ns3:atemp>
            <ns3:hr>165</ns3:hr>
            <ns3:cad>90</ns3:cad>
          </ns3:TrackPointExtension>
        </extensions>
      </trkpt>
      <trkpt lat="31.97928062640130519866943359375" lon="118.77338580787181854248046875">
        <ele>23.200000762939453125</ele>
        <time>2024-10-23T11:49:47.000Z</time>
        <extensions>
          <ns3:TrackPointExtension>
            <ns3:atemp>20.0</ns3:atemp>
            <ns3:hr>165</ns3:hr>
            <ns3:cad>90</ns3:cad>
          </ns3:TrackPointExtension>
        </extensions>
      </trkpt>
      <trkpt lat="31.97927735745906829833984375" lon="118.77336175180971622467041015625">
        <ele>23.200000762939453125</ele>
        <time>2024-10-23T11:49:48.000Z</time>
        <extensions>
          <ns3:TrackPointExtension>
            <ns3:atemp>20.0</ns3:atemp>
            <ns3:hr>165</ns3:hr>
            <ns3:cad>90</ns3:cad>
          </ns3:TrackPointExtension>
        </extensions>
      </trkpt>
      <trkpt lat="31.9792751781642436981201171875" lon="118.773329816758632659912109375">
        <ele>23.200000762939453125</ele>
        <time>2024-10-23T11:49:49.000Z</time>
        <extensions>
          <ns3:TrackPointExtension>
            <ns3:atemp>20.0</ns3:atemp>
            <ns3:hr>165</ns3:hr>
            <ns3:cad>90</ns3:cad>
          </ns3:TrackPointExtension>
        </extensions>
      </trkpt>
      <trkpt lat="31.9792751781642436981201171875" lon="118.77329821698367595672607421875">
        <ele>23.200000762939453125</ele>
        <time>2024-10-23T11:49:50.000Z</time>
        <extensions>
          <ns3:TrackPointExtension>
            <ns3:atemp>20.0</ns3:atemp>
            <ns3:hr>166</ns3:hr>
            <ns3:cad>90</ns3:cad>
          </ns3:TrackPointExtension>
        </extensions>
      </trkpt>
      <trkpt lat="31.9792740046977996826171875" lon="118.7732656113803386688232421875">
        <ele>23.3999996185302734375</ele>
        <time>2024-10-23T11:49:51.000Z</time>
        <extensions>
          <ns3:TrackPointExtension>
            <ns3:atemp>20.0</ns3:atemp>
            <ns3:hr>166</ns3:hr>
            <ns3:cad>90</ns3:cad>
          </ns3:TrackPointExtension>
        </extensions>
      </trkpt>
      <trkpt lat="31.97927333414554595947265625" lon="118.773233927786350250244140625">
        <ele>23.3999996185302734375</ele>
        <time>2024-10-23T11:49:52.000Z</time>
        <extensions>
          <ns3:TrackPointExtension>
            <ns3:atemp>20.0</ns3:atemp>
            <ns3:hr>166</ns3:hr>
            <ns3:cad>92</ns3:cad>
          </ns3:TrackPointExtension>
        </extensions>
      </trkpt>
      <trkpt lat="31.9792735017836093902587890625" lon="118.77319939434528350830078125">
        <ele>23.3999996185302734375</ele>
        <time>2024-10-23T11:49:53.000Z</time>
        <extensions>
          <ns3:TrackPointExtension>
            <ns3:atemp>20.0</ns3:atemp>
            <ns3:hr>166</ns3:hr>
            <ns3:cad>92</ns3:cad>
          </ns3:TrackPointExtension>
        </extensions>
      </trkpt>
      <trkpt lat="31.979270987212657928466796875" lon="118.773166872560977935791015625">
        <ele>23.3999996185302734375</ele>
        <time>2024-10-23T11:49:54.000Z</time>
        <extensions>
          <ns3:TrackPointExtension>
            <ns3:atemp>20.0</ns3:atemp>
            <ns3:hr>166</ns3:hr>
            <ns3:cad>92</ns3:cad>
          </ns3:TrackPointExtension>
        </extensions>
      </trkpt>
      <trkpt lat="31.9792681373655796051025390625" lon="118.77313435077667236328125">
        <ele>23.3999996185302734375</ele>
        <time>2024-10-23T11:49:55.000Z</time>
        <extensions>
          <ns3:TrackPointExtension>
            <ns3:atemp>20.0</ns3:atemp>
            <ns3:hr>166</ns3:hr>
            <ns3:cad>92</ns3:cad>
          </ns3:TrackPointExtension>
        </extensions>
      </trkpt>
      <trkpt lat="31.97926268912851810455322265625" lon="118.77310727722942829132080078125">
        <ele>23.6000003814697265625</ele>
        <time>2024-10-23T11:49:56.000Z</time>
        <extensions>
          <ns3:TrackPointExtension>
            <ns3:atemp>20.0</ns3:atemp>
            <ns3:hr>166</ns3:hr>
            <ns3:cad>92</ns3:cad>
          </ns3:TrackPointExtension>
        </extensions>
      </trkpt>
      <trkpt lat="31.9792493619024753570556640625" lon="118.77308263443410396575927734375">
        <ele>23.6000003814697265625</ele>
        <time>2024-10-23T11:49:57.000Z</time>
        <extensions>
          <ns3:TrackPointExtension>
            <ns3:atemp>20.0</ns3:atemp>
            <ns3:hr>166</ns3:hr>
            <ns3:cad>92</ns3:cad>
          </ns3:TrackPointExtension>
        </extensions>
      </trkpt>
      <trkpt lat="31.97923234663903713226318359375" lon="118.77306218259036540985107421875">
        <ele>23.6000003814697265625</ele>
        <time>2024-10-23T11:49:58.000Z</time>
        <extensions>
          <ns3:TrackPointExtension>
            <ns3:atemp>20.0</ns3:atemp>
            <ns3:hr>166</ns3:hr>
            <ns3:cad>91</ns3:cad>
          </ns3:TrackPointExtension>
        </extensions>
      </trkpt>
      <trkpt lat="31.97920988313853740692138671875" lon="118.77304022200405597686767578125">
        <ele>23.6000003814697265625</ele>
        <time>2024-10-23T11:49:59.000Z</time>
        <extensions>
          <ns3:TrackPointExtension>
            <ns3:atemp>20.0</ns3:atemp>
            <ns3:hr>166</ns3:hr>
            <ns3:cad>91</ns3:cad>
          </ns3:TrackPointExtension>
        </extensions>
      </trkpt>
      <trkpt lat="31.97918951511383056640625" lon="118.7730161659419536590576171875">
        <ele>23.3999996185302734375</ele>
        <time>2024-10-23T11:50:00.000Z</time>
        <extensions>
          <ns3:TrackPointExtension>
            <ns3:atemp>20.0</ns3:atemp>
            <ns3:hr>166</ns3:hr>
            <ns3:cad>92</ns3:cad>
          </ns3:TrackPointExtension>
        </extensions>
      </trkpt>
      <trkpt lat="31.97917275130748748779296875" lon="118.77298993058502674102783203125">
        <ele>23.200000762939453125</ele>
        <time>2024-10-23T11:50:01.000Z</time>
        <extensions>
          <ns3:TrackPointExtension>
            <ns3:atemp>20.0</ns3:atemp>
            <ns3:hr>166</ns3:hr>
            <ns3:cad>92</ns3:cad>
          </ns3:TrackPointExtension>
        </extensions>
      </trkpt>
      <trkpt lat="31.97916177101433277130126953125" lon="118.77296377904713153839111328125">
        <ele>22.799999237060546875</ele>
        <time>2024-10-23T11:50:02.000Z</time>
        <extensions>
          <ns3:TrackPointExtension>
            <ns3:atemp>20.0</ns3:atemp>
            <ns3:hr>166</ns3:hr>
            <ns3:cad>90</ns3:cad>
          </ns3:TrackPointExtension>
        </extensions>
      </trkpt>
      <trkpt lat="31.979154311120510101318359375" lon="118.7729330174624919891357421875">
        <ele>22.799999237060546875</ele>
        <time>2024-10-23T11:50:03.000Z</time>
        <extensions>
          <ns3:TrackPointExtension>
            <ns3:atemp>20.0</ns3:atemp>
            <ns3:hr>166</ns3:hr>
            <ns3:cad>90</ns3:cad>
          </ns3:TrackPointExtension>
        </extensions>
      </trkpt>
      <trkpt lat="31.9791484437882900238037109375" lon="118.77290175296366214752197265625">
        <ele>22.799999237060546875</ele>
        <time>2024-10-23T11:50:04.000Z</time>
        <extensions>
          <ns3:TrackPointExtension>
            <ns3:atemp>20.0</ns3:atemp>
            <ns3:hr>166</ns3:hr>
            <ns3:cad>91</ns3:cad>
          </ns3:TrackPointExtension>
        </extensions>
      </trkpt>
      <trkpt lat="31.97914324700832366943359375" lon="118.772874511778354644775390625">
        <ele>22.799999237060546875</ele>
        <time>2024-10-23T11:50:05.000Z</time>
        <extensions>
          <ns3:TrackPointExtension>
            <ns3:atemp>20.0</ns3:atemp>
            <ns3:hr>166</ns3:hr>
            <ns3:cad>91</ns3:cad>
          </ns3:TrackPointExtension>
        </extensions>
      </trkpt>
      <trkpt lat="31.97914031334221363067626953125" lon="118.77284458838403224945068359375">
        <ele>22.799999237060546875</ele>
        <time>2024-10-23T11:50:06.000Z</time>
        <extensions>
          <ns3:TrackPointExtension>
            <ns3:atemp>20.0</ns3:atemp>
            <ns3:hr>166</ns3:hr>
            <ns3:cad>91</ns3:cad>
          </ns3:TrackPointExtension>
        </extensions>
      </trkpt>
      <trkpt lat="31.97913746349513530731201171875" lon="118.77281290479004383087158203125">
        <ele>22.799999237060546875</ele>
        <time>2024-10-23T11:50:07.000Z</time>
        <extensions>
          <ns3:TrackPointExtension>
            <ns3:atemp>20.0</ns3:atemp>
            <ns3:hr>166</ns3:hr>
            <ns3:cad>92</ns3:cad>
          </ns3:TrackPointExtension>
        </extensions>
      </trkpt>
      <trkpt lat="31.979133524000644683837890625" lon="118.77277920953929424285888671875">
        <ele>22.799999237060546875</ele>
        <time>2024-10-23T11:50:08.000Z</time>
        <extensions>
          <ns3:TrackPointExtension>
            <ns3:atemp>20.0</ns3:atemp>
            <ns3:hr>165</ns3:hr>
            <ns3:cad>92</ns3:cad>
          </ns3:TrackPointExtension>
        </extensions>
      </trkpt>
      <trkpt lat="31.97912673465907573699951171875" lon="118.77274568192660808563232421875">
        <ele>22.799999237060546875</ele>
        <time>2024-10-23T11:50:09.000Z</time>
        <extensions>
          <ns3:TrackPointExtension>
            <ns3:atemp>20.0</ns3:atemp>
            <ns3:hr>165</ns3:hr>
            <ns3:cad>92</ns3:cad>
          </ns3:TrackPointExtension>
        </extensions>
      </trkpt>
      <trkpt lat="31.97912388481199741363525390625" lon="118.7727167643606662750244140625">
        <ele>22.799999237060546875</ele>
        <time>2024-10-23T11:50:10.000Z</time>
        <extensions>
          <ns3:TrackPointExtension>
            <ns3:atemp>20.0</ns3:atemp>
            <ns3:hr>164</ns3:hr>
            <ns3:cad>92</ns3:cad>
          </ns3:TrackPointExtension>
        </extensions>
      </trkpt>
      <trkpt lat="31.9791172631084918975830078125" lon="118.77268449403345584869384765625">
        <ele>22.799999237060546875</ele>
        <time>2024-10-23T11:50:11.000Z</time>
        <extensions>
          <ns3:TrackPointExtension>
            <ns3:atemp>20.0</ns3:atemp>
            <ns3:hr>164</ns3:hr>
            <ns3:cad>92</ns3:cad>
          </ns3:TrackPointExtension>
        </extensions>
      </trkpt>
      <trkpt lat="31.97911315597593784332275390625" lon="118.772653900086879730224609375">
        <ele>23</ele>
        <time>2024-10-23T11:50:12.000Z</time>
        <extensions>
          <ns3:TrackPointExtension>
            <ns3:atemp>20.0</ns3:atemp>
            <ns3:hr>164</ns3:hr>
            <ns3:cad>92</ns3:cad>
          </ns3:TrackPointExtension>
        </extensions>
      </trkpt>
      <trkpt lat="31.97911147959530353546142578125" lon="118.77261995337903499603271484375">
        <ele>23</ele>
        <time>2024-10-23T11:50:13.000Z</time>
        <extensions>
          <ns3:TrackPointExtension>
            <ns3:atemp>20.0</ns3:atemp>
            <ns3:hr>164</ns3:hr>
            <ns3:cad>90</ns3:cad>
          </ns3:TrackPointExtension>
        </extensions>
      </trkpt>
      <trkpt lat="31.9791118986904621124267578125" lon="118.7725839950144290924072265625">
        <ele>23</ele>
        <time>2024-10-23T11:50:14.000Z</time>
        <extensions>
          <ns3:TrackPointExtension>
            <ns3:atemp>20.0</ns3:atemp>
            <ns3:hr>164</ns3:hr>
            <ns3:cad>90</ns3:cad>
          </ns3:TrackPointExtension>
        </extensions>
      </trkpt>
      <trkpt lat="31.979111731052398681640625" lon="118.77255105413496494293212890625">
        <ele>23</ele>
        <time>2024-10-23T11:50:15.000Z</time>
        <extensions>
          <ns3:TrackPointExtension>
            <ns3:atemp>20.0</ns3:atemp>
            <ns3:hr>164</ns3:hr>
            <ns3:cad>89</ns3:cad>
          </ns3:TrackPointExtension>
        </extensions>
      </trkpt>
      <trkpt lat="31.97911349125206470489501953125" lon="118.77252079546451568603515625">
        <ele>23</ele>
        <time>2024-10-23T11:50:16.000Z</time>
        <extensions>
          <ns3:TrackPointExtension>
            <ns3:atemp>20.0</ns3:atemp>
            <ns3:hr>164</ns3:hr>
            <ns3:cad>88</ns3:cad>
          </ns3:TrackPointExtension>
        </extensions>
      </trkpt>
      <trkpt lat="31.97911634109914302825927734375" lon="118.772490285336971282958984375">
        <ele>23</ele>
        <time>2024-10-23T11:50:17.000Z</time>
        <extensions>
          <ns3:TrackPointExtension>
            <ns3:atemp>20.0</ns3:atemp>
            <ns3:hr>164</ns3:hr>
            <ns3:cad>88</ns3:cad>
          </ns3:TrackPointExtension>
        </extensions>
      </trkpt>
      <trkpt lat="31.9791182689368724822998046875" lon="118.7724619545042514801025390625">
        <ele>23</ele>
        <time>2024-10-23T11:50:18.000Z</time>
        <extensions>
          <ns3:TrackPointExtension>
            <ns3:atemp>20.0</ns3:atemp>
            <ns3:hr>164</ns3:hr>
            <ns3:cad>88</ns3:cad>
          </ns3:TrackPointExtension>
        </extensions>
      </trkpt>
      <trkpt lat="31.979121454060077667236328125" lon="118.77243353985249996185302734375">
        <ele>23.200000762939453125</ele>
        <time>2024-10-23T11:50:19.000Z</time>
        <extensions>
          <ns3:TrackPointExtension>
            <ns3:atemp>20.0</ns3:atemp>
            <ns3:hr>164</ns3:hr>
            <ns3:cad>88</ns3:cad>
          </ns3:TrackPointExtension>
        </extensions>
      </trkpt>
      <trkpt lat="31.97912505827844142913818359375" lon="118.7724066339433193206787109375">
        <ele>23.200000762939453125</ele>
        <time>2024-10-23T11:50:20.000Z</time>
        <extensions>
          <ns3:TrackPointExtension>
            <ns3:atemp>20.0</ns3:atemp>
            <ns3:hr>164</ns3:hr>
            <ns3:cad>88</ns3:cad>
          </ns3:TrackPointExtension>
        </extensions>
      </trkpt>
      <trkpt lat="31.97912857867777347564697265625" lon="118.77237872220575809478759765625">
        <ele>23.200000762939453125</ele>
        <time>2024-10-23T11:50:21.000Z</time>
        <extensions>
          <ns3:TrackPointExtension>
            <ns3:atemp>20.0</ns3:atemp>
            <ns3:hr>164</ns3:hr>
            <ns3:cad>88</ns3:cad>
          </ns3:TrackPointExtension>
        </extensions>
      </trkpt>
      <trkpt lat="31.9791333563625812530517578125" lon="118.77235022373497486114501953125">
        <ele>23.200000762939453125</ele>
        <time>2024-10-23T11:50:22.000Z</time>
        <extensions>
          <ns3:TrackPointExtension>
            <ns3:atemp>20.0</ns3:atemp>
            <ns3:hr>164</ns3:hr>
            <ns3:cad>88</ns3:cad>
          </ns3:TrackPointExtension>
        </extensions>
      </trkpt>
      <trkpt lat="31.97913712821900844573974609375" lon="118.772318623960018157958984375">
        <ele>23.3999996185302734375</ele>
        <time>2024-10-23T11:50:23.000Z</time>
        <extensions>
          <ns3:TrackPointExtension>
            <ns3:atemp>20.0</ns3:atemp>
            <ns3:hr>164</ns3:hr>
            <ns3:cad>89</ns3:cad>
          </ns3:TrackPointExtension>
        </extensions>
      </trkpt>
      <trkpt lat="31.9791403971612453460693359375" lon="118.77229155041277408599853515625">
        <ele>23.3999996185302734375</ele>
        <time>2024-10-23T11:50:24.000Z</time>
        <extensions>
          <ns3:TrackPointExtension>
            <ns3:atemp>20.0</ns3:atemp>
            <ns3:hr>164</ns3:hr>
            <ns3:cad>89</ns3:cad>
          </ns3:TrackPointExtension>
        </extensions>
      </trkpt>
      <trkpt lat="31.9791434146463871002197265625" lon="118.77225953154265880584716796875">
        <ele>23.3999996185302734375</ele>
        <time>2024-10-23T11:50:25.000Z</time>
        <extensions>
          <ns3:TrackPointExtension>
            <ns3:atemp>20.0</ns3:atemp>
            <ns3:hr>164</ns3:hr>
            <ns3:cad>89</ns3:cad>
          </ns3:TrackPointExtension>
        </extensions>
      </trkpt>
      <trkpt lat="31.979144923388957977294921875" lon="118.77222918905317783355712890625">
        <ele>23.3999996185302734375</ele>
        <time>2024-10-23T11:50:26.000Z</time>
        <extensions>
          <ns3:TrackPointExtension>
            <ns3:atemp>20.0</ns3:atemp>
            <ns3:hr>164</ns3:hr>
            <ns3:cad>89</ns3:cad>
          </ns3:TrackPointExtension>
        </extensions>
      </trkpt>
      <trkpt lat="31.979148276150226593017578125" lon="118.77219599671661853790283203125">
        <ele>23.3999996185302734375</ele>
        <time>2024-10-23T11:50:27.000Z</time>
        <extensions>
          <ns3:TrackPointExtension>
            <ns3:atemp>20.0</ns3:atemp>
            <ns3:hr>164</ns3:hr>
            <ns3:cad>89</ns3:cad>
          </ns3:TrackPointExtension>
        </extensions>
      </trkpt>
      <trkpt lat="31.97915020398795604705810546875" lon="118.7721665762364864349365234375">
        <ele>23.3999996185302734375</ele>
        <time>2024-10-23T11:50:28.000Z</time>
        <extensions>
          <ns3:TrackPointExtension>
            <ns3:atemp>20.0</ns3:atemp>
            <ns3:hr>165</ns3:hr>
            <ns3:cad>89</ns3:cad>
          </ns3:TrackPointExtension>
        </extensions>
      </trkpt>
      <trkpt lat="31.9791519641876220703125" lon="118.7721370719373226165771484375">
        <ele>23.6000003814697265625</ele>
        <time>2024-10-23T11:50:29.000Z</time>
        <extensions>
          <ns3:TrackPointExtension>
            <ns3:atemp>20.0</ns3:atemp>
            <ns3:hr>165</ns3:hr>
            <ns3:cad>88</ns3:cad>
          </ns3:TrackPointExtension>
        </extensions>
      </trkpt>
      <trkpt lat="31.97915338911116123199462890625" lon="118.7721122615039348602294921875">
        <ele>23.6000003814697265625</ele>
        <time>2024-10-23T11:50:30.000Z</time>
        <extensions>
          <ns3:TrackPointExtension>
            <ns3:atemp>20.0</ns3:atemp>
            <ns3:hr>165</ns3:hr>
            <ns3:cad>88</ns3:cad>
          </ns3:TrackPointExtension>
        </extensions>
      </trkpt>
      <trkpt lat="31.97915892116725444793701171875" lon="118.7720871157944202423095703125">
        <ele>23.6000003814697265625</ele>
        <time>2024-10-23T11:50:31.000Z</time>
        <extensions>
          <ns3:TrackPointExtension>
            <ns3:atemp>20.0</ns3:atemp>
            <ns3:hr>165</ns3:hr>
            <ns3:cad>89</ns3:cad>
          </ns3:TrackPointExtension>
        </extensions>
      </trkpt>
      <trkpt lat="31.979161687195301055908203125" lon="118.77207043580710887908935546875">
        <ele>23.6000003814697265625</ele>
        <time>2024-10-23T11:50:32.000Z</time>
        <extensions>
          <ns3:TrackPointExtension>
            <ns3:atemp>20.0</ns3:atemp>
            <ns3:hr>165</ns3:hr>
            <ns3:cad>89</ns3:cad>
          </ns3:TrackPointExtension>
        </extensions>
      </trkpt>
      <trkpt lat="31.97917166166007518768310546875" lon="118.77204998396337032318115234375">
        <ele>23.799999237060546875</ele>
        <time>2024-10-23T11:50:33.000Z</time>
        <extensions>
          <ns3:TrackPointExtension>
            <ns3:atemp>20.0</ns3:atemp>
            <ns3:hr>165</ns3:hr>
            <ns3:cad>89</ns3:cad>
          </ns3:TrackPointExtension>
        </extensions>
      </trkpt>
      <trkpt lat="31.97918356396257877349853515625" lon="118.772026933729648590087890625">
        <ele>23.799999237060546875</ele>
        <time>2024-10-23T11:50:34.000Z</time>
        <extensions>
          <ns3:TrackPointExtension>
            <ns3:atemp>20.0</ns3:atemp>
            <ns3:hr>165</ns3:hr>
            <ns3:cad>89</ns3:cad>
          </ns3:TrackPointExtension>
        </extensions>
      </trkpt>
      <trkpt lat="31.97919311933219432830810546875" lon="118.77200338058173656463623046875">
        <ele>23.799999237060546875</ele>
        <time>2024-10-23T11:50:35.000Z</time>
        <extensions>
          <ns3:TrackPointExtension>
            <ns3:atemp>20.0</ns3:atemp>
            <ns3:hr>165</ns3:hr>
            <ns3:cad>88</ns3:cad>
          </ns3:TrackPointExtension>
        </extensions>
      </trkpt>
      <trkpt lat="31.97920116595923900604248046875" lon="118.7719771452248096466064453125">
        <ele>24</ele>
        <time>2024-10-23T11:50:36.000Z</time>
        <extensions>
          <ns3:TrackPointExtension>
            <ns3:atemp>20.0</ns3:atemp>
            <ns3:hr>164</ns3:hr>
            <ns3:cad>88</ns3:cad>
          </ns3:TrackPointExtension>
        </extensions>
      </trkpt>
      <trkpt lat="31.97920535691082477569580078125" lon="118.771951831877231597900390625">
        <ele>24</ele>
        <time>2024-10-23T11:50:37.000Z</time>
        <extensions>
          <ns3:TrackPointExtension>
            <ns3:atemp>20.0</ns3:atemp>
            <ns3:hr>164</ns3:hr>
            <ns3:cad>89</ns3:cad>
          </ns3:TrackPointExtension>
        </extensions>
      </trkpt>
      <trkpt lat="31.97920401580631732940673828125" lon="118.77192928455770015716552734375">
        <ele>24.200000762939453125</ele>
        <time>2024-10-23T11:50:38.000Z</time>
        <extensions>
          <ns3:TrackPointExtension>
            <ns3:atemp>19.0</ns3:atemp>
            <ns3:hr>164</ns3:hr>
            <ns3:cad>89</ns3:cad>
          </ns3:TrackPointExtension>
        </extensions>
      </trkpt>
      <trkpt lat="31.97920468635857105255126953125" lon="118.771897517144680023193359375">
        <ele>24.3999996185302734375</ele>
        <time>2024-10-23T11:50:39.000Z</time>
        <extensions>
          <ns3:TrackPointExtension>
            <ns3:atemp>20.0</ns3:atemp>
            <ns3:hr>164</ns3:hr>
            <ns3:cad>89</ns3:cad>
          </ns3:TrackPointExtension>
        </extensions>
      </trkpt>
      <trkpt lat="31.979206614196300506591796875" lon="118.77186994068324565887451171875">
        <ele>24.3999996185302734375</ele>
        <time>2024-10-23T11:50:40.000Z</time>
        <extensions>
          <ns3:TrackPointExtension>
            <ns3:atemp>20.0</ns3:atemp>
            <ns3:hr>164</ns3:hr>
            <ns3:cad>88</ns3:cad>
          </ns3:TrackPointExtension>
        </extensions>
      </trkpt>
      <trkpt lat="31.97921088896691799163818359375" lon="118.7718396820127964019775390625">
        <ele>24.3999996185302734375</ele>
        <time>2024-10-23T11:50:41.000Z</time>
        <extensions>
          <ns3:TrackPointExtension>
            <ns3:atemp>20.0</ns3:atemp>
            <ns3:hr>164</ns3:hr>
            <ns3:cad>88</ns3:cad>
          </ns3:TrackPointExtension>
        </extensions>
      </trkpt>
      <trkpt lat="31.97921189479529857635498046875" lon="118.771809674799442291259765625">
        <ele>24.3999996185302734375</ele>
        <time>2024-10-23T11:50:42.000Z</time>
        <extensions>
          <ns3:TrackPointExtension>
            <ns3:atemp>19.0</ns3:atemp>
            <ns3:hr>164</ns3:hr>
            <ns3:cad>88</ns3:cad>
          </ns3:TrackPointExtension>
        </extensions>
      </trkpt>
      <trkpt lat="31.97921256534755229949951171875" lon="118.77177958376705646514892578125">
        <ele>24.6000003814697265625</ele>
        <time>2024-10-23T11:50:43.000Z</time>
        <extensions>
          <ns3:TrackPointExtension>
            <ns3:atemp>20.0</ns3:atemp>
            <ns3:hr>164</ns3:hr>
            <ns3:cad>89</ns3:cad>
          </ns3:TrackPointExtension>
        </extensions>
      </trkpt>
      <trkpt lat="31.97921298444271087646484375" lon="118.7717501632869243621826171875">
        <ele>24.6000003814697265625</ele>
        <time>2024-10-23T11:50:44.000Z</time>
        <extensions>
          <ns3:TrackPointExtension>
            <ns3:atemp>19.0</ns3:atemp>
            <ns3:hr>163</ns3:hr>
            <ns3:cad>89</ns3:cad>
          </ns3:TrackPointExtension>
        </extensions>
      </trkpt>
      <trkpt lat="31.9792118109762668609619140625" lon="118.77171772532165050506591796875">
        <ele>24.6000003814697265625</ele>
        <time>2024-10-23T11:50:45.000Z</time>
        <extensions>
          <ns3:TrackPointExtension>
            <ns3:atemp>20.0</ns3:atemp>
            <ns3:hr>163</ns3:hr>
            <ns3:cad>90</ns3:cad>
          </ns3:TrackPointExtension>
        </extensions>
      </trkpt>
      <trkpt lat="31.9792096316814422607421875" lon="118.77169425599277019500732421875">
        <ele>24.6000003814697265625</ele>
        <time>2024-10-23T11:50:46.000Z</time>
        <extensions>
          <ns3:TrackPointExtension>
            <ns3:atemp>19.0</ns3:atemp>
            <ns3:hr>164</ns3:hr>
            <ns3:cad>90</ns3:cad>
          </ns3:TrackPointExtension>
        </extensions>
      </trkpt>
      <trkpt lat="31.9792064465582370758056640625" lon="118.77166709862649440765380859375">
        <ele>24.6000003814697265625</ele>
        <time>2024-10-23T11:50:47.000Z</time>
        <extensions>
          <ns3:TrackPointExtension>
            <ns3:atemp>19.0</ns3:atemp>
            <ns3:hr>164</ns3:hr>
            <ns3:cad>90</ns3:cad>
          </ns3:TrackPointExtension>
        </extensions>
      </trkpt>
      <trkpt lat="31.9792014174163341522216796875" lon="118.77164103090763092041015625">
        <ele>24.6000003814697265625</ele>
        <time>2024-10-23T11:50:48.000Z</time>
        <extensions>
          <ns3:TrackPointExtension>
            <ns3:atemp>20.0</ns3:atemp>
            <ns3:hr>164</ns3:hr>
            <ns3:cad>90</ns3:cad>
          </ns3:TrackPointExtension>
        </extensions>
      </trkpt>
      <trkpt lat="31.9791973941028118133544921875" lon="118.77161228097975254058837890625">
        <ele>24.6000003814697265625</ele>
        <time>2024-10-23T11:50:49.000Z</time>
        <extensions>
          <ns3:TrackPointExtension>
            <ns3:atemp>19.0</ns3:atemp>
            <ns3:hr>164</ns3:hr>
            <ns3:cad>90</ns3:cad>
          </ns3:TrackPointExtension>
        </extensions>
      </trkpt>
      <trkpt lat="31.979191862046718597412109375" lon="118.771583028137683868408203125">
        <ele>24.799999237060546875</ele>
        <time>2024-10-23T11:50:50.000Z</time>
        <extensions>
          <ns3:TrackPointExtension>
            <ns3:atemp>20.0</ns3:atemp>
            <ns3:hr>164</ns3:hr>
            <ns3:cad>90</ns3:cad>
          </ns3:TrackPointExtension>
        </extensions>
      </trkpt>
      <trkpt lat="31.97918884456157684326171875" lon="118.77154774032533168792724609375">
        <ele>24.799999237060546875</ele>
        <time>2024-10-23T11:50:51.000Z</time>
        <extensions>
          <ns3:TrackPointExtension>
            <ns3:atemp>19.0</ns3:atemp>
            <ns3:hr>164</ns3:hr>
            <ns3:cad>89</ns3:cad>
          </ns3:TrackPointExtension>
        </extensions>
      </trkpt>
      <trkpt lat="31.979187168180942535400390625" lon="118.771511279046535491943359375">
        <ele>24.799999237060546875</ele>
        <time>2024-10-23T11:50:52.000Z</time>
        <extensions>
          <ns3:TrackPointExtension>
            <ns3:atemp>19.0</ns3:atemp>
            <ns3:hr>164</ns3:hr>
            <ns3:cad>89</ns3:cad>
          </ns3:TrackPointExtension>
        </extensions>
      </trkpt>
      <trkpt lat="31.979188509285449981689453125" lon="118.7714802660048007965087890625">
        <ele>24.799999237060546875</ele>
        <time>2024-10-23T11:50:53.000Z</time>
        <extensions>
          <ns3:TrackPointExtension>
            <ns3:atemp>19.0</ns3:atemp>
            <ns3:hr>165</ns3:hr>
            <ns3:cad>89</ns3:cad>
          </ns3:TrackPointExtension>
        </extensions>
      </trkpt>
      <trkpt lat="31.9791890121996402740478515625" lon="118.77145419828593730926513671875">
        <ele>25</ele>
        <time>2024-10-23T11:50:54.000Z</time>
        <extensions>
          <ns3:TrackPointExtension>
            <ns3:atemp>19.0</ns3:atemp>
            <ns3:hr>165</ns3:hr>
            <ns3:cad>89</ns3:cad>
          </ns3:TrackPointExtension>
        </extensions>
      </trkpt>
      <trkpt lat="31.97919286787509918212890625" lon="118.7714249454438686370849609375">
        <ele>25</ele>
        <time>2024-10-23T11:50:55.000Z</time>
        <extensions>
          <ns3:TrackPointExtension>
            <ns3:atemp>19.0</ns3:atemp>
            <ns3:hr>165</ns3:hr>
            <ns3:cad>89</ns3:cad>
          </ns3:TrackPointExtension>
        </extensions>
      </trkpt>
      <trkpt lat="31.979194544255733489990234375" lon="118.771397285163402557373046875">
        <ele>25</ele>
        <time>2024-10-23T11:50:56.000Z</time>
        <extensions>
          <ns3:TrackPointExtension>
            <ns3:atemp>19.0</ns3:atemp>
            <ns3:hr>165</ns3:hr>
            <ns3:cad>89</ns3:cad>
          </ns3:TrackPointExtension>
        </extensions>
      </trkpt>
      <trkpt lat="31.9791990704834461212158203125" lon="118.7713682837784290313720703125">
        <ele>25.200000762939453125</ele>
        <time>2024-10-23T11:50:57.000Z</time>
        <extensions>
          <ns3:TrackPointExtension>
            <ns3:atemp>19.0</ns3:atemp>
            <ns3:hr>166</ns3:hr>
            <ns3:cad>89</ns3:cad>
          </ns3:TrackPointExtension>
        </extensions>
      </trkpt>
      <trkpt lat="31.9792000763118267059326171875" lon="118.77134137786924839019775390625">
        <ele>25.3999996185302734375</ele>
        <time>2024-10-23T11:50:58.000Z</time>
        <extensions>
          <ns3:TrackPointExtension>
            <ns3:atemp>19.0</ns3:atemp>
            <ns3:hr>166</ns3:hr>
            <ns3:cad>89</ns3:cad>
          </ns3:TrackPointExtension>
        </extensions>
      </trkpt>
      <trkpt lat="31.97919865138828754425048828125" lon="118.77131237648427486419677734375">
        <ele>25.3999996185302734375</ele>
        <time>2024-10-23T11:50:59.000Z</time>
        <extensions>
          <ns3:TrackPointExtension>
            <ns3:atemp>20.0</ns3:atemp>
            <ns3:hr>166</ns3:hr>
            <ns3:cad>90</ns3:cad>
          </ns3:TrackPointExtension>
        </extensions>
      </trkpt>
      <trkpt lat="31.9791953824460506439208984375" lon="118.77128488384187221527099609375">
        <ele>25.6000003814697265625</ele>
        <time>2024-10-23T11:51:00.000Z</time>
        <extensions>
          <ns3:TrackPointExtension>
            <ns3:atemp>19.0</ns3:atemp>
            <ns3:hr>166</ns3:hr>
            <ns3:cad>89</ns3:cad>
          </ns3:TrackPointExtension>
        </extensions>
      </trkpt>
      <trkpt lat="31.9791927002370357513427734375" lon="118.771255128085613250732421875">
        <ele>25.6000003814697265625</ele>
        <time>2024-10-23T11:51:01.000Z</time>
        <extensions>
          <ns3:TrackPointExtension>
            <ns3:atemp>19.0</ns3:atemp>
            <ns3:hr>166</ns3:hr>
            <ns3:cad>89</ns3:cad>
          </ns3:TrackPointExtension>
        </extensions>
      </trkpt>
      <trkpt lat="31.97918842546641826629638671875" lon="118.7712241150438785552978515625">
        <ele>25.6000003814697265625</ele>
        <time>2024-10-23T11:51:02.000Z</time>
        <extensions>
          <ns3:TrackPointExtension>
            <ns3:atemp>19.0</ns3:atemp>
            <ns3:hr>166</ns3:hr>
            <ns3:cad>89</ns3:cad>
          </ns3:TrackPointExtension>
        </extensions>
      </trkpt>
      <trkpt lat="31.97918339632451534271240234375" lon="118.7711942754685878753662109375">
        <ele>25.6000003814697265625</ele>
        <time>2024-10-23T11:51:03.000Z</time>
        <extensions>
          <ns3:TrackPointExtension>
            <ns3:atemp>19.0</ns3:atemp>
            <ns3:hr>166</ns3:hr>
            <ns3:cad>89</ns3:cad>
          </ns3:TrackPointExtension>
        </extensions>
      </trkpt>
      <trkpt lat="31.97917534969747066497802734375" lon="118.77116519026458263397216796875">
        <ele>25.799999237060546875</ele>
        <time>2024-10-23T11:51:04.000Z</time>
        <extensions>
          <ns3:TrackPointExtension>
            <ns3:atemp>19.0</ns3:atemp>
            <ns3:hr>166</ns3:hr>
            <ns3:cad>88</ns3:cad>
          </ns3:TrackPointExtension>
        </extensions>
      </trkpt>
      <trkpt lat="31.9791695661842823028564453125" lon="118.77113543450832366943359375">
        <ele>25.799999237060546875</ele>
        <time>2024-10-23T11:51:05.000Z</time>
        <extensions>
          <ns3:TrackPointExtension>
            <ns3:atemp>19.0</ns3:atemp>
            <ns3:hr>166</ns3:hr>
            <ns3:cad>88</ns3:cad>
          </ns3:TrackPointExtension>
        </extensions>
      </trkpt>
      <trkpt lat="31.97916260920464992523193359375" lon="118.77110593020915985107421875">
        <ele>26</ele>
        <time>2024-10-23T11:51:06.000Z</time>
        <extensions>
          <ns3:TrackPointExtension>
            <ns3:atemp>19.0</ns3:atemp>
            <ns3:hr>166</ns3:hr>
            <ns3:cad>88</ns3:cad>
          </ns3:TrackPointExtension>
        </extensions>
      </trkpt>
      <trkpt lat="31.9791581667959690093994140625" lon="118.77107801847159862518310546875">
        <ele>26</ele>
        <time>2024-10-23T11:51:07.000Z</time>
        <extensions>
          <ns3:TrackPointExtension>
            <ns3:atemp>19.0</ns3:atemp>
            <ns3:hr>166</ns3:hr>
            <ns3:cad>89</ns3:cad>
          </ns3:TrackPointExtension>
        </extensions>
      </trkpt>
      <trkpt lat="31.97915473021566867828369140625" lon="118.7710542976856231689453125">
        <ele>26</ele>
        <time>2024-10-23T11:51:08.000Z</time>
        <extensions>
          <ns3:TrackPointExtension>
            <ns3:atemp>19.0</ns3:atemp>
            <ns3:hr>166</ns3:hr>
            <ns3:cad>89</ns3:cad>
          </ns3:TrackPointExtension>
        </extensions>
      </trkpt>
      <trkpt lat="31.9791514612734317779541015625" lon="118.77102454192936420440673828125">
        <ele>26</ele>
        <time>2024-10-23T11:51:09.000Z</time>
        <extensions>
          <ns3:TrackPointExtension>
            <ns3:atemp>19.0</ns3:atemp>
            <ns3:hr>166</ns3:hr>
            <ns3:cad>89</ns3:cad>
          </ns3:TrackPointExtension>
        </extensions>
      </trkpt>
      <trkpt lat="31.9791491143405437469482421875" lon="118.770996630191802978515625">
        <ele>26</ele>
        <time>2024-10-23T11:51:10.000Z</time>
        <extensions>
          <ns3:TrackPointExtension>
            <ns3:atemp>19.0</ns3:atemp>
            <ns3:hr>166</ns3:hr>
            <ns3:cad>89</ns3:cad>
          </ns3:TrackPointExtension>
        </extensions>
      </trkpt>
      <trkpt lat="31.9791481085121631622314453125" lon="118.7709686346352100372314453125">
        <ele>26</ele>
        <time>2024-10-23T11:51:11.000Z</time>
        <extensions>
          <ns3:TrackPointExtension>
            <ns3:atemp>19.0</ns3:atemp>
            <ns3:hr>166</ns3:hr>
            <ns3:cad>89</ns3:cad>
          </ns3:TrackPointExtension>
        </extensions>
      </trkpt>
      <trkpt lat="31.979152299463748931884765625" lon="118.77093988470733165740966796875">
        <ele>26</ele>
        <time>2024-10-23T11:51:12.000Z</time>
        <extensions>
          <ns3:TrackPointExtension>
            <ns3:atemp>19.0</ns3:atemp>
            <ns3:hr>166</ns3:hr>
            <ns3:cad>90</ns3:cad>
          </ns3:TrackPointExtension>
        </extensions>
      </trkpt>
      <trkpt lat="31.9791534729301929473876953125" lon="118.770909123122692108154296875">
        <ele>26</ele>
        <time>2024-10-23T11:51:13.000Z</time>
        <extensions>
          <ns3:TrackPointExtension>
            <ns3:atemp>19.0</ns3:atemp>
            <ns3:hr>166</ns3:hr>
            <ns3:cad>90</ns3:cad>
          </ns3:TrackPointExtension>
        </extensions>
      </trkpt>
      <trkpt lat="31.979156322777271270751953125" lon="118.7708750925958156585693359375">
        <ele>26</ele>
        <time>2024-10-23T11:51:14.000Z</time>
        <extensions>
          <ns3:TrackPointExtension>
            <ns3:atemp>19.0</ns3:atemp>
            <ns3:hr>166</ns3:hr>
            <ns3:cad>90</ns3:cad>
          </ns3:TrackPointExtension>
        </extensions>
      </trkpt>
      <trkpt lat="31.97915799915790557861328125" lon="118.7708429060876369476318359375">
        <ele>26</ele>
        <time>2024-10-23T11:51:15.000Z</time>
        <extensions>
          <ns3:TrackPointExtension>
            <ns3:atemp>19.0</ns3:atemp>
            <ns3:hr>166</ns3:hr>
            <ns3:cad>92</ns3:cad>
          </ns3:TrackPointExtension>
        </extensions>
      </trkpt>
      <trkpt lat="31.97915724478662014007568359375" lon="118.77081180922687053680419921875">
        <ele>26</ele>
        <time>2024-10-23T11:51:16.000Z</time>
        <extensions>
          <ns3:TrackPointExtension>
            <ns3:atemp>19.0</ns3:atemp>
            <ns3:hr>166</ns3:hr>
            <ns3:cad>92</ns3:cad>
          </ns3:TrackPointExtension>
        </extensions>
      </trkpt>
      <trkpt lat="31.97915489785373210906982421875" lon="118.77077928744256496429443359375">
        <ele>26</ele>
        <time>2024-10-23T11:51:17.000Z</time>
        <extensions>
          <ns3:TrackPointExtension>
            <ns3:atemp>19.0</ns3:atemp>
            <ns3:hr>166</ns3:hr>
            <ns3:cad>92</ns3:cad>
          </ns3:TrackPointExtension>
        </extensions>
      </trkpt>
      <trkpt lat="31.9791491143405437469482421875" lon="118.77074726857244968414306640625">
        <ele>26</ele>
        <time>2024-10-23T11:51:18.000Z</time>
        <extensions>
          <ns3:TrackPointExtension>
            <ns3:atemp>19.0</ns3:atemp>
            <ns3:hr>166</ns3:hr>
            <ns3:cad>92</ns3:cad>
          </ns3:TrackPointExtension>
        </extensions>
      </trkpt>
      <trkpt lat="31.97914659976959228515625" lon="118.7707121483981609344482421875">
        <ele>26.200000762939453125</ele>
        <time>2024-10-23T11:51:19.000Z</time>
        <extensions>
          <ns3:TrackPointExtension>
            <ns3:atemp>19.0</ns3:atemp>
            <ns3:hr>166</ns3:hr>
            <ns3:cad>92</ns3:cad>
          </ns3:TrackPointExtension>
        </extensions>
      </trkpt>
      <trkpt lat="31.979143917560577392578125" lon="118.77067954279482364654541015625">
        <ele>26.200000762939453125</ele>
        <time>2024-10-23T11:51:20.000Z</time>
        <extensions>
          <ns3:TrackPointExtension>
            <ns3:atemp>19.0</ns3:atemp>
            <ns3:hr>166</ns3:hr>
            <ns3:cad>92</ns3:cad>
          </ns3:TrackPointExtension>
        </extensions>
      </trkpt>
      <trkpt lat="31.97914249263703823089599609375" lon="118.7706558220088481903076171875">
        <ele>26.200000762939453125</ele>
        <time>2024-10-23T11:51:21.000Z</time>
        <extensions>
          <ns3:TrackPointExtension>
            <ns3:atemp>19.0</ns3:atemp>
            <ns3:hr>166</ns3:hr>
            <ns3:cad>92</ns3:cad>
          </ns3:TrackPointExtension>
        </extensions>
      </trkpt>
      <trkpt lat="31.97914592921733856201171875" lon="118.77062807790935039520263671875">
        <ele>26.200000762939453125</ele>
        <time>2024-10-23T11:51:22.000Z</time>
        <extensions>
          <ns3:TrackPointExtension>
            <ns3:atemp>19.0</ns3:atemp>
            <ns3:hr>166</ns3:hr>
            <ns3:cad>90</ns3:cad>
          </ns3:TrackPointExtension>
        </extensions>
      </trkpt>
      <trkpt lat="31.9791528023779392242431640625" lon="118.77060259692370891571044921875">
        <ele>26.200000762939453125</ele>
        <time>2024-10-23T11:51:23.000Z</time>
        <extensions>
          <ns3:TrackPointExtension>
            <ns3:atemp>19.0</ns3:atemp>
            <ns3:hr>166</ns3:hr>
            <ns3:cad>90</ns3:cad>
          </ns3:TrackPointExtension>
        </extensions>
      </trkpt>
      <trkpt lat="31.97916227392852306365966796875" lon="118.77058097161352634429931640625">
        <ele>26.3999996185302734375</ele>
        <time>2024-10-23T11:51:24.000Z</time>
        <extensions>
          <ns3:TrackPointExtension>
            <ns3:atemp>19.0</ns3:atemp>
            <ns3:hr>166</ns3:hr>
            <ns3:cad>90</ns3:cad>
          </ns3:TrackPointExtension>
        </extensions>
      </trkpt>
      <trkpt lat="31.97917451150715351104736328125" lon="118.7705565802752971649169921875">
        <ele>26.6000003814697265625</ele>
        <time>2024-10-23T11:51:25.000Z</time>
        <extensions>
          <ns3:TrackPointExtension>
            <ns3:atemp>19.0</ns3:atemp>
            <ns3:hr>166</ns3:hr>
            <ns3:cad>90</ns3:cad>
          </ns3:TrackPointExtension>
        </extensions>
      </trkpt>
      <trkpt lat="31.9791890121996402740478515625" lon="118.77053218893706798553466796875">
        <ele>26.6000003814697265625</ele>
        <time>2024-10-23T11:51:26.000Z</time>
        <extensions>
          <ns3:TrackPointExtension>
            <ns3:atemp>19.0</ns3:atemp>
            <ns3:hr>166</ns3:hr>
            <ns3:cad>90</ns3:cad>
          </ns3:TrackPointExtension>
        </extensions>
      </trkpt>
      <trkpt lat="31.979205608367919921875" lon="118.77050771377980709075927734375">
        <ele>26.6000003814697265625</ele>
        <time>2024-10-23T11:51:27.000Z</time>
        <extensions>
          <ns3:TrackPointExtension>
            <ns3:atemp>19.0</ns3:atemp>
            <ns3:hr>166</ns3:hr>
            <ns3:cad>90</ns3:cad>
          </ns3:TrackPointExtension>
        </extensions>
      </trkpt>
      <trkpt lat="31.97922463528811931610107421875" lon="118.770483322441577911376953125">
        <ele>26.799999237060546875</ele>
        <time>2024-10-23T11:51:28.000Z</time>
        <extensions>
          <ns3:TrackPointExtension>
            <ns3:atemp>19.0</ns3:atemp>
            <ns3:hr>166</ns3:hr>
            <ns3:cad>90</ns3:cad>
          </ns3:TrackPointExtension>
        </extensions>
      </trkpt>
      <trkpt lat="31.979246847331523895263671875" lon="118.77045859582722187042236328125">
        <ele>27</ele>
        <time>2024-10-23T11:51:29.000Z</time>
        <extensions>
          <ns3:TrackPointExtension>
            <ns3:atemp>19.0</ns3:atemp>
            <ns3:hr>166</ns3:hr>
            <ns3:cad>91</ns3:cad>
          </ns3:TrackPointExtension>
        </extensions>
      </trkpt>
      <trkpt lat="31.97926931083202362060546875" lon="118.77043613232672214508056640625">
        <ele>27</ele>
        <time>2024-10-23T11:51:30.000Z</time>
        <extensions>
          <ns3:TrackPointExtension>
            <ns3:atemp>19.0</ns3:atemp>
            <ns3:hr>167</ns3:hr>
            <ns3:cad>91</ns3:cad>
          </ns3:TrackPointExtension>
        </extensions>
      </trkpt>
      <trkpt lat="31.9792939536273479461669921875" lon="118.77041534520685672760009765625">
        <ele>27</ele>
        <time>2024-10-23T11:51:31.000Z</time>
        <extensions>
          <ns3:TrackPointExtension>
            <ns3:atemp>19.0</ns3:atemp>
            <ns3:hr>167</ns3:hr>
            <ns3:cad>90</ns3:cad>
          </ns3:TrackPointExtension>
        </extensions>
      </trkpt>
      <trkpt lat="31.97931650094687938690185546875" lon="118.77040025778114795684814453125">
        <ele>27</ele>
        <time>2024-10-23T11:51:32.000Z</time>
        <extensions>
          <ns3:TrackPointExtension>
            <ns3:atemp>19.0</ns3:atemp>
            <ns3:hr>167</ns3:hr>
            <ns3:cad>90</ns3:cad>
          </ns3:TrackPointExtension>
        </extensions>
      </trkpt>
      <trkpt lat="31.97933695279061794281005859375" lon="118.7703876011073589324951171875">
        <ele>27</ele>
        <time>2024-10-23T11:51:33.000Z</time>
        <extensions>
          <ns3:TrackPointExtension>
            <ns3:atemp>19.0</ns3:atemp>
            <ns3:hr>167</ns3:hr>
            <ns3:cad>90</ns3:cad>
          </ns3:TrackPointExtension>
        </extensions>
      </trkpt>
      <trkpt lat="31.979358494281768798828125" lon="118.77037310041487216949462890625">
        <ele>27</ele>
        <time>2024-10-23T11:51:34.000Z</time>
        <extensions>
          <ns3:TrackPointExtension>
            <ns3:atemp>19.0</ns3:atemp>
            <ns3:hr>167</ns3:hr>
            <ns3:cad>90</ns3:cad>
          </ns3:TrackPointExtension>
        </extensions>
      </trkpt>
      <trkpt lat="31.979385651648044586181640625" lon="118.7703542411327362060546875">
        <ele>27</ele>
        <time>2024-10-23T11:51:35.000Z</time>
        <extensions>
          <ns3:TrackPointExtension>
            <ns3:atemp>19.0</ns3:atemp>
            <ns3:hr>167</ns3:hr>
            <ns3:cad>90</ns3:cad>
          </ns3:TrackPointExtension>
        </extensions>
      </trkpt>
      <trkpt lat="31.97940283454954624176025390625" lon="118.77033756114542484283447265625">
        <ele>27</ele>
        <time>2024-10-23T11:51:36.000Z</time>
        <extensions>
          <ns3:TrackPointExtension>
            <ns3:atemp>19.0</ns3:atemp>
            <ns3:hr>167</ns3:hr>
            <ns3:cad>90</ns3:cad>
          </ns3:TrackPointExtension>
        </extensions>
      </trkpt>
      <trkpt lat="31.979422532021999359130859375" lon="118.77031744457781314849853515625">
        <ele>27</ele>
        <time>2024-10-23T11:51:37.000Z</time>
        <extensions>
          <ns3:TrackPointExtension>
            <ns3:atemp>19.0</ns3:atemp>
            <ns3:hr>167</ns3:hr>
            <ns3:cad>92</ns3:cad>
          </ns3:TrackPointExtension>
        </extensions>
      </trkpt>
      <trkpt lat="31.97944206185638904571533203125" lon="118.77029816620051860809326171875">
        <ele>27</ele>
        <time>2024-10-23T11:51:38.000Z</time>
        <extensions>
          <ns3:TrackPointExtension>
            <ns3:atemp>19.0</ns3:atemp>
            <ns3:hr>167</ns3:hr>
            <ns3:cad>92</ns3:cad>
          </ns3:TrackPointExtension>
        </extensions>
      </trkpt>
      <trkpt lat="31.97946234606206417083740234375" lon="118.77027989365160465240478515625">
        <ele>27</ele>
        <time>2024-10-23T11:51:39.000Z</time>
        <extensions>
          <ns3:TrackPointExtension>
            <ns3:atemp>19.0</ns3:atemp>
            <ns3:hr>167</ns3:hr>
            <ns3:cad>92</ns3:cad>
          </ns3:TrackPointExtension>
        </extensions>
      </trkpt>
      <trkpt lat="31.97948296554386615753173828125" lon="118.77026145346462726593017578125">
        <ele>27.200000762939453125</ele>
        <time>2024-10-23T11:51:40.000Z</time>
        <extensions>
          <ns3:TrackPointExtension>
            <ns3:atemp>19.0</ns3:atemp>
            <ns3:hr>167</ns3:hr>
            <ns3:cad>92</ns3:cad>
          </ns3:TrackPointExtension>
        </extensions>
      </trkpt>
      <trkpt lat="31.979498304426670074462890625" lon="118.77023982815444469451904296875">
        <ele>27.3999996185302734375</ele>
        <time>2024-10-23T11:51:41.000Z</time>
        <extensions>
          <ns3:TrackPointExtension>
            <ns3:atemp>19.0</ns3:atemp>
            <ns3:hr>167</ns3:hr>
            <ns3:cad>92</ns3:cad>
          </ns3:TrackPointExtension>
        </extensions>
      </trkpt>
      <trkpt lat="31.97951448149979114532470703125" lon="118.77021946012973785400390625">
        <ele>27.3999996185302734375</ele>
        <time>2024-10-23T11:51:42.000Z</time>
        <extensions>
          <ns3:TrackPointExtension>
            <ns3:atemp>19.0</ns3:atemp>
            <ns3:hr>167</ns3:hr>
            <ns3:cad>92</ns3:cad>
          </ns3:TrackPointExtension>
        </extensions>
      </trkpt>
      <trkpt lat="31.9795313291251659393310546875" lon="118.77019934356212615966796875">
        <ele>27.3999996185302734375</ele>
        <time>2024-10-23T11:51:43.000Z</time>
        <extensions>
          <ns3:TrackPointExtension>
            <ns3:atemp>19.0</ns3:atemp>
            <ns3:hr>167</ns3:hr>
            <ns3:cad>90</ns3:cad>
          </ns3:TrackPointExtension>
        </extensions>
      </trkpt>
      <trkpt lat="31.9795475900173187255859375" lon="118.77018031664192676544189453125">
        <ele>27.3999996185302734375</ele>
        <time>2024-10-23T11:51:44.000Z</time>
        <extensions>
          <ns3:TrackPointExtension>
            <ns3:atemp>19.0</ns3:atemp>
            <ns3:hr>167</ns3:hr>
            <ns3:cad>90</ns3:cad>
          </ns3:TrackPointExtension>
        </extensions>
      </trkpt>
      <trkpt lat="31.97956359945237636566162109375" lon="118.7701629661023616790771484375">
        <ele>27.3999996185302734375</ele>
        <time>2024-10-23T11:51:45.000Z</time>
        <extensions>
          <ns3:TrackPointExtension>
            <ns3:atemp>19.0</ns3:atemp>
            <ns3:hr>167</ns3:hr>
            <ns3:cad>91</ns3:cad>
          </ns3:TrackPointExtension>
        </extensions>
      </trkpt>
      <trkpt lat="31.97958053089678287506103515625" lon="118.77014142461121082305908203125">
        <ele>27.6000003814697265625</ele>
        <time>2024-10-23T11:51:46.000Z</time>
        <extensions>
          <ns3:TrackPointExtension>
            <ns3:atemp>19.0</ns3:atemp>
            <ns3:hr>167</ns3:hr>
            <ns3:cad>91</ns3:cad>
          </ns3:TrackPointExtension>
        </extensions>
      </trkpt>
      <trkpt lat="31.9795993901789188385009765625" lon="118.7701190449297428131103515625">
        <ele>27.6000003814697265625</ele>
        <time>2024-10-23T11:51:47.000Z</time>
        <extensions>
          <ns3:TrackPointExtension>
            <ns3:atemp>19.0</ns3:atemp>
            <ns3:hr>167</ns3:hr>
            <ns3:cad>90</ns3:cad>
          </ns3:TrackPointExtension>
        </extensions>
      </trkpt>
      <trkpt lat="31.97961892001330852508544921875" lon="118.770093061029911041259765625">
        <ele>27.6000003814697265625</ele>
        <time>2024-10-23T11:51:48.000Z</time>
        <extensions>
          <ns3:TrackPointExtension>
            <ns3:atemp>19.0</ns3:atemp>
            <ns3:hr>167</ns3:hr>
            <ns3:cad>90</ns3:cad>
          </ns3:TrackPointExtension>
        </extensions>
      </trkpt>
      <trkpt lat="31.979632079601287841796875" lon="118.77006682567298412322998046875">
        <ele>27.799999237060546875</ele>
        <time>2024-10-23T11:51:49.000Z</time>
        <extensions>
          <ns3:TrackPointExtension>
            <ns3:atemp>19.0</ns3:atemp>
            <ns3:hr>167</ns3:hr>
            <ns3:cad>90</ns3:cad>
          </ns3:TrackPointExtension>
        </extensions>
      </trkpt>
      <trkpt lat="31.97964121587574481964111328125" lon="118.77004017122089862823486328125">
        <ele>28</ele>
        <time>2024-10-23T11:51:50.000Z</time>
        <extensions>
          <ns3:TrackPointExtension>
            <ns3:atemp>19.0</ns3:atemp>
            <ns3:hr>168</ns3:hr>
            <ns3:cad>90</ns3:cad>
          </ns3:TrackPointExtension>
        </extensions>
      </trkpt>
      <trkpt lat="31.97964356280863285064697265625" lon="118.7700198031961917877197265625">
        <ele>28.200000762939453125</ele>
        <time>2024-10-23T11:51:51.000Z</time>
        <extensions>
          <ns3:TrackPointExtension>
            <ns3:atemp>19.0</ns3:atemp>
            <ns3:hr>168</ns3:hr>
            <ns3:cad>90</ns3:cad>
          </ns3:TrackPointExtension>
        </extensions>
      </trkpt>
      <trkpt lat="31.9796483404934406280517578125" lon="118.76999281346797943115234375">
        <ele>28.3999996185302734375</ele>
        <time>2024-10-23T11:51:52.000Z</time>
        <extensions>
          <ns3:TrackPointExtension>
            <ns3:atemp>19.0</ns3:atemp>
            <ns3:hr>168</ns3:hr>
            <ns3:cad>89</ns3:cad>
          </ns3:TrackPointExtension>
        </extensions>
      </trkpt>
      <trkpt lat="31.97964725084602832794189453125" lon="118.76996322534978389739990234375">
        <ele>28.3999996185302734375</ele>
        <time>2024-10-23T11:51:53.000Z</time>
        <extensions>
          <ns3:TrackPointExtension>
            <ns3:atemp>19.0</ns3:atemp>
            <ns3:hr>168</ns3:hr>
            <ns3:cad>89</ns3:cad>
          </ns3:TrackPointExtension>
        </extensions>
      </trkpt>
      <trkpt lat="31.97964574210345745086669921875" lon="118.76993053592741489410400390625">
        <ele>28.6000003814697265625</ele>
        <time>2024-10-23T11:51:54.000Z</time>
        <extensions>
          <ns3:TrackPointExtension>
            <ns3:atemp>19.0</ns3:atemp>
            <ns3:hr>168</ns3:hr>
            <ns3:cad>89</ns3:cad>
          </ns3:TrackPointExtension>
        </extensions>
      </trkpt>
      <trkpt lat="31.979643143713474273681640625" lon="118.76990103162825107574462890625">
        <ele>28.6000003814697265625</ele>
        <time>2024-10-23T11:51:55.000Z</time>
        <extensions>
          <ns3:TrackPointExtension>
            <ns3:atemp>19.0</ns3:atemp>
            <ns3:hr>168</ns3:hr>
            <ns3:cad>89</ns3:cad>
          </ns3:TrackPointExtension>
        </extensions>
      </trkpt>
      <trkpt lat="31.97963987477123737335205078125" lon="118.76986951567232608795166015625">
        <ele>28.6000003814697265625</ele>
        <time>2024-10-23T11:51:56.000Z</time>
        <extensions>
          <ns3:TrackPointExtension>
            <ns3:atemp>19.0</ns3:atemp>
            <ns3:hr>168</ns3:hr>
            <ns3:cad>89</ns3:cad>
          </ns3:TrackPointExtension>
        </extensions>
      </trkpt>
      <trkpt lat="31.97963752783834934234619140625" lon="118.7698333896696567535400390625">
        <ele>28.6000003814697265625</ele>
        <time>2024-10-23T11:51:57.000Z</time>
        <extensions>
          <ns3:TrackPointExtension>
            <ns3:atemp>19.0</ns3:atemp>
            <ns3:hr>169</ns3:hr>
            <ns3:cad>89</ns3:cad>
          </ns3:TrackPointExtension>
        </extensions>
      </trkpt>
      <trkpt lat="31.9796361029148101806640625" lon="118.76980883069336414337158203125">
        <ele>28.6000003814697265625</ele>
        <time>2024-10-23T11:51:58.000Z</time>
        <extensions>
          <ns3:TrackPointExtension>
            <ns3:atemp>19.0</ns3:atemp>
            <ns3:hr>169</ns3:hr>
            <ns3:cad>89</ns3:cad>
          </ns3:TrackPointExtension>
        </extensions>
      </trkpt>
      <trkpt lat="31.97963752783834934234619140625" lon="118.7697887979447841644287109375">
        <ele>28.6000003814697265625</ele>
        <time>2024-10-23T11:51:59.000Z</time>
        <extensions>
          <ns3:TrackPointExtension>
            <ns3:atemp>19.0</ns3:atemp>
            <ns3:hr>169</ns3:hr>
            <ns3:cad>89</ns3:cad>
          </ns3:TrackPointExtension>
        </extensions>
      </trkpt>
      <trkpt lat="31.979626715183258056640625" lon="118.769767172634601593017578125">
        <ele>28.6000003814697265625</ele>
        <time>2024-10-23T11:52:00.000Z</time>
        <extensions>
          <ns3:TrackPointExtension>
            <ns3:atemp>19.0</ns3:atemp>
            <ns3:hr>169</ns3:hr>
            <ns3:cad>90</ns3:cad>
          </ns3:TrackPointExtension>
        </extensions>
      </trkpt>
      <trkpt lat="31.97961322031915187835693359375" lon="118.76974177546799182891845703125">
        <ele>28.6000003814697265625</ele>
        <time>2024-10-23T11:52:01.000Z</time>
        <extensions>
          <ns3:TrackPointExtension>
            <ns3:atemp>19.0</ns3:atemp>
            <ns3:hr>169</ns3:hr>
            <ns3:cad>90</ns3:cad>
          </ns3:TrackPointExtension>
        </extensions>
      </trkpt>
      <trkpt lat="31.9796003960072994232177734375" lon="118.76971830613911151885986328125">
        <ele>28.6000003814697265625</ele>
        <time>2024-10-23T11:52:02.000Z</time>
        <extensions>
          <ns3:TrackPointExtension>
            <ns3:atemp>19.0</ns3:atemp>
            <ns3:hr>170</ns3:hr>
            <ns3:cad>90</ns3:cad>
          </ns3:TrackPointExtension>
        </extensions>
      </trkpt>
      <trkpt lat="31.97958824224770069122314453125" lon="118.76969165168702602386474609375">
        <ele>28.6000003814697265625</ele>
        <time>2024-10-23T11:52:03.000Z</time>
        <extensions>
          <ns3:TrackPointExtension>
            <ns3:atemp>19.0</ns3:atemp>
            <ns3:hr>170</ns3:hr>
            <ns3:cad>90</ns3:cad>
          </ns3:TrackPointExtension>
        </extensions>
      </trkpt>
      <trkpt lat="31.979586146771907806396484375" lon="118.76966533251106739044189453125">
        <ele>28.6000003814697265625</ele>
        <time>2024-10-23T11:52:04.000Z</time>
        <extensions>
          <ns3:TrackPointExtension>
            <ns3:atemp>19.0</ns3:atemp>
            <ns3:hr>169</ns3:hr>
            <ns3:cad>89</ns3:cad>
          </ns3:TrackPointExtension>
        </extensions>
      </trkpt>
      <trkpt lat="31.97959310375154018402099609375" lon="118.76964152790606021881103515625">
        <ele>28.6000003814697265625</ele>
        <time>2024-10-23T11:52:05.000Z</time>
        <extensions>
          <ns3:TrackPointExtension>
            <ns3:atemp>19.0</ns3:atemp>
            <ns3:hr>169</ns3:hr>
            <ns3:cad>89</ns3:cad>
          </ns3:TrackPointExtension>
        </extensions>
      </trkpt>
      <trkpt lat="31.9796074368059635162353515625" lon="118.76962493173778057098388671875">
        <ele>28.6000003814697265625</ele>
        <time>2024-10-23T11:52:06.000Z</time>
        <extensions>
          <ns3:TrackPointExtension>
            <ns3:atemp>19.0</ns3:atemp>
            <ns3:hr>169</ns3:hr>
            <ns3:cad>88</ns3:cad>
          </ns3:TrackPointExtension>
        </extensions>
      </trkpt>
      <trkpt lat="31.97963065467774868011474609375" lon="118.76961529254913330078125">
        <ele>28.6000003814697265625</ele>
        <time>2024-10-23T11:52:07.000Z</time>
        <extensions>
          <ns3:TrackPointExtension>
            <ns3:atemp>19.0</ns3:atemp>
            <ns3:hr>169</ns3:hr>
            <ns3:cad>88</ns3:cad>
          </ns3:TrackPointExtension>
        </extensions>
      </trkpt>
      <trkpt lat="31.97965647093951702117919921875" lon="118.7696077488362789154052734375">
        <ele>28.6000003814697265625</ele>
        <time>2024-10-23T11:52:08.000Z</time>
        <extensions>
          <ns3:TrackPointExtension>
            <ns3:atemp>19.0</ns3:atemp>
            <ns3:hr>169</ns3:hr>
            <ns3:cad>88</ns3:cad>
          </ns3:TrackPointExtension>
        </extensions>
      </trkpt>
      <trkpt lat="31.9796838797628879547119140625" lon="118.76960900612175464630126953125">
        <ele>28.6000003814697265625</ele>
        <time>2024-10-23T11:52:09.000Z</time>
        <extensions>
          <ns3:TrackPointExtension>
            <ns3:atemp>19.0</ns3:atemp>
            <ns3:hr>169</ns3:hr>
            <ns3:cad>88</ns3:cad>
          </ns3:TrackPointExtension>
        </extensions>
      </trkpt>
      <trkpt lat="31.97971061803400516510009765625" lon="118.76960900612175464630126953125">
        <ele>28.6000003814697265625</ele>
        <time>2024-10-23T11:52:10.000Z</time>
        <extensions>
          <ns3:TrackPointExtension>
            <ns3:atemp>19.0</ns3:atemp>
            <ns3:hr>169</ns3:hr>
            <ns3:cad>88</ns3:cad>
          </ns3:TrackPointExtension>
        </extensions>
      </trkpt>
      <trkpt lat="31.97973727248609066009521484375" lon="118.76961185596883296966552734375">
        <ele>28.6000003814697265625</ele>
        <time>2024-10-23T11:52:11.000Z</time>
        <extensions>
          <ns3:TrackPointExtension>
            <ns3:atemp>19.0</ns3:atemp>
            <ns3:hr>169</ns3:hr>
            <ns3:cad>88</ns3:cad>
          </ns3:TrackPointExtension>
        </extensions>
      </trkpt>
      <trkpt lat="31.97976409457623958587646484375" lon="118.7696124427020549774169921875">
        <ele>28.6000003814697265625</ele>
        <time>2024-10-23T11:52:12.000Z</time>
        <extensions>
          <ns3:TrackPointExtension>
            <ns3:atemp>19.0</ns3:atemp>
            <ns3:hr>169</ns3:hr>
            <ns3:cad>88</ns3:cad>
          </ns3:TrackPointExtension>
        </extensions>
      </trkpt>
      <trkpt lat="31.97979007847607135772705078125" lon="118.7696124427020549774169921875">
        <ele>28.6000003814697265625</ele>
        <time>2024-10-23T11:52:13.000Z</time>
        <extensions>
          <ns3:TrackPointExtension>
            <ns3:atemp>19.0</ns3:atemp>
            <ns3:hr>169</ns3:hr>
            <ns3:cad>88</ns3:cad>
          </ns3:TrackPointExtension>
        </extensions>
      </trkpt>
      <trkpt lat="31.97981354780495166778564453125" lon="118.769610263407230377197265625">
        <ele>28.6000003814697265625</ele>
        <time>2024-10-23T11:52:14.000Z</time>
        <extensions>
          <ns3:TrackPointExtension>
            <ns3:atemp>19.0</ns3:atemp>
            <ns3:hr>169</ns3:hr>
            <ns3:cad>88</ns3:cad>
          </ns3:TrackPointExtension>
        </extensions>
      </trkpt>
      <trkpt lat="31.97983928024768829345703125" lon="118.76961738802492618560791015625">
        <ele>28.6000003814697265625</ele>
        <time>2024-10-23T11:52:15.000Z</time>
        <extensions>
          <ns3:TrackPointExtension>
            <ns3:atemp>19.0</ns3:atemp>
            <ns3:hr>169</ns3:hr>
            <ns3:cad>88</ns3:cad>
          </ns3:TrackPointExtension>
        </extensions>
      </trkpt>
      <trkpt lat="31.9798662699759006500244140625" lon="118.7696245126426219940185546875">
        <ele>28.6000003814697265625</ele>
        <time>2024-10-23T11:52:16.000Z</time>
        <extensions>
          <ns3:TrackPointExtension>
            <ns3:atemp>19.0</ns3:atemp>
            <ns3:hr>169</ns3:hr>
            <ns3:cad>89</ns3:cad>
          </ns3:TrackPointExtension>
        </extensions>
      </trkpt>
      <trkpt lat="31.97989267297089099884033203125" lon="118.7696305476129055023193359375">
        <ele>28.799999237060546875</ele>
        <time>2024-10-23T11:52:17.000Z</time>
        <extensions>
          <ns3:TrackPointExtension>
            <ns3:atemp>19.0</ns3:atemp>
            <ns3:hr>169</ns3:hr>
            <ns3:cad>89</ns3:cad>
          </ns3:TrackPointExtension>
        </extensions>
      </trkpt>
      <trkpt lat="31.979912035167217254638671875" lon="118.7696318887174129486083984375">
        <ele>28.799999237060546875</ele>
        <time>2024-10-23T11:52:18.000Z</time>
        <extensions>
          <ns3:TrackPointExtension>
            <ns3:atemp>19.0</ns3:atemp>
            <ns3:hr>169</ns3:hr>
            <ns3:cad>89</ns3:cad>
          </ns3:TrackPointExtension>
        </extensions>
      </trkpt>
      <trkpt lat="31.9799380190670490264892578125" lon="118.76963281072676181793212890625">
        <ele>28.799999237060546875</ele>
        <time>2024-10-23T11:52:19.000Z</time>
        <extensions>
          <ns3:TrackPointExtension>
            <ns3:atemp>19.0</ns3:atemp>
            <ns3:hr>169</ns3:hr>
            <ns3:cad>89</ns3:cad>
          </ns3:TrackPointExtension>
        </extensions>
      </trkpt>
      <trkpt lat="31.9799614883959293365478515625" lon="118.7696298770606517791748046875">
        <ele>28.799999237060546875</ele>
        <time>2024-10-23T11:52:20.000Z</time>
        <extensions>
          <ns3:TrackPointExtension>
            <ns3:atemp>19.0</ns3:atemp>
            <ns3:hr>169</ns3:hr>
            <ns3:cad>89</ns3:cad>
          </ns3:TrackPointExtension>
        </extensions>
      </trkpt>
      <trkpt lat="31.9799919985234737396240234375" lon="118.76963205635547637939453125">
        <ele>28.799999237060546875</ele>
        <time>2024-10-23T11:52:21.000Z</time>
        <extensions>
          <ns3:TrackPointExtension>
            <ns3:atemp>19.0</ns3:atemp>
            <ns3:hr>168</ns3:hr>
            <ns3:cad>89</ns3:cad>
          </ns3:TrackPointExtension>
        </extensions>
      </trkpt>
      <trkpt lat="31.9800191558897495269775390625" lon="118.7696332298219203948974609375">
        <ele>28.799999237060546875</ele>
        <time>2024-10-23T11:52:22.000Z</time>
        <extensions>
          <ns3:TrackPointExtension>
            <ns3:atemp>19.0</ns3:atemp>
            <ns3:hr>168</ns3:hr>
            <ns3:cad>89</ns3:cad>
          </ns3:TrackPointExtension>
        </extensions>
      </trkpt>
      <trkpt lat="31.98004589416086673736572265625" lon="118.76963532529771327972412109375">
        <ele>28.799999237060546875</ele>
        <time>2024-10-23T11:52:23.000Z</time>
        <extensions>
          <ns3:TrackPointExtension>
            <ns3:atemp>19.0</ns3:atemp>
            <ns3:hr>168</ns3:hr>
            <ns3:cad>89</ns3:cad>
          </ns3:TrackPointExtension>
        </extensions>
      </trkpt>
      <trkpt lat="31.980065591633319854736328125" lon="118.76963348127901554107666015625">
        <ele>28.799999237060546875</ele>
        <time>2024-10-23T11:52:24.000Z</time>
        <extensions>
          <ns3:TrackPointExtension>
            <ns3:atemp>19.0</ns3:atemp>
            <ns3:hr>168</ns3:hr>
            <ns3:cad>89</ns3:cad>
          </ns3:TrackPointExtension>
        </extensions>
      </trkpt>
      <trkpt lat="31.9800885580480098724365234375" lon="118.7696354091167449951171875">
        <ele>28.799999237060546875</ele>
        <time>2024-10-23T11:52:25.000Z</time>
        <extensions>
          <ns3:TrackPointExtension>
            <ns3:atemp>19.0</ns3:atemp>
            <ns3:hr>168</ns3:hr>
            <ns3:cad>89</ns3:cad>
          </ns3:TrackPointExtension>
        </extensions>
      </trkpt>
      <trkpt lat="31.98010616004467010498046875" lon="118.76963214017450809478759765625">
        <ele>28.799999237060546875</ele>
        <time>2024-10-23T11:52:26.000Z</time>
        <extensions>
          <ns3:TrackPointExtension>
            <ns3:atemp>19.0</ns3:atemp>
            <ns3:hr>168</ns3:hr>
            <ns3:cad>89</ns3:cad>
          </ns3:TrackPointExtension>
        </extensions>
      </trkpt>
      <trkpt lat="31.9801291264593601226806640625" lon="118.76963431946933269500732421875">
        <ele>28.799999237060546875</ele>
        <time>2024-10-23T11:52:27.000Z</time>
        <extensions>
          <ns3:TrackPointExtension>
            <ns3:atemp>19.0</ns3:atemp>
            <ns3:hr>169</ns3:hr>
            <ns3:cad>89</ns3:cad>
          </ns3:TrackPointExtension>
        </extensions>
      </trkpt>
      <trkpt lat="31.98015041649341583251953125" lon="118.76963566057384014129638671875">
        <ele>28.799999237060546875</ele>
        <time>2024-10-23T11:52:28.000Z</time>
        <extensions>
          <ns3:TrackPointExtension>
            <ns3:atemp>19.0</ns3:atemp>
            <ns3:hr>169</ns3:hr>
            <ns3:cad>89</ns3:cad>
          </ns3:TrackPointExtension>
        </extensions>
      </trkpt>
      <trkpt lat="31.980175562202930450439453125" lon="118.769635073840618133544921875">
        <ele>28.799999237060546875</ele>
        <time>2024-10-23T11:52:29.000Z</time>
        <extensions>
          <ns3:TrackPointExtension>
            <ns3:atemp>19.0</ns3:atemp>
            <ns3:hr>169</ns3:hr>
            <ns3:cad>89</ns3:cad>
          </ns3:TrackPointExtension>
        </extensions>
      </trkpt>
      <trkpt lat="31.98019827716052532196044921875" lon="118.7696312181651592254638671875">
        <ele>28.799999237060546875</ele>
        <time>2024-10-23T11:52:30.000Z</time>
        <extensions>
          <ns3:TrackPointExtension>
            <ns3:atemp>19.0</ns3:atemp>
            <ns3:hr>169</ns3:hr>
            <ns3:cad>89</ns3:cad>
          </ns3:TrackPointExtension>
        </extensions>
      </trkpt>
      <trkpt lat="31.98022308759391307830810546875" lon="118.7696288712322711944580078125">
        <ele>28.799999237060546875</ele>
        <time>2024-10-23T11:52:31.000Z</time>
        <extensions>
          <ns3:TrackPointExtension>
            <ns3:atemp>19.0</ns3:atemp>
            <ns3:hr>169</ns3:hr>
            <ns3:cad>89</ns3:cad>
          </ns3:TrackPointExtension>
        </extensions>
      </trkpt>
      <trkpt lat="31.9802441261708736419677734375" lon="118.7696219980716705322265625">
        <ele>29</ele>
        <time>2024-10-23T11:52:32.000Z</time>
        <extensions>
          <ns3:TrackPointExtension>
            <ns3:atemp>19.0</ns3:atemp>
            <ns3:hr>169</ns3:hr>
            <ns3:cad>89</ns3:cad>
          </ns3:TrackPointExtension>
        </extensions>
      </trkpt>
      <trkpt lat="31.98026709258556365966796875" lon="118.7696238420903682708740234375">
        <ele>29</ele>
        <time>2024-10-23T11:52:33.000Z</time>
        <extensions>
          <ns3:TrackPointExtension>
            <ns3:atemp>19.0</ns3:atemp>
            <ns3:hr>169</ns3:hr>
            <ns3:cad>88</ns3:cad>
          </ns3:TrackPointExtension>
        </extensions>
      </trkpt>
      <trkpt lat="31.9802934117615222930908203125" lon="118.76962275244295597076416015625">
        <ele>29</ele>
        <time>2024-10-23T11:52:34.000Z</time>
        <extensions>
          <ns3:TrackPointExtension>
            <ns3:atemp>19.0</ns3:atemp>
            <ns3:hr>169</ns3:hr>
            <ns3:cad>88</ns3:cad>
          </ns3:TrackPointExtension>
        </extensions>
      </trkpt>
      <trkpt lat="31.9803173840045928955078125" lon="118.76962266862392425537109375">
        <ele>29</ele>
        <time>2024-10-23T11:52:35.000Z</time>
        <extensions>
          <ns3:TrackPointExtension>
            <ns3:atemp>19.0</ns3:atemp>
            <ns3:hr>169</ns3:hr>
            <ns3:cad>89</ns3:cad>
          </ns3:TrackPointExtension>
        </extensions>
      </trkpt>
      <trkpt lat="31.98033439926803112030029296875" lon="118.769616298377513885498046875">
        <ele>29</ele>
        <time>2024-10-23T11:52:36.000Z</time>
        <extensions>
          <ns3:TrackPointExtension>
            <ns3:atemp>19.0</ns3:atemp>
            <ns3:hr>169</ns3:hr>
            <ns3:cad>89</ns3:cad>
          </ns3:TrackPointExtension>
        </extensions>
      </trkpt>
      <trkpt lat="31.98036155663430690765380859375" lon="118.76961554400622844696044921875">
        <ele>29</ele>
        <time>2024-10-23T11:52:37.000Z</time>
        <extensions>
          <ns3:TrackPointExtension>
            <ns3:atemp>19.0</ns3:atemp>
            <ns3:hr>169</ns3:hr>
            <ns3:cad>88</ns3:cad>
          </ns3:TrackPointExtension>
        </extensions>
      </trkpt>
      <trkpt lat="31.980384774506092071533203125" lon="118.76960967667400836944580078125">
        <ele>29</ele>
        <time>2024-10-23T11:52:38.000Z</time>
        <extensions>
          <ns3:TrackPointExtension>
            <ns3:atemp>19.0</ns3:atemp>
            <ns3:hr>169</ns3:hr>
            <ns3:cad>88</ns3:cad>
          </ns3:TrackPointExtension>
        </extensions>
      </trkpt>
      <trkpt lat="31.9804104231297969818115234375" lon="118.76960816793143749237060546875">
        <ele>29</ele>
        <time>2024-10-23T11:52:39.000Z</time>
        <extensions>
          <ns3:TrackPointExtension>
            <ns3:atemp>19.0</ns3:atemp>
            <ns3:hr>169</ns3:hr>
            <ns3:cad>89</ns3:cad>
          </ns3:TrackPointExtension>
        </extensions>
      </trkpt>
      <trkpt lat="31.9804365746676921844482421875" lon="118.7696070782840251922607421875">
        <ele>29</ele>
        <time>2024-10-23T11:52:40.000Z</time>
        <extensions>
          <ns3:TrackPointExtension>
            <ns3:atemp>19.0</ns3:atemp>
            <ns3:hr>169</ns3:hr>
            <ns3:cad>89</ns3:cad>
          </ns3:TrackPointExtension>
        </extensions>
      </trkpt>
      <trkpt lat="31.98046281002461910247802734375" lon="118.7696097604930400848388671875">
        <ele>29.200000762939453125</ele>
        <time>2024-10-23T11:52:41.000Z</time>
        <extensions>
          <ns3:TrackPointExtension>
            <ns3:atemp>19.0</ns3:atemp>
            <ns3:hr>169</ns3:hr>
            <ns3:cad>89</ns3:cad>
          </ns3:TrackPointExtension>
        </extensions>
      </trkpt>
      <trkpt lat="31.9804865308105945587158203125" lon="118.76961235888302326202392578125">
        <ele>29</ele>
        <time>2024-10-23T11:52:42.000Z</time>
        <extensions>
          <ns3:TrackPointExtension>
            <ns3:atemp>19.0</ns3:atemp>
            <ns3:hr>169</ns3:hr>
            <ns3:cad>89</ns3:cad>
          </ns3:TrackPointExtension>
        </extensions>
      </trkpt>
      <trkpt lat="31.98050891049206256866455078125" lon="118.769613616168498992919921875">
        <ele>29</ele>
        <time>2024-10-23T11:52:43.000Z</time>
        <extensions>
          <ns3:TrackPointExtension>
            <ns3:atemp>19.0</ns3:atemp>
            <ns3:hr>169</ns3:hr>
            <ns3:cad>89</ns3:cad>
          </ns3:TrackPointExtension>
        </extensions>
      </trkpt>
      <trkpt lat="31.980534307658672332763671875" lon="118.769616298377513885498046875">
        <ele>29</ele>
        <time>2024-10-23T11:52:44.000Z</time>
        <extensions>
          <ns3:TrackPointExtension>
            <ns3:atemp>19.0</ns3:atemp>
            <ns3:hr>169</ns3:hr>
            <ns3:cad>89</ns3:cad>
          </ns3:TrackPointExtension>
        </extensions>
      </trkpt>
      <trkpt lat="31.98055836372077465057373046875" lon="118.76961872912943363189697265625">
        <ele>29</ele>
        <time>2024-10-23T11:52:45.000Z</time>
        <extensions>
          <ns3:TrackPointExtension>
            <ns3:atemp>19.0</ns3:atemp>
            <ns3:hr>169</ns3:hr>
            <ns3:cad>89</ns3:cad>
          </ns3:TrackPointExtension>
        </extensions>
      </trkpt>
      <trkpt lat="31.98058099485933780670166015625" lon="118.76962023787200450897216796875">
        <ele>29</ele>
        <time>2024-10-23T11:52:46.000Z</time>
        <extensions>
          <ns3:TrackPointExtension>
            <ns3:atemp>19.0</ns3:atemp>
            <ns3:hr>169</ns3:hr>
            <ns3:cad>89</ns3:cad>
          </ns3:TrackPointExtension>
        </extensions>
      </trkpt>
      <trkpt lat="31.9806035421788692474365234375" lon="118.76962057314813137054443359375">
        <ele>29</ele>
        <time>2024-10-23T11:52:47.000Z</time>
        <extensions>
          <ns3:TrackPointExtension>
            <ns3:atemp>19.0</ns3:atemp>
            <ns3:hr>169</ns3:hr>
            <ns3:cad>89</ns3:cad>
          </ns3:TrackPointExtension>
        </extensions>
      </trkpt>
      <trkpt lat="31.98062458075582981109619140625" lon="118.769618310034275054931640625">
        <ele>29</ele>
        <time>2024-10-23T11:52:48.000Z</time>
        <extensions>
          <ns3:TrackPointExtension>
            <ns3:atemp>19.0</ns3:atemp>
            <ns3:hr>169</ns3:hr>
            <ns3:cad>89</ns3:cad>
          </ns3:TrackPointExtension>
        </extensions>
      </trkpt>
      <trkpt lat="31.980647630989551544189453125" lon="118.76961839385330677032470703125">
        <ele>29</ele>
        <time>2024-10-23T11:52:49.000Z</time>
        <extensions>
          <ns3:TrackPointExtension>
            <ns3:atemp>19.0</ns3:atemp>
            <ns3:hr>169</ns3:hr>
            <ns3:cad>88</ns3:cad>
          </ns3:TrackPointExtension>
        </extensions>
      </trkpt>
      <trkpt lat="31.9806726090610027313232421875" lon="118.769615627825260162353515625">
        <ele>29</ele>
        <time>2024-10-23T11:52:50.000Z</time>
        <extensions>
          <ns3:TrackPointExtension>
            <ns3:atemp>19.0</ns3:atemp>
            <ns3:hr>169</ns3:hr>
            <ns3:cad>88</ns3:cad>
          </ns3:TrackPointExtension>
        </extensions>
      </trkpt>
      <trkpt lat="31.9807007722556591033935546875" lon="118.76961571164429187774658203125">
        <ele>28.799999237060546875</ele>
        <time>2024-10-23T11:52:51.000Z</time>
        <extensions>
          <ns3:TrackPointExtension>
            <ns3:atemp>19.0</ns3:atemp>
            <ns3:hr>169</ns3:hr>
            <ns3:cad>89</ns3:cad>
          </ns3:TrackPointExtension>
        </extensions>
      </trkpt>
      <trkpt lat="31.9807326234877109527587890625" lon="118.76961587928235530853271484375">
        <ele>28.799999237060546875</ele>
        <time>2024-10-23T11:52:52.000Z</time>
        <extensions>
          <ns3:TrackPointExtension>
            <ns3:atemp>19.0</ns3:atemp>
            <ns3:hr>169</ns3:hr>
            <ns3:cad>89</ns3:cad>
          </ns3:TrackPointExtension>
        </extensions>
      </trkpt>
      <trkpt lat="31.98076589964330196380615234375" lon="118.76961554400622844696044921875">
        <ele>28.799999237060546875</ele>
        <time>2024-10-23T11:52:53.000Z</time>
        <extensions>
          <ns3:TrackPointExtension>
            <ns3:atemp>19.0</ns3:atemp>
            <ns3:hr>169</ns3:hr>
            <ns3:cad>90</ns3:cad>
          </ns3:TrackPointExtension>
        </extensions>
      </trkpt>
      <trkpt lat="31.98079439811408519744873046875" lon="118.769612275063991546630859375">
        <ele>28.799999237060546875</ele>
        <time>2024-10-23T11:52:54.000Z</time>
        <extensions>
          <ns3:TrackPointExtension>
            <ns3:atemp>19.0</ns3:atemp>
            <ns3:hr>169</ns3:hr>
            <ns3:cad>90</ns3:cad>
          </ns3:TrackPointExtension>
        </extensions>
      </trkpt>
      <trkpt lat="31.98082691989839076995849609375" lon="118.76961353234946727752685546875">
        <ele>28.799999237060546875</ele>
        <time>2024-10-23T11:52:55.000Z</time>
        <extensions>
          <ns3:TrackPointExtension>
            <ns3:atemp>19.0</ns3:atemp>
            <ns3:hr>169</ns3:hr>
            <ns3:cad>91</ns3:cad>
          </ns3:TrackPointExtension>
        </extensions>
      </trkpt>
      <trkpt lat="31.98085575364530086517333984375" lon="118.76960934139788150787353515625">
        <ele>28.799999237060546875</ele>
        <time>2024-10-23T11:52:56.000Z</time>
        <extensions>
          <ns3:TrackPointExtension>
            <ns3:atemp>19.0</ns3:atemp>
            <ns3:hr>169</ns3:hr>
            <ns3:cad>91</ns3:cad>
          </ns3:TrackPointExtension>
        </extensions>
      </trkpt>
      <trkpt lat="31.98088609613478183746337890625" lon="118.76961017958819866180419921875">
        <ele>28.799999237060546875</ele>
        <time>2024-10-23T11:52:57.000Z</time>
        <extensions>
          <ns3:TrackPointExtension>
            <ns3:atemp>19.0</ns3:atemp>
            <ns3:hr>169</ns3:hr>
            <ns3:cad>90</ns3:cad>
          </ns3:TrackPointExtension>
        </extensions>
      </trkpt>
      <trkpt lat="31.98091224767267704010009765625" lon="118.7696111015975475311279296875">
        <ele>28.799999237060546875</ele>
        <time>2024-10-23T11:52:58.000Z</time>
        <extensions>
          <ns3:TrackPointExtension>
            <ns3:atemp>19.0</ns3:atemp>
            <ns3:hr>169</ns3:hr>
            <ns3:cad>90</ns3:cad>
          </ns3:TrackPointExtension>
        </extensions>
      </trkpt>
      <trkpt lat="31.9809354655444622039794921875" lon="118.76961420290172100067138671875">
        <ele>28.6000003814697265625</ele>
        <time>2024-10-23T11:52:59.000Z</time>
        <extensions>
          <ns3:TrackPointExtension>
            <ns3:atemp>19.0</ns3:atemp>
            <ns3:hr>169</ns3:hr>
            <ns3:cad>90</ns3:cad>
          </ns3:TrackPointExtension>
        </extensions>
      </trkpt>
      <trkpt lat="31.9809535704553127288818359375" lon="118.76961319707334041595458984375">
        <ele>28.6000003814697265625</ele>
        <time>2024-10-23T11:53:00.000Z</time>
        <extensions>
          <ns3:TrackPointExtension>
            <ns3:atemp>19.0</ns3:atemp>
            <ns3:hr>169</ns3:hr>
            <ns3:cad>90</ns3:cad>
          </ns3:TrackPointExtension>
        </extensions>
      </trkpt>
      <trkpt lat="31.980974860489368438720703125" lon="118.769614286720752716064453125">
        <ele>28.6000003814697265625</ele>
        <time>2024-10-23T11:53:01.000Z</time>
        <extensions>
          <ns3:TrackPointExtension>
            <ns3:atemp>19.0</ns3:atemp>
            <ns3:hr>169</ns3:hr>
            <ns3:cad>90</ns3:cad>
          </ns3:TrackPointExtension>
        </extensions>
      </trkpt>
      <trkpt lat="31.9809973239898681640625" lon="118.76961386762559413909912109375">
        <ele>28.6000003814697265625</ele>
        <time>2024-10-23T11:53:02.000Z</time>
        <extensions>
          <ns3:TrackPointExtension>
            <ns3:atemp>19.0</ns3:atemp>
            <ns3:hr>168</ns3:hr>
            <ns3:cad>90</ns3:cad>
          </ns3:TrackPointExtension>
        </extensions>
      </trkpt>
      <trkpt lat="31.9810219667851924896240234375" lon="118.7696111015975475311279296875">
        <ele>28.6000003814697265625</ele>
        <time>2024-10-23T11:53:03.000Z</time>
        <extensions>
          <ns3:TrackPointExtension>
            <ns3:atemp>19.0</ns3:atemp>
            <ns3:hr>168</ns3:hr>
            <ns3:cad>90</ns3:cad>
          </ns3:TrackPointExtension>
        </extensions>
      </trkpt>
      <trkpt lat="31.98105105198919773101806640625" lon="118.76960682682693004608154296875">
        <ele>28.6000003814697265625</ele>
        <time>2024-10-23T11:53:04.000Z</time>
        <extensions>
          <ns3:TrackPointExtension>
            <ns3:atemp>19.0</ns3:atemp>
            <ns3:hr>168</ns3:hr>
            <ns3:cad>90</ns3:cad>
          </ns3:TrackPointExtension>
        </extensions>
      </trkpt>
      <trkpt lat="31.98107636533677577972412109375" lon="118.76960112713277339935302734375">
        <ele>28.3999996185302734375</ele>
        <time>2024-10-23T11:53:05.000Z</time>
        <extensions>
          <ns3:TrackPointExtension>
            <ns3:atemp>19.0</ns3:atemp>
            <ns3:hr>168</ns3:hr>
            <ns3:cad>90</ns3:cad>
          </ns3:TrackPointExtension>
        </extensions>
      </trkpt>
      <trkpt lat="31.98110234923660755157470703125" lon="118.76959542743861675262451171875">
        <ele>28.200000762939453125</ele>
        <time>2024-10-23T11:53:06.000Z</time>
        <extensions>
          <ns3:TrackPointExtension>
            <ns3:atemp>19.0</ns3:atemp>
            <ns3:hr>168</ns3:hr>
            <ns3:cad>90</ns3:cad>
          </ns3:TrackPointExtension>
        </extensions>
      </trkpt>
      <trkpt lat="31.9811282493174076080322265625" lon="118.7695899792015552520751953125">
        <ele>28.200000762939453125</ele>
        <time>2024-10-23T11:53:07.000Z</time>
        <extensions>
          <ns3:TrackPointExtension>
            <ns3:atemp>19.0</ns3:atemp>
            <ns3:hr>168</ns3:hr>
            <ns3:cad>90</ns3:cad>
          </ns3:TrackPointExtension>
        </extensions>
      </trkpt>
      <trkpt lat="31.981150545179843902587890625" lon="118.76958645880222320556640625">
        <ele>28.200000762939453125</ele>
        <time>2024-10-23T11:53:08.000Z</time>
        <extensions>
          <ns3:TrackPointExtension>
            <ns3:atemp>19.0</ns3:atemp>
            <ns3:hr>167</ns3:hr>
            <ns3:cad>89</ns3:cad>
          </ns3:TrackPointExtension>
        </extensions>
      </trkpt>
      <trkpt lat="31.9811711646616458892822265625" lon="118.7695839442312717437744140625">
        <ele>28.200000762939453125</ele>
        <time>2024-10-23T11:53:09.000Z</time>
        <extensions>
          <ns3:TrackPointExtension>
            <ns3:atemp>19.0</ns3:atemp>
            <ns3:hr>167</ns3:hr>
            <ns3:cad>89</ns3:cad>
          </ns3:TrackPointExtension>
        </extensions>
      </trkpt>
      <trkpt lat="31.9811909459531307220458984375" lon="118.7695782445371150970458984375">
        <ele>28.200000762939453125</ele>
        <time>2024-10-23T11:53:10.000Z</time>
        <extensions>
          <ns3:TrackPointExtension>
            <ns3:atemp>19.0</ns3:atemp>
            <ns3:hr>167</ns3:hr>
            <ns3:cad>89</ns3:cad>
          </ns3:TrackPointExtension>
        </extensions>
      </trkpt>
      <trkpt lat="31.98121248744428157806396484375" lon="118.76957581378519535064697265625">
        <ele>28.200000762939453125</ele>
        <time>2024-10-23T11:53:11.000Z</time>
        <extensions>
          <ns3:TrackPointExtension>
            <ns3:atemp>19.0</ns3:atemp>
            <ns3:hr>167</ns3:hr>
            <ns3:cad>88</ns3:cad>
          </ns3:TrackPointExtension>
        </extensions>
      </trkpt>
      <trkpt lat="31.981241069734096527099609375" lon="118.7695752270519733428955078125">
        <ele>28.200000762939453125</ele>
        <time>2024-10-23T11:53:12.000Z</time>
        <extensions>
          <ns3:TrackPointExtension>
            <ns3:atemp>19.0</ns3:atemp>
            <ns3:hr>167</ns3:hr>
            <ns3:cad>88</ns3:cad>
          </ns3:TrackPointExtension>
        </extensions>
      </trkpt>
      <trkpt lat="31.9812710769474506378173828125" lon="118.76957598142325878143310546875">
        <ele>28.200000762939453125</ele>
        <time>2024-10-23T11:53:13.000Z</time>
        <extensions>
          <ns3:TrackPointExtension>
            <ns3:atemp>19.0</ns3:atemp>
            <ns3:hr>167</ns3:hr>
            <ns3:cad>88</ns3:cad>
          </ns3:TrackPointExtension>
        </extensions>
      </trkpt>
      <trkpt lat="31.98130108416080474853515625" lon="118.76958511769771575927734375">
        <ele>28.200000762939453125</ele>
        <time>2024-10-23T11:53:14.000Z</time>
        <extensions>
          <ns3:TrackPointExtension>
            <ns3:atemp>19.0</ns3:atemp>
            <ns3:hr>166</ns3:hr>
            <ns3:cad>89</ns3:cad>
          </ns3:TrackPointExtension>
        </extensions>
      </trkpt>
      <trkpt lat="31.98132899589836597442626953125" lon="118.76959383487701416015625">
        <ele>28.200000762939453125</ele>
        <time>2024-10-23T11:53:15.000Z</time>
        <extensions>
          <ns3:TrackPointExtension>
            <ns3:atemp>19.0</ns3:atemp>
            <ns3:hr>166</ns3:hr>
            <ns3:cad>89</ns3:cad>
          </ns3:TrackPointExtension>
        </extensions>
      </trkpt>
      <trkpt lat="31.981350369751453399658203125" lon="118.76960665918886661529541015625">
        <ele>28.200000762939453125</ele>
        <time>2024-10-23T11:53:16.000Z</time>
        <extensions>
          <ns3:TrackPointExtension>
            <ns3:atemp>19.0</ns3:atemp>
            <ns3:hr>166</ns3:hr>
            <ns3:cad>89</ns3:cad>
          </ns3:TrackPointExtension>
        </extensions>
      </trkpt>
      <trkpt lat="31.98136621154844760894775390625" lon="118.76961856149137020111083984375">
        <ele>28</ele>
        <time>2024-10-23T11:53:17.000Z</time>
        <extensions>
          <ns3:TrackPointExtension>
            <ns3:atemp>19.0</ns3:atemp>
            <ns3:hr>166</ns3:hr>
            <ns3:cad>89</ns3:cad>
          </ns3:TrackPointExtension>
        </extensions>
      </trkpt>
      <trkpt lat="31.9813803769648075103759765625" lon="118.76963197253644466400146484375">
        <ele>28</ele>
        <time>2024-10-23T11:53:18.000Z</time>
        <extensions>
          <ns3:TrackPointExtension>
            <ns3:atemp>19.0</ns3:atemp>
            <ns3:hr>166</ns3:hr>
            <ns3:cad>89</ns3:cad>
          </ns3:TrackPointExtension>
        </extensions>
      </trkpt>
      <trkpt lat="31.9813961349427700042724609375" lon="118.7696463055908679962158203125">
        <ele>28</ele>
        <time>2024-10-23T11:53:19.000Z</time>
        <extensions>
          <ns3:TrackPointExtension>
            <ns3:atemp>19.0</ns3:atemp>
            <ns3:hr>166</ns3:hr>
            <ns3:cad>90</ns3:cad>
          </ns3:TrackPointExtension>
        </extensions>
      </trkpt>
      <trkpt lat="31.98141097091138362884521484375" lon="118.769659213721752166748046875">
        <ele>28</ele>
        <time>2024-10-23T11:53:20.000Z</time>
        <extensions>
          <ns3:TrackPointExtension>
            <ns3:atemp>19.0</ns3:atemp>
            <ns3:hr>166</ns3:hr>
            <ns3:cad>90</ns3:cad>
          </ns3:TrackPointExtension>
        </extensions>
      </trkpt>
      <trkpt lat="31.98142957873642444610595703125" lon="118.7696691043674945831298828125">
        <ele>28</ele>
        <time>2024-10-23T11:53:21.000Z</time>
        <extensions>
          <ns3:TrackPointExtension>
            <ns3:atemp>19.0</ns3:atemp>
            <ns3:hr>166</ns3:hr>
            <ns3:cad>90</ns3:cad>
          </ns3:TrackPointExtension>
        </extensions>
      </trkpt>
      <trkpt lat="31.98145388625562191009521484375" lon="118.7696727924048900604248046875">
        <ele>28</ele>
        <time>2024-10-23T11:53:22.000Z</time>
        <extensions>
          <ns3:TrackPointExtension>
            <ns3:atemp>19.0</ns3:atemp>
            <ns3:hr>166</ns3:hr>
            <ns3:cad>90</ns3:cad>
          </ns3:TrackPointExtension>
        </extensions>
      </trkpt>
      <trkpt lat="31.9814823009073734283447265625" lon="118.7696754746139049530029296875">
        <ele>28</ele>
        <time>2024-10-23T11:53:23.000Z</time>
        <extensions>
          <ns3:TrackPointExtension>
            <ns3:atemp>19.0</ns3:atemp>
            <ns3:hr>166</ns3:hr>
            <ns3:cad>90</ns3:cad>
          </ns3:TrackPointExtension>
        </extensions>
      </trkpt>
      <trkpt lat="31.98151222430169582366943359375" lon="118.76967773772776126861572265625">
        <ele>28</ele>
        <time>2024-10-23T11:53:24.000Z</time>
        <extensions>
          <ns3:TrackPointExtension>
            <ns3:atemp>19.0</ns3:atemp>
            <ns3:hr>166</ns3:hr>
            <ns3:cad>89</ns3:cad>
          </ns3:TrackPointExtension>
        </extensions>
      </trkpt>
      <trkpt lat="31.9815392978489398956298828125" lon="118.7696768157184123992919921875">
        <ele>28</ele>
        <time>2024-10-23T11:53:25.000Z</time>
        <extensions>
          <ns3:TrackPointExtension>
            <ns3:atemp>19.0</ns3:atemp>
            <ns3:hr>166</ns3:hr>
            <ns3:cad>89</ns3:cad>
          </ns3:TrackPointExtension>
        </extensions>
      </trkpt>
      <trkpt lat="31.981565952301025390625" lon="118.76967505551874637603759765625">
        <ele>28</ele>
        <time>2024-10-23T11:53:26.000Z</time>
        <extensions>
          <ns3:TrackPointExtension>
            <ns3:atemp>19.0</ns3:atemp>
            <ns3:hr>166</ns3:hr>
            <ns3:cad>89</ns3:cad>
          </ns3:TrackPointExtension>
        </extensions>
      </trkpt>
      <trkpt lat="31.98159470222890377044677734375" lon="118.76967371441423892974853515625">
        <ele>28</ele>
        <time>2024-10-23T11:53:27.000Z</time>
        <extensions>
          <ns3:TrackPointExtension>
            <ns3:atemp>19.0</ns3:atemp>
            <ns3:hr>166</ns3:hr>
            <ns3:cad>90</ns3:cad>
          </ns3:TrackPointExtension>
        </extensions>
      </trkpt>
      <trkpt lat="31.98162035085260868072509765625" lon="118.76967086456716060638427734375">
        <ele>28</ele>
        <time>2024-10-23T11:53:28.000Z</time>
        <extensions>
          <ns3:TrackPointExtension>
            <ns3:atemp>19.0</ns3:atemp>
            <ns3:hr>166</ns3:hr>
            <ns3:cad>90</ns3:cad>
          </ns3:TrackPointExtension>
        </extensions>
      </trkpt>
      <trkpt lat="31.9816482625901699066162109375" lon="118.76966902054846286773681640625">
        <ele>28</ele>
        <time>2024-10-23T11:53:29.000Z</time>
        <extensions>
          <ns3:TrackPointExtension>
            <ns3:atemp>19.0</ns3:atemp>
            <ns3:hr>166</ns3:hr>
            <ns3:cad>92</ns3:cad>
          </ns3:TrackPointExtension>
        </extensions>
      </trkpt>
      <trkpt lat="31.98167500086128711700439453125" lon="118.7696670927107334136962890625">
        <ele>28</ele>
        <time>2024-10-23T11:53:30.000Z</time>
        <extensions>
          <ns3:TrackPointExtension>
            <ns3:atemp>19.0</ns3:atemp>
            <ns3:hr>166</ns3:hr>
            <ns3:cad>92</ns3:cad>
          </ns3:TrackPointExtension>
        </extensions>
      </trkpt>
      <trkpt lat="31.98170199058949947357177734375" lon="118.7696670927107334136962890625">
        <ele>28</ele>
        <time>2024-10-23T11:53:31.000Z</time>
        <extensions>
          <ns3:TrackPointExtension>
            <ns3:atemp>19.0</ns3:atemp>
            <ns3:hr>166</ns3:hr>
            <ns3:cad>92</ns3:cad>
          </ns3:TrackPointExtension>
        </extensions>
      </trkpt>
      <trkpt lat="31.981725208461284637451171875" lon="118.7696644105017185211181640625">
        <ele>28</ele>
        <time>2024-10-23T11:53:32.000Z</time>
        <extensions>
          <ns3:TrackPointExtension>
            <ns3:atemp>19.0</ns3:atemp>
            <ns3:hr>165</ns3:hr>
            <ns3:cad>92</ns3:cad>
          </ns3:TrackPointExtension>
        </extensions>
      </trkpt>
      <trkpt lat="31.981751024723052978515625" lon="118.76966332085430622100830078125">
        <ele>28</ele>
        <time>2024-10-23T11:53:33.000Z</time>
        <extensions>
          <ns3:TrackPointExtension>
            <ns3:atemp>19.0</ns3:atemp>
            <ns3:hr>165</ns3:hr>
            <ns3:cad>91</ns3:cad>
          </ns3:TrackPointExtension>
        </extensions>
      </trkpt>
      <trkpt lat="31.9817796908318996429443359375" lon="118.76966298557817935943603515625">
        <ele>28</ele>
        <time>2024-10-23T11:53:34.000Z</time>
        <extensions>
          <ns3:TrackPointExtension>
            <ns3:atemp>19.0</ns3:atemp>
            <ns3:hr>165</ns3:hr>
            <ns3:cad>91</ns3:cad>
          </ns3:TrackPointExtension>
        </extensions>
      </trkpt>
      <trkpt lat="31.98180760256946086883544921875" lon="118.76966248266398906707763671875">
        <ele>28.200000762939453125</ele>
        <time>2024-10-23T11:53:35.000Z</time>
        <extensions>
          <ns3:TrackPointExtension>
            <ns3:atemp>19.0</ns3:atemp>
            <ns3:hr>166</ns3:hr>
            <ns3:cad>91</ns3:cad>
          </ns3:TrackPointExtension>
        </extensions>
      </trkpt>
      <trkpt lat="31.98183475993573665618896484375" lon="118.76966021955013275146484375">
        <ele>28.200000762939453125</ele>
        <time>2024-10-23T11:53:36.000Z</time>
        <extensions>
          <ns3:TrackPointExtension>
            <ns3:atemp>19.0</ns3:atemp>
            <ns3:hr>166</ns3:hr>
            <ns3:cad>93</ns3:cad>
          </ns3:TrackPointExtension>
        </extensions>
      </trkpt>
      <trkpt lat="31.98185873217880725860595703125" lon="118.7696603871881961822509765625">
        <ele>28.200000762939453125</ele>
        <time>2024-10-23T11:53:37.000Z</time>
        <extensions>
          <ns3:TrackPointExtension>
            <ns3:atemp>19.0</ns3:atemp>
            <ns3:hr>166</ns3:hr>
            <ns3:cad>93</ns3:cad>
          </ns3:TrackPointExtension>
        </extensions>
      </trkpt>
      <trkpt lat="31.98188656009733676910400390625" lon="118.76966021955013275146484375">
        <ele>28.200000762939453125</ele>
        <time>2024-10-23T11:53:38.000Z</time>
        <extensions>
          <ns3:TrackPointExtension>
            <ns3:atemp>19.0</ns3:atemp>
            <ns3:hr>166</ns3:hr>
            <ns3:cad>93</ns3:cad>
          </ns3:TrackPointExtension>
        </extensions>
      </trkpt>
      <trkpt lat="31.9819121249020099639892578125" lon="118.769661895930767059326171875">
        <ele>28.200000762939453125</ele>
        <time>2024-10-23T11:53:39.000Z</time>
        <extensions>
          <ns3:TrackPointExtension>
            <ns3:atemp>19.0</ns3:atemp>
            <ns3:hr>166</ns3:hr>
            <ns3:cad>93</ns3:cad>
          </ns3:TrackPointExtension>
        </extensions>
      </trkpt>
      <trkpt lat="31.981937102973461151123046875" lon="118.76966097392141819000244140625">
        <ele>28.3999996185302734375</ele>
        <time>2024-10-23T11:53:40.000Z</time>
        <extensions>
          <ns3:TrackPointExtension>
            <ns3:atemp>19.0</ns3:atemp>
            <ns3:hr>165</ns3:hr>
            <ns3:cad>93</ns3:cad>
          </ns3:TrackPointExtension>
        </extensions>
      </trkpt>
      <trkpt lat="31.9819615781307220458984375" lon="118.769665248692035675048828125">
        <ele>28.3999996185302734375</ele>
        <time>2024-10-23T11:53:41.000Z</time>
        <extensions>
          <ns3:TrackPointExtension>
            <ns3:atemp>19.0</ns3:atemp>
            <ns3:hr>165</ns3:hr>
            <ns3:cad>92</ns3:cad>
          </ns3:TrackPointExtension>
        </extensions>
      </trkpt>
      <trkpt lat="31.9819852150976657867431640625" lon="118.7696657516062259674072265625">
        <ele>28.3999996185302734375</ele>
        <time>2024-10-23T11:53:42.000Z</time>
        <extensions>
          <ns3:TrackPointExtension>
            <ns3:atemp>19.0</ns3:atemp>
            <ns3:hr>165</ns3:hr>
            <ns3:cad>92</ns3:cad>
          </ns3:TrackPointExtension>
        </extensions>
      </trkpt>
      <trkpt lat="31.98201061226427555084228515625" lon="118.76966885291039943695068359375">
        <ele>28.3999996185302734375</ele>
        <time>2024-10-23T11:53:43.000Z</time>
        <extensions>
          <ns3:TrackPointExtension>
            <ns3:atemp>19.0</ns3:atemp>
            <ns3:hr>165</ns3:hr>
            <ns3:cad>92</ns3:cad>
          </ns3:TrackPointExtension>
        </extensions>
      </trkpt>
      <trkpt lat="31.9820355065166950225830078125" lon="118.76967153511941432952880859375">
        <ele>28.3999996185302734375</ele>
        <time>2024-10-23T11:53:44.000Z</time>
        <extensions>
          <ns3:TrackPointExtension>
            <ns3:atemp>19.0</ns3:atemp>
            <ns3:hr>165</ns3:hr>
            <ns3:cad>92</ns3:cad>
          </ns3:TrackPointExtension>
        </extensions>
      </trkpt>
      <trkpt lat="31.9820643402636051177978515625" lon="118.7696758098900318145751953125">
        <ele>28.3999996185302734375</ele>
        <time>2024-10-23T11:53:45.000Z</time>
        <extensions>
          <ns3:TrackPointExtension>
            <ns3:atemp>19.0</ns3:atemp>
            <ns3:hr>165</ns3:hr>
            <ns3:cad>91</ns3:cad>
          </ns3:TrackPointExtension>
        </extensions>
      </trkpt>
      <trkpt lat="31.98209325782954692840576171875" lon="118.7696758098900318145751953125">
        <ele>28.3999996185302734375</ele>
        <time>2024-10-23T11:53:46.000Z</time>
        <extensions>
          <ns3:TrackPointExtension>
            <ns3:atemp>19.0</ns3:atemp>
            <ns3:hr>165</ns3:hr>
            <ns3:cad>91</ns3:cad>
          </ns3:TrackPointExtension>
        </extensions>
      </trkpt>
      <trkpt lat="31.98211991228163242340087890625" lon="118.7696805037558078765869140625">
        <ele>28.3999996185302734375</ele>
        <time>2024-10-23T11:53:47.000Z</time>
        <extensions>
          <ns3:TrackPointExtension>
            <ns3:atemp>19.0</ns3:atemp>
            <ns3:hr>165</ns3:hr>
            <ns3:cad>90</ns3:cad>
          </ns3:TrackPointExtension>
        </extensions>
      </trkpt>
      <trkpt lat="31.98214287869632244110107421875" lon="118.7696783244609832763671875">
        <ele>28.3999996185302734375</ele>
        <time>2024-10-23T11:53:48.000Z</time>
        <extensions>
          <ns3:TrackPointExtension>
            <ns3:atemp>19.0</ns3:atemp>
            <ns3:hr>165</ns3:hr>
            <ns3:cad>90</ns3:cad>
          </ns3:TrackPointExtension>
        </extensions>
      </trkpt>
      <trkpt lat="31.98216735385358333587646484375" lon="118.76967673189938068389892578125">
        <ele>28.3999996185302734375</ele>
        <time>2024-10-23T11:53:49.000Z</time>
        <extensions>
          <ns3:TrackPointExtension>
            <ns3:atemp>19.0</ns3:atemp>
            <ns3:hr>165</ns3:hr>
            <ns3:cad>90</ns3:cad>
          </ns3:TrackPointExtension>
        </extensions>
      </trkpt>
      <trkpt lat="31.98218998499214649200439453125" lon="118.76967706717550754547119140625">
        <ele>28.3999996185302734375</ele>
        <time>2024-10-23T11:53:50.000Z</time>
        <extensions>
          <ns3:TrackPointExtension>
            <ns3:atemp>19.0</ns3:atemp>
            <ns3:hr>165</ns3:hr>
            <ns3:cad>90</ns3:cad>
          </ns3:TrackPointExtension>
        </extensions>
      </trkpt>
      <trkpt lat="31.98221362195909023284912109375" lon="118.7696791626513004302978515625">
        <ele>28.3999996185302734375</ele>
        <time>2024-10-23T11:53:51.000Z</time>
        <extensions>
          <ns3:TrackPointExtension>
            <ns3:atemp>19.0</ns3:atemp>
            <ns3:hr>165</ns3:hr>
            <ns3:cad>90</ns3:cad>
          </ns3:TrackPointExtension>
        </extensions>
      </trkpt>
      <trkpt lat="31.98223826475441455841064453125" lon="118.76967991702258586883544921875">
        <ele>28.3999996185302734375</ele>
        <time>2024-10-23T11:53:52.000Z</time>
        <extensions>
          <ns3:TrackPointExtension>
            <ns3:atemp>19.0</ns3:atemp>
            <ns3:hr>165</ns3:hr>
            <ns3:cad>90</ns3:cad>
          </ns3:TrackPointExtension>
        </extensions>
      </trkpt>
      <trkpt lat="31.982263661921024322509765625" lon="118.7696805037558078765869140625">
        <ele>28.3999996185302734375</ele>
        <time>2024-10-23T11:53:53.000Z</time>
        <extensions>
          <ns3:TrackPointExtension>
            <ns3:atemp>19.0</ns3:atemp>
            <ns3:hr>165</ns3:hr>
            <ns3:cad>90</ns3:cad>
          </ns3:TrackPointExtension>
        </extensions>
      </trkpt>
      <trkpt lat="31.98228855617344379425048828125" lon="118.76968326978385448455810546875">
        <ele>28.3999996185302734375</ele>
        <time>2024-10-23T11:53:54.000Z</time>
        <extensions>
          <ns3:TrackPointExtension>
            <ns3:atemp>19.0</ns3:atemp>
            <ns3:hr>165</ns3:hr>
            <ns3:cad>90</ns3:cad>
          </ns3:TrackPointExtension>
        </extensions>
      </trkpt>
      <trkpt lat="31.98231554590165615081787109375" lon="118.769686035811901092529296875">
        <ele>28.3999996185302734375</ele>
        <time>2024-10-23T11:53:55.000Z</time>
        <extensions>
          <ns3:TrackPointExtension>
            <ns3:atemp>19.0</ns3:atemp>
            <ns3:hr>165</ns3:hr>
            <ns3:cad>90</ns3:cad>
          </ns3:TrackPointExtension>
        </extensions>
      </trkpt>
      <trkpt lat="31.98233909904956817626953125" lon="118.76968829892575740814208984375">
        <ele>28.3999996185302734375</ele>
        <time>2024-10-23T11:53:56.000Z</time>
        <extensions>
          <ns3:TrackPointExtension>
            <ns3:atemp>19.0</ns3:atemp>
            <ns3:hr>165</ns3:hr>
            <ns3:cad>90</ns3:cad>
          </ns3:TrackPointExtension>
        </extensions>
      </trkpt>
      <trkpt lat="31.98236323893070220947265625" lon="118.7696902267634868621826171875">
        <ele>28.3999996185302734375</ele>
        <time>2024-10-23T11:53:57.000Z</time>
        <extensions>
          <ns3:TrackPointExtension>
            <ns3:atemp>19.0</ns3:atemp>
            <ns3:hr>165</ns3:hr>
            <ns3:cad>90</ns3:cad>
          </ns3:TrackPointExtension>
        </extensions>
      </trkpt>
      <trkpt lat="31.98238679207861423492431640625" lon="118.7696895562112331390380859375">
        <ele>28.3999996185302734375</ele>
        <time>2024-10-23T11:53:58.000Z</time>
        <extensions>
          <ns3:TrackPointExtension>
            <ns3:atemp>19.0</ns3:atemp>
            <ns3:hr>165</ns3:hr>
            <ns3:cad>91</ns3:cad>
          </ns3:TrackPointExtension>
        </extensions>
      </trkpt>
      <trkpt lat="31.982411853969097137451171875" lon="118.76968762837350368499755859375">
        <ele>28.3999996185302734375</ele>
        <time>2024-10-23T11:53:59.000Z</time>
        <extensions>
          <ns3:TrackPointExtension>
            <ns3:atemp>19.0</ns3:atemp>
            <ns3:hr>165</ns3:hr>
            <ns3:cad>91</ns3:cad>
          </ns3:TrackPointExtension>
        </extensions>
      </trkpt>
      <trkpt lat="31.98243591003119945526123046875" lon="118.7696872092783451080322265625">
        <ele>28.3999996185302734375</ele>
        <time>2024-10-23T11:54:00.000Z</time>
        <extensions>
          <ns3:TrackPointExtension>
            <ns3:atemp>19.0</ns3:atemp>
            <ns3:hr>165</ns3:hr>
            <ns3:cad>91</ns3:cad>
          </ns3:TrackPointExtension>
        </extensions>
      </trkpt>
      <trkpt lat="31.9824604690074920654296875" lon="118.7696862034499645233154296875">
        <ele>28.3999996185302734375</ele>
        <time>2024-10-23T11:54:01.000Z</time>
        <extensions>
          <ns3:TrackPointExtension>
            <ns3:atemp>19.0</ns3:atemp>
            <ns3:hr>165</ns3:hr>
            <ns3:cad>90</ns3:cad>
          </ns3:TrackPointExtension>
        </extensions>
      </trkpt>
      <trkpt lat="31.982484273612499237060546875" lon="118.76968511380255222320556640625">
        <ele>28.6000003814697265625</ele>
        <time>2024-10-23T11:54:02.000Z</time>
        <extensions>
          <ns3:TrackPointExtension>
            <ns3:atemp>19.0</ns3:atemp>
            <ns3:hr>165</ns3:hr>
            <ns3:cad>90</ns3:cad>
          </ns3:TrackPointExtension>
        </extensions>
      </trkpt>
      <trkpt lat="31.982504390180110931396484375" lon="118.7696841917932033538818359375">
        <ele>28.6000003814697265625</ele>
        <time>2024-10-23T11:54:03.000Z</time>
        <extensions>
          <ns3:TrackPointExtension>
            <ns3:atemp>19.0</ns3:atemp>
            <ns3:hr>165</ns3:hr>
            <ns3:cad>90</ns3:cad>
          </ns3:TrackPointExtension>
        </extensions>
      </trkpt>
      <trkpt lat="31.982527188956737518310546875" lon="118.7696836888790130615234375">
        <ele>28.6000003814697265625</ele>
        <time>2024-10-23T11:54:04.000Z</time>
        <extensions>
          <ns3:TrackPointExtension>
            <ns3:atemp>19.0</ns3:atemp>
            <ns3:hr>165</ns3:hr>
            <ns3:cad>90</ns3:cad>
          </ns3:TrackPointExtension>
        </extensions>
      </trkpt>
      <trkpt lat="31.98254772461950778961181640625" lon="118.769681341946125030517578125">
        <ele>28.6000003814697265625</ele>
        <time>2024-10-23T11:54:05.000Z</time>
        <extensions>
          <ns3:TrackPointExtension>
            <ns3:atemp>19.0</ns3:atemp>
            <ns3:hr>165</ns3:hr>
            <ns3:cad>90</ns3:cad>
          </ns3:TrackPointExtension>
        </extensions>
      </trkpt>
      <trkpt lat="31.9825704395771026611328125" lon="118.769680671393871307373046875">
        <ele>28.6000003814697265625</ele>
        <time>2024-10-23T11:54:06.000Z</time>
        <extensions>
          <ns3:TrackPointExtension>
            <ns3:atemp>19.0</ns3:atemp>
            <ns3:hr>165</ns3:hr>
            <ns3:cad>89</ns3:cad>
          </ns3:TrackPointExtension>
        </extensions>
      </trkpt>
      <trkpt lat="31.98259432800114154815673828125" lon="118.7696808390319347381591796875">
        <ele>28.6000003814697265625</ele>
        <time>2024-10-23T11:54:07.000Z</time>
        <extensions>
          <ns3:TrackPointExtension>
            <ns3:atemp>19.0</ns3:atemp>
            <ns3:hr>165</ns3:hr>
            <ns3:cad>89</ns3:cad>
          </ns3:TrackPointExtension>
        </extensions>
      </trkpt>
      <trkpt lat="31.9826222397387027740478515625" lon="118.76968025229871273040771484375">
        <ele>28.799999237060546875</ele>
        <time>2024-10-23T11:54:08.000Z</time>
        <extensions>
          <ns3:TrackPointExtension>
            <ns3:atemp>19.0</ns3:atemp>
            <ns3:hr>165</ns3:hr>
            <ns3:cad>90</ns3:cad>
          </ns3:TrackPointExtension>
        </extensions>
      </trkpt>
      <trkpt lat="31.982651911675930023193359375" lon="118.7696810066699981689453125">
        <ele>28.799999237060546875</ele>
        <time>2024-10-23T11:54:09.000Z</time>
        <extensions>
          <ns3:TrackPointExtension>
            <ns3:atemp>19.0</ns3:atemp>
            <ns3:hr>165</ns3:hr>
            <ns3:cad>90</ns3:cad>
          </ns3:TrackPointExtension>
        </extensions>
      </trkpt>
      <trkpt lat="31.98268510401248931884765625" lon="118.76968125812709331512451171875">
        <ele>28.799999237060546875</ele>
        <time>2024-10-23T11:54:10.000Z</time>
        <extensions>
          <ns3:TrackPointExtension>
            <ns3:atemp>19.0</ns3:atemp>
            <ns3:hr>165</ns3:hr>
            <ns3:cad>90</ns3:cad>
          </ns3:TrackPointExtension>
        </extensions>
      </trkpt>
      <trkpt lat="31.98271418921649456024169921875" lon="118.76968159340322017669677734375">
        <ele>29</ele>
        <time>2024-10-23T11:54:11.000Z</time>
        <extensions>
          <ns3:TrackPointExtension>
            <ns3:atemp>19.0</ns3:atemp>
            <ns3:hr>166</ns3:hr>
            <ns3:cad>90</ns3:cad>
          </ns3:TrackPointExtension>
        </extensions>
      </trkpt>
      <trkpt lat="31.98274671100080013275146484375" lon="118.7696808390319347381591796875">
        <ele>29</ele>
        <time>2024-10-23T11:54:12.000Z</time>
        <extensions>
          <ns3:TrackPointExtension>
            <ns3:atemp>19.0</ns3:atemp>
            <ns3:hr>166</ns3:hr>
            <ns3:cad>90</ns3:cad>
          </ns3:TrackPointExtension>
        </extensions>
      </trkpt>
      <trkpt lat="31.9827737845480442047119140625" lon="118.7696801684796810150146484375">
        <ele>29</ele>
        <time>2024-10-23T11:54:13.000Z</time>
        <extensions>
          <ns3:TrackPointExtension>
            <ns3:atemp>19.0</ns3:atemp>
            <ns3:hr>166</ns3:hr>
            <ns3:cad>90</ns3:cad>
          </ns3:TrackPointExtension>
        </extensions>
      </trkpt>
      <trkpt lat="31.98280421085655689239501953125" lon="118.76968058757483959197998046875">
        <ele>29.200000762939453125</ele>
        <time>2024-10-23T11:54:14.000Z</time>
        <extensions>
          <ns3:TrackPointExtension>
            <ns3:atemp>19.0</ns3:atemp>
            <ns3:hr>166</ns3:hr>
            <ns3:cad>90</ns3:cad>
          </ns3:TrackPointExtension>
        </extensions>
      </trkpt>
      <trkpt lat="31.9828284345567226409912109375" lon="118.76968025229871273040771484375">
        <ele>29.200000762939453125</ele>
        <time>2024-10-23T11:54:15.000Z</time>
        <extensions>
          <ns3:TrackPointExtension>
            <ns3:atemp>19.0</ns3:atemp>
            <ns3:hr>166</ns3:hr>
            <ns3:cad>90</ns3:cad>
          </ns3:TrackPointExtension>
        </extensions>
      </trkpt>
      <trkpt lat="31.98285299353301525115966796875" lon="118.769680000841617584228515625">
        <ele>29.200000762939453125</ele>
        <time>2024-10-23T11:54:16.000Z</time>
        <extensions>
          <ns3:TrackPointExtension>
            <ns3:atemp>19.0</ns3:atemp>
            <ns3:hr>166</ns3:hr>
            <ns3:cad>90</ns3:cad>
          </ns3:TrackPointExtension>
        </extensions>
      </trkpt>
      <trkpt lat="31.98287193663418292999267578125" lon="118.769677318632602691650390625">
        <ele>29.200000762939453125</ele>
        <time>2024-10-23T11:54:17.000Z</time>
        <extensions>
          <ns3:TrackPointExtension>
            <ns3:atemp>19.0</ns3:atemp>
            <ns3:hr>166</ns3:hr>
            <ns3:cad>90</ns3:cad>
          </ns3:TrackPointExtension>
        </extensions>
      </trkpt>
      <trkpt lat="31.98289423249661922454833984375" lon="118.76967807300388813018798828125">
        <ele>29.3999996185302734375</ele>
        <time>2024-10-23T11:54:18.000Z</time>
        <extensions>
          <ns3:TrackPointExtension>
            <ns3:atemp>19.0</ns3:atemp>
            <ns3:hr>166</ns3:hr>
            <ns3:cad>90</ns3:cad>
          </ns3:TrackPointExtension>
        </extensions>
      </trkpt>
      <trkpt lat="31.982915438711643218994140625" lon="118.7696808390319347381591796875">
        <ele>29.3999996185302734375</ele>
        <time>2024-10-23T11:54:19.000Z</time>
        <extensions>
          <ns3:TrackPointExtension>
            <ns3:atemp>19.0</ns3:atemp>
            <ns3:hr>166</ns3:hr>
            <ns3:cad>90</ns3:cad>
          </ns3:TrackPointExtension>
        </extensions>
      </trkpt>
      <trkpt lat="31.982939243316650390625" lon="118.76968326978385448455810546875">
        <ele>29.3999996185302734375</ele>
        <time>2024-10-23T11:54:20.000Z</time>
        <extensions>
          <ns3:TrackPointExtension>
            <ns3:atemp>19.0</ns3:atemp>
            <ns3:hr>166</ns3:hr>
            <ns3:cad>90</ns3:cad>
          </ns3:TrackPointExtension>
        </extensions>
      </trkpt>
      <trkpt lat="31.98296028189361095428466796875" lon="118.769686706364154815673828125">
        <ele>29.6000003814697265625</ele>
        <time>2024-10-23T11:54:21.000Z</time>
        <extensions>
          <ns3:TrackPointExtension>
            <ns3:atemp>19.0</ns3:atemp>
            <ns3:hr>166</ns3:hr>
            <ns3:cad>90</ns3:cad>
          </ns3:TrackPointExtension>
        </extensions>
      </trkpt>
      <trkpt lat="31.98298257775604724884033203125" lon="118.769685365259647369384765625">
        <ele>29.6000003814697265625</ele>
        <time>2024-10-23T11:54:22.000Z</time>
        <extensions>
          <ns3:TrackPointExtension>
            <ns3:atemp>19.0</ns3:atemp>
            <ns3:hr>166</ns3:hr>
            <ns3:cad>90</ns3:cad>
          </ns3:TrackPointExtension>
        </extensions>
      </trkpt>
      <trkpt lat="31.9830091483891010284423828125" lon="118.76968326978385448455810546875">
        <ele>29.6000003814697265625</ele>
        <time>2024-10-23T11:54:23.000Z</time>
        <extensions>
          <ns3:TrackPointExtension>
            <ns3:atemp>19.0</ns3:atemp>
            <ns3:hr>166</ns3:hr>
            <ns3:cad>89</ns3:cad>
          </ns3:TrackPointExtension>
        </extensions>
      </trkpt>
      <trkpt lat="31.983035467565059661865234375" lon="118.7696774862706661224365234375">
        <ele>29.6000003814697265625</ele>
        <time>2024-10-23T11:54:24.000Z</time>
        <extensions>
          <ns3:TrackPointExtension>
            <ns3:atemp>19.0</ns3:atemp>
            <ns3:hr>166</ns3:hr>
            <ns3:cad>89</ns3:cad>
          </ns3:TrackPointExtension>
        </extensions>
      </trkpt>
      <trkpt lat="31.9830601103603839874267578125" lon="118.7696711160242557525634765625">
        <ele>29.6000003814697265625</ele>
        <time>2024-10-23T11:54:25.000Z</time>
        <extensions>
          <ns3:TrackPointExtension>
            <ns3:atemp>19.0</ns3:atemp>
            <ns3:hr>166</ns3:hr>
            <ns3:cad>89</ns3:cad>
          </ns3:TrackPointExtension>
        </extensions>
      </trkpt>
      <trkpt lat="31.98308316059410572052001953125" lon="118.769665248692035675048828125">
        <ele>29.6000003814697265625</ele>
        <time>2024-10-23T11:54:26.000Z</time>
        <extensions>
          <ns3:TrackPointExtension>
            <ns3:atemp>19.0</ns3:atemp>
            <ns3:hr>166</ns3:hr>
            <ns3:cad>89</ns3:cad>
          </ns3:TrackPointExtension>
        </extensions>
      </trkpt>
      <trkpt lat="31.98310780338943004608154296875" lon="118.76965812407433986663818359375">
        <ele>29.6000003814697265625</ele>
        <time>2024-10-23T11:54:27.000Z</time>
        <extensions>
          <ns3:TrackPointExtension>
            <ns3:atemp>19.0</ns3:atemp>
            <ns3:hr>166</ns3:hr>
            <ns3:cad>88</ns3:cad>
          </ns3:TrackPointExtension>
        </extensions>
      </trkpt>
      <trkpt lat="31.98313571512699127197265625" lon="118.76965242438018321990966796875">
        <ele>29.6000003814697265625</ele>
        <time>2024-10-23T11:54:28.000Z</time>
        <extensions>
          <ns3:TrackPointExtension>
            <ns3:atemp>19.0</ns3:atemp>
            <ns3:hr>166</ns3:hr>
            <ns3:cad>88</ns3:cad>
          </ns3:TrackPointExtension>
        </extensions>
      </trkpt>
      <trkpt lat="31.98316731490194797515869140625" lon="118.7696493230760097503662109375">
        <ele>29.6000003814697265625</ele>
        <time>2024-10-23T11:54:29.000Z</time>
        <extensions>
          <ns3:TrackPointExtension>
            <ns3:atemp>19.0</ns3:atemp>
            <ns3:hr>166</ns3:hr>
            <ns3:cad>88</ns3:cad>
          </ns3:TrackPointExtension>
        </extensions>
      </trkpt>
      <trkpt lat="31.98319715447723865509033203125" lon="118.76964504830539226531982421875">
        <ele>29.6000003814697265625</ele>
        <time>2024-10-23T11:54:30.000Z</time>
        <extensions>
          <ns3:TrackPointExtension>
            <ns3:atemp>19.0</ns3:atemp>
            <ns3:hr>166</ns3:hr>
            <ns3:cad>88</ns3:cad>
          </ns3:TrackPointExtension>
        </extensions>
      </trkpt>
      <trkpt lat="31.9832290895283222198486328125" lon="118.7696406058967113494873046875">
        <ele>29.6000003814697265625</ele>
        <time>2024-10-23T11:54:31.000Z</time>
        <extensions>
          <ns3:TrackPointExtension>
            <ns3:atemp>19.0</ns3:atemp>
            <ns3:hr>166</ns3:hr>
            <ns3:cad>88</ns3:cad>
          </ns3:TrackPointExtension>
        </extensions>
      </trkpt>
      <trkpt lat="31.983260773122310638427734375" lon="118.76963473856449127197265625">
        <ele>29.6000003814697265625</ele>
        <time>2024-10-23T11:54:32.000Z</time>
        <extensions>
          <ns3:TrackPointExtension>
            <ns3:atemp>19.0</ns3:atemp>
            <ns3:hr>166</ns3:hr>
            <ns3:cad>89</ns3:cad>
          </ns3:TrackPointExtension>
        </extensions>
      </trkpt>
      <trkpt lat="31.98329119943082332611083984375" lon="118.76962895505130290985107421875">
        <ele>29.799999237060546875</ele>
        <time>2024-10-23T11:54:33.000Z</time>
        <extensions>
          <ns3:TrackPointExtension>
            <ns3:atemp>19.0</ns3:atemp>
            <ns3:hr>166</ns3:hr>
            <ns3:cad>89</ns3:cad>
          </ns3:TrackPointExtension>
        </extensions>
      </trkpt>
      <trkpt lat="31.98332053609192371368408203125" lon="118.769621662795543670654296875">
        <ele>29.799999237060546875</ele>
        <time>2024-10-23T11:54:34.000Z</time>
        <extensions>
          <ns3:TrackPointExtension>
            <ns3:atemp>19.0</ns3:atemp>
            <ns3:hr>166</ns3:hr>
            <ns3:cad>90</ns3:cad>
          </ns3:TrackPointExtension>
        </extensions>
      </trkpt>
      <trkpt lat="31.9833467714488506317138671875" lon="118.769613616168498992919921875">
        <ele>30</ele>
        <time>2024-10-23T11:54:35.000Z</time>
        <extensions>
          <ns3:TrackPointExtension>
            <ns3:atemp>19.0</ns3:atemp>
            <ns3:hr>165</ns3:hr>
            <ns3:cad>90</ns3:cad>
          </ns3:TrackPointExtension>
        </extensions>
      </trkpt>
      <trkpt lat="31.9833739288151264190673828125" lon="118.76960464753210544586181640625">
        <ele>30</ele>
        <time>2024-10-23T11:54:36.000Z</time>
        <extensions>
          <ns3:TrackPointExtension>
            <ns3:atemp>19.0</ns3:atemp>
            <ns3:hr>165</ns3:hr>
            <ns3:cad>89</ns3:cad>
          </ns3:TrackPointExtension>
        </extensions>
      </trkpt>
      <trkpt lat="31.98339949361979961395263671875" lon="118.76959794200956821441650390625">
        <ele>30</ele>
        <time>2024-10-23T11:54:37.000Z</time>
        <extensions>
          <ns3:TrackPointExtension>
            <ns3:atemp>19.0</ns3:atemp>
            <ns3:hr>165</ns3:hr>
            <ns3:cad>89</ns3:cad>
          </ns3:TrackPointExtension>
        </extensions>
      </trkpt>
      <trkpt lat="31.9834225438535213470458984375" lon="118.76959609799087047576904296875">
        <ele>30</ele>
        <time>2024-10-23T11:54:38.000Z</time>
        <extensions>
          <ns3:TrackPointExtension>
            <ns3:atemp>19.0</ns3:atemp>
            <ns3:hr>165</ns3:hr>
            <ns3:cad>89</ns3:cad>
          </ns3:TrackPointExtension>
        </extensions>
      </trkpt>
      <trkpt lat="31.98344492353498935699462890625" lon="118.7695929966866970062255859375">
        <ele>30</ele>
        <time>2024-10-23T11:54:39.000Z</time>
        <extensions>
          <ns3:TrackPointExtension>
            <ns3:atemp>19.0</ns3:atemp>
            <ns3:hr>165</ns3:hr>
            <ns3:cad>89</ns3:cad>
          </ns3:TrackPointExtension>
        </extensions>
      </trkpt>
      <trkpt lat="31.9834735058248043060302734375" lon="118.76958972774446010589599609375">
        <ele>30</ele>
        <time>2024-10-23T11:54:40.000Z</time>
        <extensions>
          <ns3:TrackPointExtension>
            <ns3:atemp>19.0</ns3:atemp>
            <ns3:hr>165</ns3:hr>
            <ns3:cad>89</ns3:cad>
          </ns3:TrackPointExtension>
        </extensions>
      </trkpt>
      <trkpt lat="31.98350309394299983978271484375" lon="118.7695871293544769287109375">
        <ele>30</ele>
        <time>2024-10-23T11:54:41.000Z</time>
        <extensions>
          <ns3:TrackPointExtension>
            <ns3:atemp>19.0</ns3:atemp>
            <ns3:hr>164</ns3:hr>
            <ns3:cad>89</ns3:cad>
          </ns3:TrackPointExtension>
        </extensions>
      </trkpt>
      <trkpt lat="31.983527652919292449951171875" lon="118.76958511769771575927734375">
        <ele>30.200000762939453125</ele>
        <time>2024-10-23T11:54:42.000Z</time>
        <extensions>
          <ns3:TrackPointExtension>
            <ns3:atemp>19.0</ns3:atemp>
            <ns3:hr>164</ns3:hr>
            <ns3:cad>88</ns3:cad>
          </ns3:TrackPointExtension>
        </extensions>
      </trkpt>
      <trkpt lat="31.98354768566787242889404296875" lon="118.76958754844963550567626953125">
        <ele>30.200000762939453125</ele>
        <time>2024-10-23T11:54:43.000Z</time>
        <extensions>
          <ns3:TrackPointExtension>
            <ns3:atemp>19.0</ns3:atemp>
            <ns3:hr>164</ns3:hr>
            <ns3:cad>88</ns3:cad>
          </ns3:TrackPointExtension>
        </extensions>
      </trkpt>
      <trkpt lat="31.98357048444449901580810546875" lon="118.7695960141718387603759765625">
        <ele>30.200000762939453125</ele>
        <time>2024-10-23T11:54:44.000Z</time>
        <extensions>
          <ns3:TrackPointExtension>
            <ns3:atemp>19.0</ns3:atemp>
            <ns3:hr>164</ns3:hr>
            <ns3:cad>88</ns3:cad>
          </ns3:TrackPointExtension>
        </extensions>
      </trkpt>
      <trkpt lat="31.983591020107269287109375" lon="118.769608922302722930908203125">
        <ele>30.3999996185302734375</ele>
        <time>2024-10-23T11:54:45.000Z</time>
        <extensions>
          <ns3:TrackPointExtension>
            <ns3:atemp>19.0</ns3:atemp>
            <ns3:hr>164</ns3:hr>
            <ns3:cad>88</ns3:cad>
          </ns3:TrackPointExtension>
        </extensions>
      </trkpt>
      <trkpt lat="31.9836143217980861663818359375" lon="118.76962040551006793975830078125">
        <ele>30.3999996185302734375</ele>
        <time>2024-10-23T11:54:46.000Z</time>
        <extensions>
          <ns3:TrackPointExtension>
            <ns3:atemp>19.0</ns3:atemp>
            <ns3:hr>164</ns3:hr>
            <ns3:cad>88</ns3:cad>
          </ns3:TrackPointExtension>
        </extensions>
      </trkpt>
      <trkpt lat="31.98363619856536388397216796875" lon="118.76962996087968349456787109375">
        <ele>30.3999996185302734375</ele>
        <time>2024-10-23T11:54:47.000Z</time>
        <extensions>
          <ns3:TrackPointExtension>
            <ns3:atemp>19.0</ns3:atemp>
            <ns3:hr>164</ns3:hr>
            <ns3:cad>89</ns3:cad>
          </ns3:TrackPointExtension>
        </extensions>
      </trkpt>
      <trkpt lat="31.9836558960378170013427734375" lon="118.76964085735380649566650390625">
        <ele>30.3999996185302734375</ele>
        <time>2024-10-23T11:54:48.000Z</time>
        <extensions>
          <ns3:TrackPointExtension>
            <ns3:atemp>19.0</ns3:atemp>
            <ns3:hr>164</ns3:hr>
            <ns3:cad>89</ns3:cad>
          </ns3:TrackPointExtension>
        </extensions>
      </trkpt>
      <trkpt lat="31.98367341421544551849365234375" lon="118.76965275965631008148193359375">
        <ele>30.6000003814697265625</ele>
        <time>2024-10-23T11:54:49.000Z</time>
        <extensions>
          <ns3:TrackPointExtension>
            <ns3:atemp>19.0</ns3:atemp>
            <ns3:hr>164</ns3:hr>
            <ns3:cad>90</ns3:cad>
          </ns3:TrackPointExtension>
        </extensions>
      </trkpt>
      <trkpt lat="31.98369503952562808990478515625" lon="118.76966063864529132843017578125">
        <ele>30.799999237060546875</ele>
        <time>2024-10-23T11:54:50.000Z</time>
        <extensions>
          <ns3:TrackPointExtension>
            <ns3:atemp>19.0</ns3:atemp>
            <ns3:hr>164</ns3:hr>
            <ns3:cad>90</ns3:cad>
          </ns3:TrackPointExtension>
        </extensions>
      </trkpt>
      <trkpt lat="31.9837152399122714996337890625" lon="118.769668601453304290771484375">
        <ele>31</ele>
        <time>2024-10-23T11:54:51.000Z</time>
        <extensions>
          <ns3:TrackPointExtension>
            <ns3:atemp>19.0</ns3:atemp>
            <ns3:hr>164</ns3:hr>
            <ns3:cad>90</ns3:cad>
          </ns3:TrackPointExtension>
        </extensions>
      </trkpt>
      <trkpt lat="31.9837326742708683013916015625" lon="118.769673295319080352783203125">
        <ele>31.200000762939453125</ele>
        <time>2024-10-23T11:54:52.000Z</time>
        <extensions>
          <ns3:TrackPointExtension>
            <ns3:atemp>19.0</ns3:atemp>
            <ns3:hr>164</ns3:hr>
            <ns3:cad>90</ns3:cad>
          </ns3:TrackPointExtension>
        </extensions>
      </trkpt>
      <trkpt lat="31.9837531261146068572998046875" lon="118.769677318632602691650390625">
        <ele>31.3999996185302734375</ele>
        <time>2024-10-23T11:54:53.000Z</time>
        <extensions>
          <ns3:TrackPointExtension>
            <ns3:atemp>19.0</ns3:atemp>
            <ns3:hr>164</ns3:hr>
            <ns3:cad>90</ns3:cad>
          </ns3:TrackPointExtension>
        </extensions>
      </trkpt>
      <trkpt lat="31.98377399705350399017333984375" lon="118.769683353602886199951171875">
        <ele>31.6000003814697265625</ele>
        <time>2024-10-23T11:54:54.000Z</time>
        <extensions>
          <ns3:TrackPointExtension>
            <ns3:atemp>19.0</ns3:atemp>
            <ns3:hr>164</ns3:hr>
            <ns3:cad>90</ns3:cad>
          </ns3:TrackPointExtension>
        </extensions>
      </trkpt>
      <trkpt lat="31.98379076085984706878662109375" lon="118.7696885503828525543212890625">
        <ele>31.6000003814697265625</ele>
        <time>2024-10-23T11:54:55.000Z</time>
        <extensions>
          <ns3:TrackPointExtension>
            <ns3:atemp>19.0</ns3:atemp>
            <ns3:hr>164</ns3:hr>
            <ns3:cad>90</ns3:cad>
          </ns3:TrackPointExtension>
        </extensions>
      </trkpt>
      <trkpt lat="31.98381339199841022491455078125" lon="118.7696979381144046783447265625">
        <ele>31.799999237060546875</ele>
        <time>2024-10-23T11:54:56.000Z</time>
        <extensions>
          <ns3:TrackPointExtension>
            <ns3:atemp>19.0</ns3:atemp>
            <ns3:hr>164</ns3:hr>
            <ns3:cad>90</ns3:cad>
          </ns3:TrackPointExtension>
        </extensions>
      </trkpt>
      <trkpt lat="31.9838319160044193267822265625" lon="118.769710175693035125732421875">
        <ele>32</ele>
        <time>2024-10-23T11:54:57.000Z</time>
        <extensions>
          <ns3:TrackPointExtension>
            <ns3:atemp>19.0</ns3:atemp>
            <ns3:hr>164</ns3:hr>
            <ns3:cad>90</ns3:cad>
          </ns3:TrackPointExtension>
        </extensions>
      </trkpt>
      <trkpt lat="31.98385496623814105987548828125" lon="118.7697217427194118499755859375">
        <ele>32.200000762939453125</ele>
        <time>2024-10-23T11:54:58.000Z</time>
        <extensions>
          <ns3:TrackPointExtension>
            <ns3:atemp>19.0</ns3:atemp>
            <ns3:hr>164</ns3:hr>
            <ns3:cad>91</ns3:cad>
          </ns3:TrackPointExtension>
        </extensions>
      </trkpt>
      <trkpt lat="31.98388002812862396240234375" lon="118.7697338126599788665771484375">
        <ele>32.200000762939453125</ele>
        <time>2024-10-23T11:54:59.000Z</time>
        <extensions>
          <ns3:TrackPointExtension>
            <ns3:atemp>19.0</ns3:atemp>
            <ns3:hr>164</ns3:hr>
            <ns3:cad>93</ns3:cad>
          </ns3:TrackPointExtension>
        </extensions>
      </trkpt>
      <trkpt lat="31.98390793986618518829345703125" lon="118.76974864862859249114990234375">
        <ele>32.40000152587890625</ele>
        <time>2024-10-23T11:55:00.000Z</time>
        <extensions>
          <ns3:TrackPointExtension>
            <ns3:atemp>19.0</ns3:atemp>
            <ns3:hr>164</ns3:hr>
            <ns3:cad>92</ns3:cad>
          </ns3:TrackPointExtension>
        </extensions>
      </trkpt>
      <trkpt lat="31.9839328341186046600341796875" lon="118.76975904218852519989013671875">
        <ele>32.799999237060546875</ele>
        <time>2024-10-23T11:55:01.000Z</time>
        <extensions>
          <ns3:TrackPointExtension>
            <ns3:atemp>19.0</ns3:atemp>
            <ns3:hr>164</ns3:hr>
            <ns3:cad>92</ns3:cad>
          </ns3:TrackPointExtension>
        </extensions>
      </trkpt>
      <trkpt lat="31.98395823128521442413330078125" lon="118.76977262087166309356689453125">
        <ele>32.799999237060546875</ele>
        <time>2024-10-23T11:55:02.000Z</time>
        <extensions>
          <ns3:TrackPointExtension>
            <ns3:atemp>19.0</ns3:atemp>
            <ns3:hr>165</ns3:hr>
            <ns3:cad>92</ns3:cad>
          </ns3:TrackPointExtension>
        </extensions>
      </trkpt>
      <trkpt lat="31.983980275690555572509765625" lon="118.76978536136448383331298828125">
        <ele>33</ele>
        <time>2024-10-23T11:55:03.000Z</time>
        <extensions>
          <ns3:TrackPointExtension>
            <ns3:atemp>19.0</ns3:atemp>
            <ns3:hr>165</ns3:hr>
            <ns3:cad>93</ns3:cad>
          </ns3:TrackPointExtension>
        </extensions>
      </trkpt>
      <trkpt lat="31.98399997316300868988037109375" lon="118.76979743130505084991455078125">
        <ele>33</ele>
        <time>2024-10-23T11:55:04.000Z</time>
        <extensions>
          <ns3:TrackPointExtension>
            <ns3:atemp>19.0</ns3:atemp>
            <ns3:hr>166</ns3:hr>
            <ns3:cad>93</ns3:cad>
          </ns3:TrackPointExtension>
        </extensions>
      </trkpt>
      <trkpt lat="31.98401958681643009185791015625" lon="118.7698129378259181976318359375">
        <ele>33.200000762939453125</ele>
        <time>2024-10-23T11:55:05.000Z</time>
        <extensions>
          <ns3:TrackPointExtension>
            <ns3:atemp>19.0</ns3:atemp>
            <ns3:hr>166</ns3:hr>
            <ns3:cad>92</ns3:cad>
          </ns3:TrackPointExtension>
        </extensions>
      </trkpt>
      <trkpt lat="31.98403668589890003204345703125" lon="118.76982475630939006805419921875">
        <ele>33.40000152587890625</ele>
        <time>2024-10-23T11:55:06.000Z</time>
        <extensions>
          <ns3:TrackPointExtension>
            <ns3:atemp>18.0</ns3:atemp>
            <ns3:hr>166</ns3:hr>
            <ns3:cad>92</ns3:cad>
          </ns3:TrackPointExtension>
        </extensions>
      </trkpt>
      <trkpt lat="31.98405747301876544952392578125" lon="118.7698364071547985076904296875">
        <ele>33.799999237060546875</ele>
        <time>2024-10-23T11:55:07.000Z</time>
        <extensions>
          <ns3:TrackPointExtension>
            <ns3:atemp>19.0</ns3:atemp>
            <ns3:hr>166</ns3:hr>
            <ns3:cad>92</ns3:cad>
          </ns3:TrackPointExtension>
        </extensions>
      </trkpt>
      <trkpt lat="31.98407943360507488250732421875" lon="118.76984537579119205474853515625">
        <ele>34.200000762939453125</ele>
        <time>2024-10-23T11:55:08.000Z</time>
        <extensions>
          <ns3:TrackPointExtension>
            <ns3:atemp>19.0</ns3:atemp>
            <ns3:hr>167</ns3:hr>
            <ns3:cad>92</ns3:cad>
          </ns3:TrackPointExtension>
        </extensions>
      </trkpt>
      <trkpt lat="31.9841048307716846466064453125" lon="118.7698531709611415863037109375">
        <ele>34.59999847412109375</ele>
        <time>2024-10-23T11:55:09.000Z</time>
        <extensions>
          <ns3:TrackPointExtension>
            <ns3:atemp>19.0</ns3:atemp>
            <ns3:hr>167</ns3:hr>
            <ns3:cad>92</ns3:cad>
          </ns3:TrackPointExtension>
        </extensions>
      </trkpt>
      <trkpt lat="31.9841350056231021881103515625" lon="118.76985861919820308685302734375">
        <ele>34.799999237060546875</ele>
        <time>2024-10-23T11:55:10.000Z</time>
        <extensions>
          <ns3:TrackPointExtension>
            <ns3:atemp>19.0</ns3:atemp>
            <ns3:hr>167</ns3:hr>
            <ns3:cad>92</ns3:cad>
          </ns3:TrackPointExtension>
        </extensions>
      </trkpt>
      <trkpt lat="31.984162665903568267822265625" lon="118.769861720502376556396484375">
        <ele>35</ele>
        <time>2024-10-23T11:55:11.000Z</time>
        <extensions>
          <ns3:TrackPointExtension>
            <ns3:atemp>19.0</ns3:atemp>
            <ns3:hr>167</ns3:hr>
            <ns3:cad>92</ns3:cad>
          </ns3:TrackPointExtension>
        </extensions>
      </trkpt>
      <trkpt lat="31.98418269865214824676513671875" lon="118.7698632292449474334716796875">
        <ele>35.200000762939453125</ele>
        <time>2024-10-23T11:55:12.000Z</time>
        <extensions>
          <ns3:TrackPointExtension>
            <ns3:atemp>18.0</ns3:atemp>
            <ns3:hr>167</ns3:hr>
            <ns3:cad>92</ns3:cad>
          </ns3:TrackPointExtension>
        </extensions>
      </trkpt>
      <trkpt lat="31.98420750908553600311279296875" lon="118.76986582763493061065673828125">
        <ele>35.200000762939453125</ele>
        <time>2024-10-23T11:55:13.000Z</time>
        <extensions>
          <ns3:TrackPointExtension>
            <ns3:atemp>18.0</ns3:atemp>
            <ns3:hr>167</ns3:hr>
            <ns3:cad>92</ns3:cad>
          </ns3:TrackPointExtension>
        </extensions>
      </trkpt>
      <trkpt lat="31.9842302240431308746337890625" lon="118.76986750401556491851806640625">
        <ele>35.200000762939453125</ele>
        <time>2024-10-23T11:55:14.000Z</time>
        <extensions>
          <ns3:TrackPointExtension>
            <ns3:atemp>18.0</ns3:atemp>
            <ns3:hr>167</ns3:hr>
            <ns3:cad>92</ns3:cad>
          </ns3:TrackPointExtension>
        </extensions>
      </trkpt>
      <trkpt lat="31.98425143025815486907958984375" lon="118.76986482180655002593994140625">
        <ele>35.200000762939453125</ele>
        <time>2024-10-23T11:55:15.000Z</time>
        <extensions>
          <ns3:TrackPointExtension>
            <ns3:atemp>19.0</ns3:atemp>
            <ns3:hr>168</ns3:hr>
            <ns3:cad>92</ns3:cad>
          </ns3:TrackPointExtension>
        </extensions>
      </trkpt>
      <trkpt lat="31.98427624069154262542724609375" lon="118.76986348070204257965087890625">
        <ele>35.200000762939453125</ele>
        <time>2024-10-23T11:55:16.000Z</time>
        <extensions>
          <ns3:TrackPointExtension>
            <ns3:atemp>18.0</ns3:atemp>
            <ns3:hr>168</ns3:hr>
            <ns3:cad>92</ns3:cad>
          </ns3:TrackPointExtension>
        </extensions>
      </trkpt>
      <trkpt lat="31.98430239222943782806396484375" lon="118.76985761336982250213623046875">
        <ele>35.40000152587890625</ele>
        <time>2024-10-23T11:55:17.000Z</time>
        <extensions>
          <ns3:TrackPointExtension>
            <ns3:atemp>19.0</ns3:atemp>
            <ns3:hr>168</ns3:hr>
            <ns3:cad>92</ns3:cad>
          </ns3:TrackPointExtension>
        </extensions>
      </trkpt>
      <trkpt lat="31.98433239944279193878173828125" lon="118.769859038293361663818359375">
        <ele>35.40000152587890625</ele>
        <time>2024-10-23T11:55:18.000Z</time>
        <extensions>
          <ns3:TrackPointExtension>
            <ns3:atemp>19.0</ns3:atemp>
            <ns3:hr>168</ns3:hr>
            <ns3:cad>94</ns3:cad>
          </ns3:TrackPointExtension>
        </extensions>
      </trkpt>
      <trkpt lat="31.98436022736132144927978515625" lon="118.76986029557883739471435546875">
        <ele>35.40000152587890625</ele>
        <time>2024-10-23T11:55:19.000Z</time>
        <extensions>
          <ns3:TrackPointExtension>
            <ns3:atemp>19.0</ns3:atemp>
            <ns3:hr>169</ns3:hr>
            <ns3:cad>94</ns3:cad>
          </ns3:TrackPointExtension>
        </extensions>
      </trkpt>
      <trkpt lat="31.98438604362308979034423828125" lon="118.76986364834010601043701171875">
        <ele>35.40000152587890625</ele>
        <time>2024-10-23T11:55:20.000Z</time>
        <extensions>
          <ns3:TrackPointExtension>
            <ns3:atemp>19.0</ns3:atemp>
            <ns3:hr>169</ns3:hr>
            <ns3:cad>93</ns3:cad>
          </ns3:TrackPointExtension>
        </extensions>
      </trkpt>
      <trkpt lat="31.984410099685192108154296875" lon="118.76986674964427947998046875">
        <ele>35.40000152587890625</ele>
        <time>2024-10-23T11:55:21.000Z</time>
        <extensions>
          <ns3:TrackPointExtension>
            <ns3:atemp>19.0</ns3:atemp>
            <ns3:hr>169</ns3:hr>
            <ns3:cad>93</ns3:cad>
          </ns3:TrackPointExtension>
        </extensions>
      </trkpt>
      <trkpt lat="31.984440945088863372802734375" lon="118.76987035386264324188232421875">
        <ele>35.40000152587890625</ele>
        <time>2024-10-23T11:55:22.000Z</time>
        <extensions>
          <ns3:TrackPointExtension>
            <ns3:atemp>19.0</ns3:atemp>
            <ns3:hr>170</ns3:hr>
            <ns3:cad>93</ns3:cad>
          </ns3:TrackPointExtension>
        </extensions>
      </trkpt>
      <trkpt lat="31.9844629056751728057861328125" lon="118.76987001858651638031005859375">
        <ele>35.40000152587890625</ele>
        <time>2024-10-23T11:55:23.000Z</time>
        <extensions>
          <ns3:TrackPointExtension>
            <ns3:atemp>18.0</ns3:atemp>
            <ns3:hr>170</ns3:hr>
            <ns3:cad>94</ns3:cad>
          </ns3:TrackPointExtension>
        </extensions>
      </trkpt>
      <trkpt lat="31.9844887219369411468505859375" lon="118.7698706053197383880615234375">
        <ele>35.40000152587890625</ele>
        <time>2024-10-23T11:55:24.000Z</time>
        <extensions>
          <ns3:TrackPointExtension>
            <ns3:atemp>19.0</ns3:atemp>
            <ns3:hr>170</ns3:hr>
            <ns3:cad>94</ns3:cad>
          </ns3:TrackPointExtension>
        </extensions>
      </trkpt>
      <trkpt lat="31.98451395146548748016357421875" lon="118.76987152732908725738525390625">
        <ele>35.59999847412109375</ele>
        <time>2024-10-23T11:55:25.000Z</time>
        <extensions>
          <ns3:TrackPointExtension>
            <ns3:atemp>19.0</ns3:atemp>
            <ns3:hr>171</ns3:hr>
            <ns3:cad>93</ns3:cad>
          </ns3:TrackPointExtension>
        </extensions>
      </trkpt>
      <trkpt lat="31.984534151852130889892578125" lon="118.76987052150070667266845703125">
        <ele>35.59999847412109375</ele>
        <time>2024-10-23T11:55:26.000Z</time>
        <extensions>
          <ns3:TrackPointExtension>
            <ns3:atemp>19.0</ns3:atemp>
            <ns3:hr>171</ns3:hr>
            <ns3:cad>93</ns3:cad>
          </ns3:TrackPointExtension>
        </extensions>
      </trkpt>
    </trkseg>
  </trk>
</gpx>
